{
  "pr_number": 10913,
  "url": "https://github.com/ansible/ansible/pull/10913",
  "title": "now properly inherit data from ansible.cfg for sudo/su ask pass",
  "author_login": "bcoca",
  "state": "MERGED",
  "merged_by_login": "bcoca",
  "body": "fixes #10891\n",
  "labels": [
    "P2",
    "bug"
  ],
  "additions": 4,
  "deletions": 4,
  "changed_files_count": 2,
  "changed_files_list": [
    "v2/ansible/cli/__init__.py"
  ],
  "files": [
    {
      "file_path": "v2/ansible/cli/__init__.py",
      "status": "modified",
      "additions": 2,
      "deletions": 2,
      "file_diff": "diff --git a/v2/ansible/cli/__init__.py b/v2/ansible/cli/__init__.py\nindex 0b0494e03282b6..4a7f5bbacc1d47 100644\n--- a/v2/ansible/cli/__init__.py\n+++ b/v2/ansible/cli/__init__.py\n@@ -245,9 +245,9 @@ def base_parser(usage=\"\", output_opts=False, runas_opts=False, meta_opts=False,\n \n         if runas_opts:\n             # priv user defaults to root later on to enable detecting when this option was given here\n-            parser.add_option('-K', '--ask-sudo-pass', default=False, dest='ask_sudo_pass', action='store_true',\n+            parser.add_option('-K', '--ask-sudo-pass', default=C.DEFAULT_ASK_SUDO_PASS, dest='ask_sudo_pass', action='store_true',\n                 help='ask for sudo password (deprecated, use become)')\n-            parser.add_option('--ask-su-pass', default=False, dest='ask_su_pass', action='store_true',\n+            parser.add_option('--ask-su-pass', default=C.DEFAULT_ASK_SU_PASS, dest='ask_su_pass', action='store_true',\n                 help='ask for su password (deprecated, use become)')\n             parser.add_option(\"-s\", \"--sudo\", default=C.DEFAULT_SUDO, action=\"store_true\", dest='sudo',\n                 help=\"run operations with sudo (nopasswd) (deprecated, use become)\")\n"
    }
  ],
  "comments": [],
  "reviews": []
}