{
  "pr_number": 10035,
  "url": "https://github.com/ansible/ansible/pull/10035",
  "title": "Adds seconds to backup timestamp",
  "author_login": "phenomenes",
  "state": "MERGED",
  "merged_by_login": "bcoca",
  "body": "Fix #9911\n",
  "labels": [
    "feature"
  ],
  "additions": 2,
  "deletions": 2,
  "changed_files_count": 1,
  "changed_files_list": [
    "ansible/module_utils/basic.py b/lib/ansible/module_utils/basic.py"
  ],
  "files": [
    {
      "file_path": "ansible/module_utils/basic.py b/lib/ansible/module_utils/basic.py",
      "status": "modified",
      "additions": 2,
      "deletions": 2,
      "file_diff": "diff --git a/lib/ansible/module_utils/basic.py b/lib/ansible/module_utils/basic.py\nindex cee6510f34c0ac..17804426a7fb41 100644\n--- a/lib/ansible/module_utils/basic.py\n+++ b/lib/ansible/module_utils/basic.py\n@@ -1268,8 +1268,8 @@ def sha256(self, filename):\n \n     def backup_local(self, fn):\n         '''make a date-marked backup of the specified file, return True or False on success or failure'''\n-        # backups named basename-YYYY-MM-DD@HH:MM~\n-        ext = time.strftime(\"%Y-%m-%d@%H:%M~\", time.localtime(time.time()))\n+        # backups named basename-YYYY-MM-DD@HH:MM:SS~\n+        ext = time.strftime(\"%Y-%m-%d@%H:%M:%S~\", time.localtime(time.time()))\n         backupdest = '%s.%s' % (fn, ext)\n \n         try:\n"
    }
  ],
  "comments": [],
  "reviews": []
}