{
  "pr_number": 10266,
  "url": "https://github.com/ansible/ansible/pull/10266",
  "title": "rax_cbs: Remove explicit msg match for invalid size in integration tests",
  "author_login": "sivel",
  "state": "MERGED",
  "merged_by_login": "abadger",
  "body": "This (small) PR, just removes a now invalid test assertion to validate the msg of a failed task when an invalid size was provided.  It's enough to just validate the failure.\n",
  "labels": [],
  "additions": 0,
  "deletions": 1,
  "changed_files_count": 1,
  "changed_files_list": [
    "test/integration/roles/test_rax_cbs/tasks/main.yml"
  ],
  "files": [
    {
      "file_path": "test/integration/roles/test_rax_cbs/tasks/main.yml",
      "status": "modified",
      "additions": 0,
      "deletions": 1,
      "file_diff": "diff --git a/test/integration/roles/test_rax_cbs/tasks/main.yml b/test/integration/roles/test_rax_cbs/tasks/main.yml\nindex 90395e4fe20b62..de810c654052f2 100644\n--- a/test/integration/roles/test_rax_cbs/tasks/main.yml\n+++ b/test/integration/roles/test_rax_cbs/tasks/main.yml\n@@ -103,7 +103,6 @@\n   assert:\n     that:\n       - rax_cbs|failed\n-      - rax_cbs.msg == '\"size\" must be greater than or equal to 100'\n # ============================================================\n \n \n"
    }
  ],
  "comments": [
    {
      "author_login": "abadger",
      "body": "Thanks @sivel!\n"
    }
  ],
  "reviews": []
}