{
  "pr_number": 10037,
  "url": "https://github.com/ansible/ansible/pull/10037",
  "title": "Add missing register",
  "author_login": "lekum",
  "state": "MERGED",
  "merged_by_login": "bcoca",
  "body": "Small bug in a playbook in the docsite\n",
  "labels": [
    "docs"
  ],
  "additions": 1,
  "deletions": 0,
  "changed_files_count": 1,
  "changed_files_list": [
    "docsite/rst/guide_aws.rst"
  ],
  "files": [
    {
      "file_path": "docsite/rst/guide_aws.rst",
      "status": "modified",
      "additions": 1,
      "deletions": 0,
      "file_diff": "diff --git a/docsite/rst/guide_aws.rst b/docsite/rst/guide_aws.rst\nindex 2daf8ec27ec2d6..7cfffc218db9f3 100644\n--- a/docsite/rst/guide_aws.rst\n+++ b/docsite/rst/guide_aws.rst\n@@ -104,6 +104,7 @@ From this, we'll use the add_host module to dynamically create a host group cons\n                 Name: Demo\n              instance_tags:\n                 Name: Demo\n+          register: ec2\n     \n        - name: Add all instance public IPs to host group\n          add_host: hostname={{ item.public_ip }} groupname=ec2hosts\n"
    }
  ],
  "comments": [],
  "reviews": []
}