{
  "pr_number": 10014,
  "url": "https://github.com/ansible/ansible/pull/10014",
  "title": "ansible now captures returncode errors on inventory scripts",
  "author_login": "bcoca",
  "state": "MERGED",
  "merged_by_login": "bcoca",
  "body": "should fix #10013\n",
  "labels": [
    "bug"
  ],
  "additions": 8,
  "deletions": 0,
  "changed_files_count": 2,
  "changed_files_list": [
    "v2/ansible/inventory/script.py"
  ],
  "files": [
    {
      "file_path": "v2/ansible/inventory/script.py",
      "status": "modified",
      "additions": 4,
      "deletions": 0,
      "file_diff": "diff --git a/v2/ansible/inventory/script.py b/v2/ansible/inventory/script.py\nindex 6239be0140ed49..e0e8efb4a3d786 100644\n--- a/v2/ansible/inventory/script.py\n+++ b/v2/ansible/inventory/script.py\n@@ -43,6 +43,10 @@ def __init__(self, filename=C.DEFAULT_HOST_LIST):\n         except OSError, e:\n             raise errors.AnsibleError(\"problem running %s (%s)\" % (' '.join(cmd), e))\n         (stdout, stderr) = sp.communicate()\n+\n+        if sp.returncode != 0:\n+            raise errors.AnsibleError(\"Inventory script (%s) had an execution error: %s \" % (filename,stderr))\n+\n         self.data = stdout\n         # see comment about _meta below\n         self.host_vars_from_top = None\n"
    }
  ],
  "comments": [
    {
      "author_login": "danp",
      "body": "I'm having trouble getting `source ./hacking/env-setup` working but this change looks reasonable.\n"
    },
    {
      "author_login": "danp",
      "body": "When should I expect this to show up in a release?\n"
    },
    {
      "author_login": "danp",
      "body": "Sorry, that was poorly phrased. I'm not sure what the flow is from PR merge -> available in a release. Is that documented somewhere?\n"
    },
    {
      "author_login": "bcoca",
      "body": "this will be included in 1.9\n"
    },
    {
      "author_login": "danp",
      "body": "Thanks!\n"
    }
  ],
  "reviews": []
}