{
  "pr_number": 10183,
  "url": "https://github.com/ansible/ansible/pull/10183",
  "title": "adds complex tag management",
  "author_login": "bcoca",
  "state": "MERGED",
  "merged_by_login": "bcoca",
  "body": "Adds a special tag:\n- always: always runs no matter what --tags/--skip-tags says\n\nAdds 4 special keywords for --tags\n- all: all tagged + untagged tasks\n- tagged: only tagged tasks\n- untagged: only untagged tasks\n- always: only run tasks tagged 'always'\n\nI think this covers all cases described in various tickets asking for more fine control over tags\n",
  "labels": [
    "feature"
  ],
  "additions": 138,
  "deletions": 67,
  "changed_files_count": 7,
  "changed_files_list": [
    "docsite/rst/playbooks_tags.rst",
    "ansible/playbook/__init__.py b/lib/ansible/playbook/__init__.py",
    "ansible/playbook/play.py b/lib/ansible/playbook/play.py",
    "ansible/playbook/task.py b/lib/ansible/playbook/task.py",
    "test/integration/Makefile",
    "test/integration/test_tags.yml"
  ],
  "files": [
    {
      "file_path": "docsite/rst/playbooks_tags.rst",
      "status": "modified",
      "additions": 25,
      "deletions": 3,
      "file_diff": "diff --git a/docsite/rst/playbooks_tags.rst b/docsite/rst/playbooks_tags.rst\nindex 308d451c884b05..01c4f6fa2b0449 100644\n--- a/docsite/rst/playbooks_tags.rst\n+++ b/docsite/rst/playbooks_tags.rst\n@@ -1,8 +1,8 @@\n Tags\n ====\n \n-If you have a large playbook it may become useful to be able to run a \n-specific part of the configuration without running the whole playbook.  \n+If you have a large playbook it may become useful to be able to run a\n+specific part of the configuration without running the whole playbook.\n \n Both plays and tasks support a \"tags:\" attribute for this reason.\n \n@@ -24,7 +24,7 @@ Example::\n If you wanted to just run the \"configuration\" and \"packages\" part of a very long playbook, you could do this::\n \n     ansible-playbook example.yml --tags \"configuration,packages\"\n-    \n+\n On the other hand, if you want to run a playbook *without* certain tasks, you could do this::\n \n     ansible-playbook example.yml --skip-tags \"notification\"\n@@ -40,6 +40,28 @@ And you may also tag basic include statements::\n \n Both of these have the function of tagging every single task inside the include statement.\n \n+\n+Special Tags\n+````````````\n+\n+There is a special 'always' tag that will always run a task, unless specifically skipped (--skip-tags always)\n+\n+Example::\n+\n+    tasks:\n+\n+        - debug: msg=\"Always runs\"\n+          tags:\n+            - always\n+\n+        - debug: msg=\"runs when you use tag1\"\n+          tags:\n+            - tag1\n+\n+There are another 3 special keywords for tags, 'tagged', 'untagged' and 'all', which run only tagged, only untagged\n+and all tasks respectively. By default ansible runs as if --tags all had been specified.\n+\n+\n .. seealso::\n \n    :doc:`playbooks`"
    },
    {
      "file_path": "ansible/playbook/__init__.py b/lib/ansible/playbook/__init__.py",
      "status": "modified",
      "additions": 59,
      "deletions": 24,
      "file_diff": "diff --git a/lib/ansible/playbook/__init__.py b/lib/ansible/playbook/__init__.py\nindex 7f4fd8cb1f3529..b4030565b5ff46 100644\n--- a/lib/ansible/playbook/__init__.py\n+++ b/lib/ansible/playbook/__init__.py\n@@ -36,6 +36,7 @@\n # holds all other variables about a host\n SETUP_CACHE = ansible.cache.FactCache()\n VARS_CACHE  = collections.defaultdict(dict)\n+RESERVED_TAGS = ['all','tagged','untagged','always']\n \n \n class PlayBook(object):\n@@ -314,6 +315,7 @@ def run(self):\n             assert play is not None\n \n             matched_tags, unmatched_tags = play.compare_tags(self.only_tags)\n+\n             matched_tags_all = matched_tags_all | matched_tags\n             unmatched_tags_all = unmatched_tags_all | unmatched_tags\n \n@@ -332,10 +334,13 @@ def run(self):\n         # the user can correct the arguments.\n         unknown_tags = ((set(self.only_tags) | set(self.skip_tags)) -\n                         (matched_tags_all | unmatched_tags_all))\n-        unknown_tags.discard('all')\n+\n+        for t in RESERVED_TAGS:\n+            unknown_tags.discard(t)\n \n         if len(unknown_tags) > 0:\n-            unmatched_tags_all.discard('all')\n+            for t in RESERVED_TAGS:\n+                unmatched_tags_all.discard(t)\n             msg = 'tag(s) not found in playbook: %s.  possible values: %s'\n             unknown = ','.join(sorted(unknown_tags))\n             unmatched = ','.join(sorted(unmatched_tags_all))\n@@ -667,7 +672,53 @@ def generate_retry_inventory(self, replay_hosts):\n         return filename\n \n     # *****************************************************\n+    def tasks_to_run_in_play(self, play):\n+\n+        tasks = []\n+\n+        for task in play.tasks():\n+            # only run the task if the requested tags match or has 'always' tag\n+            u = set(['untagged'])\n+            task_set = set(task.tags)\n+\n+            if 'always' in task.tags:\n+                should_run = True\n+            else:\n+                if 'all' in self.only_tags:\n+                    should_run = True\n+                else:\n+                    should_run = False\n+                    if  'tagged' in self.only_tags:\n+                        if task_set != u:\n+                            should_run = True\n+                    elif 'untagged' in self.only_tags:\n+                        if task_set == u:\n+                            should_run = True\n+                    else:\n+                        if task_set.intersection(self.only_tags):\n+                            should_run = True\n+\n+            # Check for tags that we need to skip\n+            if 'all' in self.skip_tags:\n+                should_run = False\n+            else:\n+                if 'tagged' in self.skip_tags:\n+                    if task_set != u:\n+                        should_run = False\n+                elif 'untagged' in self.skip_tags:\n+                    if task_set == u:\n+                        should_run = False\n+                else:\n+                    if should_run:\n+                        if task_set.intersection(self.skip_tags):\n+                            should_run = False\n+\n+            if should_run:\n+                tasks.append(task)\n \n+        return tasks\n+\n+    # *****************************************************\n     def _run_play(self, play):\n         ''' run a list of tasks for a given pattern, in order '''\n \n@@ -720,7 +771,7 @@ def _run_play(self, play):\n             play._play_hosts = self._trim_unavailable_hosts(on_hosts)\n             self.inventory.also_restrict_to(on_hosts)\n \n-            for task in play.tasks():\n+            for task in self.tasks_to_run_in_play(play):\n \n                 if task.meta is not None:\n                     # meta tasks can force handlers to run mid-play\n@@ -730,27 +781,11 @@ def _run_play(self, play):\n                     # skip calling the handler till the play is finished\n                     continue\n \n-                # only run the task if the requested tags match\n-                should_run = False\n-                for x in self.only_tags:\n-\n-                    for y in task.tags:\n-                        if x == y:\n-                            should_run = True\n-                            break\n-\n-                # Check for tags that we need to skip\n-                if should_run:\n-                    if any(x in task.tags for x in self.skip_tags):\n-                        should_run = False\n-\n-                if should_run:\n-\n-                    if not self._run_task(play, task, False):\n-                        # whether no hosts matched is fatal or not depends if it was on the initial step.\n-                        # if we got exactly no hosts on the first step (setup!) then the host group\n-                        # just didn't match anything and that's ok\n-                        return False\n+                if not self._run_task(play, task, False):\n+                    # whether no hosts matched is fatal or not depends if it was on the initial step.\n+                    # if we got exactly no hosts on the first step (setup!) then the host group\n+                    # just didn't match anything and that's ok\n+                    return False\n \n                 # Get a new list of what hosts are left as available, the ones that\n                 # did not go fail/dark during the task"
    },
    {
      "file_path": "ansible/playbook/play.py b/lib/ansible/playbook/play.py",
      "status": "modified",
      "additions": 21,
      "deletions": 16,
      "file_diff": "diff --git a/lib/ansible/playbook/play.py b/lib/ansible/playbook/play.py\nindex 74aa6a9f798a50..b473423c3aa013 100644\n--- a/lib/ansible/playbook/play.py\n+++ b/lib/ansible/playbook/play.py\n@@ -669,20 +669,6 @@ def _load_tasks(self, tasks, vars=None, role_params=None, default_vars=None, sud\n \n     # *************************************************\n \n-    def _is_valid_tag(self, tag_list):\n-        \"\"\"\n-        Check to see if the list of tags passed in is in the list of tags\n-        we only want (playbook.only_tags), or if it is not in the list of\n-        tags we don't want (playbook.skip_tags).\n-        \"\"\"\n-        matched_skip_tags = set(tag_list) & set(self.playbook.skip_tags)\n-        matched_only_tags = set(tag_list) & set(self.playbook.only_tags)\n-        if len(matched_skip_tags) > 0 or (self.playbook.only_tags != ['all'] and len(matched_only_tags) == 0):\n-            return False\n-        return True\n-\n-    # *************************************************\n-\n     def tasks(self):\n         ''' return task objects for this play '''\n         return self._tasks\n@@ -783,8 +769,27 @@ def compare_tags(self, tags):\n         # compare the lists of tags using sets and return the matched and unmatched\n         all_tags_set = set(all_tags)\n         tags_set = set(tags)\n-        matched_tags = all_tags_set & tags_set\n-        unmatched_tags = all_tags_set - tags_set\n+\n+        matched_tags = all_tags_set.intersection(tags_set)\n+        unmatched_tags = all_tags_set.difference(tags_set)\n+\n+        a = set(['always'])\n+        u = set(['untagged'])\n+        if 'always' in all_tags_set:\n+            matched_tags = matched_tags.union(a)\n+            unmatched_tags = all_tags_set.difference(a)\n+\n+        if 'all' in tags_set:\n+            matched_tags = matched_tags.union(all_tags_set)\n+            unmatched_tags = set()\n+\n+        if 'tagged' in tags_set:\n+            matched_tags = all_tags_set.difference(u)\n+            unmatched_tags = u\n+\n+        if 'untagged' in tags_set and 'untagged' in all_tags_set:\n+            matched_tags = matched_tags.union(u)\n+            unmatched_tags = unmatched_tags.difference(u)\n \n         return matched_tags, unmatched_tags\n "
    },
    {
      "file_path": "ansible/playbook/task.py b/lib/ansible/playbook/task.py",
      "status": "modified",
      "additions": 4,
      "deletions": 1,
      "file_diff": "diff --git a/lib/ansible/playbook/task.py b/lib/ansible/playbook/task.py\nindex bdffba5527c43a..f9a090b3636406 100644\n--- a/lib/ansible/playbook/task.py\n+++ b/lib/ansible/playbook/task.py\n@@ -129,7 +129,7 @@ def __init__(self, play, ds, module_vars=None, play_vars=None, play_file_vars=No\n \n         # load various attributes\n         self.name         = ds.get('name', None)\n-        self.tags         = [ 'all' ]\n+        self.tags         = [ 'untagged' ]\n         self.register     = ds.get('register', None)\n         self.sudo         = utils.boolean(ds.get('sudo', play.sudo))\n         self.su           = utils.boolean(ds.get('su', play.su))\n@@ -316,6 +316,9 @@ def __init__(self, play, ds, module_vars=None, play_vars=None, play_file_vars=No\n                 self.tags.extend(apply_tags)\n         self.tags.extend(import_tags)\n \n+        if len(self.tags) > 1:\n+            self.tags.remove('untagged')\n+\n         if additional_conditions:\n             new_conditions = additional_conditions[:]\n             if self.when:"
    },
    {
      "file_path": "test/integration/Makefile",
      "status": "modified",
      "additions": 10,
      "deletions": 1,
      "file_diff": "diff --git a/test/integration/Makefile b/test/integration/Makefile\nindex c708e08e402c53..c533e06b15f7a7 100644\n--- a/test/integration/Makefile\n+++ b/test/integration/Makefile\n@@ -21,7 +21,7 @@ VAULT_PASSWORD_FILE = vault-password\n \n CONSUL_RUNNING := $(shell python consul_running.py)\n \n-all: parsing test_var_precedence unicode non_destructive destructive includes check_mode test_hash test_handlers test_group_by test_vault\n+all: parsing test_var_precedence unicode non_destructive destructive includes check_mode test_hash test_handlers test_group_by test_vault test_tags\n \n parsing:\n \tansible-playbook bad_parsing.yml -i $(INVENTORY) -e @$(VARS_FILE) $(CREDENTIALS_ARG) -vvv $(TEST_FLAGS) --tags prepare,common,scenario1; [ $$? -eq 3 ]\n@@ -82,6 +82,15 @@ test_delegate_to:\n test_winrm:\n \tansible-playbook test_winrm.yml -i inventory.winrm -e @$(VARS_FILE) $(CREDENTIALS_ARG) -v $(TEST_FLAGS)\n \n+test_tags:\n+\t# Run everything by default\n+\t[ \"$$(ansible-playbook --list-tasks test_tags.yml -i $(INVENTORY) -e @$(VARS_FILE) $(CREDENTIALS_ARG) -v $(TEST_FLAGS) | fgrep Task_with | xargs)\" = \"Task_with_tag Task_with_always_tag Task_without_tag\" ]\n+\t# Run the exact tags, and always\n+\t[ \"$$(ansible-playbook --list-tasks --tags tag test_tags.yml -i $(INVENTORY) -e @$(VARS_FILE) $(CREDENTIALS_ARG) -v $(TEST_FLAGS) | fgrep Task_with | xargs)\" = \"Task_with_tag Task_with_always_tag\" ]\n+\t# Skip one tag\n+\t[ \"$$(ansible-playbook --list-tasks --skip-tags tag test_tags.yml -i $(INVENTORY) -e @$(VARS_FILE) $(CREDENTIALS_ARG) -v $(TEST_FLAGS) | fgrep Task_with | xargs)\" = \"Task_with_always_tag Task_without_tag\" ]\n+\n+\n cloud: amazon rackspace\n \n cloud_cleanup: amazon_cleanup rackspace_cleanup"
    },
    {
      "file_path": "test/integration/test_tags.yml",
      "status": "added",
      "additions": 15,
      "deletions": 0,
      "file_diff": "diff --git a/test/integration/test_tags.yml b/test/integration/test_tags.yml\nnew file mode 100644\nindex 00000000000000..650c4725ae6f6b\n--- /dev/null\n+++ b/test/integration/test_tags.yml\n@@ -0,0 +1,15 @@\n+---\n+- name: verify tags work as expected\n+  hosts: localhost\n+  gather_facts: False\n+  connection: local\n+  tasks:\n+    - name: Task_with_tag\n+      debug: msg=\n+      tags: tag\n+    - name: Task_with_always_tag\n+      debug: msg=\n+      tags: always\n+    - name: Task_without_tag\n+      debug: msg=\n+\n"
    }
  ],
  "comments": [
    {
      "author_login": "Ernest0x",
      "body": "> always: only run tasks tagged 'always'\n\nI think it should be:\n- always: always run tasks tagged with \"always\" whatever the '--tags' command-line option is set (or not set) to\n"
    },
    {
      "author_login": "brian-brazil",
      "body": "Taking a quick look based on by work on #7039:\n- The tag code generally needs a refactor to correctly handle --list-tasks, as the code is currently duplicated incorrectly\n- `always` should also bypass --start-at\n-  There should be checks that tasks aren't using reserved tags\n-  Unittests should be added\n\nI'd suggest taking my PR, and adding the additional functionality on top of it as it handles the above already.\n"
    },
    {
      "author_login": "arnuschky",
      "body": "This covers my use case, but the `always` keyword/tag would suffice. \n\nWhat does the `all` keyword to over omitting `--tags` altogether?\n\nFor me, `tagged` and `untagged` are only marginally interesting: I always tags everything, so `untagged` might only help in debugging.\n"
    },
    {
      "author_login": "hkariti",
      "body": "One thing I see missing here that has been requested in the past is the ability to AND multiple tags. Something like: `--tags conf:&app1`\n"
    },
    {
      "author_login": "mscherer",
      "body": "So, what would \"--skip-tags always\" do, and what would --skip-tags \"all\" do ? \n\nThe second seems like a no-op, but the first is more puzzling. If it skip always, then always is not always. If if doesn't skip anything, then that's a exception to the rule.\n"
    },
    {
      "author_login": "brian-brazil",
      "body": "`--skip-tags always` should not run the always tags. There are disaster recovery cases where you may not wish some `always` tasks to run (e.g. some backend you need is down, causing the task to fail), and this is one way to handle that.\n"
    },
    {
      "author_login": "bcoca",
      "body": "current state of this request:\n- \"--tags all\" is the actual default if you omit --tags, so it is also a noop when specified (this is true w/o  patch)\n- \"--skip-tags always\" doesn't do anything, things tagged 'always' cannot be skipped\n- \"--skip-tags all\" will only execute tasks with 'always'\n- \"--tags always\" is basically the same as \"--skip-tags all\"\n- --start-at-task is not tag aware, imho it should not be\n- --skip-tags overrides --tags (this is also true w/o patch)\n\nI left out tests,list-tasks and task expressions (matching host expressions) as I wanted to nail down the main functionality first. The 2 points of discord I still see are that some don't want 'always' to be always and the inclusion of --start-at-task in tag management.\n"
    },
    {
      "author_login": "brian-brazil",
      "body": "> the inclusion of --start-at-task in tag management.\n\nI don't think there's discord here. Only @tkinz27 and I have mentioned this on #7039, and both of us appear to want `always` to override --start-at-task.\n"
    },
    {
      "author_login": "bcoca",
      "body": "@brian-brazil copied your tests (I hope you don't mind) and copied your use of a method to reuse task selection in ansible-playbook\n\nI also changed 'always' tag to be skippable\n\nI'm not adding star-at-task functionality nor tag pattern matching in this round, leaving those for future PRs\n"
    },
    {
      "author_login": "brian-brazil",
      "body": "I'm happy to get this feature in, so please take whatever is useful from my PR. \n\nYou may want to pull in the deletion of `_is_valid_tag` in lib/ansible/playbook/play.py, as that's dead code that would cause confusion given the new code.\n"
    },
    {
      "author_login": "sevein",
      "body": "Nice!\n"
    },
    {
      "author_login": "brian-brazil",
      "body": "You can do:\n\n```\nif task_set.intersection(self.skip_tags):\n```\n",
      "file_path": "lib/ansible/playbook/__init__.py",
      "diff_hunk": "@@ -730,19 +735,41 @@ def _run_play(self, play):\n                     # skip calling the handler till the play is finished\n                     continue\n \n-                # only run the task if the requested tags match\n-                should_run = False\n-                for x in self.only_tags:\n-\n-                    for y in task.tags:\n-                        if x == y:\n-                            should_run = True\n-                            break\n+                # only run the task if the requested tags match or has 'always' tag\n+                if 'always' in task.tags:\n+                    should_run = True\n+                else:\n+                    u = set(['untagged'])\n+                    task_set = set(task.tags)\n \n-                # Check for tags that we need to skip\n-                if should_run:\n-                    if any(x in task.tags for x in self.skip_tags):\n+                    if 'all' in self.only_tags:\n+                        should_run = True\n+                    else:\n                         should_run = False\n+                        if  'tagged' in self.only_tags:\n+                            if task_set != u:\n+                                should_run = True\n+                        elif 'untagged' in self.only_tags:\n+                            if task_set == u:\n+                                should_run = True\n+                        else:\n+                            if len(task_set.intersection(self.only_tags)) > 0:\n+                                should_run = True\n+\n+                    # Check for tags that we need to skip\n+                    if 'all' in self.skip_tags:\n+                        should_run = False\n+                    else:\n+                        if 'tagged' in self.skip_tags:\n+                            if task_set != u:\n+                                should_run = False\n+                        elif 'untagged' in self.skip_tags:\n+                            if task_set == u:\n+                                should_run = False\n+                        else:\n+                            if should_run:\n+                                if len(task_set.intersection(self.skip_tags)) > 0:",
      "comment_type": "review_comment"
    },
    {
      "author_login": "bcoca",
      "body": "good point, I'll update\n",
      "file_path": "lib/ansible/playbook/__init__.py",
      "diff_hunk": "@@ -730,19 +735,41 @@ def _run_play(self, play):\n                     # skip calling the handler till the play is finished\n                     continue\n \n-                # only run the task if the requested tags match\n-                should_run = False\n-                for x in self.only_tags:\n-\n-                    for y in task.tags:\n-                        if x == y:\n-                            should_run = True\n-                            break\n+                # only run the task if the requested tags match or has 'always' tag\n+                if 'always' in task.tags:\n+                    should_run = True\n+                else:\n+                    u = set(['untagged'])\n+                    task_set = set(task.tags)\n \n-                # Check for tags that we need to skip\n-                if should_run:\n-                    if any(x in task.tags for x in self.skip_tags):\n+                    if 'all' in self.only_tags:\n+                        should_run = True\n+                    else:\n                         should_run = False\n+                        if  'tagged' in self.only_tags:\n+                            if task_set != u:\n+                                should_run = True\n+                        elif 'untagged' in self.only_tags:\n+                            if task_set == u:\n+                                should_run = True\n+                        else:\n+                            if len(task_set.intersection(self.only_tags)) > 0:\n+                                should_run = True\n+\n+                    # Check for tags that we need to skip\n+                    if 'all' in self.skip_tags:\n+                        should_run = False\n+                    else:\n+                        if 'tagged' in self.skip_tags:\n+                            if task_set != u:\n+                                should_run = False\n+                        elif 'untagged' in self.skip_tags:\n+                            if task_set == u:\n+                                should_run = False\n+                        else:\n+                            if should_run:\n+                                if len(task_set.intersection(self.skip_tags)) > 0:",
      "comment_type": "review_comment"
    }
  ],
  "reviews": []
}