{
  "pr_number": 11096,
  "url": "https://github.com/ansible/ansible/pull/11096",
  "title": "Update guide_aws.rst",
  "author_login": "szarka",
  "state": "MERGED",
  "merged_by_login": "abadger",
  "body": "Fixed typos.\n",
  "labels": [],
  "additions": 2,
  "deletions": 2,
  "changed_files_count": 1,
  "changed_files_list": [
    "docsite/rst/guide_aws.rst"
  ],
  "files": [
    {
      "file_path": "docsite/rst/guide_aws.rst",
      "status": "modified",
      "additions": 2,
      "deletions": 2,
      "file_diff": "diff --git a/docsite/rst/guide_aws.rst b/docsite/rst/guide_aws.rst\nindex c4e12eab4970a8..e0d0c12630df3c 100644\n--- a/docsite/rst/guide_aws.rst\n+++ b/docsite/rst/guide_aws.rst\n@@ -13,7 +13,7 @@ Requirements for the AWS modules are minimal.\n \n All of the modules require and are tested against recent versions of boto.  You'll need this Python module installed on your control machine.  Boto can be installed from your OS distribution or python's \"pip install boto\".\n \n-Whereas classically ansible will execute tasks in it's host loop against multiple remote machines, most cloud-control steps occur on your local machine with reference to the regions to control.\n+Whereas classically ansible will execute tasks in its host loop against multiple remote machines, most cloud-control steps occur on your local machine with reference to the regions to control.\n \n In your playbook steps we'll typically be using the following pattern for provisioning steps::\n \n@@ -214,7 +214,7 @@ AWS Image Building With Ansible\n ```````````````````````````````\n \n Many users may want to have images boot to a more complete configuration rather than configuring them entirely after instantiation.  To do this,\n-one of many programs can be used with Ansible playbooks to define and upload a base image, which will then get it's own AMI ID for usage with\n+one of many programs can be used with Ansible playbooks to define and upload a base image, which will then get its own AMI ID for usage with\n the ec2 module or other Ansible AWS modules such as ec2_asg or the cloudformation module.   Possible tools include Packer, aminator, and Ansible's\n ec2_ami module.  \n \n"
    }
  ],
  "comments": [
    {
      "author_login": "abadger",
      "body": "Thanks for the fixes!\n\n# Merged\n\nHi!\n\nThis has been merged in, and will also be included in the next major release.\n\nIf you or anyone else has any further questions, please let us know by stopping by one of the two mailing lists, as appropriate:\n- https://groups.google.com/forum/#!forum/ansible-project - for user questions, tips, and tricks\n- https://groups.google.com/forum/#!forum/ansible-devel - for strategy, future planning, and questions about writing code\n\nBecause this project is very active, we're unlikely to see comments made on closed tickets, but the mailing list is a great way to ask questions, or post if you don't think this particular\nissue is resolved.\n\nThank you!\n"
    }
  ],
  "reviews": []
}