{
  "pr_number": 10861,
  "url": "https://github.com/ansible/ansible/pull/10861",
  "title": "Correct minor grammar error in Playbook intro docs",
  "author_login": "dfarrell07",
  "state": "MERGED",
  "merged_by_login": "bcoca",
  "body": "Signed-off-by: Daniel Farrell dfarrell@redhat.com\n",
  "labels": [
    "docs"
  ],
  "additions": 1,
  "deletions": 1,
  "changed_files_count": 1,
  "changed_files_list": [
    "docsite/rst/playbooks_intro.rst"
  ],
  "files": [
    {
      "file_path": "docsite/rst/playbooks_intro.rst",
      "status": "modified",
      "additions": 1,
      "deletions": 1,
      "file_diff": "diff --git a/docsite/rst/playbooks_intro.rst b/docsite/rst/playbooks_intro.rst\nindex a27285b4a9ff18..3899502ed475cf 100644\n--- a/docsite/rst/playbooks_intro.rst\n+++ b/docsite/rst/playbooks_intro.rst\n@@ -148,7 +148,7 @@ Remote users can also be defined per task::\n     The `remote_user` parameter for tasks was added in 1.4.\n \n \n-Support for running things from as another user is also available (see :doc:`become`)::\n+Support for running things as another user is also available (see :doc:`become`)::\n \n     ---\n     - hosts: webservers\n"
    }
  ],
  "comments": [
    {
      "author_login": "amenonsen",
      "body": "Already fixed, this can be closed.\n"
    }
  ],
  "reviews": []
}