{
  "pr_number": 11452,
  "url": "https://github.com/ansible/ansible/pull/11452",
  "title": "fix type error.",
  "author_login": "soarpenguin",
  "state": "MERGED",
  "merged_by_login": "abadger",
  "body": "",
  "labels": [
    "P2",
    "easyfix",
    "bug"
  ],
  "additions": 1,
  "deletions": 1,
  "changed_files_count": 1,
  "changed_files_list": [
    "ansible/cli/__init__.py b/lib/ansible/cli/__init__.py"
  ],
  "files": [
    {
      "file_path": "ansible/cli/__init__.py b/lib/ansible/cli/__init__.py",
      "status": "modified",
      "additions": 1,
      "deletions": 1,
      "file_diff": "diff --git a/lib/ansible/cli/__init__.py b/lib/ansible/cli/__init__.py\nindex c6a4e75c47d7f7..a46a40933e3f69 100644\n--- a/lib/ansible/cli/__init__.py\n+++ b/lib/ansible/cli/__init__.py\n@@ -171,7 +171,7 @@ def normalize_become_options(self):\n             self.options.become_method = 'sudo'\n         elif self.options.su:\n             self.options.become = True\n-            options.become_method = 'su'\n+            self.options.become_method = 'su'\n \n \n     def validate_conflicts(self, vault_opts=False, runas_opts=False):\n"
    }
  ],
  "comments": [
    {
      "author_login": "abadger",
      "body": "Thanks @soarpenguin !\n\n# Merged\n\nHi!\n\nThis has been merged in, and will also be included in the next major release.\n\nIf you or anyone else has any further questions, please let us know by stopping by one of the two mailing lists, as appropriate:\n- https://groups.google.com/forum/#!forum/ansible-project - for user questions, tips, and tricks\n- https://groups.google.com/forum/#!forum/ansible-devel - for strategy, future planning, and questions about writing code\n\nBecause this project is very active, we're unlikely to see comments made on closed tickets, but the mailing list is a great way to ask questions, or post if you don't think this particular\nissue is resolved.\n\nThank you!\n"
    }
  ],
  "reviews": []
}