{
  "pr_number": 11435,
  "url": "https://github.com/ansible/ansible/pull/11435",
  "title": "Treat generators like lists and tuples",
  "author_login": "hfinucane",
  "state": "MERGED",
  "merged_by_login": "bcoca",
  "body": "Fix for #11434. Jinja2 filters use generators extensively, so anyone doing something like\n\n```\n{{ ansible_interface.ipv6|map(attribute='address')|ipwrap }}\n```\n\nis liable to get in trouble, otherwise.\n",
  "labels": [
    "bug"
  ],
  "additions": 3,
  "deletions": 2,
  "changed_files_count": 1,
  "changed_files_list": [
    "ansible/plugins/filter/ipaddr.py b/lib/ansible/plugins/filter/ipaddr.py"
  ],
  "files": [
    {
      "file_path": "ansible/plugins/filter/ipaddr.py b/lib/ansible/plugins/filter/ipaddr.py",
      "status": "modified",
      "additions": 3,
      "deletions": 2,
      "file_diff": "diff --git a/lib/ansible/plugins/filter/ipaddr.py b/lib/ansible/plugins/filter/ipaddr.py\nindex 5d9d6e3136728d..1b34f0a1c4e901 100644\n--- a/lib/ansible/plugins/filter/ipaddr.py\n+++ b/lib/ansible/plugins/filter/ipaddr.py\n@@ -16,6 +16,7 @@\n # along with Ansible.  If not, see <http://www.gnu.org/licenses/>.\n \n from functools import partial\n+import types\n \n try:\n     import netaddr\n@@ -319,7 +320,7 @@ def ipaddr(value, query = '', version = False, alias = 'ipaddr'):\n         return False\n \n     # Check if value is a list and parse each element\n-    elif isinstance(value, (list, tuple)):\n+    elif isinstance(value, (list, tuple, types.GeneratorType)):\n \n         _ret = []\n         for element in value:\n@@ -457,7 +458,7 @@ def ipaddr(value, query = '', version = False, alias = 'ipaddr'):\n \n def ipwrap(value, query = ''):\n     try:\n-        if isinstance(value, (list, tuple)):\n+        if isinstance(value, (list, tuple, types.GeneratorType)):\n             _ret = []\n             for element in value:\n                 if ipaddr(element, query, version = False, alias = 'ipwrap'):\n"
    }
  ],
  "comments": [
    {
      "author_login": "hfinucane",
      "body": "Is there a place to add integration tests for filters? I didn't see any for `ipwrap` after a cursory grep.\n"
    },
    {
      "author_login": "bcoca",
      "body": "there are tests for some filters but not all, look under test/integration/test_filters.ym  in the repo and feel free to add tests for ipwrap there.\n"
    },
    {
      "author_login": "abadger",
      "body": "@hfinucane I was looking at this patch the other day and wondered if there were other iterables we might like to catch (sets [probably] and dicts [on the fence], for instance).\n\nIf so, maybe we would want to do something like:\n\n``` python\nfrom collections import Iterable\nif isinstance(value, Iterable) and not isinstance(value, basestring):\n    # [....]\n```\n\nDoes that seem like a good idea to you or overengineering the solution?\n"
    },
    {
      "author_login": "hfinucane",
      "body": "I do think it's a good idea. I was feeling a bit shy about making larger changes, partly out of unfamiliarity, and partly out of fear of creating a regression somehow.\n\nFor the case of `ipwrap`, dicts don't really make a lot of sense-  are you iterating over keys? values? both? It's a bit awkward for the general case. Maybe if we also added `attribute=` like some of the other, more general Jinja2 filters.\n"
    },
    {
      "author_login": "abadger",
      "body": "Yeah, maybe we should include dicts with basestring as things that are Iterable that we do not want to allow with this filter.\n"
    }
  ],
  "reviews": []
}