{
  "pr_number": 10903,
  "url": "https://github.com/ansible/ansible/pull/10903",
  "title": "Make \"include\" variable documentation consistent",
  "author_login": "gtback",
  "state": "MERGED",
  "merged_by_login": "bcoca",
  "body": "There is already a good example of a list variable (\"ssh_keys\")\ncontained above this snippet, so reuse the content here.\n",
  "labels": [
    "docs"
  ],
  "additions": 3,
  "deletions": 4,
  "changed_files_count": 1,
  "changed_files_list": [
    "docsite/rst/playbooks_roles.rst"
  ],
  "files": [
    {
      "file_path": "docsite/rst/playbooks_roles.rst",
      "status": "modified",
      "additions": 3,
      "deletions": 4,
      "file_diff": "diff --git a/docsite/rst/playbooks_roles.rst b/docsite/rst/playbooks_roles.rst\nindex 3ffabe835d3828..ce6c04c5cadf7e 100644\n--- a/docsite/rst/playbooks_roles.rst\n+++ b/docsite/rst/playbooks_roles.rst\n@@ -86,10 +86,9 @@ which also supports structured variables::\n       - include: wordpress.yml\n         vars:\n             wp_user: timmy\n-            some_list_variable:\n-              - alpha\n-              - beta\n-              - gamma\n+            ssh_keys:\n+              - keys/one.txt\n+              - keys/two.txt\n \n Playbooks can include other playbooks too, but that's mentioned in a later section.\n \n"
    }
  ],
  "comments": [
    {
      "author_login": "gtback",
      "body": "Thanks, @bcoca . I just noticed this still isn't on the [public docs site](http://docs.ansible.com/playbooks_roles.html). Is the site built off of a different branch than `devel`?\n"
    },
    {
      "author_login": "bcoca",
      "body": "no, we just don't update it on check in\n"
    },
    {
      "author_login": "gtback",
      "body": "Ahh, ok. Thanks! I wasn't sure if you were using something like ReadTheDocs that automatically rebuilds when new commits are pushed.\n"
    }
  ],
  "reviews": []
}