{
  "pr_number": 1155,
  "url": "https://github.com/ansible/ansible/pull/1155",
  "title": "DOCUMENTATION for fetch,mount,ohai,easy_install; .rst template tweaks",
  "author_login": "jpmens",
  "state": "MERGED",
  "merged_by_login": "mpdehaan",
  "body": "- .rst now supresses default if none is set (looks better in HTML)\n  - .rst now handles empty options list\n  - Fixed postgresql_user and mysql_user because YAML contained colons\n",
  "labels": [],
  "additions": 185,
  "deletions": 23,
  "changed_files_count": 8,
  "changed_files_list": [
    "library/easy_install",
    "library/facter",
    "library/fetch",
    "library/mount",
    "library/mysql_user",
    "library/ohai",
    "library/postgresql_user"
  ],
  "files": [
    {
      "file_path": "library/easy_install",
      "status": "modified",
      "additions": 36,
      "deletions": 0,
      "file_diff": "diff --git a/library/easy_install b/library/easy_install\nindex cacd5203ede15d..bd2161c3267d20 100755\n--- a/library/easy_install\n+++ b/library/easy_install\n@@ -19,6 +19,42 @@\n # along with Ansible.  If not, see <http://www.gnu.org/licenses/>.\n #\n \n+DOCUMENTATION = '''\n+---\n+module: easy_install\n+short_description: Installs Python libraries\n+description:\n+     - Installs Python libraries, optionally in a I(virtualenv)\n+version_added: \"0.7\"\n+options:\n+  name:\n+    description:\n+      - A Python library name\n+    required: true\n+    default: null\n+    aliases: []\n+  virtualenv:\n+    description:\n+      - an optional I(virtualenv) directory path to install into. If the\n+        I(virtualenv) does not exist, it is created automatically\n+    required: false\n+    default: null\n+examples:\n+   - code: easy_install name=pip\n+     description: \"Examples from Ansible Playbooks\"\n+   - code: easy_install name=flask virtualenv=/webapps/myapp/venv\n+     description: \"Install I(flask) into the specified I(virtualenv)\"\n+notes:\n+    - Please note that the M(easy_install) command can only install Python\n+      libraries. Thus this module is not able to remove libraries. It is\n+      generally recommended to use the M(pip) module which you can first install\n+      using M(easy_install).\n+    - Also note that I(virtualenv) must be installed on the remote host if the\n+      C(virtualenv) parameter is specified.\n+requirements: [ \"virtualenv\" ]\n+author: Matt Wright\n+'''\n+\n def _ensure_virtualenv(env, virtualenv):\n     if os.path.exists(os.path.join(env, 'bin', 'activate')):\n         return 0, '', ''"
    },
    {
      "file_path": "library/facter",
      "status": "modified",
      "additions": 17,
      "deletions": 3,
      "file_diff": "diff --git a/library/facter b/library/facter\nindex ade4544bc0a8bd..f274a35df459f1 100755\n--- a/library/facter\n+++ b/library/facter\n@@ -19,9 +19,23 @@\n # along with Ansible.  If not, see <http://www.gnu.org/licenses/>.\n #\n \n-# things that must be installed to use this\n-#    facter\n-#    ruby-json\n+\n+DOCUMENTATION = '''\n+---\n+module: facter\n+short_description: Runs the discovery program ‘facter’ on the remote system\n+description:\n+     - Runs the discovery program I(facter) on the remote system, returning JSON\n+       data that can be useful for inventory purposes.\n+version_added: \"0.2\"\n+options: []\n+examples:\n+   - code: ansible  www.example.net -m facter\n+     description: \"Example command-line invocation\"\n+notes: []\n+requirements: [ \"facter\", \"ruby-json\" ]\n+author: Michael DeHaan\n+'''\n \n import subprocess\n "
    },
    {
      "file_path": "library/fetch",
      "status": "modified",
      "additions": 34,
      "deletions": 0,
      "file_diff": "diff --git a/library/fetch b/library/fetch\nindex 9132aeebbedca4..71c19bc8365de7 100755\n--- a/library/fetch\n+++ b/library/fetch\n@@ -1 +1,35 @@\n # this is a virtual module that is entirely implemented server side\n+\n+DOCUMENTATION = '''\n+---\n+module: fetch\n+short_description: Fetches a file from remote nodes\n+description:\n+     - This module works like M(copy), but in reverse. It is used for fetching\n+       files from remote machines and storing them locally in a file tree,\n+       organized by hostname.\n+version_added: \"0.2\"\n+options:\n+  src:\n+    description:\n+      - The file on the remote system to fetch. This must be a file, not a\n+        directory. Recursive fetching may be supported in a later release.\n+    required: true\n+    default: null\n+    aliases: []\n+  dest:\n+    description:\n+      - A directory to save the file into. For example, if the I(dest)\n+        directory is C(/backup) a src file named C(/etc/profile) on host\n+        C(host.example.com), would be saved into\n+        C(/backup/host.example.com/etc/profile)\n+    required: true\n+    default: null\n+examples:\n+   - code: fetch src=/var/log/messages dest=/home/logtree\n+     description: \"Example from Ansible Playbooks\"\n+notes:\n+   - \"See also: M(copy)\"\n+requirements: []\n+author: Michael DeHaan\n+'''"
    },
    {
      "file_path": "library/mount",
      "status": "modified",
      "additions": 55,
      "deletions": 10,
      "file_diff": "diff --git a/library/mount b/library/mount\nindex ea929f0acffc62..12c75f47956e7d 100755\n--- a/library/mount\n+++ b/library/mount\n@@ -20,16 +20,61 @@\n # You should have received a copy of the GNU General Public License\n # along with Ansible.  If not, see <http://www.gnu.org/licenses/>.\n \n-# mount module - mount fs and define in fstab\n-# usage:\n-#\n-# mount name=mountpoint, src=device_to_be_mounted fstype=fstype\n-#        opts=mount_opts, dump=0 passno=0 state=[present|absent|mounted|unmounted]\n-#\n-#    absent == remove from fstab and unmounted\n-#    present == add to fstab, do not change mount state\n-#    mounted == add to fstab if not there and make sure it is mounted\n-#    unmounted == do not change fstab state, but unmount\n+DOCUMENTATION = '''\n+---\n+module: mount\n+short_description: Control active and configured mount points\n+description:\n+     - This module controls active and configured mount points in C(/etc/fstab).\n+version_added: \"0.6\"\n+options:\n+  name:\n+    description:\n+      - \"path to the mount point, eg: C(/mnt/files)\"\n+    required: true\n+    default: null\n+    aliases: []\n+  src:\n+    description:\n+      - device to be mounted on I(name).\n+    required: true\n+    default: null\n+  fstype:\n+    description:\n+      - file-system type\n+    required: true\n+    default: null\n+  opts:\n+    description:\n+      - mount options (see fstab(8))\n+    required: false\n+    default: null\n+  dump:\n+    description:\n+      - dump (see fstab(8))\n+    required: false\n+    default: null\n+  passno:\n+    description:\n+      - passno (see fstab(8))\n+    required: false\n+    default: null\n+  state:\n+    description:\n+      - If C(mounted) or C(unmounted), the device will be actively mounted or unmounted\n+        as well as just configured in I(fstab). C(absent) and C(present) only deal with\n+        I(fstab).\n+    required: true\n+    choices: [ \"present\", \"absent\", \"mounted\", \"unmounted\" ]\n+    default: null\n+examples:\n+   - code: mount name=/mnt/dvd src=/dev/sr0 fstype=iso9660 opts=ro\n+     description: \"Mount DVD read-only\"\n+notes: []\n+requirements: []\n+author: Seth Vidal\n+'''\n+\n \n def write_fstab(lines, dest):\n "
    },
    {
      "file_path": "library/mysql_user",
      "status": "modified",
      "additions": 2,
      "deletions": 2,
      "file_diff": "diff --git a/library/mysql_user b/library/mysql_user\nindex e35cce3c02d93b..be9cd00b3acc6e 100755\n--- a/library/mysql_user\n+++ b/library/mysql_user\n@@ -48,7 +48,7 @@ options:\n     default: null\n   login_password:\n     description:\n-      - The passwordused to authenticate with\n+      - The password used to authenticate with\n     required: false\n     default: null\n   login_host:\n@@ -58,7 +58,7 @@ options:\n     default: localhost\n   priv:\n     description:\n-      - MySQL privileges string in the format: db.table:priv1,priv2\n+      - \"MySQL privileges string in the format: C(db.table:priv1,priv2)\"\n     required: false\n     default: null\n   state:"
    },
    {
      "file_path": "library/ohai",
      "status": "modified",
      "additions": 17,
      "deletions": 0,
      "file_diff": "diff --git a/library/ohai b/library/ohai\nindex 826ac50538a422..5a8281a80c226c 100755\n--- a/library/ohai\n+++ b/library/ohai\n@@ -19,6 +19,23 @@\n # along with Ansible.  If not, see <http://www.gnu.org/licenses/>.\n #\n \n+DOCUMENTATION = '''\n+---\n+module: ohai\n+short_description: Returns inventory data from I(ohai)\n+description:\n+     - Similar to the M(facter) module, this returns JSON inventory data.\n+       I(Ohai) data is a bit more verbose and nested than I(facter).\n+version_added: \"0.6\"\n+options: []\n+examples:\n+   - code: ansible webservers -m ohai --tree=/tmp/ohaidata\n+     description: \"Retrieve I(ohai) data from all Web servers and store in one-file per host\"\n+notes: []\n+requirements: [ \"ohai\" ]\n+author: Michael DeHaan\n+'''\n+\n def get_ohai_data():\n     p = subprocess.Popen([\"/usr/bin/env\", \"ohai\"], stdout=subprocess.PIPE, stderr=subprocess.PIPE)\n     (out, err) = p.communicate()"
    },
    {
      "file_path": "library/postgresql_user",
      "status": "modified",
      "additions": 22,
      "deletions": 6,
      "file_diff": "diff --git a/library/postgresql_user b/library/postgresql_user\nindex 99de1414b2d8b5..5c9c2025d27545 100755\n--- a/library/postgresql_user\n+++ b/library/postgresql_user\n@@ -21,9 +21,19 @@ DOCUMENTATION = '''\n module: postgresql_user\n short_description: Adds or removes a users (roles) from a PostgreSQL database.\n description:\n-   - Add or remove PostgreSQL users (roles) from a remote host and, optionally, grant the users access to an existing database or tables.\n-   - The fundamental function of the module is to create, or delete, roles from a PostgreSQL cluster. Privilege assignment, or removal, is an optional step, which works on one database at a time. This allows for the module to be called several times in the same module to modify the permissions on different databases, or to grant permissions to already existing users.\n-   - A user cannot be removed untill all the privileges have been stripped from the user. In such situation, if the module tries to remove the user it will fail. To avoid this from happening the fail_on_user option signals the module to try to remove the user, but if not possible keep going; the module will report if changes happened and separately if the user was removed or not.\n+   - Add or remove PostgreSQL users (roles) from a remote host and, optionally,\n+     grant the users access to an existing database or tables.\n+   - The fundamental function of the module is to create, or delete, roles from\n+     a PostgreSQL cluster. Privilege assignment, or removal, is an optional\n+     step, which works on one database at a time. This allows for the module to\n+     be called several times in the same module to modify the permissions on\n+     different databases, or to grant permissions to already existing users.\n+   - A user cannot be removed untill all the privileges have been stripped from\n+     the user. In such situation, if the module tries to remove the user it\n+     will fail. To avoid this from happening the fail_on_user option signals\n+     the module to try to remove the user, but if not possible keep going; the\n+     module will report if changes happened and separately if the user was\n+     removed or not.\n version_added: \"0.6\"\n options:\n   name:\n@@ -64,7 +74,7 @@ options:\n     default: localhost\n   priv:\n     description:\n-      - PostgreSQL privileges string in the format: table:priv1,priv2\n+      - \"PostgreSQL privileges string in the format: C(table:priv1,priv2)\"\n     required: false\n     default: null\n   state:\n@@ -83,8 +93,14 @@ examples:\n    - code: INSERT,UPDATE/table:SELECT/anothertable:ALL\n      description: Example privileges string format\n notes:\n-   - The default authentication assumes that you are either logging in as or sudo'ing to the postgres account on the host.\n-   - This module uses psycopg2, a Python PostgreSQL database adapter. You must ensure that psycopg2 is installed on the host before using this module. If the remote host is the PostgreSQL server (which is the default case), then PostgreSQL must also be installed on the remote host. For Ubuntu-based systems, install the postgresql, libpq-dev, and python-psycopg2 packages on the remote host before using this module.\n+   - The default authentication assumes that you are either logging in as or\n+     sudo'ing to the postgres account on the host.\n+   - This module uses psycopg2, a Python PostgreSQL database adapter. You must\n+     ensure that psycopg2 is installed on the host before using this module. If\n+     the remote host is the PostgreSQL server (which is the default case), then\n+     PostgreSQL must also be installed on the remote host. For Ubuntu-based\n+     systems, install the postgresql, libpq-dev, and python-psycopg2 packages\n+     on the remote host before using this module.\n requirements: [ psycopg2 ]\n author: Lorin Hochstein\n '''\n"
    }
  ],
  "comments": [],
  "reviews": []
}