{
  "pr_number": 10898,
  "url": "https://github.com/ansible/ansible/pull/10898",
  "title": "Update intro_dynamic_inventory.rst",
  "author_login": "daidoji",
  "state": "MERGED",
  "merged_by_login": "bcoca",
  "body": "Examples of special characters being converted to underscores for clarity.\n",
  "labels": [
    "docs"
  ],
  "additions": 3,
  "deletions": 3,
  "changed_files_count": 1,
  "changed_files_list": [
    "docsite/rst/intro_dynamic_inventory.rst"
  ],
  "files": [
    {
      "file_path": "docsite/rst/intro_dynamic_inventory.rst",
      "status": "modified",
      "additions": 3,
      "deletions": 3,
      "file_diff": "diff --git a/docsite/rst/intro_dynamic_inventory.rst b/docsite/rst/intro_dynamic_inventory.rst\nindex 6734efca1905d4..00023a4ccae7c8 100644\n--- a/docsite/rst/intro_dynamic_inventory.rst\n+++ b/docsite/rst/intro_dynamic_inventory.rst\n@@ -140,9 +140,9 @@ Security Group\n Tags\n   Each instance can have a variety of key/value pairs associated with it called Tags. The most common tag key is 'Name', though anything is possible. Each key/value pair is its own group of instances, again with special characters converted to underscores, in the format ``tag_KEY_VALUE``\n   e.g.\n-  ``tag_Name_Web``\n-  ``tag_Name_redis-master-001``\n-  ``tag_aws_cloudformation_logical-id_WebServerGroup``\n+  ``tag_Name_Web`` can be used as is\n+  ``tag_Name_redis-master-001`` becomes ``tag_Name_redis_master_001``\n+  ``tag_aws_cloudformation_logical-id_WebServerGroup`` becomes ``tag_aws_cloudformation_logical_id_WebServerGroup``\n \n When the Ansible is interacting with a specific server, the EC2 inventory script is called again with the ``--host HOST`` option. This looks up the HOST in the index cache to get the instance ID, and then makes an API call to AWS to get information about that specific instance. It then makes information about that instance available as variables to your playbooks. Each variable is prefixed by ``ec2_``. Here are some of the variables available:\n \n"
    }
  ],
  "comments": [],
  "reviews": []
}