{
  "pr_number": 11440,
  "url": "https://github.com/ansible/ansible/pull/11440",
  "title": "Check for name or pkg when templating squashed items",
  "author_login": "sivel",
  "state": "MERGED",
  "merged_by_login": "jimi-c",
  "body": "Since the logic for module argument aliases is handled in `AnsibleModule`, the args that we have to inspect inside the executor are unaliased.  We need to check for `name` or `pkg` when attempting to template to avoid an exception as documented in #11430 \n",
  "labels": [
    "P1",
    "bug"
  ],
  "additions": 3,
  "deletions": 3,
  "changed_files_count": 1,
  "changed_files_list": [
    "ansible/executor/task_executor.py b/lib/ansible/executor/task_executor.py"
  ],
  "files": [
    {
      "file_path": "ansible/executor/task_executor.py b/lib/ansible/executor/task_executor.py",
      "status": "modified",
      "additions": 3,
      "deletions": 3,
      "file_diff": "diff --git a/lib/ansible/executor/task_executor.py b/lib/ansible/executor/task_executor.py\nindex 8405389593b01b..1f46b0c705a376 100644\n--- a/lib/ansible/executor/task_executor.py\n+++ b/lib/ansible/executor/task_executor.py\n@@ -179,15 +179,15 @@ def _squash_items(self, items, variables):\n         Squash items down to a comma-separated list for certain modules which support it\n         (typically package management modules).\n         '''\n-\n         if len(items) > 0 and self._task.action in self.SQUASH_ACTIONS:\n             final_items = []\n             for item in items:\n                 variables['item'] = item\n                 templar = Templar(loader=self._loader, shared_loader_obj=self._shared_loader_obj, variables=variables)\n                 if self._task.evaluate_conditional(templar, variables):\n-                    if templar._contains_vars(self._task.args['name']):\n-                        new_item = templar.template(self._task.args['name'])\n+                    name = self._task.args.pop('name', None) or self._task.args.pop('pkg', None)\n+                    if templar._contains_vars(name):\n+                        new_item = templar.template(name)\n                         final_items.append(new_item)\n                     else:\n                         final_items.append(item)\n"
    }
  ],
  "comments": [
    {
      "author_login": "jimi-c",
      "body": "Merged, thanks!\n"
    }
  ],
  "reviews": []
}