{
  "pr_number": 11475,
  "url": "https://github.com/ansible/ansible/pull/11475",
  "title": "Use cfacter instead of facter if possible",
  "author_login": "nibalizer",
  "state": "MERGED",
  "merged_by_login": "bcoca",
  "body": "CFacter is the facter replacement written in C++. It is available from\nthe puppetlabs repo.\n",
  "labels": [
    "feature"
  ],
  "additions": 5,
  "deletions": 1,
  "changed_files_count": 1,
  "changed_files_list": [
    "ansible/module_utils/facts.py b/lib/ansible/module_utils/facts.py"
  ],
  "files": [
    {
      "file_path": "ansible/module_utils/facts.py b/lib/ansible/module_utils/facts.py",
      "status": "modified",
      "additions": 5,
      "deletions": 1,
      "file_diff": "diff --git a/lib/ansible/module_utils/facts.py b/lib/ansible/module_utils/facts.py\nindex aedd028b2428f7..7b95d2e65dd65c 100644\n--- a/lib/ansible/module_utils/facts.py\n+++ b/lib/ansible/module_utils/facts.py\n@@ -2734,12 +2734,16 @@ def get_all_facts(module):\n     for (k, v) in facts.items():\n         setup_options[\"ansible_%s\" % k.replace('-', '_')] = v\n \n-    # Look for the path to the facter and ohai binary and set\n+    # Look for the path to the facter, cfacter, and ohai binaries and set\n     # the variable to that path.\n \n     facter_path = module.get_bin_path('facter')\n+    cfacter_path = module.get_bin_path('cfacter')\n     ohai_path = module.get_bin_path('ohai')\n \n+    # Prefer to use cfacter if available\n+    if cfacter_path is not None:\n+        facter_path = cfacter_path\n     # if facter is installed, and we can use --json because\n     # ruby-json is ALSO installed, include facter data in the JSON\n \n"
    }
  ],
  "comments": [
    {
      "author_login": "emonty",
      "body": "More speed in facts is more better\n"
    },
    {
      "author_login": "amenonsen",
      "body": "Looks sensible, has no effect if `cfacter` is not installed.\n"
    },
    {
      "author_login": "nibalizer",
      "body": "I'm unclear why the tests are failing, does anyone know?\n"
    },
    {
      "author_login": "bcoca",
      "body": "I think you meant to reverse these\n",
      "file_path": "lib/ansible/module_utils/facts.py",
      "diff_hunk": "@@ -2734,12 +2734,16 @@ def get_all_facts(module):\n     for (k, v) in facts.items():\n         setup_options[\"ansible_%s\" % k.replace('-', '_')] = v\n \n-    # Look for the path to the facter and ohai binary and set\n+    # Look for the path to the facter, cfacter, and ohai binaries and set\n     # the variable to that path.\n \n-    facter_path = module.get_bin_path('facter')\n+    facter_path = module.get_bin_path('cfacter')\n+    cfacter_path = module.get_bin_path('facter')\n     ohai_path = module.get_bin_path('ohai')",
      "comment_type": "review_comment"
    }
  ],
  "reviews": []
}