{
  "pr_number": 10914,
  "url": "https://github.com/ansible/ansible/pull/10914",
  "title": "hack to prevent tempalte/copy errors on vagrant synced folders ",
  "author_login": "bcoca",
  "state": "MERGED",
  "merged_by_login": "bcoca",
  "body": "these report incorrectly errno 26 on copying a file and prevent atomic_move from working correctly.\n\nfixes #9526, this should really warn when this happens letting the user know that the update was not atomic and that running applications might get a corrupted view of the file.\n",
  "labels": [
    "bug"
  ],
  "additions": 3,
  "deletions": 2,
  "changed_files_count": 1,
  "changed_files_list": [
    "ansible/module_utils/basic.py b/lib/ansible/module_utils/basic.py"
  ],
  "files": [
    {
      "file_path": "ansible/module_utils/basic.py b/lib/ansible/module_utils/basic.py",
      "status": "modified",
      "additions": 3,
      "deletions": 2,
      "file_diff": "diff --git a/lib/ansible/module_utils/basic.py b/lib/ansible/module_utils/basic.py\nindex 54a1a9cfff7f88..0c42a2315af870 100644\n--- a/lib/ansible/module_utils/basic.py\n+++ b/lib/ansible/module_utils/basic.py\n@@ -1356,8 +1356,9 @@ def atomic_move(self, src, dest):\n             # Optimistically try a rename, solves some corner cases and can avoid useless work, throws exception if not atomic.\n             os.rename(src, dest)\n         except (IOError,OSError), e:\n-            # only try workarounds for errno 18 (cross device), 1 (not permitted) and 13 (permission denied)\n-            if e.errno != errno.EPERM and e.errno != errno.EXDEV and e.errno != errno.EACCES:\n+            # only try workarounds for errno 18 (cross device), 1 (not permitted),  13 (permission denied)\n+            # and 26 (text file busy) which happens on vagrant synced folders\n+            if e.errno not in [errno.EPERM, errno.EXDEV, errno.EACCES, errno.ETXTBSY]:\n                 self.fail_json(msg='Could not replace file: %s to %s: %s' % (src, dest, e))\n \n             dest_dir = os.path.dirname(dest)\n"
    }
  ],
  "comments": [],
  "reviews": []
}