{
  "pr_number": 11252,
  "url": "https://github.com/ansible/ansible/pull/11252",
  "title": "Display a warning when using a deprecated module",
  "author_login": "sivel",
  "state": "MERGED",
  "merged_by_login": "bcoca",
  "body": "This PR adds a warning when using a deprecated module.  Currently a user would never know the module was deprecated unless they looked at the docs.\n\nThis should help users identify that they are using a deprecated module, to enable us to eventually remove those modules.\n\nExample output:\n\n```\nTASK [glance_image] *************************************************************\n [WARNING]: glance_image has been deprecated, which means it is kept for\nbackwards compatibility but usage is discouraged.  The module documentation\ndetails page may explain more about this rationale.\n```\n\nThe text there is largely taken from the text used on docs.ansible.com.\n\nIf desired we could also get the docs and display the specific module deprecation string.\n",
  "labels": [
    "feature"
  ],
  "additions": 8,
  "deletions": 0,
  "changed_files_count": 1,
  "changed_files_list": [
    "ansible/plugins/__init__.py b/lib/ansible/plugins/__init__.py"
  ],
  "files": [
    {
      "file_path": "ansible/plugins/__init__.py b/lib/ansible/plugins/__init__.py",
      "status": "modified",
      "additions": 8,
      "deletions": 0,
      "file_diff": "diff --git a/lib/ansible/plugins/__init__.py b/lib/ansible/plugins/__init__.py\nindex 8d23ae796cb028..bbbe0bd7950649 100644\n--- a/lib/ansible/plugins/__init__.py\n+++ b/lib/ansible/plugins/__init__.py\n@@ -247,6 +247,14 @@ def find_plugin(self, name, suffixes=None):\n             for alias_name in ('_%s' % n for n in potential_names):\n                 # We've already cached all the paths at this point\n                 if alias_name in self._plugin_path_cache:\n+                    if not os.path.islink(self._plugin_path_cache[alias_name]):\n+                        d = Display()\n+                        d.warning('%s has been deprecated, which means '\n+                                  'it is kept for backwards compatibility '\n+                                  'but usage is discouraged. The module '\n+                                  'documentation details page may explain '\n+                                  'more about this rationale.' %\n+                                  name.lstrip('_'))\n                     return self._plugin_path_cache[alias_name]\n \n         return None\n"
    }
  ],
  "comments": [
    {
      "author_login": "bcoca",
      "body": "you are warning on both aliases and deprecated, this might be confusing as they are not the same in function nor in the documentation.\n"
    },
    {
      "author_login": "sivel",
      "body": "We display deprecation notices in docs only based on `_`.  I was going to look at the docs for the `deprecation` but it doesn't look like we actually concern ourselves with that in core.  Not that I can't do it, just that we don't do it currently.\n"
    },
    {
      "author_login": "bcoca",
      "body": "no, it has to have start with '_' and be file, if it is a symlink there is no deprecation (there is no doc either), which means it is an alias.\n"
    },
    {
      "author_login": "sivel",
      "body": "So checking if it is actually a file would be the correct way to go?\n"
    },
    {
      "author_login": "bcoca",
      "body": "yep, I should really make this a method somewhere\n"
    },
    {
      "author_login": "sivel",
      "body": "The latest commit + squash, includes a change to ignore symlinks.  I guess I had missed that line when originally inspecting how it was handled elsewhere.\n"
    }
  ],
  "reviews": []
}