{
  "pr_number": 10612,
  "url": "https://github.com/ansible/ansible/pull/10612",
  "title": "Add ability to specify using ssh_args in synchronize",
  "author_login": "sivel",
  "state": "MERGED",
  "merged_by_login": "bcoca",
  "body": "This PR, coupled with a soon to be linked ticket for the actual module itself, adds 2 new options:\n1. `use_ssh_args`\n2. `ssh_args`\n\n`use_ssh_args`, which is a boolean (defaulted to `False` to keep current behavior), is what is exposed currently via documentation, but not in the `argument_spec`.\n\n`ssh_args`, a string, is not exposed via documentation, and does appear in `argument_spec`\n\n`use_ssh_args` is popped from the options, and `ssh_args` is added.\n",
  "labels": [
    "feature"
  ],
  "additions": 5,
  "deletions": 0,
  "changed_files_count": 1,
  "changed_files_list": [
    "ansible/runner/action_plugins/synchronize.py b/lib/ansible/runner/action_plugins/synchronize.py"
  ],
  "files": [
    {
      "file_path": "ansible/runner/action_plugins/synchronize.py b/lib/ansible/runner/action_plugins/synchronize.py",
      "status": "modified",
      "additions": 5,
      "deletions": 0,
      "file_diff": "diff --git a/lib/ansible/runner/action_plugins/synchronize.py b/lib/ansible/runner/action_plugins/synchronize.py\nindex f8e57ae314e395..fb82194b00a1b2 100644\n--- a/lib/ansible/runner/action_plugins/synchronize.py\n+++ b/lib/ansible/runner/action_plugins/synchronize.py\n@@ -19,6 +19,7 @@\n import os.path\n \n from ansible import utils\n+from ansible import constants\n from ansible.runner.return_data import ReturnData\n import ansible.utils.template as template\n \n@@ -104,9 +105,11 @@ def run(self, conn, tmp, module_name, module_args,\n \n         src = options.get('src', None)\n         dest = options.get('dest', None)\n+        use_ssh_args = options.pop('use_ssh_args', None)\n \n         src = template.template(self.runner.basedir, src, inject)\n         dest = template.template(self.runner.basedir, dest, inject)\n+        use_ssh_args = template.template(self.runner.basedir, use_ssh_args, inject)\n \n         try:\n             options['local_rsync_path'] = inject['ansible_rsync_path']\n@@ -187,6 +190,8 @@ def run(self, conn, tmp, module_name, module_args,\n         options['dest'] = dest\n         if 'mode' in options:\n             del options['mode']\n+        if use_ssh_args:\n+            options['ssh_args'] = constants.ANSIBLE_SSH_ARGS\n \n         # Allow custom rsync path argument.\n         rsync_path = options.get('rsync_path', None)\n"
    }
  ],
  "comments": [
    {
      "author_login": "sivel",
      "body": "Linked ticket for the actual module: https://github.com/ansible/ansible-modules-core/pull/1073\n"
    }
  ],
  "reviews": []
}