{
  "pr_number": 10304,
  "url": "https://github.com/ansible/ansible/pull/10304",
  "title": "Add LDom support",
  "author_login": "dago",
  "state": "MERGED",
  "merged_by_login": "bcoca",
  "body": "This patch adds LDom support for T-series Sparc CPUs.\n",
  "labels": [
    "feature"
  ],
  "additions": 24,
  "deletions": 0,
  "changed_files_count": 1,
  "changed_files_list": [
    "ansible/module_utils/facts.py b/lib/ansible/module_utils/facts.py"
  ],
  "files": [
    {
      "file_path": "ansible/module_utils/facts.py b/lib/ansible/module_utils/facts.py",
      "status": "modified",
      "additions": 24,
      "deletions": 0,
      "file_diff": "diff --git a/lib/ansible/module_utils/facts.py b/lib/ansible/module_utils/facts.py\nindex 6d602af7366eca..63a7d4d0a66d41 100644\n--- a/lib/ansible/module_utils/facts.py\n+++ b/lib/ansible/module_utils/facts.py\n@@ -2498,6 +2498,30 @@ def get_virtual_facts(self):\n                 if 'VirtualBox' in line:\n                     self.facts['virtualization_type'] = 'virtualbox'\n                     self.facts['virtualization_role'] = 'guest'\n+        # Detect domaining on Sparc hardware\n+        if os.path.exists(\"/usr/sbin/virtinfo\"):\n+            # The output of virtinfo is different whether we are on a machine with logical\n+            # domains ('LDoms') on a T-series or domains ('Domains') on a M-series. Try LDoms first.\n+            rc, out, err = module.run_command(\"/usr/sbin/virtinfo -p\")\n+            # The output contains multiple lines with different keys like this:\n+            #   DOMAINROLE|impl=LDoms|control=false|io=false|service=false|root=false\n+            # The output may also be not formated and the returncode is set to 0 regardless of the error condition:\n+            #   virtinfo can only be run from the global zone\n+            try:\n+                for line in out.split('\\n'):\n+                    fields = line.split('|')\n+                    if( fields[0] == 'DOMAINROLE' and fields[1] == 'impl=LDoms' ):\n+                        self.facts['virtualization_type'] = 'ldom'\n+                        self.facts['virtualization_role'] = 'guest'\n+                        hostfeatures = []\n+                        for field in fields[2:]:\n+                            arg = field.split('=')\n+                            if( arg[1] == 'true' ):\n+                                hostfeatures.append(arg[0])\n+                        if( len(hostfeatures) > 0 ):\n+                            self.facts['virtualization_role'] = 'host (' + ','.join(hostfeatures) + ')'\n+            except ValueError, e:\n+                pass\n \n def get_file_content(path, default=None, strip=True):\n     data = default\n"
    }
  ],
  "comments": [
    {
      "author_login": "bcoca",
      "body": "it might be better to use the module method to find binaries, in case someone moves this to another path\n",
      "file_path": "lib/ansible/module_utils/facts.py",
      "diff_hunk": "@@ -2498,6 +2498,27 @@ def get_virtual_facts(self):\n                 if 'VirtualBox' in line:\n                     self.facts['virtualization_type'] = 'virtualbox'\n                     self.facts['virtualization_role'] = 'guest'\n+        # Detect domaining on Sparc hardware\n+        if os.path.exists(\"/usr/sbin/virtinfo\"):",
      "comment_type": "review_comment"
    },
    {
      "author_login": "bcoca",
      "body": "before continuing here, check that fields is actually populated as a list, or try/except the following code\n",
      "file_path": "lib/ansible/module_utils/facts.py",
      "diff_hunk": "@@ -2498,6 +2498,27 @@ def get_virtual_facts(self):\n                 if 'VirtualBox' in line:\n                     self.facts['virtualization_type'] = 'virtualbox'\n                     self.facts['virtualization_role'] = 'guest'\n+        # Detect domaining on Sparc hardware\n+        if os.path.exists(\"/usr/sbin/virtinfo\"):\n+            # The output of virtinfo is different whether we are on a machine with logical\n+            # domains ('LDoms') on a T-series or domains ('Domains') on a M-series. Try LDoms first.\n+            rc, out, err = module.run_command(\"/usr/sbin/virtinfo -p\")\n+            # The output contains multiple lines with different keys like this:\n+            #   DOMAINROLE|impl=LDoms|control=false|io=false|service=false|root=false\n+            # The output may also be not formated and the returncode is set to 0 regardless of the error condition:\n+            #   virtinfo can only be run from the global zone\n+            for line in out.split('\\n'):\n+                fields = line.split('|')",
      "comment_type": "review_comment"
    },
    {
      "author_login": "dago",
      "body": "I took that test from the above section 15 lines up testing for `/usr/bin/zonename`, so when I adjust the pull request we should consistently switch the other locations in the code also. I can assure you that you cannot safely move stuff around in Solaris without breaking the packaging system and workflows. \n",
      "file_path": "lib/ansible/module_utils/facts.py",
      "diff_hunk": "@@ -2498,6 +2498,27 @@ def get_virtual_facts(self):\n                 if 'VirtualBox' in line:\n                     self.facts['virtualization_type'] = 'virtualbox'\n                     self.facts['virtualization_role'] = 'guest'\n+        # Detect domaining on Sparc hardware\n+        if os.path.exists(\"/usr/sbin/virtinfo\"):",
      "comment_type": "review_comment"
    },
    {
      "author_login": "dago",
      "body": "Sorry for my suboptimal Python foo, I just started coding Python.\n",
      "file_path": "lib/ansible/module_utils/facts.py",
      "diff_hunk": "@@ -2498,6 +2498,27 @@ def get_virtual_facts(self):\n                 if 'VirtualBox' in line:\n                     self.facts['virtualization_type'] = 'virtualbox'\n                     self.facts['virtualization_role'] = 'guest'\n+        # Detect domaining on Sparc hardware\n+        if os.path.exists(\"/usr/sbin/virtinfo\"):\n+            # The output of virtinfo is different whether we are on a machine with logical\n+            # domains ('LDoms') on a T-series or domains ('Domains') on a M-series. Try LDoms first.\n+            rc, out, err = module.run_command(\"/usr/sbin/virtinfo -p\")\n+            # The output contains multiple lines with different keys like this:\n+            #   DOMAINROLE|impl=LDoms|control=false|io=false|service=false|root=false\n+            # The output may also be not formated and the returncode is set to 0 regardless of the error condition:\n+            #   virtinfo can only be run from the global zone\n+            for line in out.split('\\n'):\n+                fields = line.split('|')",
      "comment_type": "review_comment"
    }
  ],
  "reviews": []
}