{
  "pr_number": 10807,
  "url": "https://github.com/ansible/ansible/pull/10807",
  "title": "Correct emphasis markup nit in playbooks_vault.rst",
  "author_login": "gtaylor",
  "state": "MERGED",
  "merged_by_login": "bcoca",
  "body": "It looks like the original intention was to italicize, but someone was used to another markup language. I have switched the wrapped tags so we're showing italics and not a broken link.\n",
  "labels": [
    "docs"
  ],
  "additions": 1,
  "deletions": 1,
  "changed_files_count": 1,
  "changed_files_list": [
    "docsite/rst/playbooks_vault.rst"
  ],
  "files": [
    {
      "file_path": "docsite/rst/playbooks_vault.rst",
      "status": "modified",
      "additions": 1,
      "deletions": 1,
      "file_diff": "diff --git a/docsite/rst/playbooks_vault.rst b/docsite/rst/playbooks_vault.rst\nindex 56cb3c78bd8de1..9ccb5b50f17b01 100644\n--- a/docsite/rst/playbooks_vault.rst\n+++ b/docsite/rst/playbooks_vault.rst\n@@ -77,7 +77,7 @@ If you have existing files that you no longer want to keep encrypted, you can pe\n Viewing Encrypted Files\n ```````````````````````\n \n-_Available since Ansible 1.8_\n+*Available since Ansible 1.8*\n \n If you want to view the contents of an encrypted file without editing it, you can use the `ansible-vault view` command::\n \n"
    }
  ],
  "comments": [],
  "reviews": []
}