{
  "pr_number": 11432,
  "url": "https://github.com/ansible/ansible/pull/11432",
  "title": "Add splitext filter",
  "author_login": "sivel",
  "state": "MERGED",
  "merged_by_login": "abadger",
  "body": "This filter exposed `os.path.splitext`.\n\nI have noticed many times in the ansible IRC channel that someone wanted the root of a file with the extension stripped.\n\nI often give them the following:\n\n```\n{{ filename.split('.')[0] }}\n```\n\nBut that can be ugly and not self explanatory.\n\nThe `splitext` filter would make that look like:\n\n```\n{{ filename|splitext|first }}\n```\n",
  "labels": [
    "easyfix",
    "feature"
  ],
  "additions": 6,
  "deletions": 0,
  "changed_files_count": 2,
  "changed_files_list": [
    "ansible/plugins/filter/core.py b/lib/ansible/plugins/filter/core.py"
  ],
  "files": [
    {
      "file_path": "ansible/plugins/filter/core.py b/lib/ansible/plugins/filter/core.py",
      "status": "modified",
      "additions": 1,
      "deletions": 0,
      "file_diff": "diff --git a/lib/ansible/plugins/filter/core.py b/lib/ansible/plugins/filter/core.py\nindex a717c5bd817bce..e8e3e17f7753ab 100644\n--- a/lib/ansible/plugins/filter/core.py\n+++ b/lib/ansible/plugins/filter/core.py\n@@ -316,6 +316,7 @@ def filters(self):\n             'expanduser': partial(unicode_wrap, os.path.expanduser),\n             'realpath': partial(unicode_wrap, os.path.realpath),\n             'relpath': partial(unicode_wrap, os.path.relpath),\n+            'splitext': partial(unicode_wrap, os.path.splitext),\n \n             # failure testing\n             'failed'  : failed,\n"
    }
  ],
  "comments": [
    {
      "author_login": "abadger",
      "body": "Thanks @sivel!\n\n# Merged\n\nHi!\n\nThis has been merged in, and will also be included in the next major release.\n\nIf you or anyone else has any further questions, please let us know by stopping by one of the two mailing lists, as appropriate:\n- https://groups.google.com/forum/#!forum/ansible-project - for user questions, tips, and tricks\n- https://groups.google.com/forum/#!forum/ansible-devel - for strategy, future planning, and questions about writing code\n\nBecause this project is very active, we're unlikely to see comments made on closed tickets, but the mailing list is a great way to ask questions, or post if you don't think this particular\nissue is resolved.\n\nThank you!\n"
    }
  ],
  "reviews": []
}