{
  "pr_number": 11461,
  "url": "https://github.com/ansible/ansible/pull/11461",
  "title": "Fix \"AttributeError: 'ActionModule' object has no attribute '_shell'\"",
  "author_login": "pilou-",
  "state": "MERGED",
  "merged_by_login": "jimi-c",
  "body": "'_shell' was removed with commit 2a5fbd85700b719df9c2af22f0ccc61633ee4ac6\n",
  "labels": [
    "P1",
    "bug"
  ],
  "additions": 15,
  "deletions": 15,
  "changed_files_count": 6,
  "changed_files_list": [
    "ansible/plugins/action/copy.py b/lib/ansible/plugins/action/copy.py",
    "ansible/plugins/action/fetch.py b/lib/ansible/plugins/action/fetch.py",
    "ansible/plugins/action/patch.py b/lib/ansible/plugins/action/patch.py",
    "ansible/plugins/action/script.py b/lib/ansible/plugins/action/script.py",
    "ansible/plugins/action/template.py b/lib/ansible/plugins/action/template.py"
  ],
  "files": [
    {
      "file_path": "ansible/plugins/action/copy.py b/lib/ansible/plugins/action/copy.py",
      "status": "modified",
      "additions": 6,
      "deletions": 6,
      "file_diff": "diff --git a/lib/ansible/plugins/action/copy.py b/lib/ansible/plugins/action/copy.py\nindex ef80275ec0c30e..e556c803156f43 100644\n--- a/lib/ansible/plugins/action/copy.py\n+++ b/lib/ansible/plugins/action/copy.py\n@@ -115,8 +115,8 @@ def run(self, tmp=None, task_vars=dict()):\n \n             # If it's recursive copy, destination is always a dir,\n             # explicitly mark it so (note - copy module relies on this).\n-            if not self._shell.path_has_trailing_slash(dest):\n-                dest = self._shell.join_path(dest, '')\n+            if not self._connection._shell.path_has_trailing_slash(dest):\n+                dest = self._connection._shell.join_path(dest, '')\n         else:\n             source_files.append((source, os.path.basename(source)))\n \n@@ -151,10 +151,10 @@ def run(self, tmp=None, task_vars=dict()):\n             # This is kind of optimization - if user told us destination is\n             # dir, do path manipulation right away, otherwise we still check\n             # for dest being a dir via remote call below.\n-            if self._shell.path_has_trailing_slash(dest):\n-                dest_file = self._shell.join_path(dest, source_rel)\n+            if self._connection._shell.path_has_trailing_slash(dest):\n+                dest_file = self._connection._shell.join_path(dest, source_rel)\n             else:\n-                dest_file = self._shell.join_path(dest)\n+                dest_file = self._connection._shell.join_path(dest)\n \n             # Attempt to get the remote checksum\n             remote_checksum = self._remote_checksum(tmp, dest_file)\n@@ -167,7 +167,7 @@ def run(self, tmp=None, task_vars=dict()):\n                     return dict(failed=True, msg=\"can not use content with a dir as dest\")\n                 else:\n                     # Append the relative source location to the destination and retry remote_checksum\n-                    dest_file = self._shell.join_path(dest, source_rel)\n+                    dest_file = self._connection._shell.join_path(dest, source_rel)\n                     remote_checksum = self._remote_checksum(tmp, dest_file)\n \n             if remote_checksum != '1' and not force:"
    },
    {
      "file_path": "ansible/plugins/action/fetch.py b/lib/ansible/plugins/action/fetch.py",
      "status": "modified",
      "additions": 2,
      "deletions": 2,
      "file_diff": "diff --git a/lib/ansible/plugins/action/fetch.py b/lib/ansible/plugins/action/fetch.py\nindex 2123c5b162bd6c..bc652265ba7832 100644\n--- a/lib/ansible/plugins/action/fetch.py\n+++ b/lib/ansible/plugins/action/fetch.py\n@@ -52,7 +52,7 @@ def run(self, tmp=None, task_vars=dict()):\n         if source is None or dest is None:\n             return dict(failed=True, msg=\"src and dest are required\")\n \n-        source = self._shell.join_path(source)\n+        source = self._connection._shell.join_path(source)\n         source = self._remote_expand_user(source, tmp)\n \n         # calculate checksum for the remote file\n@@ -78,7 +78,7 @@ def run(self, tmp=None, task_vars=dict()):\n                 pass\n \n         # calculate the destination name\n-        if os.path.sep not in self._shell.join_path('a', ''):\n+        if os.path.sep not in self._connection._shell.join_path('a', ''):\n             source_local = source.replace('\\\\', '/')\n         else:\n             source_local = source"
    },
    {
      "file_path": "ansible/plugins/action/patch.py b/lib/ansible/plugins/action/patch.py",
      "status": "modified",
      "additions": 1,
      "deletions": 1,
      "file_diff": "diff --git a/lib/ansible/plugins/action/patch.py b/lib/ansible/plugins/action/patch.py\nindex 31dbd31fa4df31..f0dbdedf05c693 100644\n--- a/lib/ansible/plugins/action/patch.py\n+++ b/lib/ansible/plugins/action/patch.py\n@@ -47,7 +47,7 @@ def run(self, tmp=None, task_vars=dict()):\n         if tmp is None or \"-tmp-\" not in tmp:\n             tmp = self._make_tmp_path()\n \n-        tmp_src = self._shell.join_path(tmp, os.path.basename(src))\n+        tmp_src = self._connection._shell.join_path(tmp, os.path.basename(src))\n         self._connection.put_file(src, tmp_src)\n \n         if self._connection_info.become and self._connection_info.become_user != 'root':"
    },
    {
      "file_path": "ansible/plugins/action/script.py b/lib/ansible/plugins/action/script.py",
      "status": "modified",
      "additions": 1,
      "deletions": 1,
      "file_diff": "diff --git a/lib/ansible/plugins/action/script.py b/lib/ansible/plugins/action/script.py\nindex 7c248455150883..b3b95db9f8e581 100644\n--- a/lib/ansible/plugins/action/script.py\n+++ b/lib/ansible/plugins/action/script.py\n@@ -71,7 +71,7 @@ def run(self, tmp=None, task_vars=None):\n             source = self._loader.path_dwim(source)\n \n         # transfer the file to a remote tmp location\n-        tmp_src = self._shell.join_path(tmp, os.path.basename(source))\n+        tmp_src = self._connection._shell.join_path(tmp, os.path.basename(source))\n         self._connection.put_file(source, tmp_src)\n \n         sudoable = True"
    },
    {
      "file_path": "ansible/plugins/action/template.py b/lib/ansible/plugins/action/template.py",
      "status": "modified",
      "additions": 2,
      "deletions": 2,
      "file_diff": "diff --git a/lib/ansible/plugins/action/template.py b/lib/ansible/plugins/action/template.py\nindex e841ab939c01f2..0b93f559c352cc 100644\n--- a/lib/ansible/plugins/action/template.py\n+++ b/lib/ansible/plugins/action/template.py\n@@ -121,8 +121,8 @@ def run(self, tmp=None, task_vars=dict()):\n             #            dest_contents = base64.b64decode(dest_contents)\n             #        else:\n             #            raise Exception(\"unknown encoding, failed: %s\" % dest_result.result)\n- \n-            xfered = self._transfer_data(self._shell.join_path(tmp, 'source'), resultant)\n+\n+            xfered = self._transfer_data(self._connection._shell.join_path(tmp, 'source'), resultant)\n \n             # fix file permissions when the copy is done as a different user\n             if self._connection_info.become and self._connection_info.become_user != 'root':\n"
    }
  ],
  "comments": [
    {
      "author_login": "jimi-c",
      "body": " Merged, and thanks! I was just fixing this when @bcoca mentioned there was a PR for it already.\n"
    }
  ],
  "reviews": []
}