{
  "pr_number": 11420,
  "url": "https://github.com/ansible/ansible/pull/11420",
  "title": "Refactor the argspec type checking and add path as a type",
  "author_login": "abadger",
  "state": "MERGED",
  "merged_by_login": "abadger",
  "body": "",
  "labels": [
    "feature"
  ],
  "additions": 90,
  "deletions": 56,
  "changed_files_count": 1,
  "changed_files_list": [
    "ansible/module_utils/basic.py b/lib/ansible/module_utils/basic.py"
  ],
  "files": [
    {
      "file_path": "ansible/module_utils/basic.py b/lib/ansible/module_utils/basic.py",
      "status": "modified",
      "additions": 90,
      "deletions": 56,
      "file_diff": "diff --git a/lib/ansible/module_utils/basic.py b/lib/ansible/module_utils/basic.py\nindex ffd159601d62a5..e89809ff12e68f 100644\n--- a/lib/ansible/module_utils/basic.py\n+++ b/lib/ansible/module_utils/basic.py\n@@ -351,9 +351,9 @@ def __init__(self, argument_spec, bypass_checks=False, no_log=False,\n         self.check_mode = False\n         self.no_log = no_log\n         self.cleanup_files = []\n-        \n+\n         self.aliases = {}\n-        \n+\n         if add_file_common_args:\n             for k, v in FILE_COMMON_ARGUMENTS.iteritems():\n                 if k not in self.argument_spec:\n@@ -366,7 +366,7 @@ def __init__(self, argument_spec, bypass_checks=False, no_log=False,\n         self.params = self._load_params()\n \n         self._legal_inputs = ['_ansible_check_mode', '_ansible_no_log']\n-        \n+\n         self.aliases = self._handle_aliases()\n \n         if check_invalid_arguments:\n@@ -380,6 +380,16 @@ def __init__(self, argument_spec, bypass_checks=False, no_log=False,\n \n         self._set_defaults(pre=True)\n \n+\n+        self._CHECK_ARGUMENT_TYPES_DISPATCHER = {\n+                'str': self._check_type_str,\n+                'list': self._check_type_list,\n+                'dict': self._check_type_dict,\n+                'bool': self._check_type_bool,\n+                'int': self._check_type_int,\n+                'float': self._check_type_float,\n+                'path': self._check_type_path,\n+            }\n         if not bypass_checks:\n             self._check_required_arguments()\n             self._check_argument_values()\n@@ -1021,6 +1031,76 @@ def safe_eval(self, str, locals=None, include_exceptions=False):\n                 return (str, e)\n             return str\n \n+    def _check_type_str(self, value):\n+        if isinstance(value, basestring):\n+            return value\n+        # Note: This could throw a unicode error if value's __str__() method\n+        # returns non-ascii.  Have to port utils.to_bytes() if that happens\n+        return str(value)\n+\n+    def _check_type_list(self, value):\n+        if isinstance(value, list):\n+            return value\n+\n+        if isinstance(value, basestring):\n+            return value.split(\",\")\n+        elif isinstance(value, int) or isinstance(value, float):\n+            return [ str(value) ]\n+\n+        raise TypeError('%s cannot be converted to a list' % type(value))\n+\n+    def _check_type_dict(self, value):\n+        if isinstance(value, dict):\n+            return value\n+\n+        if isinstance(value, basestring):\n+            if value.startswith(\"{\"):\n+                try:\n+                    return json.loads(value)\n+                except:\n+                    (result, exc) = self.safe_eval(value, dict(), include_exceptions=True)\n+                    if exc is not None:\n+                        raise TypeError('unable to evaluate string as dictionary')\n+                    return result\n+            elif '=' in value:\n+                return dict([x.strip().split(\"=\", 1) for x in value.split(\",\")])\n+            else:\n+                raise TypeError(\"dictionary requested, could not parse JSON or key=value\")\n+\n+        raise TypeError('%s cannot be converted to a dict' % type(value))\n+\n+    def _check_type_bool(self, value):\n+        if isinstance(value, bool):\n+            return value\n+\n+        if isinstance(value, basestring):\n+            return self.boolean(value)\n+\n+        raise TypeError('%s cannot be converted to a bool' % type(value))\n+\n+    def _check_type_int(self, value):\n+        if isinstance(value, int):\n+            return value\n+\n+        if isinstance(value, basestring):\n+            return int(value)\n+\n+        raise TypeError('%s cannot be converted to an int' % type(value))\n+\n+    def _check_type_float(self, value):\n+        if isinstance(value, float):\n+            return value\n+\n+        if isinstance(value, basestring):\n+            return float(value)\n+\n+        raise TypeError('%s cannot be converted to a float' % type(value))\n+\n+    def _check_type_path(self, value):\n+        value = self._check_type_str(value)\n+        return os.path.expanduser(os.path.expandvars(value))\n+\n+\n     def _check_argument_types(self):\n         ''' ensure all arguments have the requested type '''\n         for (k, v) in self.argument_spec.iteritems():\n@@ -1034,59 +1114,13 @@ def _check_argument_types(self):\n             is_invalid = False\n \n             try:\n-                if wanted == 'str':\n-                    if not isinstance(value, basestring):\n-                        self.params[k] = str(value)\n-                elif wanted == 'list':\n-                    if not isinstance(value, list):\n-                        if isinstance(value, basestring):\n-                            self.params[k] = value.split(\",\")\n-                        elif isinstance(value, int) or isinstance(value, float):\n-                            self.params[k] = [ str(value) ]\n-                        else:\n-                            is_invalid = True\n-                elif wanted == 'dict':\n-                    if not isinstance(value, dict):\n-                        if isinstance(value, basestring):\n-                            if value.startswith(\"{\"):\n-                                try:\n-                                    self.params[k] = json.loads(value)\n-                                except:\n-                                    (result, exc) = self.safe_eval(value, dict(), include_exceptions=True)\n-                                    if exc is not None:\n-                                        self.fail_json(msg=\"unable to evaluate dictionary for %s\" % k)\n-                                    self.params[k] = result\n-                            elif '=' in value:\n-                                self.params[k] = dict([x.strip().split(\"=\", 1) for x in value.split(\",\")])\n-                            else:\n-                                self.fail_json(msg=\"dictionary requested, could not parse JSON or key=value\")\n-                        else:\n-                            is_invalid = True\n-                elif wanted == 'bool':\n-                    if not isinstance(value, bool):\n-                        if isinstance(value, basestring):\n-                            self.params[k] = self.boolean(value)\n-                        else:\n-                            is_invalid = True\n-                elif wanted == 'int':\n-                    if not isinstance(value, int):\n-                        if isinstance(value, basestring):\n-                            self.params[k] = int(value)\n-                        else:\n-                            is_invalid = True\n-                elif wanted == 'float':\n-                    if not isinstance(value, float):\n-                        if isinstance(value, basestring):\n-                            self.params[k] = float(value)\n-                        else:\n-                            is_invalid = True\n-                else:\n-                    self.fail_json(msg=\"implementation error: unknown type %s requested for %s\" % (wanted, k))\n-\n-                if is_invalid:\n-                    self.fail_json(msg=\"argument %s is of invalid type: %s, required: %s\" % (k, type(value), wanted))\n-            except ValueError:\n-                self.fail_json(msg=\"value of argument %s is not of type %s and we were unable to automatically convert\" % (k, wanted))\n+                type_checker = self._CHECK_ARGUMENT_TYPES_DISPATCHER[wanted]\n+            except KeyError:\n+                self.fail_json(msg=\"implementation error: unknown type %s requested for %s\" % (wanted, k))\n+            try:\n+                self.params[k] = type_checker(value)\n+            except (TypeError, ValueError):\n+                self.fail_json(msg=\"argument %s is of type %s and we were unable to convert to %s\" % (k, type(value), wanted))\n \n     def _set_defaults(self, pre=True):\n         for (k,v) in self.argument_spec.iteritems():\n"
    }
  ],
  "comments": [
    {
      "author_login": "abadger",
      "body": "Reviewed by bcoca in person.\n\n# Merged\n\nHi!\n\nThis has been merged in, and will also be included in the next major release.\n\nIf you or anyone else has any further questions, please let us know by stopping by one of the two mailing lists, as appropriate:\n- https://groups.google.com/forum/#!forum/ansible-project - for user questions, tips, and tricks\n- https://groups.google.com/forum/#!forum/ansible-devel - for strategy, future planning, and questions about writing code\n\nBecause this project is very active, we're unlikely to see comments made on closed tickets, but the mailing list is a great way to ask questions, or post if you don't think this particular\nissue is resolved.\n\nThank you!\n"
    }
  ],
  "reviews": []
}