{
  "pr_number": 1090,
  "url": "https://github.com/ansible/ansible/pull/1090",
  "title": "Fix a typo in the prompt code",
  "author_login": "dagwieers",
  "state": "MERGED",
  "merged_by_login": "mpdehaan",
  "body": "This is unfortunately related to not being able to reuse the same code that was tested.\n",
  "labels": [],
  "additions": 1,
  "deletions": 1,
  "changed_files_count": 1,
  "changed_files_list": [
    "ansible/playbook/play.py b/lib/ansible/playbook/play.py"
  ],
  "files": [
    {
      "file_path": "ansible/playbook/play.py b/lib/ansible/playbook/play.py",
      "status": "modified",
      "additions": 1,
      "deletions": 1,
      "file_diff": "diff --git a/lib/ansible/playbook/play.py b/lib/ansible/playbook/play.py\nindex 965376bacb6093..834f28fd5c4dfc 100644\n--- a/lib/ansible/playbook/play.py\n+++ b/lib/ansible/playbook/play.py\n@@ -165,7 +165,7 @@ def _get_vars(self):\n                     raise errors.AnsibleError(\"'vars_prompt' item is missing 'name:'\")\n \n                 vname = var['name']\n-                prompt = util.template(None, \"%s: \" % var.get(\"prompt\", vname), self.vars)\n+                prompt = utils.template(None, \"%s: \" % var.get(\"prompt\", vname), self.vars)\n                 private = var.get(\"private\", True)\n \n                 confirm = var.get(\"confirm\", False)\n"
    }
  ],
  "comments": [
    {
      "author_login": "mpdehaan",
      "body": "merged, pushed, thanks\n"
    }
  ],
  "reviews": []
}