{
  "pr_number": 10677,
  "url": "https://github.com/ansible/ansible/pull/10677",
  "title": "Fix re import failure in templates module when running unit tests.",
  "author_login": "dorianpula",
  "state": "MERGED",
  "merged_by_login": "abadger",
  "body": "Fix the 're' import error that occurs when running `make newtests`.\n",
  "labels": [],
  "additions": 2,
  "deletions": 0,
  "changed_files_count": 1,
  "changed_files_list": [
    "v2/ansible/template/__init__.py"
  ],
  "files": [
    {
      "file_path": "v2/ansible/template/__init__.py",
      "status": "modified",
      "additions": 2,
      "deletions": 0,
      "file_diff": "diff --git a/v2/ansible/template/__init__.py b/v2/ansible/template/__init__.py\nindex 0345a750081cdd..4e15e83424c22b 100644\n--- a/v2/ansible/template/__init__.py\n+++ b/v2/ansible/template/__init__.py\n@@ -19,6 +19,8 @@\n from __future__ import (absolute_import, division, print_function)\n __metaclass__ = type\n \n+import re\n+\n from jinja2 import Environment\n from jinja2.exceptions import TemplateSyntaxError, UndefinedError\n from jinja2.utils import concat as j2_concat\n"
    }
  ],
  "comments": [
    {
      "author_login": "abadger",
      "body": "Thanks!\n\n# Merged\n\nHi!\n\nThis has been merged in, and will also be included in the next major release.\n\nIf you or anyone else has any further questions, please let us know by stopping by one of the two mailing lists, as appropriate:\n- https://groups.google.com/forum/#!forum/ansible-project - for user questions, tips, and tricks\n- https://groups.google.com/forum/#!forum/ansible-devel - for strategy, future planning, and questions about writing code\n\nBecause this project is very active, we're unlikely to see comments made on closed tickets, but the mailing list is a great way to ask questions, or post if you don't think this particular\nissue is resolved.\n\nThank you!\n"
    }
  ],
  "reviews": []
}