{
  "pr_number": 10787,
  "url": "https://github.com/ansible/ansible/pull/10787",
  "title": "Fix traceback with using GCE on EL6 with python-crypto2.6",
  "author_login": "jlaska",
  "state": "MERGED",
  "merged_by_login": "bcoca",
  "body": "This fix resolves an issue on EL6 systems where there may be multiple versions\nof pycrypto installed.  EPEL provides both `python-crypto` and\n`python-crypto2.6`.  These packages are co-installable.  However, modules\nimporting the `Crypto` library must specify which version to use, otherwise the\ndefault will be used.  The libcloud `gce` provider relies on the `pycrypto` library,\nand needs `2.6` or newer.\n\nThis change follows the same pattern established in `bin/ansible` for\nspecifying python library requirements.\n",
  "labels": [
    "bug"
  ],
  "additions": 10,
  "deletions": 0,
  "changed_files_count": 1,
  "changed_files_list": [
    "plugins/inventory/gce.py"
  ],
  "files": [
    {
      "file_path": "plugins/inventory/gce.py",
      "status": "modified",
      "additions": 10,
      "deletions": 0,
      "file_diff": "diff --git a/plugins/inventory/gce.py b/plugins/inventory/gce.py\nindex e77178c16b306a..76e14f2301278d 100755\n--- a/plugins/inventory/gce.py\n+++ b/plugins/inventory/gce.py\n@@ -72,6 +72,16 @@\n Version: 0.0.1\n '''\n \n+__requires__ = ['pycrypto>=2.6']\n+try:\n+    import pkg_resources\n+except ImportError:\n+    # Use pkg_resources to find the correct versions of libraries and set\n+    # sys.path appropriately when there are multiversion installs.  We don't\n+    # fail here as there is code that better expresses the errors where the\n+    # library is used.\n+    pass\n+\n USER_AGENT_PRODUCT=\"Ansible-gce_inventory_plugin\"\n USER_AGENT_VERSION=\"v1\"\n \n"
    }
  ],
  "comments": [],
  "reviews": []
}