{
  "pr_number": 10762,
  "url": "https://github.com/ansible/ansible/pull/10762",
  "title": "[Docs] Make shell quoting rules explanation a bit clearer",
  "author_login": "kevgathuku",
  "state": "MERGED",
  "merged_by_login": "bcoca",
  "body": "I personally got confused by the use of 'vs' in the explanation.\nMaybe this explains it better?\n",
  "labels": [
    "P2",
    "docs"
  ],
  "additions": 1,
  "deletions": 1,
  "changed_files_count": 1,
  "changed_files_list": [
    "docsite/rst/intro_adhoc.rst"
  ],
  "files": [
    {
      "file_path": "docsite/rst/intro_adhoc.rst",
      "status": "modified",
      "additions": 1,
      "deletions": 1,
      "file_diff": "diff --git a/docsite/rst/intro_adhoc.rst b/docsite/rst/intro_adhoc.rst\nindex cfc880ce0bf670..9e104d5836fe29 100644\n--- a/docsite/rst/intro_adhoc.rst\n+++ b/docsite/rst/intro_adhoc.rst\n@@ -108,7 +108,7 @@ Using the :ref:`shell` module looks like this::\n When running any command with the Ansible *ad hoc* CLI (as opposed to\n :doc:`Playbooks <playbooks>`), pay particular attention to shell quoting rules, so\n the local shell doesn't eat a variable before it gets passed to Ansible.\n-For example, using double vs single quotes in the above example would\n+For example, using double rather than single quotes in the above example would\n evaluate the variable on the box you were on.\n \n So far we've been demoing simple command execution, but most Ansible modules usually do not work like\n"
    }
  ],
  "comments": [
    {
      "author_login": "kevgathuku",
      "body": ":+1: \n"
    }
  ],
  "reviews": []
}