{
  "pr_number": 11414,
  "url": "https://github.com/ansible/ansible/pull/11414",
  "title": "fix small typo for wantlist",
  "author_login": "yunano",
  "state": "MERGED",
  "merged_by_login": "bcoca",
  "body": "",
  "labels": [
    "docs"
  ],
  "additions": 1,
  "deletions": 1,
  "changed_files_count": 1,
  "changed_files_list": [
    "CHANGELOG.md"
  ],
  "files": [
    {
      "file_path": "CHANGELOG.md",
      "status": "modified",
      "additions": 1,
      "deletions": 1,
      "file_diff": "diff --git a/CHANGELOG.md b/CHANGELOG.md\nindex 64faebfa60ca5a..9226e5674ac426 100644\n--- a/CHANGELOG.md\n+++ b/CHANGELOG.md\n@@ -145,7 +145,7 @@ Major changes:\n * Added travis integration to github for basic tests, this should speed up ticket triage and merging.\n * environment: directive now can also be applied to play and is inhertited by tasks, which can still override it.\n * expanded facts and OS/distribution support for existing facts and improved performance with pypy.\n-* new 'wantlist' option to lookups allows for selecting a list typed variable vs a command delimited string as the return.\n+* new 'wantlist' option to lookups allows for selecting a list typed variable vs a comma delimited string as the return.\n * the shared module code for file backups now uses a timestamp resolution of seconds (previouslly minutes).\n * allow for empty inventories, this is now a warning and not an error (for those using localhost and cloud modules).\n * sped up YAML parsing in ansible by up to 25% by switching to CParser loader.\n"
    }
  ],
  "comments": [],
  "reviews": []
}