{
  "pr_number": 10884,
  "url": "https://github.com/ansible/ansible/pull/10884",
  "title": "Add become docs to the intro configuration for #10881",
  "author_login": "nickhammond",
  "state": "MERGED",
  "merged_by_login": "bcoca",
  "body": "The docs on become are bit confusing. In the [example file](https://raw.githubusercontent.com/ansible/ansible/devel/examples/ansible.cfg) there's `become_ask_pass` and then on the [become docs](http://docs.ansible.com/become.html) there's `ansible_become_pass` which allows you to set the password. Is `become_ask_pass` just missing from the new directives section?\n",
  "labels": [
    "P2",
    "docs"
  ],
  "additions": 43,
  "deletions": 0,
  "changed_files_count": 1,
  "changed_files_list": [
    "docsite/rst/intro_configuration.rst"
  ],
  "files": [
    {
      "file_path": "docsite/rst/intro_configuration.rst",
      "status": "modified",
      "additions": 43,
      "deletions": 0,
      "file_diff": "diff --git a/docsite/rst/intro_configuration.rst b/docsite/rst/intro_configuration.rst\nindex 91be8a98da242c..73d8fd0f0d6920 100644\n--- a/docsite/rst/intro_configuration.rst\n+++ b/docsite/rst/intro_configuration.rst\n@@ -600,6 +600,49 @@ Configures the path to the Vault password file as an alternative to specifying `\n \n As of 1.7 this file can also be a script. If you are using a script instead of a flat file, ensure that it is marked as executable, and that the password is printed to standard output. If your script needs to prompt for data, prompts can be sent to standard error.\n \n+.. _privilege_escalation:\n+\n+Privilege Escalation Settings\n+-----------------------------\n+\n+Ansible can use existing privilege escalation systems to allow a user to execute tasks as another. As of 1.9 ‘become’ supersedes the old sudo/su, while still being backwards compatible.  Settings live under the [privilege_escalation] header.\n+\n+.. _become:\n+\n+become\n+======\n+\n+The equivalent of adding sudo: or su: to a play or task, set to true/yes to activate privilege escalation. The default behavior is no::\n+\n+    become=True\n+\n+.. _become_method:\n+\n+become_method\n+=============\n+\n+Set the privilege escalation method. The default is ``sudo``, other options are ``su``, ``pbrun``, ``pfexec``::\n+\n+    become_method=su\n+\n+.. _become_user:\n+\n+become_user\n+=============\n+\n+The equivalent to ansible_sudo_user or ansible_su_user, allows to set the user you become through privilege escalation. The default is 'root'::\n+\n+    become_user=root\n+\n+.. _become_ask_pass:\n+\n+become_ask_pass\n+===============\n+\n+Ask for privilege escalation password, the default is False::\n+\n+    become_ask_pass=True\n+\n .. _paramiko_settings:\n \n Paramiko Specific Settings\n"
    }
  ],
  "comments": [],
  "reviews": []
}