{
  "pr_number": 10721,
  "url": "https://github.com/ansible/ansible/pull/10721",
  "title": "Fix serialize function by using the right members name",
  "author_login": "mscherer",
  "state": "MERGED",
  "merged_by_login": "abadger",
  "body": "",
  "labels": [],
  "additions": 2,
  "deletions": 2,
  "changed_files_count": 1,
  "changed_files_list": [
    "v2/ansible/playbook/role/metadata.py"
  ],
  "files": [
    {
      "file_path": "v2/ansible/playbook/role/metadata.py",
      "status": "modified",
      "additions": 2,
      "deletions": 2,
      "file_diff": "diff --git a/v2/ansible/playbook/role/metadata.py b/v2/ansible/playbook/role/metadata.py\nindex 05ed2f35850a8a..461a9a4a6271f9 100644\n--- a/v2/ansible/playbook/role/metadata.py\n+++ b/v2/ansible/playbook/role/metadata.py\n@@ -82,8 +82,8 @@ def _load_galaxy_info(self, attr, ds):\n \n     def serialize(self):\n         return dict(\n-            allow_duplicates = self.allow_duplicates,\n-            dependencies     = self.dependencies,\n+            allow_duplicates = self._allow_duplicates,\n+            dependencies     = self._dependencies,\n         )\n \n     def deserialize(self, data):\n"
    }
  ],
  "comments": [
    {
      "author_login": "abadger",
      "body": "Yep, thanks!\n\n# Merged\n\nHi!\n\nThis has been merged in, and will also be included in the next major release.\n\nIf you or anyone else has any further questions, please let us know by stopping by one of the two mailing lists, as appropriate:\n- https://groups.google.com/forum/#!forum/ansible-project - for user questions, tips, and tricks\n- https://groups.google.com/forum/#!forum/ansible-devel - for strategy, future planning, and questions about writing code\n\nBecause this project is very active, we're unlikely to see comments made on closed tickets, but the mailing list is a great way to ask questions, or post if you don't think this particular\nissue is resolved.\n\nThank you!\n"
    }
  ],
  "reviews": []
}