{
  "pr_number": 11637,
  "url": "https://github.com/ansible/ansible/pull/11637",
  "title": "Moar docs",
  "author_login": "bcoca",
  "state": "MERGED",
  "merged_by_login": "bcoca",
  "body": "Added docs for new v2 features restructures modules bar and core/extras info into their own pages changed templates to refer to the new pages\n",
  "labels": [
    "docs"
  ],
  "additions": 264,
  "deletions": 61,
  "changed_files_count": 12,
  "changed_files_list": [
    "docsite/rst/developing_plugins.rst",
    "docsite/rst/guides.rst",
    "docsite/rst/intro_configuration.rst",
    "docsite/rst/modules.rst",
    "docsite/rst/modules_core.rst",
    "docsite/rst/modules_extra.rst",
    "docsite/rst/modules_intro.rst",
    "docsite/rst/playbooks.rst",
    "docsite/rst/playbooks_blocks.rst",
    "docsite/rst/playbooks_strategies.rst",
    "hacking/templates/rst.j2"
  ],
  "files": [
    {
      "file_path": "docsite/rst/developing_plugins.rst",
      "status": "modified",
      "additions": 1,
      "deletions": 1,
      "file_diff": "diff --git a/docsite/rst/developing_plugins.rst b/docsite/rst/developing_plugins.rst\nindex 4f459a6ef05fdd..97be451b5457cd 100644\n--- a/docsite/rst/developing_plugins.rst\n+++ b/docsite/rst/developing_plugins.rst\n@@ -21,7 +21,7 @@ Carrier Pigeon?) it's as simple as copying the format of one of the existing mod\n directory.   The value of 'smart' for a connection allows selection of paramiko or openssh based on system capabilities, and chooses\n 'ssh' if OpenSSH supports ControlPersist, in Ansible 1.2.1 an later.  Previous versions did not support 'smart'.\n \n-More documentation on writing connection plugins is pending, though you can jump into `lib/ansible/plugins/connections <https://github.com/ansible/ansible/tree/devel/lib/ansible/plugins/connections`_ and figure things out pretty easily.\n+More documentation on writing connection plugins is pending, though you can jump into `lib/ansible/plugins/connections <https://github.com/ansible/ansible/tree/devel/lib/ansible/plugins/connections>`_ and figure things out pretty easily.\n \n .. _developing_lookup_plugins:\n "
    },
    {
      "file_path": "docsite/rst/guides.rst",
      "status": "modified",
      "additions": 0,
      "deletions": 1,
      "file_diff": "diff --git a/docsite/rst/guides.rst b/docsite/rst/guides.rst\nindex bcaefc83da2e4e..c9b7c03ccec892 100644\n--- a/docsite/rst/guides.rst\n+++ b/docsite/rst/guides.rst\n@@ -11,7 +11,6 @@ This section is new and evolving.  The idea here is explore particular use cases\n    guide_gce\n    guide_vagrant\n    guide_rolling_upgrade\n-   test_strategies\n \n Pending topics may include: Docker, Jenkins, Google Compute Engine, Linode/DigitalOcean, Continuous Deployment, and more.\n "
    },
    {
      "file_path": "docsite/rst/intro_configuration.rst",
      "status": "modified",
      "additions": 41,
      "deletions": 3,
      "file_diff": "diff --git a/docsite/rst/intro_configuration.rst b/docsite/rst/intro_configuration.rst\nindex f8671fb5f1f253..62aff9202f0064 100644\n--- a/docsite/rst/intro_configuration.rst\n+++ b/docsite/rst/intro_configuration.rst\n@@ -144,6 +144,27 @@ different locations::\n \n Most users will not need to use this feature.  See :doc:`developing_plugins` for more details\n \n+.. _stdout_callback:\n+\n+stdout_callback\n+===============\n+\n+.. versionadded:: 2.0\n+\n+This setting allows you to override the default stdout callback for ansible-playbook.\n+\n+.. _callback_whitelist:\n+\n+callback_whitelist\n+==================\n+\n+.. versionadded:: 2.0\n+\n+Now ansible ships with all included callback plugins ready to use but they are disabled by default,\n+this setting lets you enable a list of additional callbacks, this cannot change or override the\n+default stdout callback, use :ref:`stdout_callback` for that.\n+\n+\n .. _command_warnings:\n \n command_warnings\n@@ -286,9 +307,10 @@ gathering\n \n New in 1.6, the 'gathering' setting controls the default policy of facts gathering (variables discovered about remote systems).\n \n-The value 'implicit' is the default, meaning facts will be gathered per play unless 'gather_facts: False' is set in the play.  The value 'explicit' is the inverse, facts will not be gathered unless directly requested in the play.\n-\n-The value 'smart' means each new host that has no facts discovered will be scanned, but if the same host is addressed in multiple plays it will not be contacted again in the playbook run.  This option can be useful for those wishing to save fact gathering time.\n+The value 'implicit' is the default, which means that the fact cache will be ignored and facts will be gathered per play unless 'gather_facts: False' is set.\n+The value 'explicit' is the inverse, facts will not be gathered unless directly requested in the play.\n+The value 'smart' means each new host that has no facts discovered will be scanned, but if the same host is addressed in multiple plays it will not be contacted again in the playbook run.\n+This option can be useful for those wishing to save fact gathering time. Both 'smart' and 'explicit' will use the fact cache.\n \n hash_behaviour\n ==============\n@@ -802,3 +824,19 @@ If enabled, this setting allows multiple private keys to be uploaded to the daem\n \n New clients first connect to the target node over SSH to upload the key, which is done via a local socket file, so they must have the same access as the user that launched the daemon originally.\n \n+.. _selinux_settings:\n+\n+Selinux Specific Settings\n+-------------------------\n+\n+These are settings that control SELinux interactions.\n+\n+\n+special_context_filesystems\n+===========================\n+\n+.. versionadded:: 1.9\n+\n+This is a list of file systems that require special treatment when dealing with security context.\n+The normal behaviour is for operations to copy the existing context or use the user default, this changes it to use a file system dependent context.\n+The default list is: nfs,vboxsf,fuse,ramfs"
    },
    {
      "file_path": "docsite/rst/modules.rst",
      "status": "modified",
      "additions": 7,
      "deletions": 36,
      "file_diff": "diff --git a/docsite/rst/modules.rst b/docsite/rst/modules.rst\nindex aa9ca0f40a1a14..6988fac8dce817 100644\n--- a/docsite/rst/modules.rst\n+++ b/docsite/rst/modules.rst\n@@ -2,48 +2,20 @@ About Modules\n =============\n \n .. toctree::\n-   :maxdepth: 4\n+   :maxdepth: 1\n \n-.. _modules_intro:\n+   modules_intro\n+   modules_core\n+   modules_extra\n+   common_return_values\n \n-Introduction\n-````````````\n \n Ansible ships with a number of modules (called the 'module library')\n that can be executed directly on remote hosts or through :doc:`Playbooks <playbooks>`.\n \n-Users can also write their own modules.   These modules can control system resources, like services, packages, or files (anything really), or\n-handle executing system commands.\n+Users can also write their own modules. These modules can control system resources,\n+like services, packages, or files (anything really), or handle executing system commands.\n \n-Let's review how we execute three different modules from the command line::\n-\n-    ansible webservers -m service -a \"name=httpd state=started\"\n-    ansible webservers -m ping\n-    ansible webservers -m command -a \"/sbin/reboot -t now\"\n-\n-Each module supports taking arguments.  Nearly all modules take ``key=value``\n-arguments, space delimited.  Some modules take no arguments, and the command/shell modules simply \n-take the string of the command you want to run.\n-\n-From playbooks, Ansible modules are executed in a very similar way::\n-\n-    - name: reboot the servers\n-      action: command /sbin/reboot -t now\n-\n-Which can be abbreviated to::\n-\n-    - name: reboot the servers\n-      command: /sbin/reboot -t now\n-\n-All modules technically return JSON format data, though if you are using the command line or playbooks, you don't really need to know much about\n-that.  If you're writing your own module, you care, and this means you do not have to write modules in any particular language -- you get to choose.\n-\n-Modules are `idempotent`, meaning they will seek to avoid changes to the system unless a change needs to be made.  When using Ansible\n-playbooks, these modules can trigger 'change events' in the form of notifying 'handlers' to run additional tasks.\n-\n-Documentation for each module can be accessed from the command line with the ansible-doc tool::\n-\n-    ansible-doc yum\n \n .. seealso::\n \n@@ -59,4 +31,3 @@ Documentation for each module can be accessed from the command line with the ans\n        Questions? Help? Ideas?  Stop by the list on Google Groups\n    `irc.freenode.net <http://irc.freenode.net>`_\n        #ansible IRC chat channel\n-"
    },
    {
      "file_path": "docsite/rst/modules_core.rst",
      "status": "added",
      "additions": 13,
      "deletions": 0,
      "file_diff": "diff --git a/docsite/rst/modules_core.rst b/docsite/rst/modules_core.rst\nnew file mode 100644\nindex 00000000000000..6364a1556fff09\n--- /dev/null\n+++ b/docsite/rst/modules_core.rst\n@@ -0,0 +1,13 @@\n+Core Modules\n+------------\n+\n+These are modules that the core ansible team maintains and will always ship with ansible itself.\n+They will also receive slightly higher priority for all requests than those in the \"extras\" repos.\n+\n+The source of these modules is hosted on GitHub in the `ansible-modules-core <http://github.com/ansible/ansible-modules-core>`_ repo.\n+\n+If you believe you have found a bug in a core module and are already running the latest stable or development version of Ansible, first look in the `issue tracker at github.com/ansible/ansible-modules-core <http://github.com/ansible/ansible-modules-core>`_ to see if a bug has already been filed.  If not, we would be grateful if you would file one.\n+\n+Should you have a question rather than a bug report, inquries are welcome on the `ansible-project google group <https://groups.google.com/forum/#!forum/ansible-project>`_ or on Ansible's \"#ansible\" channel, located on irc.freenode.net.   Development oriented topics should instead use the similar `ansible-devel google group <https://groups.google.com/forum/#!forum/ansible-devel>`_.\n+\n+Documentation updates for these modules can also be edited directly in the module itself and by submitting a pull request to the module source code, just look for the \"DOCUMENTATION\" block in the source tree."
    },
    {
      "file_path": "docsite/rst/modules_extra.rst",
      "status": "added",
      "additions": 22,
      "deletions": 0,
      "file_diff": "diff --git a/docsite/rst/modules_extra.rst b/docsite/rst/modules_extra.rst\nnew file mode 100644\nindex 00000000000000..479013bb6678a7\n--- /dev/null\n+++ b/docsite/rst/modules_extra.rst\n@@ -0,0 +1,22 @@\n+Extras Modules\n+--------------\n+\n+These modules are currently shipped with Ansible, but might be shipped separately in the future. They are also mostly maintained by the community.\n+Non-core modules are still fully usable, but may receive slightly lower response rates for issues and pull requests.\n+\n+Popular \"extras\" modules may be promoted to core modules over time.\n+\n+This source for these modules is hosted on GitHub in the `ansible-modules-extras <http://github.com/ansible/ansible-modules-extras>`_ repo.\n+\n+If you believe you have found a bug in an extras module and are already running the latest stable or development version of Ansible,\n+first look in the `issue tracker at github.com/ansible/ansible-modules-extras <http://github.com/ansible/ansible-modules-extras>`_\n+o see if a bug has already been filed.  If not, we would be grateful if you would file one.\n+\n+Should you have a question rather than a bug report, inquries are welcome on the `ansible-project google group <https://groups.google.com/forum/#!forum/ansible-project>`_\n+or on Ansible's \"#ansible\" channel, located on irc.freenode.net.\n+Development oriented topics should instead use the similar `ansible-devel google group <https://groups.google.com/forum/#!forum/ansible-devel>`_.\n+\n+Documentation updates for this module can also be edited directly in the module and by submitting a pull request to the module source code, just look for the \"DOCUMENTATION\" block in the source tree.\n+\n+For help in developing on modules, should you be so inclined, please read :doc:`community`, :doc:`developing_test_pr` and :doc:`developing_modules`.\n+"
    },
    {
      "file_path": "docsite/rst/modules_intro.rst",
      "status": "added",
      "additions": 64,
      "deletions": 0,
      "file_diff": "diff --git a/docsite/rst/modules_intro.rst b/docsite/rst/modules_intro.rst\nnew file mode 100644\nindex 00000000000000..bb17bd6a19d0d6\n--- /dev/null\n+++ b/docsite/rst/modules_intro.rst\n@@ -0,0 +1,64 @@\n+Introduction\n+============\n+\n+Modules (also referred to as \"task plugins\" or \"library plugins\") are the ones that do\n+the actual work in ansible, they are what gets executed in each playbook task.\n+But you can also run a single one using the 'ansible' command.\n+\n+Let's review how we execute three different modules from the command line::\n+\n+    ansible webservers -m service -a \"name=httpd state=started\"\n+    ansible webservers -m ping\n+    ansible webservers -m command -a \"/sbin/reboot -t now\"\n+\n+Each module supports taking arguments.  Nearly all modules take ``key=value``\n+arguments, space delimited.  Some modules take no arguments, and the command/shell modules simply\n+take the string of the command you want to run.\n+\n+From playbooks, Ansible modules are executed in a very similar way::\n+\n+    - name: reboot the servers\n+      action: command /sbin/reboot -t now\n+\n+Which can be abbreviated to::\n+\n+    - name: reboot the servers\n+      command: /sbin/reboot -t now\n+\n+Another way to pass arguments to a module is using yaml syntax also called 'complex args' ::\n+\n+    - name: restart webserver\n+      service:\n+        name: httpd\n+        state: restarted\n+\n+All modules technically return JSON format data, though if you are using the command line or playbooks, you don't really need to know much about\n+that.  If you're writing your own module, you care, and this means you do not have to write modules in any particular language -- you get to choose.\n+\n+Modules strive to be `idempotent`, meaning they will seek to avoid changes to the system unless a change needs to be made.  When using Ansible\n+playbooks, these modules can trigger 'change events' in the form of notifying 'handlers' to run additional tasks.\n+\n+Documentation for each module can be accessed from the command line with the ansible-doc tool::\n+\n+    ansible-doc yum\n+\n+A list of all installed modules is also available::\n+\n+    ansible-doc -l\n+\n+\n+.. seealso::\n+\n+   :doc:`intro_adhoc`\n+       Examples of using modules in /usr/bin/ansible\n+   :doc:`playbooks`\n+       Examples of using modules with /usr/bin/ansible-playbook\n+   :doc:`developing_modules`\n+       How to write your own modules\n+   :doc:`developing_api`\n+       Examples of using modules with the Python API\n+   `Mailing List <http://groups.google.com/group/ansible-project>`_\n+       Questions? Help? Ideas?  Stop by the list on Google Groups\n+   `irc.freenode.net <http://irc.freenode.net>`_\n+       #ansible IRC chat channel\n+"
    },
    {
      "file_path": "docsite/rst/playbooks.rst",
      "status": "modified",
      "additions": 2,
      "deletions": 0,
      "file_diff": "diff --git a/docsite/rst/playbooks.rst b/docsite/rst/playbooks.rst\nindex cda4e9bdb7f5eb..5e1c1b98695d56 100644\n--- a/docsite/rst/playbooks.rst\n+++ b/docsite/rst/playbooks.rst\n@@ -24,6 +24,8 @@ It is recommended to look at `Example Playbooks <https://github.com/ansible/ansi\n    playbooks_filters\n    playbooks_conditionals\n    playbooks_loops\n+   playbooks_blocks\n+   playbooks_strategies\n    playbooks_best_practices\n \n "
    },
    {
      "file_path": "docsite/rst/playbooks_blocks.rst",
      "status": "added",
      "additions": 72,
      "deletions": 0,
      "file_diff": "diff --git a/docsite/rst/playbooks_blocks.rst b/docsite/rst/playbooks_blocks.rst\nnew file mode 100644\nindex 00000000000000..563d3300e60540\n--- /dev/null\n+++ b/docsite/rst/playbooks_blocks.rst\n@@ -0,0 +1,72 @@\n+Blocks\n+======\n+\n+In 2.0 we added a block feature to allow for logical grouping of tasks and even\n+in play error handling. Most of what you can apply to a single task can be applied\n+at the block level, which also makes it much easier to set data or directives common\n+to the tasks.\n+\n+\n+Example::\n+\n+    tasks:\n+      - block:\n+\n+          - yum: name={{ item }} state=installed\n+            with_items:\n+              - httpd\n+              - memcached\n+\n+          - template: src=templates/src.j2 dest=/etc/foo.conf\n+\n+          - service: name=bar state=started enabled=True\n+\n+        when: ansible_distribution == 'CentOS'\n+        become: true\n+        become_user: root\n+\n+In the example above the 3 tasks will be executed only when the block's when condition is met and enables\n+privilege escalation for all the enclosed tasks.\n+\n+\n+.. _block_error_handling:\n+\n+Error Handling\n+``````````````\n+\n+About Blocks\n+Blocks also introduce the ability to handle errors in a way similar to exceptions in most programming languages.::\n+\n+  tasks:\n+   - block:\n+       - debug: msg='i execute normally'\n+       - command: /bin/false\n+       - debug: msg='i never execute, cause ERROR!'\n+     rescue:\n+       - debug: msg='I caught an error'\n+       - command: /bin/false\n+       - debug: msg='I also never execute :-('\n+     always:\n+       - debug: msg=\"this always executes\"\n+\n+\n+The tasks in the ``block`` would execute normally, if there is any error the ``rescue`` section would get executed\n+with whatever you need to do to recover from the previous error. The ``always`` section runs no matter what previous\n+error did or did not occur in the ``block`` and ``rescue`` sections.\n+\n+\n+\n+.. seealso::\n+\n+   :doc:`playbooks`\n+       An introduction to playbooks\n+   :doc:`playbooks_roles`\n+       Playbook organization by roles\n+   `User Mailing List <http://groups.google.com/group/ansible-devel>`_\n+       Have a question?  Stop by the google group!\n+   `irc.freenode.net <http://irc.freenode.net>`_\n+       #ansible IRC chat channel\n+\n+\n+\n+"
    },
    {
      "file_path": "docsite/rst/playbooks_strategies.rst",
      "status": "added",
      "additions": 39,
      "deletions": 0,
      "file_diff": "diff --git a/docsite/rst/playbooks_strategies.rst b/docsite/rst/playbooks_strategies.rst\nnew file mode 100644\nindex 00000000000000..91e90eb344b0c5\n--- /dev/null\n+++ b/docsite/rst/playbooks_strategies.rst\n@@ -0,0 +1,39 @@\n+Strategies\n+===========\n+\n+In 2.0 we added a new way to control play execution, ``strategy``, by default plays will\n+still run as they used to, with what we call the ``linear`` strategy. All hosts will run each\n+task before any host starts the next task, using the number of forks (default 5) to parallelize.\n+\n+The ``serial`` directive can 'batch' this behaviour to a subset of the hosts, which then run to\n+completion of the play before the next 'batch' starts.\n+\n+A second ``strategy`` ships with ansible ``free``, which allows each host to run until the end of\n+the play as fast as it can.::\n+\n+    - hosts: all\n+      strategy: free\n+      tasks:\n+      ...\n+\n+\n+.. _strategy_plugins:\n+\n+Strategy Plugins\n+`````````````````\n+\n+The strategies are implelented via a new type of plugin, this means that in the future new\n+execution types can be added, either locally by users or to Ansible itself by\n+a code contribution.\n+\n+.. seealso::\n+\n+   :doc:`playbooks`\n+       An introduction to playbooks\n+   :doc:`playbooks_roles`\n+       Playbook organization by roles\n+   `User Mailing List <http://groups.google.com/group/ansible-devel>`_\n+       Have a question?  Stop by the google group!\n+   `irc.freenode.net <http://irc.freenode.net>`_\n+       #ansible IRC chat channel\n+"
    },
    {
      "file_path": "hacking/templates/rst.j2",
      "status": "modified",
      "additions": 2,
      "deletions": 19,
      "file_diff": "diff --git a/hacking/templates/rst.j2 b/hacking/templates/rst.j2\nindex fbf50f4922b8d6..eccae4cb7778be 100644\n--- a/hacking/templates/rst.j2\n+++ b/hacking/templates/rst.j2\n@@ -175,31 +175,14 @@ Notes\n This is a Core Module\n ---------------------\n \n-The source of this module is hosted on GitHub in the `ansible-modules-core <http://github.com/ansible/ansible-modules-core>`_ repo.\n-\n-If you believe you have found a bug in this module, and are already running the latest stable or development version of Ansible, first look in the `issue tracker at github.com/ansible/ansible-modules-core <http://github.com/ansible/ansible-modules-core>`_ to see if a bug has already been filed.  If not, we would be grateful if you would file one.\n-\n-Should you have a question rather than a bug report, inquries are welcome on the `ansible-project google group <https://groups.google.com/forum/#!forum/ansible-project>`_ or on Ansible's \"#ansible\" channel, located on irc.freenode.net.   Development oriented topics should instead use the similar `ansible-devel google group <https://groups.google.com/forum/#!forum/ansible-devel>`_.\n-\n-Documentation updates for this module can also be edited directly by submitting a pull request to the module source code, just look for the \"DOCUMENTATION\" block in the source tree.\n-\n-This is a \"core\" ansible module, which means it will receive slightly higher priority for all requests than those in the \"extras\" repos.\n+For more information on what this means please read :doc:`modules_core`\n \n     {% else %}\n \n This is an Extras Module\n ------------------------\n \n-This source of this module is hosted on GitHub in the `ansible-modules-extras <http://github.com/ansible/ansible-modules-extras>`_ repo.\n-\n-If you believe you have found a bug in this module, and are already running the latest stable or development version of Ansible, first look in the `issue tracker at github.com/ansible/ansible-modules-extras <http://github.com/ansible/ansible-modules-extras>`_ to see if a bug has already been filed.  If not, we would be grateful if you would file one.\n-\n-Should you have a question rather than a bug report, inquries are welcome on the `ansible-project google group <https://groups.google.com/forum/#!forum/ansible-project>`_ or on Ansible's \"#ansible\" channel, located on irc.freenode.net.   Development oriented topics should instead use the similar `ansible-devel google group <https://groups.google.com/forum/#!forum/ansible-devel>`_.\n-\n-Documentation updates for this module can also be edited directly by submitting a pull request to the module source code, just look for the \"DOCUMENTATION\" block in the source tree.\n-\n-Note that this module is designated a \"extras\" module.  Non-core modules are still fully usable, but may receive slightly lower response rates for issues and pull requests.\n-Popular \"extras\" modules may be promoted to core modules over time.\n+For more information on what this means please read :doc:`modules_extra`\n \n     {% endif %}\n {% endif %}\n"
    }
  ],
  "comments": [
    {
      "author_login": "abadger",
      "body": "Maybe an example for both of these.  Is stdout_callback just a True|False to enable or disable it?  Is callback_whitelist just a comma separated string of plugin names?  Do the plugin names end in \".py\"?\n",
      "file_path": "docsite/rst/intro_configuration.rst",
      "diff_hunk": "@@ -144,6 +144,27 @@ different locations::\n \n Most users will not need to use this feature.  See :doc:`developing_plugins` for more details\n \n+.. _stdout_callback:\n+\n+stdout_callback\n+===============\n+\n+.. versionadded:: 2.0\n+\n+This setting allows you to override the default stdout callback for ansible-playbook.\n+\n+.. _callback_whitelist:\n+\n+callback_whitelist\n+==================\n+\n+.. versionadded:: 2.0\n+\n+Now ansible ships with all included callback plugins ready to use but they are disabled by default,\n+this setting lets you enable a list of additional callbacks, this cannot change or override the\n+default stdout callback, use :ref:`stdout_callback` for that.\n+\n+\n .. _command_warnings:",
      "comment_type": "review_comment"
    },
    {
      "author_login": "abadger",
      "body": "Is there supposed to be a leading hash mark here?\n",
      "file_path": "docsite/rst/intro_configuration.rst",
      "diff_hunk": "@@ -802,3 +824,19 @@ If enabled, this setting allows multiple private keys to be uploaded to the daem\n \n New clients first connect to the target node over SSH to upload the key, which is done via a local socket file, so they must have the same access as the user that launched the daemon originally.\n \n+.. _selinux_settings:\n+\n+Selinux Specific Settings\n+-------------------------\n+\n+These are settings that control SELinux interactions.\n+\n+\n+#special_context_filesystems",
      "comment_type": "review_comment"
    },
    {
      "author_login": "abadger",
      "body": "s/reffered/referred/\n",
      "file_path": "docsite/rst/modules_intro.rst",
      "diff_hunk": "@@ -0,0 +1,64 @@\n+Introduction\n+============\n+\n+Modules (also reffered to as \"task plugins\" or \"library plugins\") are the ones that do",
      "comment_type": "review_comment"
    },
    {
      "author_login": "abadger",
      "body": "s/befor/before/\n",
      "file_path": "docsite/rst/playbooks_strategies.rst",
      "diff_hunk": "@@ -0,0 +1,39 @@\n+Strategies\n+===========\n+\n+In 2.0 we added a new way to control play execution, ``strategy``, by default plays will\n+still run as they used to, with what we call the ``linear`` strategy. All hosts will run each\n+task befor any host starts the next task, using the number of forks (default 5) to parallelize.\n+",
      "comment_type": "review_comment"
    },
    {
      "author_login": "abadger",
      "body": "This section seems like it is sufficient for people who are already familiar with ansible-1.x's parallelism but needs some thing for people who are new.  It seems like it would be easy for people to miss that linear is parallel within a task and that serial is related to that within-a-play parallelism.\n\nfree's parallelism could then be defined in contrast to that.  I'm also not sure what effect serial might have if the strategy was free.  Is that an error?  Does it force linear strategy behaviour?\n",
      "file_path": "docsite/rst/playbooks_strategies.rst",
      "diff_hunk": "@@ -0,0 +1,39 @@\n+Strategies\n+===========\n+\n+In 2.0 we added a new way to control play execution, ``strategy``, by default plays will\n+still run as they used to, with what we call the ``linear`` strategy. All hosts will run each\n+task befor any host starts the next task, using the number of forks (default 5) to parallelize.\n+\n+The ``serial`` directive can 'batch' this behaviour to a subset of the hosts, which then run to\n+completion of the play before the next 'batch' starts.\n+\n+A second ``strategy`` ships with ansible ``free``, which allows each host to run until the end of\n+the play as fast as it can.::\n+",
      "comment_type": "review_comment"
    },
    {
      "author_login": "bcoca",
      "body": "i put examples commented out in examples/ansible.cfg\n",
      "file_path": "docsite/rst/intro_configuration.rst",
      "diff_hunk": "@@ -144,6 +144,27 @@ different locations::\n \n Most users will not need to use this feature.  See :doc:`developing_plugins` for more details\n \n+.. _stdout_callback:\n+\n+stdout_callback\n+===============\n+\n+.. versionadded:: 2.0\n+\n+This setting allows you to override the default stdout callback for ansible-playbook.\n+\n+.. _callback_whitelist:\n+\n+callback_whitelist\n+==================\n+\n+.. versionadded:: 2.0\n+\n+Now ansible ships with all included callback plugins ready to use but they are disabled by default,\n+this setting lets you enable a list of additional callbacks, this cannot change or override the\n+default stdout callback, use :ref:`stdout_callback` for that.\n+\n+\n .. _command_warnings:",
      "comment_type": "review_comment"
    },
    {
      "author_login": "bcoca",
      "body": "agreed, this was mostly a first draft, I expect james to clarify\n",
      "file_path": "docsite/rst/playbooks_strategies.rst",
      "diff_hunk": "@@ -0,0 +1,39 @@\n+Strategies\n+===========\n+\n+In 2.0 we added a new way to control play execution, ``strategy``, by default plays will\n+still run as they used to, with what we call the ``linear`` strategy. All hosts will run each\n+task befor any host starts the next task, using the number of forks (default 5) to parallelize.\n+\n+The ``serial`` directive can 'batch' this behaviour to a subset of the hosts, which then run to\n+completion of the play before the next 'batch' starts.\n+\n+A second ``strategy`` ships with ansible ``free``, which allows each host to run until the end of\n+the play as fast as it can.::\n+",
      "comment_type": "review_comment"
    }
  ],
  "reviews": []
}