{
  "pr_number": 11236,
  "url": "https://github.com/ansible/ansible/pull/11236",
  "title": "comment to ec2.ini inventory instances grouping ",
  "author_login": "sirkubax",
  "state": "MERGED",
  "merged_by_login": "bcoca",
  "body": "Warning about usage boto+ec2.ini\n\nI had a problem, that mine instances were not presented in \nec2.py --refresh-cache\n\nIt did appear, that instances without \"key_variable\" (in my case instances in vps did not have 'ip_address', they only have 'private_ip_address')  won't be presented on the list, so be Warned\nThis comment should help to clarify the issue. \n",
  "labels": [
    "docs"
  ],
  "additions": 3,
  "deletions": 0,
  "changed_files_count": 1,
  "changed_files_list": [
    "plugins/inventory/ec2.ini"
  ],
  "files": [
    {
      "file_path": "plugins/inventory/ec2.ini",
      "status": "modified",
      "additions": 3,
      "deletions": 0,
      "file_diff": "diff --git a/plugins/inventory/ec2.ini b/plugins/inventory/ec2.ini\nindex 1866f0bf3d6c27..6583160f0f7b7d 100644\n--- a/plugins/inventory/ec2.ini\n+++ b/plugins/inventory/ec2.ini\n@@ -35,6 +35,9 @@ destination_variable = public_dns_name\n # private subnet, this should be set to 'private_ip_address', and Ansible must\n # be run from within EC2. The key of an EC2 tag may optionally be used; however\n # the boto instance variables hold precedence in the event of a collision.\n+# WARNING: - instances that are in the private vpc, _without_ public ip address \n+# will not be listed in the inventory untill You set: \n+# vpc_destination_variable = 'private_ip_address'\n vpc_destination_variable = ip_address\n \n # To tag instances on EC2 with the resource records that point to them from\n"
    }
  ],
  "comments": [],
  "reviews": []
}