{
  "pr_number": 11294,
  "url": "https://github.com/ansible/ansible/pull/11294",
  "title": "plugins/inventory/serf.py: Use SERF_RPC_* env vars",
  "author_login": "msabramo",
  "state": "MERGED",
  "merged_by_login": "bcoca",
  "body": "This makes the Serf inventory plugin use the `SERF_RPC_ADDR` and `SERF_RPC_AUTH` environment variables that the `serf` command-line tool already uses (see https://www.serfdom.io/docs/commands/members.html#_rpc_addr).\n\nThese can be used to get Serf data from a remote node instead of requiring the ansible control host to be running a serf agent and to be a member of the serf cluster. E.g.:\n\n```\n$ SERF_RPC_ADDR=serf.company.com:7373 SERF_RPC_AUTH=\"secret\" /Users/marca/dev/git-repos/ansible/plugins/inventory/serf.py --list\n{\"serf\": [\"mt5-pyweb01\", \"mt3-pyweb01\", \"mt2-pyweb02\", \"mt1-pyweb01\", ...\n```\n\nCc: @bcoca, @KushalP, @sudarkoff\n",
  "labels": [
    "feature"
  ],
  "additions": 25,
  "deletions": 4,
  "changed_files_count": 1,
  "changed_files_list": [
    "plugins/inventory/serf.py"
  ],
  "files": [
    {
      "file_path": "plugins/inventory/serf.py",
      "status": "modified",
      "additions": 25,
      "deletions": 4,
      "file_diff": "diff --git a/plugins/inventory/serf.py b/plugins/inventory/serf.py\nindex 7b91b508529bb2..3c4cf365c64b3b 100755\n--- a/plugins/inventory/serf.py\n+++ b/plugins/inventory/serf.py\n@@ -20,10 +20,18 @@\n # Dynamic inventory script which lets you use nodes discovered by Serf\n # (https://serfdom.io/).\n #\n-# Requires host to be a member of a Serf cluster and the `serfclient` Python\n-# module from https://pypi.python.org/pypi/serfclient\n+# Requires the `serfclient` Python module from\n+# https://pypi.python.org/pypi/serfclient\n+#\n+# Environment variables\n+# ---------------------\n+#   - `SERF_RPC_ADDR`\n+#   - `SERF_RPC_AUTH`\n+#\n+# These variables are described at https://www.serfdom.io/docs/commands/members.html#_rpc_addr\n \n import argparse\n+import os\n import sys\n \n # https://pypi.python.org/pypi/serfclient\n@@ -37,9 +45,22 @@\n _key = 'serf'\n \n \n+def _serf_client():\n+    kwargs = {}\n+\n+    rpc_addr = os.getenv('SERF_RPC_ADDR')\n+    if rpc_addr:\n+        kwargs['host'], kwargs['port'] = rpc_addr.split(':')\n+\n+    rpc_auth = os.getenv('SERF_RPC_AUTH')\n+    if rpc_auth:\n+        kwargs['rpc_auth'] = rpc_auth\n+\n+    return SerfClient(**kwargs)\n+\n+\n def get_serf_members_data():\n-    serf = SerfClient()\n-    return serf.members().body['Members']\n+    return _serf_client().members().body['Members']\n \n \n def get_nodes(data):\n"
    }
  ],
  "comments": [
    {
      "author_login": "KushalP",
      "body": "Once https://github.com/KushalP/serfclient-py/pull/17 is cleaned up and merged, you can simplify this method to be:\n\n``` python\ndef _serf_client():\n    environment_config = EnvironmentConfig()\n    return SerfClient(host=env.host, port=env.port, rpc_auth=env.auth_key)\n```\n",
      "file_path": "plugins/inventory/serf.py",
      "diff_hunk": "@@ -37,9 +45,22 @@\n _key = 'serf'\n \n \n+def _serf_client():\n+    kwargs = {}\n+\n+    rpc_addr = os.getenv('SERF_RPC_ADDR')\n+    if rpc_addr:\n+        kwargs['host'], kwargs['port'] = rpc_addr.split(':')\n+\n+    rpc_auth = os.getenv('SERF_RPC_AUTH')\n+    if rpc_auth:\n+        kwargs['rpc_auth'] = rpc_auth\n+\n+    return SerfClient(**kwargs)",
      "comment_type": "review_comment"
    }
  ],
  "reviews": []
}