{
  "pr_number": 1152,
  "url": "https://github.com/ansible/ansible/pull/1152",
  "title": "Add module documentation for git, group, service, and user",
  "author_login": "sfromm",
  "state": "MERGED",
  "merged_by_login": "mpdehaan",
  "body": "Add DOCUMENTATION string with embedded yaml to git, group, service, and user modules.\n",
  "labels": [],
  "additions": 210,
  "deletions": 0,
  "changed_files_count": 4,
  "changed_files_list": [
    "library/group",
    "library/service",
    "library/user"
  ],
  "files": [
    {
      "file_path": "library/group",
      "status": "modified",
      "additions": 36,
      "deletions": 0,
      "file_diff": "diff --git a/library/group b/library/group\nindex 6df242d63a2e48..1ab294cd27c3b8 100755\n--- a/library/group\n+++ b/library/group\n@@ -18,6 +18,42 @@\n # You should have received a copy of the GNU General Public License\n # along with Ansible.  If not, see <http://www.gnu.org/licenses/>.\n \n+DOCUMENTATION = '''\n+---\n+module: group\n+author: Stephen Fromm\n+version_added: 0.0.2\n+short_description: Add or remove groups\n+requirements: [ groupadd, groupdel, groupmod ]\n+description:\n+    - Manage presence of groups on a host.\n+options:\n+    name:\n+        required: true\n+        description:\n+            - Name of the group to manage.\n+    gid:\n+        required: false\n+        description:\n+            - Optional I(GID) to set for the group.\n+    state:\n+        required: false\n+        default: \"present\"\n+        choices: [ present, absent ]\n+        description:\n+            - Whether the group should be present or not on the remote host.\n+    system:\n+        required: false\n+        default: \"no\"\n+        choices: [ yes, no ]\n+        description:\n+            - If I(yes), indicates that the group created is a system group.\n+examples:\n+    - code: group name=somegroup state=present\n+      description: Example group command from Ansible Playbooks\n+\n+'''\n+\n import grp\n \n def group_del(module, group):"
    },
    {
      "file_path": "library/service",
      "status": "modified",
      "additions": 45,
      "deletions": 0,
      "file_diff": "diff --git a/library/service b/library/service\nindex 9933ae828068d6..5616c34fd049c6 100755\n--- a/library/service\n+++ b/library/service\n@@ -18,6 +18,51 @@\n # You should have received a copy of the GNU General Public License\n # along with Ansible.  If not, see <http://www.gnu.org/licenses/>.\n \n+DOCUMENTATION = '''\n+---\n+module: service\n+author: Michael DeHaan\n+version_added: 0.0.1\n+short_description:  Manage services.\n+description:\n+    - Controls services on remote hosts.\n+options:\n+    name:\n+        required: true\n+        description: Name of the service.\n+    state:\n+        required: false\n+        choices: [ running, started, stopped, restarted, reloaded ]\n+        description: I(started), I(stopped), I(reloaded), I(restarted).\n+                     I(Started)/I(stopped) are idempotent actions that will\n+                     not run commands unless necessary.  I(restarted) will\n+                     always bounce the service.  I(reloaded) will always\n+                     reload.\n+    pattern:\n+        required: false\n+        description: New in 0.7.  If the service does not respond to the\n+                     status command, name a substring to look for as would\n+                     be found in the output of the I(ps) command\n+                     as a stand-in for a status result.  If the string is\n+                     found, the servie will be assumed to be running.\n+    enabled:\n+        required: false\n+        choices: [ yes, no ]\n+        description: Whether the service should start on boot.  Either\n+                     I(yes) or I(no).\n+examples:\n+    - code: service name=httpd state=started\n+      description: Example action from Ansible Playbooks\n+    - code: service name=httpd state=stopped\n+      description: Example action from Ansible Playbooks\n+    - code: service name=httpd state=restarted\n+      description: Example action from Ansible Playbooks\n+    - code: service name=httpd state=reloaded\n+      description: Example action from Ansible Playbooks\n+    - code: service name=foo pattern=/usr/bin/foo state=started\n+      description: Example action from Ansible Playbooks\n+'''\n+\n import platform\n \n SERVICE = None"
    },
    {
      "file_path": "library/user",
      "status": "modified",
      "additions": 87,
      "deletions": 0,
      "file_diff": "diff --git a/library/user b/library/user\nindex d36c0cffce5649..bc238ebb23f6b7 100755\n--- a/library/user\n+++ b/library/user\n@@ -18,6 +18,93 @@\n # You should have received a copy of the GNU General Public License\n # along with Ansible.  If not, see <http://www.gnu.org/licenses/>.\n \n+DOCUMENTATION = '''\n+---\n+module: user\n+author: Stephen Fromm\n+version_added: 0.0.2\n+short_description: Manage user accounts\n+requirements: [ useradd, userdel, usermod ]\n+description:\n+    - Manage user accounts and user attributes.\n+options:\n+    name:\n+        required: true\n+        description:\n+            - Name of the user to create, remove or modify.\n+    comment:\n+        required: false\n+        description:\n+            - Optionally sets the description (aka I(GECOS)) of user account.\n+    uid:\n+        required: false\n+        description:\n+            - Optionally sets the I(UID) of the user.\n+    group:\n+        required: false\n+        description:\n+            - Optionally sets the user's primary group (takes a group name).\n+    groups:\n+        required: false\n+        description:\n+            - Puts the user in this comma-delimited list of groups.\n+    append:\n+        required: false\n+        description:\n+            - If I(yes), will only add groups, not set them to just the list\n+              in I(groups).\n+    shell:\n+        required: false\n+        description:\n+            - Optionally set the user's shell.\n+    home:\n+        required: false\n+        description:\n+            - Optionally set the user's home directory.\n+    password:\n+        required: false\n+        description:\n+            - Optionally set the user's password to this crypted value.  See\n+              the user example in the github examples directory for what this looks\n+              like in a playbook.\n+    state:\n+        required: false\n+        default: \"present\"\n+        choices: [ present, absent ]\n+        description:\n+            - Whether the account should exist.  When I(absent), removes\n+              the user account.\n+    createhome:\n+        required: false\n+        default: \"yes\"\n+        choices: [ yes, no ]\n+        description:\n+            - Unless set to I(no), a home directory will be made for the user\n+              when the account is created.\n+    system:\n+        required: false\n+        default: \"no\"\n+        choices: [ yes, no ]\n+        description:\n+            - When creating an account, setting this to I(yes) makes the user a\n+              system account.  This setting cannot be changed on existing users.\n+    force:\n+        required: false\n+        default: \"no\"\n+        choices: [ yes, no ]\n+        description:\n+            - When used with I(state=absent), behavior is as with\n+              I(userdel --force).\n+    remove:\n+        required: false\n+        default: \"no\"\n+        choices: [ yes, no ]\n+        description:\n+            - When used with I(state=absent), behavior is as with\n+              I(userdel --remove).\n+\n+'''\n+\n import os\n import pwd\n import grp\n"
    }
  ],
  "comments": [
    {
      "author_login": "mpdehaan",
      "body": "Merged, thanks!\n"
    }
  ],
  "reviews": []
}