{
  "pr_number": 10720,
  "url": "https://github.com/ansible/ansible/pull/10720",
  "title": "Fix variable name",
  "author_login": "mscherer",
  "state": "MERGED",
  "merged_by_login": "abadger",
  "body": "There is no 'role' variable, and given the test and code after, that's\nlikely a test on 'ds'\n",
  "labels": [
    "bug"
  ],
  "additions": 1,
  "deletions": 1,
  "changed_files_count": 1,
  "changed_files_list": [
    "v2/ansible/playbook/role/requirement.py"
  ],
  "files": [
    {
      "file_path": "v2/ansible/playbook/role/requirement.py",
      "status": "modified",
      "additions": 1,
      "deletions": 1,
      "file_diff": "diff --git a/v2/ansible/playbook/role/requirement.py b/v2/ansible/playbook/role/requirement.py\nindex 61db0cb1fd4979..03ffc3d7107ecf 100644\n--- a/v2/ansible/playbook/role/requirement.py\n+++ b/v2/ansible/playbook/role/requirement.py\n@@ -92,7 +92,7 @@ def _preprocess_role_spec(self, ds):\n                 ds[\"scm\"] = scm\n                 ds[\"src\"] = src\n \n-            if 'name' in role:\n+            if 'name' in ds:\n                 ds[\"role\"] = ds[\"name\"]\n                 del ds[\"name\"]\n             else:\n"
    }
  ],
  "comments": [
    {
      "author_login": "abadger",
      "body": "Looks good thanks!\n\n# Merged\n\nHi!\n\nThis has been merged in, and will also be included in the next major release.\n\nIf you or anyone else has any further questions, please let us know by stopping by one of the two mailing lists, as appropriate:\n- https://groups.google.com/forum/#!forum/ansible-project - for user questions, tips, and tricks\n- https://groups.google.com/forum/#!forum/ansible-devel - for strategy, future planning, and questions about writing code\n\nBecause this project is very active, we're unlikely to see comments made on closed tickets, but the mailing list is a great way to ask questions, or post if you don't think this particular\nissue is resolved.\n\nThank you!\n"
    }
  ],
  "reviews": []
}