{
  "pr_number": 1119,
  "url": "https://github.com/ansible/ansible/pull/1119",
  "title": "module_formatter fixes",
  "author_login": "jpmens",
  "state": "MERGED",
  "merged_by_login": "mpdehaan",
  "body": "1. `man` template fixed.\n2. Title underline in `rst` template prolonged. (rST croaks if the underline is shorter than the word above it ...)\n3. Tweaked `<th>`s in `rst` template to match existing layout in modules.html\n4. Removed `latex.j2` template for now. (Will fix later...)\n5. I don't understand `load_examples_section()` in module_formatter, and it isn't called that I can see.\n6. Sorry about forgetting to commit `template-dir` option: is now included.\n7. Makefiles adjusted.\n\nPull request for ansible-docs going out as well to match this.\n",
  "labels": [],
  "additions": 31,
  "deletions": 102,
  "changed_files_count": 4,
  "changed_files_list": [
    "hacking/templates/latex.j2",
    "hacking/templates/man.j2",
    "hacking/templates/rst.j2"
  ],
  "files": [
    {
      "file_path": "hacking/templates/latex.j2",
      "status": "deleted",
      "additions": 0,
      "deletions": 69,
      "file_diff": "diff --git a/hacking/templates/latex.j2 b/hacking/templates/latex.j2\ndeleted file mode 100644\nindex 0ae8057926b11c..00000000000000\n--- a/hacking/templates/latex.j2\n+++ /dev/null\n@@ -1,70 +0,0 @@\n-%--- @{ module | upper }@  ----  from @{ filename }@ ---\n-\n-%: -- module header\n-\\mods{@{module}@}{@{docuri}@}{\n-\t\t{% for desc in description -%}\n-\t\t@{ desc | jpfunc }@ \n-\t\t{% endfor -%}\n-\t\t{% if version_added is defined -%}\n-\t\t(\\I{* new in version @{ version_added }@})\n-\t\t{% endif -%}\n-\t\t}\n-\n-%: -- module options\n-\n-{% if options is defined -%}\n-\\begin{xlist}{abcdefghijklmno}\n-  {% for o in options -%}\n-     {% for opt, v  in o.iteritems()  -%}\n-\n-  \t{% if v['required'] -%}\n-\t\t\\item[\\man\\,\\C{@{ opt }@}]\n-\t{% else -%}\n-\t\t\\item[\\opt\\,\\C{@{ opt }@}]\n-\t{% endif -%}\n-\n-\t\t{# -------- option description ----------#}\n-\t\t{% for desc in v.description -%}\n-\t\t@{ desc | jpfunc }@ \n-\t\t{% endfor %}\n-\t\t{% if v['choices'] -%}\n-\t\t    \\B{Choices}:\\,\n-\t\t    {% for choice in v['choices'] -%}\\C{@{ choice }@}{% if not loop.last %},{% else %}.{% endif %}\n-\t\t    {% endfor -%}\n-\t\t{% endif -%}\n-\t\t{% if v['default'] -%}\n-\t\t(default \\C{@{ v['default'] }@})\n-\t\t{% endif -%}\n-\t\t{% if v['version_added'] is defined -%}\n-\t\t(\\I{* version @{ v['version_added'] }@})\n-\t\t{% endif -%}\n-     {% endfor -%}\n-  {% endfor -%}\n-\\end{xlist}\n-{% endif -%}\n-\n-{% if notes is defined -%}\n-\t\t{# -------- notes ----------#}\n-\t\t{% for note in notes -%}\n-\t\t\\I{@{ note | jpfunc }@} \n-\t\t{% endfor %}\n-{% endif -%}\n-\n-{#-------------------------------------------\n-\n-{% if examples is defined -%}\n-  {% for e in examples -%}\n-  \t\\begin{extymeta}\n-@{ e['code'] }@\n-  \t\\end{extymeta}\n-  {% endfor -%}\n-{% endif -%}\n------------------------------------ #}\n-\n-{% if extradata is defined -%}\n-%--- BEGIN-EXTRADATA\n-\\begin{extymeta}\n-@{ extradata -}@\n-\\end{extymeta}\n-%----- END-EXTRADATA\n-{% endif -%}"
    },
    {
      "file_path": "hacking/templates/man.j2",
      "status": "modified",
      "additions": 10,
      "deletions": 15,
      "file_diff": "diff --git a/hacking/templates/man.j2 b/hacking/templates/man.j2\nindex 2f0ec848232e6a..61a967b4a00269 100644\n--- a/hacking/templates/man.j2\n+++ b/hacking/templates/man.j2\n@@ -13,24 +13,19 @@\n .\"\n {% if options is defined -%}\n .SH OPTIONS\n-{% for o in options -%}{% for opt, v  in o.iteritems()  -%}\n-.IP @{opt}@\n-{% for desc in v.description -%}\n-@{ desc | jpfunc }@ \n-{% endfor -%}\n-{% if v['required'] %}(required){% endif -%}\n-{% if v['choices'] -%}\n-.\" .SS Choices\n+{% for (k,v) in options.iteritems()  %}\n+.IP @{ k }@\n+{% for desc in v.description -%}@{ desc | jpfunc }@{% endfor -%}\n+{% if v.get('choices') %}\n .IR Choices :\n-{% for choice in v['choices'] -%}@{ choice }@{% if not loop.last %},{% else %}.{% endif -%}\n-{% endfor -%}\n-{% endif %}\n+{% for choice in v.get('choices',[]) -%}@{ choice }@{% if not loop.last %},{%else%}.{%endif-%}{% endfor -%}{% endif %}\n+{% if v.get('required') %}(required){% endif -%}\n+{% if v.get('default') %} (default: @{ v.get('default') }@){% endif -%}\n {#---------------------------------------------- #}\n-{% if v['version_added'] is defined -%}\n-(Added in Ansible version @{ v['version_added'] }@.)\n+{% if v.get('version_added') -%}\n+(Added in Ansible version @{ v.get('version_added') }@.)\n {% endif -%}\n-     {% endfor -%}\n-  {% endfor -%}\n+{% endfor %}\n {% endif %}\n .\"\n .\""
    },
    {
      "file_path": "hacking/templates/rst.j2",
      "status": "modified",
      "additions": 6,
      "deletions": 6,
      "file_diff": "diff --git a/hacking/templates/rst.j2 b/hacking/templates/rst.j2\nindex 74701bbfca3cbc..551dc617264383 100644\n--- a/hacking/templates/rst.j2\n+++ b/hacking/templates/rst.j2\n@@ -1,7 +1,7 @@\n .. _@{ module }@:\n \n @{ module }@\n-````````\n+``````````````````````````````\n \n {# ------------------------------------------\n  #\n@@ -23,11 +23,11 @@\n \n     <table>\n     <tr>\n-    <td>parameter</td>\n-    <td>required</td>\n-    <td>default</td>\n-    <td>choices</td>\n-    <td>comments</td>\n+    <th class=\"head\">parameter</th>\n+    <th class=\"head\">required</th>\n+    <th class=\"head\">default</th>\n+    <th class=\"head\">choices</th>\n+    <th class=\"head\">comments</th>\n     </tr>\n     {% for (k,v) in options.iteritems()  %}\n     <tr>\n"
    }
  ],
  "comments": [
    {
      "author_login": "mpdehaan",
      "body": "load_examples is a leftover from my hacking, you're right, it's not used anymore...\n"
    },
    {
      "author_login": "mpdehaan",
      "body": "Merged, thanks!!\n"
    }
  ],
  "reviews": []
}