{
  "pr_number": 1158,
  "url": "https://github.com/ansible/ansible/pull/1158",
  "title": "documentation: man template: support empty options; add Version ",
  "author_login": "jpmens",
  "state": "MERGED",
  "merged_by_login": "mpdehaan",
  "body": "Ansible version (e.g. 0.8) handling existed in module_formatter and `man` template, it just wasn't invoked properly; fixed that.\n",
  "labels": [],
  "additions": 2,
  "deletions": 2,
  "changed_files_count": 2,
  "changed_files_list": [
    "hacking/templates/man.j2"
  ],
  "files": [
    {
      "file_path": "hacking/templates/man.j2",
      "status": "modified",
      "additions": 1,
      "deletions": 1,
      "file_diff": "diff --git a/hacking/templates/man.j2 b/hacking/templates/man.j2\nindex 47a960285c4c0a..7ec644f26ec366 100644\n--- a/hacking/templates/man.j2\n+++ b/hacking/templates/man.j2\n@@ -11,7 +11,7 @@\n .\" ------ OPTIONS\n .\"\n .\"\n-{% if options is defined -%}\n+{% if options -%}\n .SH OPTIONS\n {% for (k,v) in options.iteritems()  %}\n .IP @{ k }@\n"
    }
  ],
  "comments": [
    {
      "author_login": "mpdehaan",
      "body": "Merged, thanks!   I'll \"git add\" all the module stubs to history once we get over the docs hump\n"
    }
  ],
  "reviews": []
}