{
  "pr_number": 1056,
  "url": "https://github.com/ansible/ansible/pull/1056",
  "title": "Allow transport on tasks, and use it for local_action",
  "author_login": "dhozac",
  "state": "MERGED",
  "merged_by_login": "mpdehaan",
  "body": "",
  "labels": [],
  "additions": 5,
  "deletions": 3,
  "changed_files_count": 2,
  "changed_files_list": [
    "ansible/playbook/task.py b/lib/ansible/playbook/task.py"
  ],
  "files": [
    {
      "file_path": "ansible/playbook/task.py b/lib/ansible/playbook/task.py",
      "status": "modified",
      "additions": 4,
      "deletions": 2,
      "file_diff": "diff --git a/lib/ansible/playbook/task.py b/lib/ansible/playbook/task.py\nindex 09d5446a13e61a..e5b660f2c9569d 100644\n--- a/lib/ansible/playbook/task.py\n+++ b/lib/ansible/playbook/task.py\n@@ -26,14 +26,14 @@ class Task(object):\n         'notify', 'module_name', 'module_args', 'module_vars',\n         'play', 'notified_by', 'tags', 'register', 'with_items', \n         'delegate_to', 'first_available_file', 'ignore_errors',\n-        'local_action'\n+        'local_action', 'transport'\n     ]\n \n     # to prevent typos and such\n     VALID_KEYS = [\n          'name', 'action', 'only_if', 'async', 'poll', 'notify', 'with_items', \n          'first_available_file', 'include', 'tags', 'register', 'ignore_errors',\n-         'delegate_to', 'local_action'\n+         'delegate_to', 'local_action', 'transport'\n     ]\n \n     def __init__(self, play, ds, module_vars=None):\n@@ -61,9 +61,11 @@ def __init__(self, play, ds, module_vars=None):\n         elif 'local_action' in ds:\n             self.action      = ds.get('local_action', '')\n             self.delegate_to = '127.0.0.1'\n+            self.transport   = 'local'\n         else:\n             self.action      = ds.get('action', '')\n             self.delegate_to = ds.get('delegate_to', None)\n+            self.transport   = ds.get('transport', play.transport)\n \n         # notified by is used by Playbook code to flag which hosts\n         # need to run a notifier\n"
    }
  ],
  "comments": [
    {
      "author_login": "mpdehaan",
      "body": "awesome, merged, thanks!\n"
    },
    {
      "author_login": "mpdehaan",
      "body": "FYI, I'm changing it to $FILE(...) and $PIPE(...) rather than $FILE{...} and $PIPE{...} \n\nprogrammer in me wanted it to feel like a function, which it kind of was.  Good stuff!\n"
    }
  ],
  "reviews": []
}