{
  "pr_number": 10079,
  "url": "https://github.com/ansible/ansible/pull/10079",
  "title": "Add docs for csvfile lookup",
  "author_login": "lorin",
  "state": "MERGED",
  "merged_by_login": "bcoca",
  "body": "",
  "labels": [
    "docs"
  ],
  "additions": 48,
  "deletions": 0,
  "changed_files_count": 1,
  "changed_files_list": [
    "docsite/rst/playbooks_lookups.rst"
  ],
  "files": [
    {
      "file_path": "docsite/rst/playbooks_lookups.rst",
      "status": "modified",
      "additions": 48,
      "deletions": 0,
      "file_diff": "diff --git a/docsite/rst/playbooks_lookups.rst b/docsite/rst/playbooks_lookups.rst\nindex 429a1a1232bc27..724e74af26e810 100644\n--- a/docsite/rst/playbooks_lookups.rst\n+++ b/docsite/rst/playbooks_lookups.rst\n@@ -90,6 +90,54 @@ Starting in version 1.4, password accepts a \"chars\" parameter to allow defining\n \n To enter comma use two commas ',,' somewhere - preferably at the end. Quotes and double quotes are not supported.\n \n+.. _csvfile_lookup:\n+\n+The CSV File Lookup\n+```````````````````\n+.. versionadded:: 1.5\n+\n+The ``csvfile`` lookup reads the contents of a file in CSV (comma-separated value)\n+format. The lookup looks for the row where the first column matches ``keyname``, and\n+returns the value in the first column, unless a different column is specified.\n+\n+The example below shows the contents of a CSV file named elements.csv with information about the\n+periodic table of elements::\n+\n+    Symbol,Atomic Number,Atomic Mass\n+    H,1,1.008\n+    He,2,4.0026\n+    Li,3,6.94\n+    Be,4,9.012\n+    B,5,10.81\n+\n+\n+We can use the ``csvfile`` plugin to look up the atomic number or atomic of Lithium by its symbol::\n+\n+    - debug: msg=\"The atomic number of Lithium is {{ lookup('csvfile', 'Li file=elements.csv delimiter=,') }}\"\n+    - debug: msg=\"The atomic mass of Lithium is {{ lookup('csvfile', 'Li file=elements.csv delimiter=, col=2') }}\"\n+\n+\n+The ``csvfile`` lookup supports several arguments. The format for passing\n+arguments is::\n+\n+    lookup('csvfile', 'key arg1=val1 arg2=val2 ...')\n+\n+The first value in the argument is the ``key``, which must be an entry that\n+appears exactly once in column 0 (the first column, 0-indexed) of the table. All other arguments are optional.\n+\n+\n+==========   ============   =========================================================================================\n+Field        Default        Description\n+----------   ------------   -----------------------------------------------------------------------------------------\n+file         ansible.csv    Name of the file to load\n+delimiter    TAB            Delimiter used by CSV file. As a special case, tab can be specified as either TAB or \\t.\n+col          1              The column to output, indexed by 0\n+default      empty string   return value if the key is not in the csv file\n+==========   ============   =========================================================================================\n+\n+.. note:: The default delimiter is TAB, *not* comma.\n+\n+\n .. _more_lookups:\n \n More Lookups\n"
    }
  ],
  "comments": [
    {
      "author_login": "lorin",
      "body": "@jpmens Can you verify these docs are accurate?\n"
    },
    {
      "author_login": "jpmens",
      "body": "Look ok to me.\n"
    }
  ],
  "reviews": []
}