{
  "pr_number": 10090,
  "url": "https://github.com/ansible/ansible/pull/10090",
  "title": "Document that dnstxt lookup requires dnspython",
  "author_login": "lorin",
  "state": "MERGED",
  "merged_by_login": "bcoca",
  "body": "Add a line in the docs to specify that dnstxt requires that you have the\ndnspython package installed.\n",
  "labels": [
    "docs"
  ],
  "additions": 1,
  "deletions": 0,
  "changed_files_count": 1,
  "changed_files_list": [
    "docsite/rst/playbooks_lookups.rst"
  ],
  "files": [
    {
      "file_path": "docsite/rst/playbooks_lookups.rst",
      "status": "modified",
      "additions": 1,
      "deletions": 0,
      "file_diff": "diff --git a/docsite/rst/playbooks_lookups.rst b/docsite/rst/playbooks_lookups.rst\nindex 429a1a1232bc27..00ebb338b9c99a 100644\n--- a/docsite/rst/playbooks_lookups.rst\n+++ b/docsite/rst/playbooks_lookups.rst\n@@ -121,6 +121,7 @@ Here are some examples::\n \n          - debug: msg=\"{{ lookup('redis_kv', 'redis://localhost:6379,somekey') }} is value in Redis for somekey\"\n \n+         # dnstxt lookup requires the Python dnspython package\n          - debug: msg=\"{{ lookup('dnstxt', 'example.com') }} is a DNS TXT record for example.com\"\n \n          - debug: msg=\"{{ lookup('template', './some_template.j2') }} is a value from evaluation of this template\"\n"
    }
  ],
  "comments": [],
  "reviews": []
}