{
  "pr_number": 1076,
  "url": "https://github.com/ansible/ansible/pull/1076",
  "title": "[Issue #1075] Fixing setup module fails if PATH is not set on target hos...",
  "author_login": "SleeplessAnnoyedNerd",
  "state": "MERGED",
  "merged_by_login": "mpdehaan",
  "body": "Hi Michael,\n\none of my odd systems had a problem with setup module, so I fixed it. :)\nMore details you may find in Issue 1075.\nHopefully I got the pull request right again this time...  ;)\n\nThanks,\nDietmar\n",
  "labels": [],
  "additions": 1,
  "deletions": 1,
  "changed_files_count": 1,
  "changed_files_list": [
    "ansible/module_common.py b/lib/ansible/module_common.py"
  ],
  "files": [
    {
      "file_path": "ansible/module_common.py b/lib/ansible/module_common.py",
      "status": "modified",
      "additions": 1,
      "deletions": 1,
      "file_diff": "diff --git a/lib/ansible/module_common.py b/lib/ansible/module_common.py\nindex e95dd0d64ca100..32bba601642302 100644\n--- a/lib/ansible/module_common.py\n+++ b/lib/ansible/module_common.py\n@@ -239,7 +239,7 @@ def get_bin_path(self, arg, required=False, opt_dirs=[]):\n         for d in opt_dirs:\n             if d is not None and os.path.exists(d):\n                 paths.append(d)\n-        paths += os.environ.get('PATH').split(':')\n+        paths += os.environ.get('PATH', '').split(':')\n         bin_path = None\n         # mangle PATH to include /sbin dirs\n         for p in sbin_paths:\n"
    }
  ],
  "comments": [
    {
      "author_login": "mpdehaan",
      "body": "merged, thanks!\n"
    }
  ],
  "reviews": []
}