{
  "pr_number": 11073,
  "url": "https://github.com/ansible/ansible/pull/11073",
  "title": "Include more info when a task fails",
  "author_login": "msabramo",
  "state": "MERGED",
  "merged_by_login": "bcoca",
  "body": "Adds \"playbook\", \"role\", and \"task\" fields to the output when a task fails.\n\nThis makes it easier to pinpoint where the problem is, especially\nwhen you have a lot of roles and playbooks.\n\ne.g.:\n\n```\nfailed: [vagrant] => {...\"playbook\": \"/Users/marca/dev/ansible/vagrant.yml\",\n                      ...\"role\": \"pythonapp\",\n                      ...\"task\": \"pip install -r /opt/src/{{ sm_app_role }}/requirements.txt\"...}\n```\n\nCc: @sontek, @sudarkoff\n",
  "labels": [
    "feature"
  ],
  "additions": 4,
  "deletions": 0,
  "changed_files_count": 1,
  "changed_files_list": [
    "ansible/callbacks.py b/lib/ansible/callbacks.py"
  ],
  "files": [
    {
      "file_path": "ansible/callbacks.py b/lib/ansible/callbacks.py",
      "status": "modified",
      "additions": 4,
      "deletions": 0,
      "file_diff": "diff --git a/lib/ansible/callbacks.py b/lib/ansible/callbacks.py\nindex 39d3a8d442892f..a7d2283cf0aa6c 100644\n--- a/lib/ansible/callbacks.py\n+++ b/lib/ansible/callbacks.py\n@@ -487,6 +487,10 @@ def on_failed(self, host, results, ignore_errors=False):\n         stdout = results2.pop('stdout', None)\n         returned_msg = results2.pop('msg', None)\n \n+        results2['task'] = self.task.name\n+        results2['role'] = self.task.role_name\n+        results2['playbook'] = self.playbook.filename\n+\n         if item:\n             msg = \"failed: [%s] => (item=%s) => %s\" % (host, item, utils.jsonify(results2))\n         else:\n"
    }
  ],
  "comments": [
    {
      "author_login": "sudarkoff",
      "body": "Yes, yes, yes! :+1: \n"
    },
    {
      "author_login": "bcoca",
      "body": "please note that this will be superseded in v2 with the new callbacks.\n"
    }
  ],
  "reviews": []
}