{
  "pr_number": 10688,
  "url": "https://github.com/ansible/ansible/pull/10688",
  "title": "Import StringIO from six in a couple more places.",
  "author_login": "ianzd",
  "state": "MERGED",
  "merged_by_login": "abadger",
  "body": "",
  "labels": [],
  "additions": 2,
  "deletions": 2,
  "changed_files_count": 2,
  "changed_files_list": [
    "v2/test/parsing/yaml/test_loader.py"
  ],
  "files": [
    {
      "file_path": "v2/test/parsing/yaml/test_loader.py",
      "status": "modified",
      "additions": 1,
      "deletions": 1,
      "file_diff": "diff --git a/v2/test/parsing/yaml/test_loader.py b/v2/test/parsing/yaml/test_loader.py\nindex 9a4746b99dfeab..d393d72a0054a0 100644\n--- a/v2/test/parsing/yaml/test_loader.py\n+++ b/v2/test/parsing/yaml/test_loader.py\n@@ -20,7 +20,7 @@\n from __future__ import (absolute_import, division, print_function)\n __metaclass__ = type\n \n-from StringIO import StringIO\n+from six.moves import StringIO\n from collections import Sequence, Set, Mapping\n \n from ansible.compat.tests import unittest\n"
    }
  ],
  "comments": [
    {
      "author_login": "abadger",
      "body": "Great!\n\n# Merged\n\nHi!\n\nThis has been merged in, and will also be included in the next major release.\n\nIf you or anyone else has any further questions, please let us know by stopping by one of the two mailing lists, as appropriate:\n- https://groups.google.com/forum/#!forum/ansible-project - for user questions, tips, and tricks\n- https://groups.google.com/forum/#!forum/ansible-devel - for strategy, future planning, and questions about writing code\n\nBecause this project is very active, we're unlikely to see comments made on closed tickets, but the mailing list is a great way to ask questions, or post if you don't think this particular\nissue is resolved.\n\nThank you!\n"
    }
  ],
  "reviews": []
}