{
  "pr_number": 10385,
  "url": "https://github.com/ansible/ansible/pull/10385",
  "title": "Flexible tag-based naming for ec2 hosts",
  "author_login": "a13m",
  "state": "MERGED",
  "merged_by_login": "jimi-c",
  "body": "Introduces destination_format and destination_format_tags\nto allow the construction of host names based on one or\nmore ec2 tags and a python format string.\n",
  "labels": [
    "cloud",
    "feature"
  ],
  "additions": 20,
  "deletions": 1,
  "changed_files_count": 2,
  "changed_files_list": [
    "inventory/ec2.py b/contrib/inventory/ec2.py"
  ],
  "files": [
    {
      "file_path": "inventory/ec2.py b/contrib/inventory/ec2.py",
      "status": "modified",
      "additions": 10,
      "deletions": 1,
      "file_diff": "diff --git a/contrib/inventory/ec2.py b/contrib/inventory/ec2.py\nindex a8e042e3f4b0d7..8c8e5e94589c8f 100755\n--- a/contrib/inventory/ec2.py\n+++ b/contrib/inventory/ec2.py\n@@ -220,6 +220,13 @@ def read_settings(self):\n         # Destination addresses\n         self.destination_variable = config.get('ec2', 'destination_variable')\n         self.vpc_destination_variable = config.get('ec2', 'vpc_destination_variable')\n+        if config.has_option('ec2', 'destination_format') and \\\n+           config.has_option('ec2', 'destination_format_tags'):\n+            self.destination_format = config.get('ec2', 'destination_format')\n+            self.destination_format_tags = config.get('ec2', 'destination_format_tags').split(',')\n+        else:\n+            self.destination_format = None\n+            self.destination_format_tags = None\n \n         # Route53\n         self.route53_enabled = config.getboolean('ec2', 'route53')\n@@ -536,7 +543,9 @@ def add_instance(self, instance, region):\n             return\n \n         # Select the best destination address\n-        if instance.subnet_id:\n+        if self.destination_format and self.destination_format_tags:\n+            dest = self.destination_format.format(*[ getattr(instance, 'tags').get(tag, '') for tag in self.destination_format_tags ])\n+        elif instance.subnet_id:\n             dest = getattr(instance, self.vpc_destination_variable, None)\n             if dest is None:\n                 dest = getattr(instance, 'tags').get(self.vpc_destination_variable, None)\n"
    }
  ],
  "comments": [
    {
      "author_login": "amenonsen",
      "body": "@a13m any plans to rebase this to apply to current devel?\n"
    },
    {
      "author_login": "a13m",
      "body": "@amenonsen sure, I can take a look at doing that.  I had not been keeping up and didn't see that the rebase was needed until now.\n"
    },
    {
      "author_login": "jimi-c",
      "body": "Merged, thanks!\n"
    }
  ],
  "reviews": []
}