{
  "pr_number": 1032,
  "url": "https://github.com/ansible/ansible/pull/1032",
  "title": "Add support for ./ansible.cfg file",
  "author_login": "mavimo",
  "state": "MERGED",
  "merged_by_login": "mpdehaan",
  "body": "Ansible support configuration in:\n\n```\n~/.ansible.cfg\n/etc/ansible/ansible.cfg\n```\n\nthis patch add current user (usefull where user have some different projects) with the oreder:\n\n```\n./ansible.cfg\n~/.ansible.cfg\n/etc/ansible/ansible.cfg\n```\n",
  "labels": [],
  "additions": 6,
  "deletions": 3,
  "changed_files_count": 1,
  "changed_files_list": [
    "ansible/constants.py b/lib/ansible/constants.py"
  ],
  "files": [
    {
      "file_path": "ansible/constants.py b/lib/ansible/constants.py",
      "status": "modified",
      "additions": 6,
      "deletions": 3,
      "file_diff": "diff --git a/lib/ansible/constants.py b/lib/ansible/constants.py\nindex f38b503949268f..149b25b55bdd9e 100644\n--- a/lib/ansible/constants.py\n+++ b/lib/ansible/constants.py\n@@ -35,13 +35,16 @@ def get_config(p, section, key, env_var, default):\n \n def load_config_file():\n     p = ConfigParser.ConfigParser()\n-    path1 = os.path.expanduser(\n-        os.environ.get('ANSIBLE_CONFIG', \"~/.ansible.cfg\"))\n-    path2 = \"/etc/ansible/ansible.cfg\"\n+    path1 = os.getcwd() + \"/ansible.cfg\"\n+    path2 = os.path.expanduser(os.environ.get('ANSIBLE_CONFIG', \"~/.ansible.cfg\"))\n+    path3 = \"/etc/ansible/ansible.cfg\"\n+\n     if os.path.exists(path1):\n         p.read(path1)\n     elif os.path.exists(path2):\n         p.read(path2)\n+    elif os.path.exists(path3):\n+        p.read(path3)\n     else:\n         return None\n     return p\n"
    }
  ],
  "comments": [
    {
      "author_login": "jpmens",
      "body": "I wanted this today ... Useful! (Even though `$ANSIBLE_CFG` is possible.)\n"
    },
    {
      "author_login": "mavimo",
      "body": "Yes, is possible, but you must set ANSIBLE_CFG each time you go in project folder (I switch project folder dozen time in a day.. :D ). Whit this patch you must only change project folder and all work fine :)\n"
    },
    {
      "author_login": "mpdehaan",
      "body": "Merged, thanks!\n"
    }
  ],
  "reviews": []
}