{
  "pr_number": 10965,
  "url": "https://github.com/ansible/ansible/pull/10965",
  "title": "changelog: add cs_instancegroup",
  "author_login": "resmo",
  "state": "MERGED",
  "merged_by_login": "bcoca",
  "body": "module has been merged in extras\n",
  "labels": [
    "docs"
  ],
  "additions": 1,
  "deletions": 0,
  "changed_files_count": 1,
  "changed_files_list": [
    "CHANGELOG.md"
  ],
  "files": [
    {
      "file_path": "CHANGELOG.md",
      "status": "modified",
      "additions": 1,
      "deletions": 0,
      "file_diff": "diff --git a/CHANGELOG.md b/CHANGELOG.md\nindex c85464edd689b3..fbf7f8e9e78bd7 100644\n--- a/CHANGELOG.md\n+++ b/CHANGELOG.md\n@@ -24,6 +24,7 @@ New Modules:\n   * cloudstack: cs_firewall\n   * cloudstack: cs_iso\n   * cloudstack: cs_instance\n+  * cloudstack: cs_instancegroup\n   * cloudstack: cs_sshkeypair\n   * cloudstack: cs_securitygroup\n   * cloudstack: cs_securitygroup_rule\n"
    }
  ],
  "comments": [],
  "reviews": []
}