{
  "pr_number": 10507,
  "url": "https://github.com/ansible/ansible/pull/10507",
  "title": "Fix patch action plugin",
  "author_login": "renard",
  "state": "MERGED",
  "merged_by_login": "bcoca",
  "body": "```\n[patch] Use _make_tmp_path to prevent from copying full patch file path.\n\n\n[patch] fix \"remote_src\" behavior according patch module documentation.\n\nPatch documentation says \"remote_src\" us False by default. That was not\nthe case in the action plugin.\n```\n",
  "labels": [
    "bug"
  ],
  "additions": 5,
  "deletions": 2,
  "changed_files_count": 1,
  "changed_files_list": [
    "ansible/runner/action_plugins/patch.py b/lib/ansible/runner/action_plugins/patch.py"
  ],
  "files": [
    {
      "file_path": "ansible/runner/action_plugins/patch.py b/lib/ansible/runner/action_plugins/patch.py",
      "status": "modified",
      "additions": 5,
      "deletions": 2,
      "file_diff": "diff --git a/lib/ansible/runner/action_plugins/patch.py b/lib/ansible/runner/action_plugins/patch.py\nindex dbba4c53dd7889..29d4f7eca5a190 100644\n--- a/lib/ansible/runner/action_plugins/patch.py\n+++ b/lib/ansible/runner/action_plugins/patch.py\n@@ -32,7 +32,7 @@ def run(self, conn, tmp, module_name, module_args, inject, complex_args=None, **\n \n         src = options.get('src', None)\n         dest = options.get('dest', None)\n-        remote_src = utils.boolean(options.get('remote_src', 'yes'))\n+        remote_src = utils.boolean(options.get('remote_src', 'no'))\n \n         if src is None:\n             result = dict(failed=True, msg=\"src is required\")\n@@ -47,7 +47,10 @@ def run(self, conn, tmp, module_name, module_args, inject, complex_args=None, **\n         else:\n             src = utils.path_dwim(self.runner.basedir, src)\n \n-        tmp_src = tmp + src\n+        if tmp is None or \"-tmp-\" not in tmp:\n+            tmp = self.runner._make_tmp_path(conn)\n+\n+        tmp_src = conn.shell.join_path(tmp, os.path.basename(src))\n         conn.put_file(src, tmp_src)\n \n         if self.runner.become and self.runner.become_user != 'root':\n"
    }
  ],
  "comments": [],
  "reviews": []
}