{
  "pr_number": 10704,
  "url": "https://github.com/ansible/ansible/pull/10704",
  "title": "Do not import all ansible errors and fix the exception raised",
  "author_login": "mscherer",
  "state": "MERGED",
  "merged_by_login": "abadger",
  "body": "",
  "labels": [],
  "additions": 3,
  "deletions": 3,
  "changed_files_count": 1,
  "changed_files_list": [
    "v2/ansible/inventory/dir.py"
  ],
  "files": [
    {
      "file_path": "v2/ansible/inventory/dir.py",
      "status": "modified",
      "additions": 3,
      "deletions": 3,
      "file_diff": "diff --git a/v2/ansible/inventory/dir.py b/v2/ansible/inventory/dir.py\nindex 73c882f288fb25..735f32d62c35a6 100644\n--- a/v2/ansible/inventory/dir.py\n+++ b/v2/ansible/inventory/dir.py\n@@ -23,7 +23,7 @@\n import os\n \n from ansible import constants as C\n-from ansible.errors import *\n+from ansible.errors import AnsibleError\n \n from ansible.inventory.host import Host\n from ansible.inventory.group import Group\n@@ -160,7 +160,7 @@ def _merge_groups(self, group, newgroup):\n \n         # name\n         if group.name != newgroup.name:\n-            raise errors.AnsibleError(\"Cannot merge group %s with %s\" % (group.name, newgroup.name))\n+            raise AnsibleError(\"Cannot merge group %s with %s\" % (group.name, newgroup.name))\n \n         # depth\n         group.depth = max([group.depth, newgroup.depth])\n@@ -210,7 +210,7 @@ def _merge_hosts(self,host, newhost):\n \n         # name\n         if host.name != newhost.name:\n-            raise errors.AnsibleError(\"Cannot merge host %s with %s\" % (host.name, newhost.name))\n+            raise AnsibleError(\"Cannot merge host %s with %s\" % (host.name, newhost.name))\n \n         # group membership relation\n         for newgroup in newhost.groups:\n"
    }
  ],
  "comments": [
    {
      "author_login": "abadger",
      "body": "Thank you!\n\n# Merged\n\nHi!\n\nThis has been merged in, and will also be included in the next major release.\n\nIf you or anyone else has any further questions, please let us know by stopping by one of the two mailing lists, as appropriate:\n- https://groups.google.com/forum/#!forum/ansible-project - for user questions, tips, and tricks\n- https://groups.google.com/forum/#!forum/ansible-devel - for strategy, future planning, and questions about writing code\n\nBecause this project is very active, we're unlikely to see comments made on closed tickets, but the mailing list is a great way to ask questions, or post if you don't think this particular\nissue is resolved.\n\nThank you!\n"
    }
  ],
  "reviews": []
}