{
  "pr_number": 11040,
  "url": "https://github.com/ansible/ansible/pull/11040",
  "title": "doc: we need GPLv3 license headers",
  "author_login": "resmo",
  "state": "MERGED",
  "merged_by_login": "bcoca",
  "body": "GPLv2 only headers are incompatible with GPLv3\n",
  "labels": [
    "needs_revision",
    "P2",
    "docs"
  ],
  "additions": 1,
  "deletions": 1,
  "changed_files_count": 1,
  "changed_files_list": [
    "docsite/rst/developing_modules.rst"
  ],
  "files": [
    {
      "file_path": "docsite/rst/developing_modules.rst",
      "status": "modified",
      "additions": 1,
      "deletions": 1,
      "file_diff": "diff --git a/docsite/rst/developing_modules.rst b/docsite/rst/developing_modules.rst\nindex ddd4e90c82a3a3..46cb36f634c57d 100644\n--- a/docsite/rst/developing_modules.rst\n+++ b/docsite/rst/developing_modules.rst\n@@ -464,7 +464,7 @@ Module checklist\n     * Requirements should  be documented, using the `requirements=[]` field\n     * Author should be set, name and github id at least\n     * Made use of U() for urls, C() for files and options, I() for params, M() for modules?\n-    * GPL License header\n+    * GPL 3 License header\n     * Does module use check_mode? Could it be modified to use it? Document it\n     * Examples: make sure they are reproducible\n     * Return: document the return structure of the module\n"
    }
  ],
  "comments": [
    {
      "author_login": "abadger",
      "body": "I think our preference is GPLv3 or later headers.  Not sure if we do not take any other licenses, though.  In particular, I don't know what our stance would be on GPLv2 or later  (GPL without version is equivalent to any version of the GPL so it's just a small bit looser than GPLv2 or later).\n\n@jimi-c could you clarify this?\n"
    },
    {
      "author_login": "resmo",
      "body": "@abadger set it to v3 only \n"
    },
    {
      "author_login": "abadger",
      "body": "@jimi-c clarified for me in chat that it should be GPLv3 or later.\n"
    },
    {
      "author_login": "amenonsen",
      "body": "@abadger so is the patch OK as is, or does it need to be modified?\n"
    },
    {
      "author_login": "bcoca",
      "body": "@amenonsen patch is fine but there is legalize invovled\n"
    }
  ],
  "reviews": []
}