{
  "pr_number": 11110,
  "url": "https://github.com/ansible/ansible/pull/11110",
  "title": "Fix KeyError which occurs when not-existing entry is tried to be removed.",
  "author_login": "myniva",
  "state": "MERGED",
  "merged_by_login": "bcoca",
  "body": " Fixes #11109\n",
  "labels": [
    "P2",
    "bug"
  ],
  "additions": 2,
  "deletions": 2,
  "changed_files_count": 1,
  "changed_files_list": [
    "ansible/playbook/task.py b/lib/ansible/playbook/task.py"
  ],
  "files": [
    {
      "file_path": "ansible/playbook/task.py b/lib/ansible/playbook/task.py",
      "status": "modified",
      "additions": 2,
      "deletions": 2,
      "file_diff": "diff --git a/lib/ansible/playbook/task.py b/lib/ansible/playbook/task.py\nindex 70c1bc8df6bb00..4f07ae0436d234 100644\n--- a/lib/ansible/playbook/task.py\n+++ b/lib/ansible/playbook/task.py\n@@ -189,9 +189,9 @@ def __init__(self, play, ds, module_vars=None, play_vars=None, play_file_vars=No\n \n             if 'su' in ds:\n                 self.become=ds['su']\n+                del ds['su']\n             else:\n                 self.become=True\n-                del ds['su']\n             if 'su_user' in ds:\n                 self.become_user = ds['su_user']\n                 del ds['su_user']\n@@ -260,7 +260,7 @@ def __init__(self, play, ds, module_vars=None, play_vars=None, play_file_vars=No\n \n         self.items_lookup_plugin = ds.get('items_lookup_plugin', None)\n         self.items_lookup_terms  = ds.get('items_lookup_terms', None)\n-     \n+\n \n         self.ignore_errors = ds.get('ignore_errors', False)\n         self.any_errors_fatal = ds.get('any_errors_fatal', play.any_errors_fatal)\n"
    }
  ],
  "comments": [
    {
      "author_login": "bcoca",
      "body": "normally we only take fixes against devel, i cherry picked this there.\n"
    }
  ],
  "reviews": []
}