{
  "pr_number": 11287,
  "url": "https://github.com/ansible/ansible/pull/11287",
  "title": "Fixes for FreeBSD get_memory_facts",
  "author_login": "kstrauser",
  "state": "MERGED",
  "merged_by_login": "bcoca",
  "body": "- swapinfo on FreeBSD 6 (maybe 7 too?) doesn't support the \"-m\" flag for\n  fetching amounts in megabytes. This patch fetches amounts in kilobytes\n  and divides by 1024 (and also returns the result as an int instead of\n  a string).\n- When no swap is configured, swapinfo prints a header line and nothing\n  else:\n\n```\n    $ swapinfo\n    Device         1K-blocks     Used    Avail Capacity\n```\n\n  The old version unexpectedly parsed that header line and emitted\n  nonsense values like:\n\n```\n    \"ansible_swapfree_mb\": \"Avail\"\n    \"ansible_swaptotal_mb\": \"1K-blocks\"\n```\n\n  This version emits those items altogether when no swap is configured.\n",
  "labels": [
    "bug"
  ],
  "additions": 4,
  "deletions": 3,
  "changed_files_count": 1,
  "changed_files_list": [
    "ansible/module_utils/facts.py b/lib/ansible/module_utils/facts.py"
  ],
  "files": [
    {
      "file_path": "ansible/module_utils/facts.py b/lib/ansible/module_utils/facts.py",
      "status": "modified",
      "additions": 4,
      "deletions": 3,
      "file_diff": "diff --git a/lib/ansible/module_utils/facts.py b/lib/ansible/module_utils/facts.py\nindex 06da6d53e32607..c1b05ce8d134fc 100644\n--- a/lib/ansible/module_utils/facts.py\n+++ b/lib/ansible/module_utils/facts.py\n@@ -1264,13 +1264,14 @@ def get_memory_facts(self):\n         # Device          1M-blocks     Used    Avail Capacity\n         # /dev/ada0p3        314368        0   314368     0%\n         #\n-        rc, out, err = module.run_command(\"/usr/sbin/swapinfo -m\")\n+        rc, out, err = module.run_command(\"/usr/sbin/swapinfo -k\")\n         lines = out.split('\\n')\n         if len(lines[-1]) == 0:\n             lines.pop()\n         data = lines[-1].split()\n-        self.facts['swaptotal_mb'] = data[1]\n-        self.facts['swapfree_mb'] = data[3]\n+        if data[0] != 'Device':\n+            self.facts['swaptotal_mb'] = int(data[1]) / 1024\n+            self.facts['swapfree_mb'] = int(data[3]) / 1024\n \n     @timeout(10)\n     def get_mount_facts(self):\n"
    }
  ],
  "comments": [],
  "reviews": []
}