{
  "pr_number": 11229,
  "url": "https://github.com/ansible/ansible/pull/11229",
  "title": "Update playbooks_vault.rst",
  "author_login": "pastephens",
  "state": "MERGED",
  "merged_by_login": "bcoca",
  "body": "As of 1.9 at least, you may specify a password file in your ansible.cfg and not have to extend your playbook calls with vault flags.\n",
  "labels": [
    "docs"
  ],
  "additions": 1,
  "deletions": 1,
  "changed_files_count": 1,
  "changed_files_list": [
    "docsite/rst/playbooks_vault.rst"
  ],
  "files": [
    {
      "file_path": "docsite/rst/playbooks_vault.rst",
      "status": "modified",
      "additions": 1,
      "deletions": 1,
      "file_diff": "diff --git a/docsite/rst/playbooks_vault.rst b/docsite/rst/playbooks_vault.rst\nindex 921a05c50edcd1..25dae8f5f3b90a 100644\n--- a/docsite/rst/playbooks_vault.rst\n+++ b/docsite/rst/playbooks_vault.rst\n@@ -5,7 +5,7 @@ Vault\n \n New in Ansible 1.5, \"Vault\" is a feature of ansible that allows keeping sensitive data such as passwords or keys in encrypted files, rather than as plaintext in your playbooks or roles. These vault files can then be distributed or placed in source control.\n \n-To enable this feature, a command line tool, `ansible-vault` is used to edit files, and a command line flag `--ask-vault-pass` or `--vault-password-file` is used.\n+To enable this feature, a command line tool, `ansible-vault` is used to edit files, and a command line flag `--ask-vault-pass` or `--vault-password-file` is used. Alternately, you may specify the location of a password file in your  ansible.cfg file. This option requires no command line flag usage.\n \n .. _what_can_be_encrypted_with_vault:\n \n"
    }
  ],
  "comments": [],
  "reviews": []
}