{
  "pr_number": 11365,
  "url": "https://github.com/ansible/ansible/pull/11365",
  "title": "docs - added missing filters",
  "author_login": "halberom",
  "state": "MERGED",
  "merged_by_login": "bcoca",
  "body": "Several filters were undocumented - relpath, from_yaml, from_json, quote.  Tidied up code indentation, and standardized 'since version' comments.\n",
  "labels": [
    "needs_revision",
    "docs"
  ],
  "additions": 27,
  "deletions": 1,
  "changed_files_count": 1,
  "changed_files_list": [
    "docsite/rst/playbooks_filters.rst"
  ],
  "files": [
    {
      "file_path": "docsite/rst/playbooks_filters.rst",
      "status": "modified",
      "additions": 27,
      "deletions": 1,
      "file_diff": "diff --git a/docsite/rst/playbooks_filters.rst b/docsite/rst/playbooks_filters.rst\nindex 0cb42213b44665..4e35cee522ec88 100644\n--- a/docsite/rst/playbooks_filters.rst\n+++ b/docsite/rst/playbooks_filters.rst\n@@ -17,9 +17,27 @@ Filters For Formatting Data\n The following filters will take a data structure in a template and render it in a slightly different format.  These\n are occasionally useful for debugging::\n \n+    {{ some_variable | to_json }}\n+    {{ some_variable | to_yaml }}\n+\n+For human readable output, you can use::\n+\n     {{ some_variable | to_nice_json }}\n     {{ some_variable | to_nice_yaml }}\n \n+Alternatively, you may be reading in some already formatted data::\n+\n+    {{ some_variable | from_json }}\n+    {{ some_variable | from_yaml }}\n+\n+for example::\n+\n+    tasks:\n+      - shell: cat /some/path/to/file.json\n+        register: result\n+\n+      - set_fact: myvar=\"{{ result.stdout | from_json }}\"\n+\n .. _filters_used_with_conditionals:\n \n Filters Often Used With Conditionals\n@@ -300,7 +318,11 @@ Hash types available depend on the master system running ansible,\n Other Useful Filters\n --------------------\n \n-To use one value on true and another on false (since 1.9)::\n+To add quotes for shell usage::\n+\n+    - shell: echo={{ string_value | quote }} \n+\n+To use one value on true and another on false (new in version 1.9)::\n \n    {{ (name == \"John\") | ternary('Mr','Ms') }}\n \n@@ -324,6 +346,10 @@ To get the real path of a link (new in version 1.8)::\n \n    {{ path | realpath }}\n \n+To get the relative path of a link, from a start point (new in version 1.7)::\n+\n+    {{ path | relpath('/etc') }}\n+\n To work with Base64 encoded strings::\n \n     {{ encoded | b64decode }}\n"
    }
  ],
  "comments": [
    {
      "author_login": "halberom",
      "body": "right, one day i'll get there, updated, hopefully better.\n"
    },
    {
      "author_login": "bcoca",
      "body": "just making a note, we plan on adding inline docs to more plugins types, like what we have in task plugins/modules so we can auto-generate docs for filters/lookups/etc.\n"
    },
    {
      "author_login": "bcoca",
      "body": "i think this was meant to be:\n\nshell: echo {{string_value|quote}}\n",
      "file_path": "docsite/rst/playbooks_filters.rst",
      "diff_hunk": "@@ -300,13 +318,17 @@ Hash types available depend on the master system running ansible,\n Other Useful Filters\n --------------------\n \n+To add quotes for shell usage::\n+\n+    - shell: echo={{ some_string_value | quote }} ",
      "comment_type": "review_comment"
    },
    {
      "author_login": "bcoca",
      "body": "we use 'new in version' in most other pages, I think we should keep it consistent\n",
      "file_path": "docsite/rst/playbooks_filters.rst",
      "diff_hunk": "@@ -316,28 +338,32 @@ To get the directory from a path::\n \n     {{ path | dirname }}\n \n-To expand a path containing a tilde (`~`) character (new in version 1.5)::\n+To expand a path containing a tilde (`~`) character (since 1.5)::",
      "comment_type": "review_comment"
    },
    {
      "author_login": "bcoca",
      "body": "not sure why there are a bunch of space updates?\n",
      "file_path": "docsite/rst/playbooks_filters.rst",
      "diff_hunk": "@@ -300,13 +318,17 @@ Hash types available depend on the master system running ansible,\n Other Useful Filters\n --------------------\n \n+To add quotes for shell usage::\n+\n+    - shell: echo={{ some_string_value | quote }} \n+\n To use one value on true and another on false (since 1.9)::\n \n-   {{ (name == \"John\") | ternary('Mr','Ms') }}\n+    {{ (name == \"John\") | ternary('Mr','Ms') }}",
      "comment_type": "review_comment"
    },
    {
      "author_login": "halberom",
      "body": "most of the code indents were 4 spaces, some were 3.  can remove if not necessary/desired.\n",
      "file_path": "docsite/rst/playbooks_filters.rst",
      "diff_hunk": "@@ -300,13 +318,17 @@ Hash types available depend on the master system running ansible,\n Other Useful Filters\n --------------------\n \n+To add quotes for shell usage::\n+\n+    - shell: echo={{ some_string_value | quote }} \n+\n To use one value on true and another on false (since 1.9)::\n \n-   {{ (name == \"John\") | ternary('Mr','Ms') }}\n+    {{ (name == \"John\") | ternary('Mr','Ms') }}",
      "comment_type": "review_comment"
    },
    {
      "author_login": "halberom",
      "body": "ack'd, I wasn't sure, as there were some with 'since' and some with 'new in', so i went with the shorter option. will update.\n",
      "file_path": "docsite/rst/playbooks_filters.rst",
      "diff_hunk": "@@ -316,28 +338,32 @@ To get the directory from a path::\n \n     {{ path | dirname }}\n \n-To expand a path containing a tilde (`~`) character (new in version 1.5)::\n+To expand a path containing a tilde (`~`) character (since 1.5)::",
      "comment_type": "review_comment"
    }
  ],
  "reviews": []
}