{
  "pr_number": 11010,
  "url": "https://github.com/ansible/ansible/pull/11010",
  "title": "Add judgment to to fix path0 if ANSIBLE_CONFIG is set to a dir",
  "author_login": "sillydong",
  "state": "MERGED",
  "merged_by_login": "bcoca",
  "body": "I made a mistake when I set ANSIBLE_CONFIG to a dir contains ansible.cfg and hosts. After digging into the source, I found this variable should direct to ansible.cfg file itself, but I think maybe I'm not the only one who made such mistake, so I pulled this request.\n",
  "labels": [
    "feature"
  ],
  "additions": 2,
  "deletions": 0,
  "changed_files_count": 1,
  "changed_files_list": [
    "ansible/constants.py b/lib/ansible/constants.py"
  ],
  "files": [
    {
      "file_path": "ansible/constants.py b/lib/ansible/constants.py",
      "status": "modified",
      "additions": 2,
      "deletions": 0,
      "file_diff": "diff --git a/lib/ansible/constants.py b/lib/ansible/constants.py\nindex 089de5b7c5bf15..d09a8da5ca3688 100644\n--- a/lib/ansible/constants.py\n+++ b/lib/ansible/constants.py\n@@ -65,6 +65,8 @@ def load_config_file():\n     path0 = os.getenv(\"ANSIBLE_CONFIG\", None)\n     if path0 is not None:\n         path0 = os.path.expanduser(path0)\n+    if os.path.isdir(path0):\n+        path0 += \"/ansible.cfg\"\n     path1 = os.getcwd() + \"/ansible.cfg\"\n     path2 = os.path.expanduser(\"~/.ansible.cfg\")\n     path3 = \"/etc/ansible/ansible.cfg\"\n"
    }
  ],
  "comments": [
    {
      "author_login": "amenonsen",
      "body": "Seems fair enough, since if ANSIBLE_CONFIG is set to a directory it'll try to append `/ansible.cfg` and see if that exists, otherwise try the other options as it would before.\n"
    }
  ],
  "reviews": []
}