{
  "pr_number": 10228,
  "url": "https://github.com/ansible/ansible/pull/10228",
  "title": "Fixed broken link.  Added links to both core and extras git repos.  ",
  "author_login": "giovtorres",
  "state": "MERGED",
  "merged_by_login": "bcoca",
  "body": "Also bumped date to 2015.\n",
  "labels": [
    "docs"
  ],
  "additions": 2,
  "deletions": 2,
  "changed_files_count": 1,
  "changed_files_list": [
    "docsite/_themes/srtd/footer.html"
  ],
  "files": [
    {
      "file_path": "docsite/_themes/srtd/footer.html",
      "status": "modified",
      "additions": 2,
      "deletions": 2,
      "file_diff": "diff --git a/docsite/_themes/srtd/footer.html b/docsite/_themes/srtd/footer.html\nindex d702ad3a5f082a..b6422f9a2dd331 100644\n--- a/docsite/_themes/srtd/footer.html\n+++ b/docsite/_themes/srtd/footer.html\n@@ -13,13 +13,13 @@\n   <hr/>\n \n   <p>\n-  &copy; Copyright 2014 <a href=\"http://ansible.com\">Ansible, Inc.</a>.\n+  &copy; Copyright 2015 <a href=\"http://ansible.com\">Ansible, Inc.</a>.\n \n   {%- if last_updated %}\n     {% trans last_updated=last_updated|e %}Last updated on {{ last_updated }}.{% endtrans %}\n   {%- endif %}\n   </p>\n \n-Ansible docs are generated from <a href=\"http://github.com/ansible/ansible\">GitHub sources</A> using <A HREF=\"http://sphinx-doc.org/\">Sphinx</A> using a theme provided by <a href=\"http://readthedocs.org\">Read the Docs</a>. {% if pagename.endswith(\"_module\") %}. Module documentation is not edited directly, but is generated from the source code for the modules.  To submit an update to module docs, edit the 'DOCUMENTATION' metadata in the <A HREF=\"https://github.com/ansible/ansible/tree/devel/library\">module source tree</A>. {% endif %}\n+Ansible docs are generated from <a href=\"http://github.com/ansible/ansible\">GitHub sources</A> using <A HREF=\"http://sphinx-doc.org/\">Sphinx</A> using a theme provided by <a href=\"http://readthedocs.org\">Read the Docs</a>. {% if pagename.endswith(\"_module\") %}. Module documentation is not edited directly, but is generated from the source code for the modules.  To submit an update to module docs, edit the 'DOCUMENTATION' metadata in the <A HREF=\"https://github.com/ansible/ansible-modules-core\">core</A> and <A HREF=\"https://github.com/ansible/ansible-modules-extras\">extras</A> modules source repositories. {% endif %}\n \n </footer>\n"
    }
  ],
  "comments": [],
  "reviews": []
}