{
  "pr_number": 10248,
  "url": "https://github.com/ansible/ansible/pull/10248",
  "title": "Add `groups` back into inline templates",
  "author_login": "hfinucane",
  "state": "MERGED",
  "merged_by_login": "bcoca",
  "body": "This fixes #9888 in a low-impact way, at the expense of not addressing the entire problem- other things in `inject` not explicitly imported into `temp_vars` (and by extension, `hostvars`).\n",
  "labels": [
    "P2",
    "bug"
  ],
  "additions": 1,
  "deletions": 0,
  "changed_files_count": 1,
  "changed_files_list": [
    "ansible/runner/__init__.py b/lib/ansible/runner/__init__.py"
  ],
  "files": [
    {
      "file_path": "ansible/runner/__init__.py b/lib/ansible/runner/__init__.py",
      "status": "modified",
      "additions": 1,
      "deletions": 0,
      "file_diff": "diff --git a/lib/ansible/runner/__init__.py b/lib/ansible/runner/__init__.py\nindex 63e4ed27411422..79a167c5a00532 100644\n--- a/lib/ansible/runner/__init__.py\n+++ b/lib/ansible/runner/__init__.py\n@@ -678,6 +678,7 @@ def _executor_internal(self, host, new_stdin):\n         temp_vars = utils.merge_hash(temp_vars, self.play_vars)\n         temp_vars = utils.merge_hash(temp_vars, self.play_file_vars)\n         temp_vars = utils.merge_hash(temp_vars, self.extra_vars)\n+        temp_vars = utils.merge_hash(temp_vars, {'groups': inject['groups']})\n \n         hostvars = HostVars(temp_vars, self.inventory, vault_password=self.vault_pass)\n \n"
    }
  ],
  "comments": [],
  "reviews": []
}