{
  "pr_number": 10421,
  "url": "https://github.com/ansible/ansible/pull/10421",
  "title": "rax module ultis: Prevent an empty error message",
  "author_login": "sivel",
  "state": "MERGED",
  "merged_by_login": "bcoca",
  "body": "It appears that not all of the exceptions that can be caught while authenticating contain a message.  In such a case, we'll at least repr the exception class to provide an error message.\n\nSee https://github.com/ansible/ansible-modules-core/issues/919\n",
  "labels": [
    "bug"
  ],
  "additions": 5,
  "deletions": 1,
  "changed_files_count": 1,
  "changed_files_list": [
    "ansible/module_utils/rax.py b/lib/ansible/module_utils/rax.py"
  ],
  "files": [
    {
      "file_path": "ansible/module_utils/rax.py b/lib/ansible/module_utils/rax.py",
      "status": "modified",
      "additions": 5,
      "deletions": 1,
      "file_diff": "diff --git a/lib/ansible/module_utils/rax.py b/lib/ansible/module_utils/rax.py\nindex e92754a947f301..73b48cc780d1b7 100644\n--- a/lib/ansible/module_utils/rax.py\n+++ b/lib/ansible/module_utils/rax.py\n@@ -315,7 +315,11 @@ def setup_rax_module(module, rax_module, region_required=True):\n         else:\n             raise Exception('No credentials supplied!')\n     except Exception, e:\n-        module.fail_json(msg='%s' % e.message)\n+        if e.message:\n+            msg = str(e.message)\n+        else:\n+            msg = repr(e)\n+        module.fail_json(msg=msg)\n \n     if region_required and region not in rax_module.regions:\n         module.fail_json(msg='%s is not a valid region, must be one of: %s' %\n"
    }
  ],
  "comments": [],
  "reviews": []
}