{
  "pr_number": 10418,
  "url": "https://github.com/ansible/ansible/pull/10418",
  "title": "Handle /etc/os-release files with 'Raspbian' in them",
  "author_login": "pyroscope",
  "state": "MERGED",
  "merged_by_login": "bcoca",
  "body": "This changes the `ansible_distribution_release` fact from `NA` to `wheezy` for Raspbian (it has no `/etc/lsb-release` file in `base-files`, and a patched `/etc/os-release`).\n",
  "labels": [
    "feature"
  ],
  "additions": 2,
  "deletions": 3,
  "changed_files_count": 1,
  "changed_files_list": [
    "ansible/module_utils/facts.py b/lib/ansible/module_utils/facts.py"
  ],
  "files": [
    {
      "file_path": "ansible/module_utils/facts.py b/lib/ansible/module_utils/facts.py",
      "status": "modified",
      "additions": 2,
      "deletions": 3,
      "file_diff": "diff --git a/lib/ansible/module_utils/facts.py b/lib/ansible/module_utils/facts.py\nindex 9781bb53ae0090..54a2eac6ec9485 100644\n--- a/lib/ansible/module_utils/facts.py\n+++ b/lib/ansible/module_utils/facts.py\n@@ -232,7 +232,7 @@ def get_distribution_facts(self):\n             RedHat = 'RedHat', Fedora = 'RedHat', CentOS = 'RedHat', Scientific = 'RedHat',\n             SLC = 'RedHat', Ascendos = 'RedHat', CloudLinux = 'RedHat', PSBM = 'RedHat',\n             OracleLinux = 'RedHat', OVS = 'RedHat', OEL = 'RedHat', Amazon = 'RedHat',\n-            XenServer = 'RedHat', Ubuntu = 'Debian', Debian = 'Debian', SLES = 'Suse',\n+            XenServer = 'RedHat', Ubuntu = 'Debian', Debian = 'Debian', Raspbian = 'Debian', SLES = 'Suse',\n             SLED = 'Suse', openSUSE = 'Suse', SuSE = 'Suse', Gentoo = 'Gentoo', Funtoo = 'Gentoo',\n             Archlinux = 'Archlinux', Mandriva = 'Mandrake', Mandrake = 'Mandrake',\n             Solaris = 'Solaris', Nexenta = 'Solaris', OmniOS = 'Solaris', OpenIndiana = 'Solaris',\n@@ -399,7 +399,7 @@ def get_distribution_facts(self):\n                                                 self.facts['distribution_version'] = self.facts['distribution_version'] + '.' + release.group(1)\n                         elif name == 'Debian':\n                             data = get_file_content(path)\n-                            if 'Debian' in data:\n+                            if 'Debian' in data or 'Raspbian' in data:\n                                 release = re.search(\"PRETTY_NAME=[^(]+ \\(?([^)]+?)\\)\", data)\n                                 if release:\n                                     self.facts['distribution_release'] = release.groups()[0]\n@@ -2674,4 +2674,3 @@ def get_all_facts(module):\n     setup_result['verbose_override'] = True\n \n     return setup_result\n-\n"
    }
  ],
  "comments": [],
  "reviews": []
}