{
  "pr_number": 11251,
  "url": "https://github.com/ansible/ansible/pull/11251",
  "title": "Require passlib over crypt in password_hash for Mac OS X/Darwin. Fixes #11244",
  "author_login": "sivel",
  "state": "MERGED",
  "merged_by_login": "bcoca",
  "body": "This PR conditionally imports passlib for the `password_hash` filter and requires it for operation on Mac OS X/Darwin.\n",
  "labels": [
    "bug"
  ],
  "additions": 15,
  "deletions": 2,
  "changed_files_count": 1,
  "changed_files_list": [
    "ansible/plugins/filter/core.py b/lib/ansible/plugins/filter/core.py"
  ],
  "files": [
    {
      "file_path": "ansible/plugins/filter/core.py b/lib/ansible/plugins/filter/core.py",
      "status": "modified",
      "additions": 15,
      "deletions": 2,
      "file_diff": "diff --git a/lib/ansible/plugins/filter/core.py b/lib/ansible/plugins/filter/core.py\nindex 977d0947c38c61..a717c5bd817bce 100644\n--- a/lib/ansible/plugins/filter/core.py\n+++ b/lib/ansible/plugins/filter/core.py\n@@ -42,6 +42,12 @@\n from ansible.utils.hashing import md5s, checksum_s\n from ansible.utils.unicode import unicode_wrap, to_unicode\n \n+try:\n+    import passlib.hash\n+    HAS_PASSLIB = True\n+except:\n+    HAS_PASSLIB = False\n+\n \n UUID_NAMESPACE_ANSIBLE = uuid.UUID('361E6D51-FAEC-444A-9079-341386DA8E2E')\n \n@@ -266,8 +272,15 @@ def get_encrypted_password(password, hashtype='sha512', salt=None):\n             r = SystemRandom()\n             salt = ''.join([r.choice(string.ascii_letters + string.digits) for _ in range(16)])\n \n-        saltstring =  \"$%s$%s\" % (cryptmethod[hashtype],salt)\n-        encrypted = crypt.crypt(password,saltstring)\n+        if not HAS_PASSLIB:\n+            if sys.platform.startswith('darwin'):\n+                raise errors.AnsibleFilterError('|password_hash requires the passlib python module to generate password hashes on Mac OS X/Darwin')\n+            saltstring =  \"$%s$%s\" % (cryptmethod[hashtype],salt)\n+            encrypted = crypt.crypt(password, saltstring)\n+        else:\n+            cls = getattr(passlib.hash, '%s_crypt' % hashtype)\n+            encrypted = cls.encrypt(password, salt=salt)\n+\n         return encrypted\n \n     return None\n"
    }
  ],
  "comments": [],
  "reviews": []
}