{
  "pr_number": 10114,
  "url": "https://github.com/ansible/ansible/pull/10114",
  "title": "v2: added draft url lookup",
  "author_login": "bcoca",
  "state": "MERGED",
  "merged_by_login": "bcoca",
  "body": "to keep v2 compat\n",
  "labels": [
    "feature"
  ],
  "additions": 44,
  "deletions": 0,
  "changed_files_count": 1,
  "changed_files_list": [
    "v2/ansible/plugins/lookup/url.py"
  ],
  "files": [
    {
      "file_path": "v2/ansible/plugins/lookup/url.py",
      "status": "added",
      "additions": 44,
      "deletions": 0,
      "file_diff": "diff --git a/v2/ansible/plugins/lookup/url.py b/v2/ansible/plugins/lookup/url.py\nnew file mode 100644\nindex 00000000000000..c907bfbce3965a\n--- /dev/null\n+++ b/v2/ansible/plugins/lookup/url.py\n@@ -0,0 +1,44 @@\n+# (c) 2015, Brian Coca <bcoca@ansible.com>\n+#\n+# This file is part of Ansible\n+#\n+# Ansible is free software: you can redistribute it and/or modify\n+# it under the terms of the GNU General Public License as published by\n+# the Free Software Foundation, either version 3 of the License, or\n+# (at your option) any later version.\n+#\n+# Ansible is distributed in the hope that it will be useful,\n+# but WITHOUT ANY WARRANTY; without even the implied warranty of\n+# MERCHANTABILITY or FITNESS FOR A PARTICULAR PURPOSE.  See the\n+# GNU General Public License for more details.\n+#\n+# You should have received a copy of the GNU General Public License\n+# along with Ansible.  If not, see <http://www.gnu.org/licenses/>.\n+\n+from ansible.plugins.lookup import LookupBase\n+import urllib2\n+\n+class LookupModule(LookupBase):\n+\n+\n+    def run(self, terms, inject=None, **kwargs):\n+\n+        if isinstance(terms, basestring):\n+            terms = [ terms ]\n+\n+        ret = []\n+        for term in terms:\n+            try:\n+                r = urllib2.Request(term)\n+                response = urllib2.urlopen(r)\n+            except URLError, e:\n+                utils.warnings(\"Failed lookup url for %s : %s\" % (term, str(e)))\n+                continue\n+            except HTTPError, e:\n+                utils.warnings(\"Recieved HTTP error for %s : %s\" % (term, str(e)))\n+                continue\n+\n+            for line in response.read().splitlines():\n+                ret.append(line)\n+\n+        return ret\n"
    }
  ],
  "comments": [],
  "reviews": []
}