{
  "pr_number": 10141,
  "url": "https://github.com/ansible/ansible/pull/10141",
  "title": "fixes #10051 as suggested by @aikomastboom",
  "author_login": "arBmind",
  "state": "MERGED",
  "merged_by_login": "bcoca",
  "body": "fixed #10051\n",
  "labels": [
    "P2",
    "bug"
  ],
  "additions": 2,
  "deletions": 0,
  "changed_files_count": 1,
  "changed_files_list": [
    "ansible/runner/__init__.py b/lib/ansible/runner/__init__.py"
  ],
  "files": [
    {
      "file_path": "ansible/runner/__init__.py b/lib/ansible/runner/__init__.py",
      "status": "modified",
      "additions": 2,
      "deletions": 0,
      "file_diff": "diff --git a/lib/ansible/runner/__init__.py b/lib/ansible/runner/__init__.py\nindex ae8016499cff58..4a4680cb37485d 100644\n--- a/lib/ansible/runner/__init__.py\n+++ b/lib/ansible/runner/__init__.py\n@@ -934,6 +934,8 @@ def _executor_internal_inner(self, host, module_name, module_args, inject, port,\n             actual_private_key_file = delegate['private_key_file']\n             self.sudo_pass = delegate['sudo_pass']\n             inject = delegate['inject']\n+            # set resolved delegate_to into inject so modules can call _remote_checksum\n+            inject['delegate_to'] = self.delegate_to\n \n         # user/pass may still contain variables at this stage\n         actual_user = template.template(self.basedir, actual_user, inject)\n"
    }
  ],
  "comments": [],
  "reviews": []
}