{
  "pr_number": 1123,
  "url": "https://github.com/ansible/ansible/pull/1123",
  "title": "Close zeromq context and socket.",
  "author_login": "ralphbean",
  "state": "MERGED",
  "merged_by_login": "mpdehaan",
  "body": "caveat -> `make tests` didn't pass when I first cloned the repo and doesn't pass now with this patch.  Not sure if that's my fault for not configuring my env correctly.\n",
  "labels": [],
  "additions": 9,
  "deletions": 3,
  "changed_files_count": 1,
  "changed_files_list": [
    "ansible/runner/connection_plugins/fireball.py b/lib/ansible/runner/connection_plugins/fireball.py"
  ],
  "files": [
    {
      "file_path": "ansible/runner/connection_plugins/fireball.py b/lib/ansible/runner/connection_plugins/fireball.py",
      "status": "modified",
      "additions": 9,
      "deletions": 3,
      "file_diff": "diff --git a/lib/ansible/runner/connection_plugins/fireball.py b/lib/ansible/runner/connection_plugins/fireball.py\nindex 35b628e345f718..7c268b7bdffe82 100644\n--- a/lib/ansible/runner/connection_plugins/fireball.py\n+++ b/lib/ansible/runner/connection_plugins/fireball.py\n@@ -43,6 +43,7 @@ def __init__(self, runner, host, port=None):\n \n         self.host = host\n         self.key = utils.key_for_hostname(host)\n+        self.context = None\n         self.socket = None\n         # port passed in is the SSH port, which we ignore\n         self.port = constants.ZEROMQ_PORT\n@@ -54,8 +55,8 @@ def connect(self):\n             raise errors.AnsibleError(\"zmq is not installed\")\n         \n         # this is rough/temporary and will likely be optimized later ...\n-        context = zmq.Context()\n-        socket = context.socket(zmq.REQ)\n+        self.context = zmq.Context()\n+        socket = self.context.socket(zmq.REQ)\n         addr = \"tcp://%s:%s\" % (self.host, self.port)\n         socket.connect(addr)\n         self.socket = socket    \n@@ -125,5 +126,10 @@ def fetch_file(self, in_path, out_path):\n \n     def close(self):\n         ''' terminate the connection '''\n-        # no need for this\n+        # Be a good citizen\n+        try:\n+            self.socket.close()\n+            self.context.term()\n+        except:\n+            pass\n \n"
    }
  ],
  "comments": [
    {
      "author_login": "mpdehaan",
      "body": "Hey Ralph, thanks for taking a look at this!   Will merge shortly, I am probably going to work on fireball a bit this weekend.  (Going to add some additional security bits, the timeout kill switch, and look into multi-user stuff a bit more like making it possible to override the port)\n\nWhat part of the tests are failing for you?\n"
    },
    {
      "author_login": "ralphbean",
      "body": "Hey, no problem!  With::\n\n```\n$ . ./hacking/env-setup\n$ make tests\n```\n\nI get http://threebean.org/ansible-tests.txt\n"
    },
    {
      "author_login": "mpdehaan",
      "body": "IIRC, tests are trying to live-SSH to localhost using paramiko (doing\nharmless things, but you're right not to trust me!) versus using the local\nconnection type ... I suspect your SSH key isn't in authorized_keys for\nyour own host or you're not running with ssh-agent.\n\nOn Fri, Sep 28, 2012 at 8:52 AM, Ralph Bean notifications@github.comwrote:\n\n> Hey, no problem! With::\n> \n> $ . ./hacking/env-setup\n> $ make tests\n> \n> I get http://threebean.org/ansible-tests.txt\n> \n> —\n> Reply to this email directly or view it on GitHubhttps://github.com/ansible/ansible/pull/1123#issuecomment-8975377.\n"
    },
    {
      "author_login": "ralphbean",
      "body": "That did it.  :)  Tests pass.\n"
    },
    {
      "author_login": "mpdehaan",
      "body": "merged, thanks.\n\nBTW, seeing you are one of the first folks to try it, can you let me know how things went and what you think?\n"
    }
  ],
  "reviews": []
}