{
  "pr_number": 10178,
  "url": "https://github.com/ansible/ansible/pull/10178",
  "title": "Obfuscate passwords in a variety of output",
  "author_login": "abadger",
  "state": "MERGED",
  "merged_by_login": "abadger",
  "body": "Fixes #10101 \n\nDid some testing with the following playbook:\n\n```\n- hosts: localhost\n  tasks:\n    - git:\n        repo: https://abadger:asdksadksadd@examppppp.com/faassad/fake/\n        dest: /var/tmp/checkout\n        update: yes\n      ignore_errors: True\n    - subversion:\n        password: \"this is a test\"\n        dest: '/var/tmp/checkout'\n        repo: '/var/tmp/nonexist'\n      ignore_errors: True\n```\n\nand the following commandline:\n\n```\nansible-playbook svn-passwd.yml -vvvv\n```\n\nFound several sources of output that did not identify and hide password strings.  This Pull request should fix that for the v1 tree.  Some questions to answer before merging:\n- Should I be obfuscating passwords in stdout and stderr output (when calling fail_json() from basic.py AnsibleModule._run_command())?  obfuscation can be overzealous in some cases and so I don 't know if this would end up making debugging hard in some cases.  no_log=True will hide the stdout and stderr output if we decide not to hide stdout/stderr.\n- I couldn't find password obfuscation code in the v2 tree.  Inspecting the output shows that there is a little bit of password obfuscation occurring in v2 but it isn't complete.  We probably need to at least modify basicpy run_command() in v2 as well and there may be other places.  There may also be more logging/displaying code yet to go into v2 and those would have to be checked for unobfuscated passwords afterwards as well.\n",
  "labels": [
    "P2",
    "bug"
  ],
  "additions": 184,
  "deletions": 195,
  "changed_files_count": 4,
  "changed_files_list": [
    "ansible/utils/__init__.py b/lib/ansible/utils/__init__.py",
    "test/units/TestModuleUtilsBasic.py",
    "v2/ansible/module_utils/basic.py"
  ],
  "files": [
    {
      "file_path": "ansible/utils/__init__.py b/lib/ansible/utils/__init__.py",
      "status": "modified",
      "additions": 12,
      "deletions": 27,
      "file_diff": "diff --git a/lib/ansible/utils/__init__.py b/lib/ansible/utils/__init__.py\nindex 7c4d82914bd0e7..8e3edf4f4f8a7f 100644\n--- a/lib/ansible/utils/__init__.py\n+++ b/lib/ansible/utils/__init__.py\n@@ -32,6 +32,7 @@\n from ansible.utils.hashing import secure_hash, secure_hash_s, checksum, checksum_s, md5, md5s\n from ansible.callbacks import display\n from ansible.module_utils.splitter import split_args, unquote\n+from ansible.module_utils.basic import heuristic_log_sanitize\n import ansible.constants as C\n import ast\n import time\n@@ -932,34 +933,18 @@ def sanitize_output(str):\n \n     private_keys = ['password', 'login_password']\n \n-    filter_re = [\n-        # filter out things like user:pass@foo/whatever\n-        # and http://username:pass@wherever/foo\n-        re.compile('^(?P<before>.*:)(?P<password>.*)(?P<after>\\@.*)$'),\n-    ]\n-\n-    parts = str.split()\n-    output = ''\n-    for part in parts:\n-        try:\n-            (k,v) = part.split('=', 1)\n-            if k in private_keys:\n-                output += \" %s=VALUE_HIDDEN\" % k\n-            else:\n-                found = False\n-                for filter in filter_re:\n-                    m = filter.match(v)\n-                    if m:\n-                        d = m.groupdict()\n-                        output += \" %s=%s\" % (k, d['before'] + \"********\" + d['after'])\n-                        found = True\n-                        break\n-                if not found:\n-                    output += \" %s\" % part\n-        except:\n-            output += \" %s\" % part\n+    parts = parse_kv(str)\n+    output = []\n+    for (k, v) in parts.items():\n+        if k in private_keys:\n+            output.append(\"%s=VALUE_HIDDEN\" % k)\n+            continue\n+        else:\n+            v = heuristic_log_sanitize(v)\n+        output.append('%s=%s' % (k, v))\n+    output = ' '.join(output)\n+    return output\n \n-    return output.strip()\n \n ####################################################################\n # option handling code for /usr/bin/ansible and ansible-playbook"
    },
    {
      "file_path": "test/units/TestModuleUtilsBasic.py",
      "status": "modified",
      "additions": 8,
      "deletions": 7,
      "file_diff": "diff --git a/test/units/TestModuleUtilsBasic.py b/test/units/TestModuleUtilsBasic.py\nindex 18a4e0d77248fb..2ac77764d746a9 100644\n--- a/test/units/TestModuleUtilsBasic.py\n+++ b/test/units/TestModuleUtilsBasic.py\n@@ -7,6 +7,7 @@\n \n from ansible import errors\n from ansible.module_common import ModuleReplacer\n+from ansible.module_utils.basic import heuristic_log_sanitize\n from ansible.utils import checksum as utils_checksum\n \n TEST_MODULE_DATA = \"\"\"\n@@ -264,23 +265,23 @@ def tearDown(self):\n \n     @timed(5)\n     def test_log_sanitize_speed_many_url(self):\n-        self.module._heuristic_log_sanitize(self.many_url)\n+        heuristic_log_sanitize(self.many_url)\n \n     @timed(5)\n     def test_log_sanitize_speed_many_ssh(self):\n-        self.module._heuristic_log_sanitize(self.many_ssh)\n+        heuristic_log_sanitize(self.many_ssh)\n \n     @timed(5)\n     def test_log_sanitize_speed_one_url(self):\n-        self.module._heuristic_log_sanitize(self.one_url)\n+        heuristic_log_sanitize(self.one_url)\n \n     @timed(5)\n     def test_log_sanitize_speed_one_ssh(self):\n-        self.module._heuristic_log_sanitize(self.one_ssh)\n+        heuristic_log_sanitize(self.one_ssh)\n \n     @timed(5)\n     def test_log_sanitize_speed_zero_secrets(self):\n-        self.module._heuristic_log_sanitize(self.zero_secrets)\n+        heuristic_log_sanitize(self.zero_secrets)\n \n     #\n     # Test that the password obfuscation sanitizes somewhat cleanly.\n@@ -290,8 +291,8 @@ def test_log_sanitize_correctness(self):\n         url_data = repr(self._gen_data(3, True, True, self.URL_SECRET))\n         ssh_data = repr(self._gen_data(3, True, True, self.SSH_SECRET))\n \n-        url_output = self.module._heuristic_log_sanitize(url_data)\n-        ssh_output = self.module._heuristic_log_sanitize(ssh_data)\n+        url_output = heuristic_log_sanitize(url_data)\n+        ssh_output = heuristic_log_sanitize(ssh_data)\n \n         # Basic functionality: Successfully hid the password\n         try:"
    },
    {
      "file_path": "v2/ansible/module_utils/basic.py",
      "status": "modified",
      "additions": 82,
      "deletions": 80,
      "file_diff": "diff --git a/v2/ansible/module_utils/basic.py b/v2/ansible/module_utils/basic.py\nindex cd4d60245375d9..099b808b2c66a5 100644\n--- a/v2/ansible/module_utils/basic.py\n+++ b/v2/ansible/module_utils/basic.py\n@@ -171,6 +171,7 @@ def _convert(node):\n     directory_mode = dict(), # used by copy\n )\n \n+PASSWD_ARG_RE = re.compile(r'^[-]{0,2}pass[-]?(word|wd)?')\n \n def get_platform():\n     ''' what's the platform?  example: Linux is a platform. '''\n@@ -269,6 +270,65 @@ def json_dict_bytes_to_unicode(d):\n     else:\n         return d\n \n+def heuristic_log_sanitize(data):\n+    ''' Remove strings that look like passwords from log messages '''\n+    # Currently filters:\n+    # user:pass@foo/whatever and http://username:pass@wherever/foo\n+    # This code has false positives and consumes parts of logs that are\n+    # not passwds\n+\n+    # begin: start of a passwd containing string\n+    # end: end of a passwd containing string\n+    # sep: char between user and passwd\n+    # prev_begin: where in the overall string to start a search for\n+    #   a passwd\n+    # sep_search_end: where in the string to end a search for the sep\n+    output = []\n+    begin = len(data)\n+    prev_begin = begin\n+    sep = 1\n+    while sep:\n+        # Find the potential end of a passwd\n+        try:\n+            end = data.rindex('@', 0, begin)\n+        except ValueError:\n+            # No passwd in the rest of the data\n+            output.insert(0, data[0:begin])\n+            break\n+\n+        # Search for the beginning of a passwd\n+        sep = None\n+        sep_search_end = end\n+        while not sep:\n+            # URL-style username+password\n+            try:\n+                begin = data.rindex('://', 0, sep_search_end)\n+            except ValueError:\n+                # No url style in the data, check for ssh style in the\n+                # rest of the string\n+                begin = 0\n+            # Search for separator\n+            try:\n+                sep = data.index(':', begin + 3, end)\n+            except ValueError:\n+                # No separator; choices:\n+                if begin == 0:\n+                    # Searched the whole string so there's no password\n+                    # here.  Return the remaining data\n+                    output.insert(0, data[0:begin])\n+                    break\n+                # Search for a different beginning of the password field.\n+                sep_search_end = begin\n+                continue\n+        if sep:\n+            # Password was found; remove it.\n+            output.insert(0, data[end:prev_begin])\n+            output.insert(0, '********')\n+            output.insert(0, data[begin:sep + 1])\n+            prev_begin = begin\n+\n+    return ''.join(output)\n+\n \n class AnsibleModule(object):\n \n@@ -1009,64 +1069,6 @@ def _load_params(self):\n             params = dict()\n         return params\n \n-    def _heuristic_log_sanitize(self, data):\n-        ''' Remove strings that look like passwords from log messages '''\n-        # Currently filters:\n-        # user:pass@foo/whatever and http://username:pass@wherever/foo\n-        # This code has false positives and consumes parts of logs that are\n-        # not passwds\n-\n-        # begin: start of a passwd containing string\n-        # end: end of a passwd containing string\n-        # sep: char between user and passwd\n-        # prev_begin: where in the overall string to start a search for\n-        #   a passwd\n-        # sep_search_end: where in the string to end a search for the sep\n-        output = []\n-        begin = len(data)\n-        prev_begin = begin\n-        sep = 1\n-        while sep:\n-            # Find the potential end of a passwd\n-            try:\n-                end = data.rindex('@', 0, begin)\n-            except ValueError:\n-                # No passwd in the rest of the data\n-                output.insert(0, data[0:begin])\n-                break\n-\n-            # Search for the beginning of a passwd\n-            sep = None\n-            sep_search_end = end\n-            while not sep:\n-                # URL-style username+password\n-                try:\n-                    begin = data.rindex('://', 0, sep_search_end)\n-                except ValueError:\n-                    # No url style in the data, check for ssh style in the\n-                    # rest of the string\n-                    begin = 0\n-                # Search for separator\n-                try:\n-                    sep = data.index(':', begin + 3, end)\n-                except ValueError:\n-                    # No separator; choices:\n-                    if begin == 0:\n-                        # Searched the whole string so there's no password\n-                        # here.  Return the remaining data\n-                        output.insert(0, data[0:begin])\n-                        break\n-                    # Search for a different beginning of the password field.\n-                    sep_search_end = begin\n-                    continue\n-            if sep:\n-                # Password was found; remove it.\n-                output.insert(0, data[end:prev_begin])\n-                output.insert(0, '********')\n-                output.insert(0, data[begin:sep + 1])\n-                prev_begin = begin\n-\n-        return ''.join(output)\n \n     def _log_invocation(self):\n         ''' log that ansible ran the module '''\n@@ -1090,7 +1092,7 @@ def _log_invocation(self):\n                     param_val = str(param_val)\n                 elif isinstance(param_val, unicode):\n                     param_val = param_val.encode('utf-8')\n-                log_args[param] = self._heuristic_log_sanitize(param_val)\n+                log_args[param] = heuristic_log_sanitize(param_val)\n \n         module = 'ansible-%s' % os.path.basename(__file__)\n         msg = []\n@@ -1434,27 +1436,27 @@ def run_command(self, args, check_rc=False, close_fds=True, executable=None, dat\n         # create a printable version of the command for use\n         # in reporting later, which strips out things like\n         # passwords from the args list\n-        if isinstance(args, list):\n-            clean_args = \" \".join(pipes.quote(arg) for arg in args)\n+        if isinstance(args, basestring):\n+            to_clean_args = shlex.split(args.encode('utf-8'))\n         else:\n-            clean_args = args\n-\n-        # all clean strings should return two match groups, \n-        # where the first is the CLI argument and the second \n-        # is the password/key/phrase that will be hidden\n-        clean_re_strings = [\n-            # this removes things like --password, --pass, --pass-wd, etc.\n-            # optionally followed by an '=' or a space. The password can \n-            # be quoted or not too, though it does not care about quotes\n-            # that are not balanced\n-            # source: http://blog.stevenlevithan.com/archives/match-quoted-string\n-            r'([-]{0,2}pass[-]?(?:word|wd)?[=\\s]?)((?:[\"\\'])?(?:[^\\s])*(?:\\1)?)',\n-            r'^(?P<before>.*:)(?P<password>.*)(?P<after>\\@.*)$', \n-            # TODO: add more regex checks here\n-        ]\n-        for re_str in clean_re_strings:\n-            r = re.compile(re_str)\n-            clean_args = r.sub(r'\\1********', clean_args)\n+            to_clean_args = args\n+\n+        clean_args = []\n+        is_passwd = False\n+        for arg in to_clean_args:\n+            if is_passwd:\n+                is_passwd = False\n+                clean_args.append('********')\n+                continue\n+            if PASSWD_ARG_RE.match(arg):\n+                sep_idx = arg.find('=')\n+                if sep_idx > -1:\n+                    clean_args.append('%s=********' % arg[:sep_idx])\n+                    continue\n+                else:\n+                    is_passwd = True\n+            clean_args.append(heuristic_log_sanitize(arg))\n+        clean_args = ' '.join(pipes.quote(arg) for arg in clean_args)\n \n         if data:\n             st_in = subprocess.PIPE\n@@ -1539,7 +1541,7 @@ def run_command(self, args, check_rc=False, close_fds=True, executable=None, dat\n             self.fail_json(rc=257, msg=traceback.format_exc(), cmd=clean_args)\n \n         if rc != 0 and check_rc:\n-            msg = stderr.rstrip()\n+            msg = heuristic_log_sanitize(stderr.rstrip())\n             self.fail_json(cmd=clean_args, rc=rc, stdout=stdout, stderr=stderr, msg=msg)\n \n         # reset the pwd\n"
    }
  ],
  "comments": [
    {
      "author_login": "abadger",
      "body": "- Decided that stdout and stderr should not be included in password obfuscation.  Making debugging harder is not desirable and stdout/stderr output could be very large and scanning for passwords could slow this down too much.  if there's places where stdout/stderr are a concern, then using no_log: true is the right thing to do.\n- Password obfuscation in v2 is currently only implemented in basic.py so I'll port that over now.  The other places in v1 where password obfuscation occurs will happen when we port those pieces over to v2.\n"
    }
  ],
  "reviews": []
}