{
  "pr_number": 10202,
  "url": "https://github.com/ansible/ansible/pull/10202",
  "title": "Adds Kerberos authentication to winrm if available",
  "author_login": "kstrauser",
  "state": "MERGED",
  "merged_by_login": "bcoca",
  "body": "If the kerberos module is available, winrm will attempt to establish a Kerberized connection to a Windows server. This allows use of Windows domain accounts, which are quite often the only kinds of accounts enabled on enterprise networks.\n\nThis also pulls the `transport_schemes` variable up into the `winrm.Connection` class. This lets tests or future modifications alter the list of available schemas without reaching into `Connection.__init__`.\n\n(Identical to #10161, but now with moar devel.)\n",
  "labels": [
    "windows",
    "feature"
  ],
  "additions": 15,
  "deletions": 4,
  "changed_files_count": 1,
  "changed_files_list": [
    "ansible/runner/connection_plugins/winrm.py b/lib/ansible/runner/connection_plugins/winrm.py"
  ],
  "files": [
    {
      "file_path": "ansible/runner/connection_plugins/winrm.py b/lib/ansible/runner/connection_plugins/winrm.py",
      "status": "modified",
      "additions": 15,
      "deletions": 4,
      "file_diff": "diff --git a/lib/ansible/runner/connection_plugins/winrm.py b/lib/ansible/runner/connection_plugins/winrm.py\nindex 0251839cceaa30..79e7ed588904f9 100644\n--- a/lib/ansible/runner/connection_plugins/winrm.py\n+++ b/lib/ansible/runner/connection_plugins/winrm.py\n@@ -37,6 +37,13 @@\n except ImportError:\n     raise errors.AnsibleError(\"winrm is not installed\")\n \n+HAVE_KERBEROS = False\n+try:\n+    import kerberos\n+    HAVE_KERBEROS = True\n+except ImportError:\n+    pass\n+\n _winrm_cache = {\n     # 'user:pwhash@host:port': <protocol instance>\n }\n@@ -47,6 +54,11 @@ def vvvvv(msg, host=None):\n class Connection(object):\n     '''WinRM connections over HTTP/HTTPS.'''\n \n+    transport_schemes = {\n+        'http': [('kerberos', 'http'), ('plaintext', 'http'), ('plaintext', 'https')],\n+        'https': [('kerberos', 'https'), ('plaintext', 'http'), ('plaintext', 'https')],\n+        }\n+\n     def __init__(self,  runner, host, port, user, password, *args, **kwargs):\n         self.runner = runner\n         self.host = host\n@@ -72,11 +84,10 @@ def _winrm_connect(self):\n         if cache_key in _winrm_cache:\n             vvvv('WINRM REUSE EXISTING CONNECTION: %s' % cache_key, host=self.host)\n             return _winrm_cache[cache_key]\n-        transport_schemes = [('plaintext', 'https'), ('plaintext', 'http')] # FIXME: ssl/kerberos\n-        if port == 5985:\n-            transport_schemes = reversed(transport_schemes)\n         exc = None\n-        for transport, scheme in transport_schemes:\n+        for transport, scheme in self.transport_schemes['http' if port == 5985 else 'https']:\n+            if transport == 'kerberos' and not HAVE_KERBEROS:\n+                continue\n             endpoint = urlparse.urlunsplit((scheme, netloc, '/wsman', '', ''))\n             vvvv('WINRM CONNECT: transport=%s endpoint=%s' % (transport, endpoint),\n                  host=self.host)\n"
    }
  ],
  "comments": [
    {
      "author_login": "jhawkesworth",
      "body": "Very glad to see this merged but concerned its not documented that you'd need to add kerberos module (this is based on previous experience where lots of people are familiar with the notion of a windows domain login and don't necessarily know that underneath its actually based on kerberos).\nHappy to tackle a documentation PR but thought I'd ask in case it was pending.\n\n-- cheers,\nJon\n"
    },
    {
      "author_login": "kstrauser",
      "body": "That’s a great point, and I confess that I hadn’t started the doc PR yet. Let me know if you’d rather you or I do it.\n"
    },
    {
      "author_login": "bcoca",
      "body": "I was thinking that if the transport is kerberos, instead of a pass when\nthe library is missing it should raise an AnsibleError describing the issue.\n\n## \n\nBrian Coca\n"
    },
    {
      "author_login": "kstrauser",
      "body": "As an alternative, what if `HAVE_KERBEROS` is False and all transport schemes fail, then raise an exception suggesting that they install kerberos if they need domain account authentication?\n"
    },
    {
      "author_login": "bcoca",
      "body": "that sounds as the best alternative\n"
    },
    {
      "author_login": "kstrauser",
      "body": "Something like 2587c9cdc865218340bfcc3e1bf19f44fd08ddd5?\n"
    },
    {
      "author_login": "jhawkesworth",
      "body": "Please go ahead and document it...\nThis looks like a good place to mention installing kerberos \nhttp://docs.ansible.com/intro_windows.html#installing-on-the-control-machine\n\nWell worth reading through this thread as there's some useful info about domain / kerberos support in it too:\n\nhttps://groups.google.com/forum/#!searchin/ansible-devel/kerberos/ansible-devel/TYMdAoN9IK8/7oaNzpHj5UAJ\n"
    },
    {
      "author_login": "kstrauser",
      "body": "@jhawkesworth Will do.\n"
    },
    {
      "author_login": "kstrauser",
      "body": "@jhawkesworth See #10256.\n"
    },
    {
      "author_login": "bcoca",
      "body": "this should raise an exception telling the user they need the required library\n",
      "file_path": "lib/ansible/runner/connection_plugins/winrm.py",
      "diff_hunk": "@@ -72,11 +84,10 @@ def _winrm_connect(self):\n         if cache_key in _winrm_cache:\n             vvvv('WINRM REUSE EXISTING CONNECTION: %s' % cache_key, host=self.host)\n             return _winrm_cache[cache_key]\n-        transport_schemes = [('plaintext', 'https'), ('plaintext', 'http')] # FIXME: ssl/kerberos\n-        if port == 5985:\n-            transport_schemes = reversed(transport_schemes)\n         exc = None\n-        for transport, scheme in transport_schemes:\n+        for transport, scheme in self.transport_schemes['http' if port == 5985 else 'https']:\n+            if transport == 'kerberos' and not HAVE_KERBEROS:\n+                continue",
      "comment_type": "review_comment"
    },
    {
      "author_login": "kstrauser",
      "body": "The thinking behind not doing that earlier was that it would retain backward compatibility with existing installations that don't have kerberos.py installed. With that change, since the `kerberos` is in both transport schemes and will always be tried, all Windows admins would start getting exceptions until they install kerberos.\n",
      "file_path": "lib/ansible/runner/connection_plugins/winrm.py",
      "diff_hunk": "@@ -72,11 +84,10 @@ def _winrm_connect(self):\n         if cache_key in _winrm_cache:\n             vvvv('WINRM REUSE EXISTING CONNECTION: %s' % cache_key, host=self.host)\n             return _winrm_cache[cache_key]\n-        transport_schemes = [('plaintext', 'https'), ('plaintext', 'http')] # FIXME: ssl/kerberos\n-        if port == 5985:\n-            transport_schemes = reversed(transport_schemes)\n         exc = None\n-        for transport, scheme in transport_schemes:\n+        for transport, scheme in self.transport_schemes['http' if port == 5985 else 'https']:\n+            if transport == 'kerberos' and not HAVE_KERBEROS:\n+                continue",
      "comment_type": "review_comment"
    }
  ],
  "reviews": []
}