{
  "pr_number": 10971,
  "url": "https://github.com/ansible/ansible/pull/10971",
  "title": "Add missed broadcast address to linux network facts.",
  "author_login": "mightydok",
  "state": "MERGED",
  "merged_by_login": "bcoca",
  "body": "Add missed broadcast address to linux network facts.\nFixes #10917 \n",
  "labels": [
    "bug"
  ],
  "additions": 5,
  "deletions": 0,
  "changed_files_count": 1,
  "changed_files_list": [
    "ansible/module_utils/facts.py b/lib/ansible/module_utils/facts.py"
  ],
  "files": [
    {
      "file_path": "ansible/module_utils/facts.py b/lib/ansible/module_utils/facts.py",
      "status": "modified",
      "additions": 5,
      "deletions": 0,
      "file_diff": "diff --git a/lib/ansible/module_utils/facts.py b/lib/ansible/module_utils/facts.py\nindex b223c5f5f7d3eb..b025a80d956783 100644\n--- a/lib/ansible/module_utils/facts.py\n+++ b/lib/ansible/module_utils/facts.py\n@@ -1836,6 +1836,7 @@ def parse_ip_output(output, secondary=False):\n                     if words[0] == 'inet':\n                         if '/' in words[1]:\n                             address, netmask_length = words[1].split('/')\n+                            broadcast = words[3]\n                         else:\n                             # pointopoint interfaces do not have a prefix\n                             address = words[1]\n@@ -1849,6 +1850,7 @@ def parse_ip_output(output, secondary=False):\n                             interfaces[iface] = {}\n                         if not secondary and \"ipv4\" not in interfaces[iface]:\n                             interfaces[iface]['ipv4'] = {'address': address,\n+                                                         'broadcast': broadcast,\n                                                          'netmask': netmask,\n                                                          'network': network}\n                         else:\n@@ -1856,6 +1858,7 @@ def parse_ip_output(output, secondary=False):\n                                 interfaces[iface][\"ipv4_secondaries\"] = []\n                             interfaces[iface][\"ipv4_secondaries\"].append({\n                                 'address': address,\n+                                'broadcast': broadcast,\n                                 'netmask': netmask,\n                                 'network': network,\n                             })\n@@ -1866,12 +1869,14 @@ def parse_ip_output(output, secondary=False):\n                                 interfaces[device][\"ipv4_secondaries\"] = []\n                             interfaces[device][\"ipv4_secondaries\"].append({\n                                 'address': address,\n+                                'broadcast': broadcast,\n                                 'netmask': netmask,\n                                 'network': network,\n                             })\n \n                         # If this is the default address, update default_ipv4\n                         if 'address' in default_ipv4 and default_ipv4['address'] == address:\n+                            default_ipv4['broadcast'] = broadcast \n                             default_ipv4['netmask'] = netmask\n                             default_ipv4['network'] = network\n                             default_ipv4['macaddress'] = macaddress\n"
    }
  ],
  "comments": [
    {
      "author_login": "amenonsen",
      "body": "Looks reasonable, but you need to assign `broadcast = \"\"` in the other branch, otherwise you get `UnboundLocalError: local variable 'broadcast' referenced before assignment`.\n"
    }
  ],
  "reviews": []
}