{
  "pr_number": 11527,
  "url": "https://github.com/ansible/ansible/pull/11527",
  "title": "Added tests for `taggable` module",
  "author_login": "marconius",
  "state": "MERGED",
  "merged_by_login": "bcoca",
  "body": "",
  "labels": [
    "feature"
  ],
  "additions": 104,
  "deletions": 1,
  "changed_files_count": 2,
  "changed_files_list": [
    "test/units/playbook/test_taggable.py"
  ],
  "files": [
    {
      "file_path": "test/units/playbook/test_taggable.py",
      "status": "added",
      "additions": 104,
      "deletions": 0,
      "file_diff": "diff --git a/test/units/playbook/test_taggable.py b/test/units/playbook/test_taggable.py\nnew file mode 100644\nindex 00000000000000..501136741a6416\n--- /dev/null\n+++ b/test/units/playbook/test_taggable.py\n@@ -0,0 +1,104 @@\n+# (c) 2012-2014, Michael DeHaan <michael.dehaan@gmail.com>\n+#\n+# This file is part of Ansible\n+#\n+# Ansible is free software: you can redistribute it and/or modify\n+# it under the terms of the GNU General Public License as published by\n+# the Free Software Foundation, either version 3 of the License, or\n+# (at your option) any later version.\n+#\n+# Ansible is distributed in the hope that it will be useful,\n+# but WITHOUT ANY WARRANTY; without even the implied warranty of\n+# MERCHANTABILITY or FITNESS FOR A PARTICULAR PURPOSE.  See the\n+# GNU General Public License for more details.\n+#\n+# You should have received a copy of the GNU General Public License\n+# along with Ansible.  If not, see <http://www.gnu.org/licenses/>.\n+\n+# Make coding more python3-ish\n+from __future__ import (absolute_import, division, print_function)\n+__metaclass__ = type\n+\n+from ansible.compat.tests import unittest\n+from ansible.playbook.taggable import Taggable\n+from units.mock.loader import DictDataLoader\n+\n+class TaggableTestObj(Taggable):\n+\n+    def __init__(self):\n+        self._loader = DictDataLoader({})\n+        self.tags = []\n+\n+\n+class TestTaggable(unittest.TestCase):\n+\n+    def assert_evaluate_equal(self, test_value, tags, only_tags, skip_tags):\n+        taggable_obj = TaggableTestObj()\n+        taggable_obj.tags = tags\n+\n+        evaluate = taggable_obj.evaluate_tags(only_tags, skip_tags, {})\n+\n+        self.assertEqual(test_value, evaluate)\n+\n+    def test_evaluate_tags_tag_in_only_tags(self):\n+        self.assert_evaluate_equal(True, ['tag1', 'tag2'], ['tag1'], [])\n+\n+    def test_evaluate_tags_tag_in_skip_tags(self):\n+        self.assert_evaluate_equal(False, ['tag1', 'tag2'], [], ['tag1'])\n+\n+    def test_evaluate_tags_special_always_in_object_tags(self):\n+        self.assert_evaluate_equal(True, ['tag', 'always'], ['random'], [])\n+\n+    def test_evaluate_tags_tag_in_skip_tags_special_always_in_object_tags(self):\n+        self.assert_evaluate_equal(False, ['tag', 'always'], ['random'], ['tag'])\n+\n+    def test_evaluate_tags_special_always_in_skip_tags_and_always_in_tags(self):\n+        self.assert_evaluate_equal(False, ['tag', 'always'], [], ['always'])\n+\n+    def test_evaluate_tags_special_tagged_in_only_tags_and_object_tagged(self):\n+        self.assert_evaluate_equal(True, ['tag'], ['tagged'], [])\n+\n+    def test_evaluate_tags_special_tagged_in_only_tags_and_object_untagged(self):\n+        self.assert_evaluate_equal(False, [], ['tagged'], [])\n+\n+    def test_evaluate_tags_special_tagged_in_skip_tags_and_object_tagged(self):\n+        self.assert_evaluate_equal(False, ['tag'], [], ['tagged'])\n+\n+    def test_evaluate_tags_special_tagged_in_skip_tags_and_object_untagged(self):\n+        self.assert_evaluate_equal(True, [], [], ['tagged'])\n+\n+    def test_evaluate_tags_special_untagged_in_only_tags_and_object_tagged(self):\n+        self.assert_evaluate_equal(False, ['tag'], ['untagged'], [])\n+\n+    def test_evaluate_tags_special_untagged_in_only_tags_and_object_untagged(self):\n+        self.assert_evaluate_equal(True, [], ['untagged'], [])\n+\n+    def test_evaluate_tags_special_untagged_in_skip_tags_and_object_tagged(self):\n+        self.assert_evaluate_equal(True, ['tag'], [], ['untagged'])\n+\n+    def test_evaluate_tags_special_untagged_in_skip_tags_and_object_untagged(self):\n+        self.assert_evaluate_equal(False, [], [], ['untagged'])\n+\n+    def test_evaluate_tags_special_all_in_only_tags(self):\n+        self.assert_evaluate_equal(True, ['tag'], ['all'], ['untagged'])\n+\n+    def test_evaluate_tags_special_all_in_skip_tags(self):\n+        self.assert_evaluate_equal(False, ['tag'], ['tag'], ['all'])\n+\n+    def test_evaluate_tags_special_all_in_only_tags_and_special_all_in_skip_tags(self):\n+        self.assert_evaluate_equal(False, ['tag'], ['all'], ['all'])\n+\n+    def test_evaluate_tags_special_all_in_skip_tags_and_always_in_object_tags(self):\n+        self.assert_evaluate_equal(True, ['tag', 'always'], [], ['all'])\n+\n+    def test_evaluate_tags_special_all_in_skip_tags_and_special_always_in_skip_tags_and_always_in_object_tags(self):\n+        self.assert_evaluate_equal(False, ['tag', 'always'], [], ['all', 'always'])\n+\n+    def test_evaluate_tags_accepts_lists(self):\n+        self.assert_evaluate_equal(True, ['tag1', 'tag2'], ['tag2'], [])\n+\n+    def test_evaluate_tags_accepts_strings(self):\n+        self.assert_evaluate_equal(True, 'tag1,tag2', ['tag2'], [])\n+\n+    def test_evaluate_tags_with_repeated_tags(self):\n+        self.assert_evaluate_equal(False, ['tag', 'tag'], [], ['tag'])\n"
    }
  ],
  "comments": [],
  "reviews": []
}