{
  "pr_number": 10137,
  "url": "https://github.com/ansible/ansible/pull/10137",
  "title": "Saner ansible-pull output",
  "author_login": "nmeum",
  "state": "MERGED",
  "merged_by_login": "bcoca",
  "body": "I use ansible-pull in a cronjob. I manually redirect stdout to /dev/null in this cronjob because I only want to be notified of errors. My cron is setup in a way that it sends me an email if the cronjob has any output at all. The annoying thing is that I receive an email everyday saying `Starting ansible-pull at 2015-01-29 00:00:20` that's the case because someone decided that it would be a good idea to write this to stderr (even though it isn't an error message). Thus I decided to change this and send a pull request. While doing so I discovered that ansible doesn't write a message to stderr when it was unable to pull the remote repositiory therefore I changed that as well.\n",
  "labels": [
    "bug"
  ],
  "additions": 2,
  "deletions": 2,
  "changed_files_count": 1,
  "changed_files_list": [
    "bin/ansible-pull"
  ],
  "files": [
    {
      "file_path": "bin/ansible-pull",
      "status": "modified",
      "additions": 2,
      "deletions": 2,
      "file_diff": "diff --git a/bin/ansible-pull b/bin/ansible-pull\nindex 2d91324315638e..67b969fdae6710 100755\n--- a/bin/ansible-pull\n+++ b/bin/ansible-pull\n@@ -151,7 +151,7 @@ def main(args):\n         return 1\n \n     now = datetime.datetime.now()\n-    print >>sys.stderr, now.strftime(\"Starting ansible-pull at %F %T\")\n+    print now.strftime(\"Starting ansible-pull at %F %T\")\n \n     # Attempt to use the inventory passed in as an argument\n     # It might not yet have been downloaded so use localhost if note\n@@ -194,7 +194,7 @@ def main(args):\n \n     if rc != 0:\n         if options.force:\n-            print \"Unable to update repository. Continuing with (forced) run of playbook.\"\n+            print >>sys.stderr, \"Unable to update repository. Continuing with (forced) run of playbook.\"\n         else:\n             return rc\n     elif options.ifchanged and '\"changed\": true' not in out:\n"
    }
  ],
  "comments": [],
  "reviews": []
}