{
  "pr_number": 10263,
  "url": "https://github.com/ansible/ansible/pull/10263",
  "title": "fix links to ansible-devel in documentation pages",
  "author_login": "shamrin",
  "state": "MERGED",
  "merged_by_login": "bcoca",
  "body": "",
  "labels": [
    "docs"
  ],
  "additions": 4,
  "deletions": 4,
  "changed_files_count": 2,
  "changed_files_list": [
    "v2/hacking/templates/rst.j2"
  ],
  "files": [
    {
      "file_path": "v2/hacking/templates/rst.j2",
      "status": "modified",
      "additions": 2,
      "deletions": 2,
      "file_diff": "diff --git a/v2/hacking/templates/rst.j2 b/v2/hacking/templates/rst.j2\nindex c72a11db144ae8..59b8f35474c2ba 100644\n--- a/v2/hacking/templates/rst.j2\n+++ b/v2/hacking/templates/rst.j2\n@@ -123,7 +123,7 @@ This source of this module is hosted on GitHub in the `ansible-modules-core <htt\n   \n If you believe you have found a bug in this module, and are already running the latest stable or development version of Ansible, first look in the `issue tracker at github.com/ansible/ansible-modules-core <http://github.com/ansible/ansible-modules-core>`_ to see if a bug has already been filed.  If not, we would be grateful if you would file one.\n \n-Should you have a question rather than a bug report, inquiries are welcome on the `ansible-project google group <https://groups.google.com/forum/#!forum/ansible-project>`_ or on Ansible's \"#ansible\" channel, located on irc.freenode.net.   Development oriented topics should instead use the similar `ansible-devel google group <https://groups.google.com/forum/#!forum/ansible-project>`_.\n+Should you have a question rather than a bug report, inquiries are welcome on the `ansible-project google group <https://groups.google.com/forum/#!forum/ansible-project>`_ or on Ansible's \"#ansible\" channel, located on irc.freenode.net.   Development oriented topics should instead use the similar `ansible-devel google group <https://groups.google.com/forum/#!forum/ansible-devel>`_.\n \n Documentation updates for this module can also be edited directly by submitting a pull request to the module source code, just look for the \"DOCUMENTATION\" block in the source tree.\n \n@@ -138,7 +138,7 @@ This source of this module is hosted on GitHub in the `ansible-modules-extras <h\n   \n If you believe you have found a bug in this module, and are already running the latest stable or development version of Ansible, first look in the `issue tracker at github.com/ansible/ansible-modules-extras <http://github.com/ansible/ansible-modules-extras>`_ to see if a bug has already been filed.  If not, we would be grateful if you would file one.\n \n-Should you have a question rather than a bug report, inquiries are welcome on the `ansible-project google group <https://groups.google.com/forum/#!forum/ansible-project>` or on Ansible's \"#ansible\" channel, located on irc.freenode.net.   Development oriented topics should instead use the similar `ansible-devel google group <https://groups.google.com/forum/#!forum/ansible-project>`_.\n+Should you have a question rather than a bug report, inquiries are welcome on the `ansible-project google group <https://groups.google.com/forum/#!forum/ansible-project>` or on Ansible's \"#ansible\" channel, located on irc.freenode.net.   Development oriented topics should instead use the similar `ansible-devel google group <https://groups.google.com/forum/#!forum/ansible-devel>`_.\n \n Documentation updates for this module can also be edited directly by submitting a pull request to the module source code, just look for the \"DOCUMENTATION\" block in the source tree.\n \n"
    }
  ],
  "comments": [],
  "reviews": []
}