{
  "pr_number": 11494,
  "url": "https://github.com/ansible/ansible/pull/11494",
  "title": "Add facts for datetime 8601 basic and basic short.",
  "author_login": "jonhadfield",
  "state": "MERGED",
  "merged_by_login": "bcoca",
  "body": "This PR adds facts for the date time in the official basic format of iso8601 and a short version without fractions of a second.\n\n<strong>Basic</strong>\nNotation: yyyymmddThhmmssffffff\nExample: 20150705T160037761485\n\n<strong>Basic Short</strong>\nNotation: yyyymmddThhmmss\nExample: 20150705T160037\n\nThis is useful for datetime stamping a file, AWS AMI name, etc. without all of the separators and without having to chain a number of calls, i.e.\n`{{ ansible_date_time.year }}{{ ansible_date_time.month }}{{ ansible_date_time.day }}T{{ ansible_date_time.hour }}{{ ansible_date_time.minute }}{{ ansible_date_time.second }}`\n\nIntentionally not using UTC with offset for brevity and as it can be appended by adding the existing tz/tz_offset facts.\n",
  "labels": [
    "feature"
  ],
  "additions": 2,
  "deletions": 0,
  "changed_files_count": 1,
  "changed_files_list": [
    "ansible/module_utils/facts.py b/lib/ansible/module_utils/facts.py"
  ],
  "files": [
    {
      "file_path": "ansible/module_utils/facts.py b/lib/ansible/module_utils/facts.py",
      "status": "modified",
      "additions": 2,
      "deletions": 0,
      "file_diff": "diff --git a/lib/ansible/module_utils/facts.py b/lib/ansible/module_utils/facts.py\nindex cf75114c64e482..cc90c070afec08 100644\n--- a/lib/ansible/module_utils/facts.py\n+++ b/lib/ansible/module_utils/facts.py\n@@ -601,6 +601,8 @@ def get_date_time_facts(self):\n         self.facts['date_time']['time'] = now.strftime('%H:%M:%S')\n         self.facts['date_time']['iso8601_micro'] = now.utcnow().strftime(\"%Y-%m-%dT%H:%M:%S.%fZ\")\n         self.facts['date_time']['iso8601'] = now.utcnow().strftime(\"%Y-%m-%dT%H:%M:%SZ\")\n+        self.facts['date_time']['iso8601_basic'] = now.strftime(\"%Y%m%dT%H%M%S%f\")\n+        self.facts['date_time']['iso8601_basic_short'] = now.strftime(\"%Y%m%dT%H%M%S\")\n         self.facts['date_time']['tz'] = time.strftime(\"%Z\")\n         self.facts['date_time']['tz_offset'] = time.strftime(\"%z\")\n \n"
    }
  ],
  "comments": [],
  "reviews": []
}