{
  "pr_number": 10113,
  "url": "https://github.com/ansible/ansible/pull/10113",
  "title": "Url lookup",
  "author_login": "bcoca",
  "state": "MERGED",
  "merged_by_login": "bcoca",
  "body": "now you can loop over what a url returns, with the same usability and security concerns of piping curl/wget into your shells!\n\nThis does nothing fancy, can easily be expanded to handle specific needs of different URLS (ftp authentication? https? etc).\n",
  "labels": [
    "feature"
  ],
  "additions": 52,
  "deletions": 0,
  "changed_files_count": 2,
  "changed_files_list": [
    "ansible/runner/lookup_plugins/url.py b/lib/ansible/runner/lookup_plugins/url.py"
  ],
  "files": [
    {
      "file_path": "ansible/runner/lookup_plugins/url.py b/lib/ansible/runner/lookup_plugins/url.py",
      "status": "added",
      "additions": 48,
      "deletions": 0,
      "file_diff": "diff --git a/lib/ansible/runner/lookup_plugins/url.py b/lib/ansible/runner/lookup_plugins/url.py\nnew file mode 100644\nindex 00000000000000..37a1df6c7af57e\n--- /dev/null\n+++ b/lib/ansible/runner/lookup_plugins/url.py\n@@ -0,0 +1,48 @@\n+# (c) 2015, Brian Coca <bcoca@ansible.com>\n+#\n+# This file is part of Ansible\n+#\n+# Ansible is free software: you can redistribute it and/or modify\n+# it under the terms of the GNU General Public License as published by\n+# the Free Software Foundation, either version 3 of the License, or\n+# (at your option) any later version.\n+#\n+# Ansible is distributed in the hope that it will be useful,\n+# but WITHOUT ANY WARRANTY; without even the implied warranty of\n+# MERCHANTABILITY or FITNESS FOR A PARTICULAR PURPOSE.  See the\n+# GNU General Public License for more details.\n+#\n+# You should have received a copy of the GNU General Public License\n+# along with Ansible.  If not, see <http://www.gnu.org/licenses/>.\n+\n+from ansible import utils\n+import urllib2\n+\n+class LookupModule(object):\n+\n+    def __init__(self, basedir=None, **kwargs):\n+        self.basedir = basedir\n+\n+    def run(self, terms, inject=None, **kwargs):\n+\n+        terms = utils.listify_lookup_plugin_terms(terms, self.basedir, inject)\n+\n+        if isinstance(terms, basestring):\n+            terms = [ terms ]\n+\n+        ret = []\n+        for term in terms:\n+            try:\n+                r = urllib2.Request(term)\n+                response = urllib2.urlopen(r)\n+            except URLError, e:\n+                utils.warnings(\"Failed lookup url for %s : %s\" % (term, str(e)))\n+                continue\n+            except HTTPError, e:\n+                utils.warnings(\"Recieved HTTP error for %s : %s\" % (term, str(e)))\n+                continue\n+\n+            for line in response.read().splitlines():\n+                ret.append(line)\n+\n+        return ret\n"
    }
  ],
  "comments": [
    {
      "author_login": "resmo",
      "body": "Would this also work with other protocols? e.g. FTP?\n"
    },
    {
      "author_login": "bcoca",
      "body": "yes, tested with   'ftp://ftp.us.debian.org/debian/README', for example\n"
    },
    {
      "author_login": "bcoca",
      "body": "these were my tests:\n\n```\n- hosts: localhost\n  gather_facts: false\n  connection: local\n  tasks:\n    - debug: msg=\"{{item}}\"\n      with_url:\n        - 'http://github.com/otherguy.keys'\n        - 'ftp://ftp.us.debian.org/debian/README'\n        - 'file:///tmp/test1'\n```\n"
    },
    {
      "author_login": "resmo",
      "body": "nice!\n"
    },
    {
      "author_login": "cemo",
      "body": "nice\n"
    },
    {
      "author_login": "resmo",
      "body": "there is a \" missing\n",
      "file_path": "docsite/rst/playbooks_lookups.rst",
      "diff_hunk": "@@ -128,6 +128,10 @@ Here are some examples::\n \n          - debug: msg=\"{{ lookup('etcd', 'foo') }} is a value from a locally running etcd\"\n \n+         - debug: msg=\"{{item}}",
      "comment_type": "review_comment"
    }
  ],
  "reviews": []
}