{
  "pr_number": 10901,
  "url": "https://github.com/ansible/ansible/pull/10901",
  "title": "Fix pylint error on \"cachefile does not exist\"",
  "author_login": "mscherer",
  "state": "MERGED",
  "merged_by_login": "bcoca",
  "body": "Since cachefile is used to show the error message when stat\nfail, the variable need to be declared.\n",
  "labels": [
    "bug"
  ],
  "additions": 2,
  "deletions": 1,
  "changed_files_count": 1,
  "changed_files_list": [
    "ansible/cache/jsonfile.py b/lib/ansible/cache/jsonfile.py"
  ],
  "files": [
    {
      "file_path": "ansible/cache/jsonfile.py b/lib/ansible/cache/jsonfile.py",
      "status": "modified",
      "additions": 2,
      "deletions": 1,
      "file_diff": "diff --git a/lib/ansible/cache/jsonfile.py b/lib/ansible/cache/jsonfile.py\nindex 9c45dc22fd7912..0bade893a82077 100644\n--- a/lib/ansible/cache/jsonfile.py\n+++ b/lib/ansible/cache/jsonfile.py\n@@ -108,6 +108,7 @@ def keys(self):\n         return keys\n \n     def contains(self, key):\n+        cachefile = \"%s/%s\" % (self._cache_dir, key)\n \n         if key in self._cache:\n             return True\n@@ -115,7 +116,7 @@ def contains(self, key):\n         if self.has_expired(key):\n             return False\n         try:\n-            st = os.stat(\"%s/%s\" % (self._cache_dir, key))\n+            st = os.stat(cachefile)\n             return True\n         except (OSError,IOError), e:\n             if e.errno == errno.ENOENT:\n"
    }
  ],
  "comments": [],
  "reviews": []
}