{
  "pr_number": 11634,
  "url": "https://github.com/ansible/ansible/pull/11634",
  "title": "Update docs styling",
  "author_login": "jlmitch5",
  "state": "MERGED",
  "merged_by_login": "bcoca",
  "body": "This PR updates Ansible documentation by:\n- adding one of the official Ansible fonts, \"Open Sans\"\n- removing the grey block due to the google remarketing code.\n- adding a navigation bar that goes to the new docs landing page.\n- updating the color and style of the index header in the navigation drawer.\n\nYou'll need to run `make staticmin` to instantiate the css changes to the minified file.\n",
  "labels": [
    "docs"
  ],
  "additions": 103,
  "deletions": 22,
  "changed_files_count": 3,
  "changed_files_list": [
    "docsite/_themes/srtd/static/css/theme.css",
    "docsite/_themes/srtd/static/images/logo_invert.png"
  ],
  "files": [
    {
      "file_path": "docsite/_themes/srtd/static/css/theme.css",
      "status": "modified",
      "additions": 80,
      "deletions": 0,
      "file_diff": "diff --git a/docsite/_themes/srtd/static/css/theme.css b/docsite/_themes/srtd/static/css/theme.css\nindex dcad941b9cf586..29a1c6ba57c198 100644\n--- a/docsite/_themes/srtd/static/css/theme.css\n+++ b/docsite/_themes/srtd/static/css/theme.css\n@@ -4634,3 +4634,83 @@ span[id*='MathJax-Span'] {\n #search-box-id {\n     padding-right: 25px;\n }\n+\n+.DocSiteProduct-header {\n+    flex: 1;\n+    -webkit-flex: 1;\n+    padding: 20px;\n+    padding-top: 10px;\n+    padding-bottom: 20px;\n+    display: flex;\n+    display: -webkit-flex;\n+    flex-direction: column;\n+    -webkit-flex-direction: column;\n+    align-items: center;\n+    -webkit-align-items: center;\n+    justify-content: flex-start;\n+    -webkit-justify-content: flex-start;\n+    margin-left: 20px;\n+    margin-right: 20px;\n+    text-decoration: none;\n+    font-weight: 400;\n+    font-family: 'Open Sans', sans-serif;\n+}\n+\n+.DocSiteProduct-header:active,\n+.DocSiteProduct-header:focus {\n+    color: #fff;\n+}\n+\n+.DocSiteProduct-header:visited {\n+    color: #fff;\n+}\n+\n+.DocSiteProduct-header--core {\n+    font-size: 25px;\n+    background-color: #5bbdbf;\n+    border: 2px solid #5bbdbf;\n+    border-top-left-radius: 4px;\n+    border-top-right-radius: 4px;\n+    color: #fff;\n+}\n+\n+.DocSiteProduct-headerAlign {\n+    width: 100%;\n+}\n+\n+.DocSiteProduct-logo {\n+    width: 60px;\n+    height: 60px;\n+    margin-bottom: -9px;\n+}\n+\n+.DocSiteProduct-logoText {\n+    margin-top: 6px;\n+    font-size: 25px;\n+}\n+\n+.DocSite-nav {\n+    flex: initial;\n+    -webkit-flex: initial;\n+    display: flex;\n+    display: -webkit-flex;\n+    flex-direction: row;\n+    -webkit-flex-direction: row;\n+    justify-content: flex-start;\n+    -webkit-justify-content: flex-start;\n+    padding: 15px;\n+    background-color: #000;\n+    text-decoration: none;\n+    font-family: 'Open Sans', sans-serif;\n+}\n+\n+.DocSiteNav-logo {\n+    width: 28px;\n+    height: 28px;\n+    margin-right: 8px;\n+}\n+\n+.DocSiteNav-title {\n+    color: #fff;\n+    font-size: 20px;\n+}"
    },
    {
      "file_path": "docsite/_themes/srtd/static/images/logo_invert.png",
      "status": "added",
      "additions": 0,
      "deletions": 0,
      "file_diff": "diff --git a/docsite/_themes/srtd/static/images/logo_invert.png b/docsite/_themes/srtd/static/images/logo_invert.png\nnew file mode 100644\nindex 00000000000000..ea565b7550b7a4\nBinary files /dev/null and b/docsite/_themes/srtd/static/images/logo_invert.png differ\n"
    }
  ],
  "comments": [],
  "reviews": []
}