{
  "pr_number": 10388,
  "url": "https://github.com/ansible/ansible/pull/10388",
  "title": "Don't log item data for skipped tasks under no_log",
  "author_login": "willthames",
  "state": "MERGED",
  "merged_by_login": "abadger",
  "body": "Tasks with `no_log` set should not log data.\nRemove log of item data for skipped tasks in loops\n\nFix for #10387\n",
  "labels": [
    "P1",
    "bug"
  ],
  "additions": 7,
  "deletions": 3,
  "changed_files_count": 1,
  "changed_files_list": [
    "ansible/runner/__init__.py b/lib/ansible/runner/__init__.py"
  ],
  "files": [
    {
      "file_path": "ansible/runner/__init__.py b/lib/ansible/runner/__init__.py",
      "status": "modified",
      "additions": 7,
      "deletions": 3,
      "file_diff": "diff --git a/lib/ansible/runner/__init__.py b/lib/ansible/runner/__init__.py\nindex deea14eae21160..689166fc466744 100644\n--- a/lib/ansible/runner/__init__.py\n+++ b/lib/ansible/runner/__init__.py\n@@ -873,9 +873,13 @@ def _executor_internal_inner(self, host, module_name, module_args, inject, port,\n         for cond in self.conditional:\n \n             if not utils.check_conditional(cond, self.basedir, inject, fail_on_undefined=self.error_on_undefined_vars):\n-                result = utils.jsonify(dict(changed=False, skipped=True))\n-                self.callbacks.on_skipped(host, inject.get('item',None))\n-                return ReturnData(host=host, result=result)\n+                result = dict(changed=False, skipped=True)\n+                if self.no_log:\n+                    result = utils.censor_unlogged_data(result)\n+                    self.callbacks.on_skipped(host, result)\n+                else:\n+                    self.callbacks.on_skipped(host, inject.get('item',None))\n+                return ReturnData(host=host, result=utils.jsonify(result))\n \n         if getattr(handler, 'setup', None) is not None:\n             handler.setup(module_name, inject)\n"
    }
  ],
  "comments": [
    {
      "author_login": "abadger",
      "body": "Thanks @willthames !\n\n# Merged\n\nHi!\n\nThis has been merged in, and will also be included in the next major release.\n\nIf you or anyone else has any further questions, please let us know by stopping by one of the two mailing lists, as appropriate:\n- https://groups.google.com/forum/#!forum/ansible-project - for user questions, tips, and tricks\n- https://groups.google.com/forum/#!forum/ansible-devel - for strategy, future planning, and questions about writing code\n\nBecause this project is very active, we're unlikely to see comments made on closed tickets, but the mailing list is a great way to ask questions, or post if you don't think this particular\nissue is resolved.\n\nThank you!\n"
    }
  ],
  "reviews": []
}