{
  "pr_number": 10680,
  "url": "https://github.com/ansible/ansible/pull/10680",
  "title": "Change exceptions to python3 syntax.",
  "author_login": "ianzd",
  "state": "MERGED",
  "merged_by_login": "abadger",
  "body": "",
  "labels": [],
  "additions": 38,
  "deletions": 38,
  "changed_files_count": 22,
  "changed_files_list": [
    "v2/ansible/plugins/__init__.py",
    "v2/ansible/plugins/action/__init__.py",
    "v2/ansible/plugins/action/copy.py",
    "v2/ansible/plugins/action/pause.py",
    "v2/ansible/plugins/action/template.py",
    "v2/ansible/plugins/connections/accelerate.py",
    "v2/ansible/plugins/connections/paramiko_ssh.py",
    "v2/ansible/plugins/connections/winrm.py",
    "v2/ansible/plugins/lookup/csvfile.py",
    "v2/ansible/plugins/lookup/dnstxt.py",
    "v2/ansible/plugins/lookup/first_found.py",
    "v2/ansible/plugins/lookup/password.py",
    "v2/ansible/plugins/lookup/url.py",
    "v2/ansible/plugins/strategies/__init__.py",
    "v2/ansible/plugins/strategies/free.py",
    "v2/ansible/template/safe_eval.py",
    "v2/ansible/utils/hashing.py",
    "v2/ansible/utils/vault.py",
    "v2/ansible/vars/__init__.py",
    "v2/samples/multi.py",
    "v2/samples/multi_queues.py"
  ],
  "files": [
    {
      "file_path": "v2/ansible/plugins/__init__.py",
      "status": "modified",
      "additions": 1,
      "deletions": 1,
      "file_diff": "diff --git a/v2/ansible/plugins/__init__.py b/v2/ansible/plugins/__init__.py\nindex a55059f1b7b7bc..d16eecd3c39921 100644\n--- a/v2/ansible/plugins/__init__.py\n+++ b/v2/ansible/plugins/__init__.py\n@@ -180,7 +180,7 @@ def find_plugin(self, name, suffixes=None):\n             if os.path.isdir(path):\n                 try:\n                     full_paths = (os.path.join(path, f) for f in os.listdir(path))\n-                except OSError,e:\n+                except OSError as e:\n                     d = Display()\n                     d.warning(\"Error accessing plugin paths: %s\" % str(e))\n                 for full_path in (f for f in full_paths if os.path.isfile(f)):"
    },
    {
      "file_path": "v2/ansible/plugins/action/__init__.py",
      "status": "modified",
      "additions": 2,
      "deletions": 2,
      "file_diff": "diff --git a/v2/ansible/plugins/action/__init__.py b/v2/ansible/plugins/action/__init__.py\nindex 2f56c4df582eb6..0e98bbc5b75e59 100644\n--- a/v2/ansible/plugins/action/__init__.py\n+++ b/v2/ansible/plugins/action/__init__.py\n@@ -122,7 +122,7 @@ def _early_needs_tmp_path(self):\n         # FIXME: modified from original, needs testing? Since this is now inside\n         #        the action plugin, it should make it just this simple\n         return getattr(self, 'TRANSFERS_FILES', False)\n-        \n+\n     def _late_needs_tmp_path(self, tmp, module_style):\n         '''\n         Determines if a temp path is required after some early actions have already taken place.\n@@ -223,7 +223,7 @@ def _transfer_data(self, remote_path, data):\n             #else:\n             #    data = data.encode('utf-8')\n             afo.write(data)\n-        except Exception, e:\n+        except Exception as e:\n             #raise AnsibleError(\"failure encoding into utf-8: %s\" % str(e))\n             raise AnsibleError(\"failure writing module data to temporary file for transfer: %s\" % str(e))\n "
    },
    {
      "file_path": "v2/ansible/plugins/action/copy.py",
      "status": "modified",
      "additions": 3,
      "deletions": 3,
      "file_diff": "diff --git a/v2/ansible/plugins/action/copy.py b/v2/ansible/plugins/action/copy.py\nindex ece8b5b11b0973..6db130ad7f3a32 100644\n--- a/v2/ansible/plugins/action/copy.py\n+++ b/v2/ansible/plugins/action/copy.py\n@@ -70,7 +70,7 @@ def run(self, tmp=None, task_vars=dict()):\n                 else:\n                     content_tempfile = self._create_content_tempfile(content)\n                 source = content_tempfile\n-            except Exception, err:\n+            except Exception as err:\n                 return dict(failed=True, msg=\"could not write content temp file: %s\" % err)\n \n         ###############################################################################################\n@@ -270,7 +270,7 @@ def run(self, tmp=None, task_vars=dict()):\n             if module_return.get('changed') == True:\n                 changed = True\n \n-            # the file module returns the file path as 'path', but \n+            # the file module returns the file path as 'path', but\n             # the copy module uses 'dest', so add it if it's not there\n             if 'path' in module_return and 'dest' not in module_return:\n                 module_return['dest'] = module_return['path']\n@@ -297,7 +297,7 @@ def _create_content_tempfile(self, content):\n         content = to_bytes(content)\n         try:\n             f.write(content)\n-        except Exception, err:\n+        except Exception as err:\n             os.remove(content_tempfile)\n             raise Exception(err)\n         finally:"
    },
    {
      "file_path": "v2/ansible/plugins/action/pause.py",
      "status": "modified",
      "additions": 1,
      "deletions": 1,
      "file_diff": "diff --git a/v2/ansible/plugins/action/pause.py b/v2/ansible/plugins/action/pause.py\nindex 9c6075e1011fa2..c56e6654b1bb44 100644\n--- a/v2/ansible/plugins/action/pause.py\n+++ b/v2/ansible/plugins/action/pause.py\n@@ -68,7 +68,7 @@ def run(self, tmp=None, task_vars=dict()):\n                     seconds = int(self._task.args['seconds'])\n                     duration_unit = 'seconds'\n \n-            except ValueError, e:\n+            except ValueError as e:\n                 return dict(failed=True, msg=\"non-integer value given for prompt duration:\\n%s\" % str(e))\n \n         # Is 'prompt' a key in 'args'?"
    },
    {
      "file_path": "v2/ansible/plugins/action/template.py",
      "status": "modified",
      "additions": 1,
      "deletions": 1,
      "file_diff": "diff --git a/v2/ansible/plugins/action/template.py b/v2/ansible/plugins/action/template.py\nindex 76b2e78a737d62..f82cbb376670eb 100644\n--- a/v2/ansible/plugins/action/template.py\n+++ b/v2/ansible/plugins/action/template.py\n@@ -102,7 +102,7 @@ def run(self, tmp=None, task_vars=dict()):\n             with open(source, 'r') as f:\n                 template_data = f.read()\n             resultant = templar.template(template_data, preserve_trailing_newlines=True)\n-        except Exception, e:\n+        except Exception as e:\n             return dict(failed=True, msg=type(e).__name__ + \": \" + str(e))\n \n         local_checksum = checksum_s(resultant)"
    },
    {
      "file_path": "v2/ansible/plugins/connections/accelerate.py",
      "status": "modified",
      "additions": 1,
      "deletions": 1,
      "file_diff": "diff --git a/v2/ansible/plugins/connections/accelerate.py b/v2/ansible/plugins/connections/accelerate.py\nindex a31124e119f655..13012aa9299a86 100644\n--- a/v2/ansible/plugins/connections/accelerate.py\n+++ b/v2/ansible/plugins/connections/accelerate.py\n@@ -140,7 +140,7 @@ def connect(self, allow_ssh=True):\n                     # shutdown, so we'll reconnect.\n                     wrong_user = True\n \n-        except AnsibleError, e:\n+        except AnsibleError as e:\n             if allow_ssh:\n                 if \"WRONG_USER\" in e:\n                     vvv(\"Switching users, waiting for the daemon on %s to shutdown completely...\" % self.host)"
    },
    {
      "file_path": "v2/ansible/plugins/connections/paramiko_ssh.py",
      "status": "modified",
      "additions": 4,
      "deletions": 4,
      "file_diff": "diff --git a/v2/ansible/plugins/connections/paramiko_ssh.py b/v2/ansible/plugins/connections/paramiko_ssh.py\nindex 4bb06e01c36147..81470f657c8c24 100644\n--- a/v2/ansible/plugins/connections/paramiko_ssh.py\n+++ b/v2/ansible/plugins/connections/paramiko_ssh.py\n@@ -170,7 +170,7 @@ def _connect_uncached(self):\n                 key_filename=key_filename, password=self.password,\n                 timeout=self.runner.timeout, port=self.port)\n \n-        except Exception, e:\n+        except Exception as e:\n \n             msg = str(e)\n             if \"PID check failed\" in msg:\n@@ -197,7 +197,7 @@ def exec_command(self, cmd, tmp_path, sudo_user=None, sudoable=False, executable\n             self.ssh.get_transport().set_keepalive(5)\n             chan = self.ssh.get_transport().open_session()\n \n-        except Exception, e:\n+        except Exception as e:\n \n             msg = \"Failed to open session\"\n             if len(str(e)) > 0:\n@@ -284,7 +284,7 @@ def put_file(self, in_path, out_path):\n \n         try:\n             self.sftp = self.ssh.open_sftp()\n-        except Exception, e:\n+        except Exception as e:\n             raise errors.AnsibleError(\"failed to open a SFTP connection (%s)\" % e)\n \n         try:\n@@ -308,7 +308,7 @@ def fetch_file(self, in_path, out_path):\n \n         try:\n             self.sftp = self._connect_sftp()\n-        except Exception, e:\n+        except Exception as e:\n             raise errors.AnsibleError(\"failed to open a SFTP connection (%s)\", e)\n \n         try:"
    },
    {
      "file_path": "v2/ansible/plugins/connections/winrm.py",
      "status": "modified",
      "additions": 1,
      "deletions": 1,
      "file_diff": "diff --git a/v2/ansible/plugins/connections/winrm.py b/v2/ansible/plugins/connections/winrm.py\nindex d6e51710b5f27a..57d26ce61880a2 100644\n--- a/v2/ansible/plugins/connections/winrm.py\n+++ b/v2/ansible/plugins/connections/winrm.py\n@@ -147,7 +147,7 @@ def exec_command(self, cmd, tmp_path, sudo_user=None, sudoable=False, executable\n             cmd_parts = powershell._encode_script(script, as_list=True)\n         try:\n             result = self._winrm_exec(cmd_parts[0], cmd_parts[1:], from_exec=True)\n-        except Exception, e:\n+        except Exception as e:\n             traceback.print_exc()\n             raise errors.AnsibleError(\"failed to exec cmd %s\" % cmd)\n         return (result.status_code, '', result.std_out.encode('utf-8'), result.std_err.encode('utf-8'))"
    },
    {
      "file_path": "v2/ansible/plugins/lookup/csvfile.py",
      "status": "modified",
      "additions": 2,
      "deletions": 2,
      "file_diff": "diff --git a/v2/ansible/plugins/lookup/csvfile.py b/v2/ansible/plugins/lookup/csvfile.py\nindex 87757399ce5b79..e5fb9a451213c0 100644\n--- a/v2/ansible/plugins/lookup/csvfile.py\n+++ b/v2/ansible/plugins/lookup/csvfile.py\n@@ -33,7 +33,7 @@ def read_csv(self, filename, key, delimiter, dflt=None, col=1):\n             for row in creader:\n                 if row[0] == key:\n                     return row[int(col)]\n-        except Exception, e:\n+        except Exception as e:\n             raise AnsibleError(\"csvfile: %s\" % str(e))\n \n         return dflt\n@@ -61,7 +61,7 @@ def run(self, terms, variables=None, **kwargs):\n                     name, value = param.split('=')\n                     assert(name in paramvals)\n                     paramvals[name] = value\n-            except (ValueError, AssertionError), e:\n+            except (ValueError, AssertionError) as e:\n                 raise AnsibleError(e)\n \n             if paramvals['delimiter'] == 'TAB':"
    },
    {
      "file_path": "v2/ansible/plugins/lookup/dnstxt.py",
      "status": "modified",
      "additions": 1,
      "deletions": 1,
      "file_diff": "diff --git a/v2/ansible/plugins/lookup/dnstxt.py b/v2/ansible/plugins/lookup/dnstxt.py\nindex 7100f8d96dfc39..75222927c79b7d 100644\n--- a/v2/ansible/plugins/lookup/dnstxt.py\n+++ b/v2/ansible/plugins/lookup/dnstxt.py\n@@ -59,7 +59,7 @@ def run(self, terms, variables=None, **kwargs):\n                 string = 'NXDOMAIN'\n             except dns.resolver.Timeout:\n                 string = ''\n-            except dns.exception.DNSException, e:\n+            except dns.exception.DNSException as e:\n                 raise AnsibleError(\"dns.resolver unhandled exception\", e)\n \n             ret.append(''.join(string))"
    },
    {
      "file_path": "v2/ansible/plugins/lookup/first_found.py",
      "status": "modified",
      "additions": 1,
      "deletions": 1,
      "file_diff": "diff --git a/v2/ansible/plugins/lookup/first_found.py b/v2/ansible/plugins/lookup/first_found.py\nindex 0ed268801508e2..b1d655b81147b5 100644\n--- a/v2/ansible/plugins/lookup/first_found.py\n+++ b/v2/ansible/plugins/lookup/first_found.py\n@@ -177,7 +177,7 @@ def run(self, terms, variables, **kwargs):\n         for fn in total_search:\n             try:\n                 fn = templar.template(fn)\n-            except (AnsibleUndefinedVariable, UndefinedError), e:\n+            except (AnsibleUndefinedVariable, UndefinedError) as e:\n                 continue\n \n             if os.path.isabs(fn) and os.path.exists(fn):"
    },
    {
      "file_path": "v2/ansible/plugins/lookup/password.py",
      "status": "modified",
      "additions": 2,
      "deletions": 2,
      "file_diff": "diff --git a/v2/ansible/plugins/lookup/password.py b/v2/ansible/plugins/lookup/password.py\nindex 6e13410e1ab67e..7e812a38c5f6b4 100644\n--- a/v2/ansible/plugins/lookup/password.py\n+++ b/v2/ansible/plugins/lookup/password.py\n@@ -85,7 +85,7 @@ def run(self, terms, variables, **kwargs):\n                         paramvals['chars'] = use_chars\n                     else:\n                         paramvals[name] = value\n-            except (ValueError, AssertionError), e:\n+            except (ValueError, AssertionError) as e:\n                 raise AnsibleError(e)\n \n             length  = paramvals['length']\n@@ -99,7 +99,7 @@ def run(self, terms, variables, **kwargs):\n                 if not os.path.isdir(pathdir):\n                     try:\n                         os.makedirs(pathdir, mode=0700)\n-                    except OSError, e:\n+                    except OSError as e:\n                         raise AnsibleError(\"cannot create the path for the password lookup: %s (error was %s)\" % (pathdir, str(e)))\n \n                 chars = \"\".join([getattr(string,c,c) for c in use_chars]).replace('\"','').replace(\"'\",'')"
    },
    {
      "file_path": "v2/ansible/plugins/lookup/url.py",
      "status": "modified",
      "additions": 2,
      "deletions": 2,
      "file_diff": "diff --git a/v2/ansible/plugins/lookup/url.py b/v2/ansible/plugins/lookup/url.py\nindex c907bfbce3965a..1b9c5c0d808d48 100644\n--- a/v2/ansible/plugins/lookup/url.py\n+++ b/v2/ansible/plugins/lookup/url.py\n@@ -31,10 +31,10 @@ def run(self, terms, inject=None, **kwargs):\n             try:\n                 r = urllib2.Request(term)\n                 response = urllib2.urlopen(r)\n-            except URLError, e:\n+            except URLError as e:\n                 utils.warnings(\"Failed lookup url for %s : %s\" % (term, str(e)))\n                 continue\n-            except HTTPError, e:\n+            except HTTPError as e:\n                 utils.warnings(\"Recieved HTTP error for %s : %s\" % (term, str(e)))\n                 continue\n "
    },
    {
      "file_path": "v2/ansible/plugins/strategies/__init__.py",
      "status": "modified",
      "additions": 1,
      "deletions": 1,
      "file_diff": "diff --git a/v2/ansible/plugins/strategies/__init__.py b/v2/ansible/plugins/strategies/__init__.py\nindex afbc373f4f3332..c5b3dd0f066731 100644\n--- a/v2/ansible/plugins/strategies/__init__.py\n+++ b/v2/ansible/plugins/strategies/__init__.py\n@@ -109,7 +109,7 @@ def _queue_task(self, host, task, task_vars, connection_info):\n \n             self._pending_results += 1\n             main_q.put((host, task, self._loader.get_basedir(), task_vars, connection_info, module_loader), block=False)\n-        except (EOFError, IOError, AssertionError), e:\n+        except (EOFError, IOError, AssertionError) as e:\n             # most likely an abort\n             debug(\"got an error while queuing: %s\" % e)\n             return"
    },
    {
      "file_path": "v2/ansible/plugins/strategies/free.py",
      "status": "modified",
      "additions": 1,
      "deletions": 1,
      "file_diff": "diff --git a/v2/ansible/plugins/strategies/free.py b/v2/ansible/plugins/strategies/free.py\nindex 4fd8a132018ca3..d0506d37ddab59 100644\n--- a/v2/ansible/plugins/strategies/free.py\n+++ b/v2/ansible/plugins/strategies/free.py\n@@ -139,7 +139,7 @@ def run(self, iterator, connection_info):\n         try:\n             results = self._wait_on_pending_results(iterator)\n             host_results.extend(results)\n-        except Exception, e:\n+        except Exception as e:\n             # FIXME: ctrl+c can cause some failures here, so catch them\n             #        with the appropriate error type\n             print(\"wtf: %s\" % e)"
    },
    {
      "file_path": "v2/ansible/template/safe_eval.py",
      "status": "modified",
      "additions": 2,
      "deletions": 2,
      "file_diff": "diff --git a/v2/ansible/template/safe_eval.py b/v2/ansible/template/safe_eval.py\nindex ba377054d7ad2e..c52ef398d76b76 100644\n--- a/v2/ansible/template/safe_eval.py\n+++ b/v2/ansible/template/safe_eval.py\n@@ -105,13 +105,13 @@ def generic_visit(self, node, inside_call=False):\n             return (result, None)\n         else:\n             return result\n-    except SyntaxError, e:\n+    except SyntaxError as e:\n         # special handling for syntax errors, we just return\n         # the expression string back as-is\n         if include_exceptions:\n             return (expr, None)\n         return expr\n-    except Exception, e:\n+    except Exception as e:\n         if include_exceptions:\n             return (expr, e)\n         return expr"
    },
    {
      "file_path": "v2/ansible/utils/hashing.py",
      "status": "modified",
      "additions": 1,
      "deletions": 1,
      "file_diff": "diff --git a/v2/ansible/utils/hashing.py b/v2/ansible/utils/hashing.py\nindex 0b2edd434bc544..2c7dd534fcb28c 100644\n--- a/v2/ansible/utils/hashing.py\n+++ b/v2/ansible/utils/hashing.py\n@@ -64,7 +64,7 @@ def secure_hash(filename, hash_func=sha1):\n             digest.update(block)\n             block = infile.read(blocksize)\n         infile.close()\n-    except IOError, e:\n+    except IOError as e:\n         raise errors.AnsibleError(\"error while accessing the file %s, error was: %s\" % (filename, e))\n     return digest.hexdigest()\n "
    },
    {
      "file_path": "v2/ansible/utils/vault.py",
      "status": "modified",
      "additions": 2,
      "deletions": 2,
      "file_diff": "diff --git a/v2/ansible/utils/vault.py b/v2/ansible/utils/vault.py\nindex 04634aa377b498..5c704afac59b2b 100644\n--- a/v2/ansible/utils/vault.py\n+++ b/v2/ansible/utils/vault.py\n@@ -40,7 +40,7 @@ def read_vault_file(vault_password_file):\n         try:\n             # STDERR not captured to make it easier for users to prompt for input in their scripts\n             p = subprocess.Popen(this_path, stdout=subprocess.PIPE)\n-        except OSError, e:\n+        except OSError as e:\n             raise AnsibleError(\"Problem running vault password script %s (%s). If this is not a script, remove the executable bit from the file.\" % (' '.join(this_path), e))\n         stdout, stderr = p.communicate()\n         vault_pass = stdout.strip('\\r\\n')\n@@ -49,7 +49,7 @@ def read_vault_file(vault_password_file):\n             f = open(this_path, \"rb\")\n             vault_pass=f.read().strip()\n             f.close()\n-        except (OSError, IOError), e:\n+        except (OSError, IOError) as e:\n             raise AnsibleError(\"Could not read vault password file %s: %s\" % (this_path, e))\n \n     return vault_pass"
    },
    {
      "file_path": "v2/ansible/vars/__init__.py",
      "status": "modified",
      "additions": 1,
      "deletions": 1,
      "file_diff": "diff --git a/v2/ansible/vars/__init__.py b/v2/ansible/vars/__init__.py\nindex eb75d9c9929b8a..183116ea2d84fe 100644\n--- a/v2/ansible/vars/__init__.py\n+++ b/v2/ansible/vars/__init__.py\n@@ -243,7 +243,7 @@ def _load_inventory_file(self, path, loader):\n \n             try:\n                 names = loader.list_directory(path)\n-            except os.error, err:\n+            except os.error as err:\n                 raise AnsibleError(\"This folder cannot be listed: %s: %s.\" % (path, err.strerror))\n \n             # evaluate files in a stable order rather than whatever"
    },
    {
      "file_path": "v2/samples/multi.py",
      "status": "modified",
      "additions": 2,
      "deletions": 2,
      "file_diff": "diff --git a/v2/samples/multi.py b/v2/samples/multi.py\nindex ca4c8b68f744e4..dce61430594bfb 100644\n--- a/v2/samples/multi.py\n+++ b/v2/samples/multi.py\n@@ -59,10 +59,10 @@ def _read_worker_result(cur_worker):\n             time.sleep(0.01)\n             continue\n          pipe.send(result)\n-      except (IOError, EOFError, KeyboardInterrupt), e:\n+      except (IOError, EOFError, KeyboardInterrupt) as e:\n          debug(\"got a breaking error: %s\" % e)\n          break\n-      except Exception, e:\n+      except Exception as e:\n          debug(\"EXCEPTION DURING RESULTS PROCESSING: %s\" % e)\n          traceback.print_exc()\n          break"
    },
    {
      "file_path": "v2/samples/multi_queues.py",
      "status": "modified",
      "additions": 4,
      "deletions": 4,
      "file_diff": "diff --git a/v2/samples/multi_queues.py b/v2/samples/multi_queues.py\nindex 8eb80366076476..9e8f22b9a945bc 100644\n--- a/v2/samples/multi_queues.py\n+++ b/v2/samples/multi_queues.py\n@@ -55,10 +55,10 @@ def _read_worker_result(cur_worker):\n             time.sleep(0.01)\n             continue\n          final_q.put(result, block=False)\n-      except (IOError, EOFError, KeyboardInterrupt), e:\n+      except (IOError, EOFError, KeyboardInterrupt) as e:\n          debug(\"got a breaking error: %s\" % e)\n          break\n-      except Exception, e:\n+      except Exception as e:\n          debug(\"EXCEPTION DURING RESULTS PROCESSING: %s\" % e)\n          traceback.print_exc()\n          break\n@@ -77,10 +77,10 @@ def worker(main_q, res_q, loader):\n             time.sleep(0.01)\n       except Queue.Empty:\n          pass\n-      except (IOError, EOFError, KeyboardInterrupt), e:\n+      except (IOError, EOFError, KeyboardInterrupt) as e:\n          debug(\"got a breaking error: %s\" % e)\n          break\n-      except Exception, e:\n+      except Exception as e:\n          debug(\"EXCEPTION DURING WORKER PROCESSING: %s\" % e)\n          traceback.print_exc()\n          break\n"
    }
  ],
  "comments": [
    {
      "author_login": "abadger",
      "body": "Yay!  Thanks!\n\n# Merged\n\nHi!\n\nThis has been merged in, and will also be included in the next major release.\n\nIf you or anyone else has any further questions, please let us know by stopping by one of the two mailing lists, as appropriate:\n- https://groups.google.com/forum/#!forum/ansible-project - for user questions, tips, and tricks\n- https://groups.google.com/forum/#!forum/ansible-devel - for strategy, future planning, and questions about writing code\n\nBecause this project is very active, we're unlikely to see comments made on closed tickets, but the mailing list is a great way to ask questions, or post if you don't think this particular\nissue is resolved.\n\nThank you!\n"
    }
  ],
  "reviews": []
}