{
  "pr_number": 10687,
  "url": "https://github.com/ansible/ansible/pull/10687",
  "title": "Several more changes to support python3 syntax.",
  "author_login": "ianzd",
  "state": "MERGED",
  "merged_by_login": "abadger",
  "body": "",
  "labels": [],
  "additions": 5,
  "deletions": 5,
  "changed_files_count": 2,
  "changed_files_list": [
    "v2/ansible/plugins/lookup/password.py"
  ],
  "files": [
    {
      "file_path": "v2/ansible/plugins/lookup/password.py",
      "status": "modified",
      "additions": 4,
      "deletions": 4,
      "file_diff": "diff --git a/v2/ansible/plugins/lookup/password.py b/v2/ansible/plugins/lookup/password.py\nindex 7e812a38c5f6b4..74017eff619948 100644\n--- a/v2/ansible/plugins/lookup/password.py\n+++ b/v2/ansible/plugins/lookup/password.py\n@@ -98,7 +98,7 @@ def run(self, terms, variables, **kwargs):\n                 pathdir = os.path.dirname(path)\n                 if not os.path.isdir(pathdir):\n                     try:\n-                        os.makedirs(pathdir, mode=0700)\n+                        os.makedirs(pathdir, mode=0o700)\n                     except OSError as e:\n                         raise AnsibleError(\"cannot create the path for the password lookup: %s (error was %s)\" % (pathdir, str(e)))\n \n@@ -111,7 +111,7 @@ def run(self, terms, variables, **kwargs):\n                 else:\n                     content = password\n                 with open(path, 'w') as f:\n-                    os.chmod(path, 0600)\n+                    os.chmod(path, 0o600)\n                     f.write(content + '\\n')\n             else:\n                 content = open(path).read().rstrip()\n@@ -129,12 +129,12 @@ def run(self, terms, variables, **kwargs):\n                     salt = self.random_salt()\n                     content = '%s salt=%s' % (password, salt)\n                     with open(path, 'w') as f:\n-                        os.chmod(path, 0600)\n+                        os.chmod(path, 0o600)\n                         f.write(content + '\\n')\n                 # crypt not requested, remove salt if present\n                 elif (encrypt is None and salt):\n                     with open(path, 'w') as f:\n-                        os.chmod(path, 0600)\n+                        os.chmod(path, 0o600)\n                         f.write(password + '\\n')\n \n             if encrypt:\n"
    }
  ],
  "comments": [
    {
      "author_login": "abadger",
      "body": "Cool.  Looks good.\n\n# Merged\n\nHi!\n\nThis has been merged in, and will also be included in the next major release.\n\nIf you or anyone else has any further questions, please let us know by stopping by one of the two mailing lists, as appropriate:\n- https://groups.google.com/forum/#!forum/ansible-project - for user questions, tips, and tricks\n- https://groups.google.com/forum/#!forum/ansible-devel - for strategy, future planning, and questions about writing code\n\nBecause this project is very active, we're unlikely to see comments made on closed tickets, but the mailing list is a great way to ask questions, or post if you don't think this particular\nissue is resolved.\n\nThank you!\n"
    }
  ],
  "reviews": []
}