{
  "pr_number": 11215,
  "url": "https://github.com/ansible/ansible/pull/11215",
  "title": "Remove duplicated \"By default\" in docs",
  "author_login": "d13r",
  "state": "MERGED",
  "merged_by_login": "bcoca",
  "body": "",
  "labels": [
    "docs"
  ],
  "additions": 1,
  "deletions": 1,
  "changed_files_count": 1,
  "changed_files_list": [
    "docsite/rst/intro_inventory.rst"
  ],
  "files": [
    {
      "file_path": "docsite/rst/intro_inventory.rst",
      "status": "modified",
      "additions": 1,
      "deletions": 1,
      "file_diff": "diff --git a/docsite/rst/intro_inventory.rst b/docsite/rst/intro_inventory.rst\nindex 6dcaff008b5a07..d97032e0635dc6 100644\n--- a/docsite/rst/intro_inventory.rst\n+++ b/docsite/rst/intro_inventory.rst\n@@ -216,7 +216,7 @@ mentioned::\n     ansible_ssh_private_key_file\n       Private key file used by ssh.  Useful if using multiple keys and you don't want to use SSH agent.\n     ansible_shell_type\n-      The shell type of the target system. By default commands are formatted using 'sh'-style syntax by default. Setting this to 'csh' or 'fish' will cause commands executed on target systems to follow those shell's syntax instead.\n+      The shell type of the target system. Commands are formatted using 'sh'-style syntax by default. Setting this to 'csh' or 'fish' will cause commands executed on target systems to follow those shell's syntax instead.\n     ansible_python_interpreter\n       The target host python path. This is useful for systems with more\n       than one Python or not located at \"/usr/bin/python\" such as \\*BSD, or where /usr/bin/python\n"
    }
  ],
  "comments": [],
  "reviews": []
}