{
  "pr_number": 10230,
  "url": "https://github.com/ansible/ansible/pull/10230",
  "title": "Add how to load extra variables directly from a file (using @).",
  "author_login": "gtirloni",
  "state": "MERGED",
  "merged_by_login": "bcoca",
  "body": "Not sure if I should generate the final man page now (tried with a2x but %VERSION% wasn't updated, so I'm probably missing a manifest file somewhere). Submitting only the updated asciidoc.\n\nReason: https://groups.google.com/d/topic/ansible-project/XpcGvejde_g/discussion\n",
  "labels": [
    "docs"
  ],
  "additions": 2,
  "deletions": 1,
  "changed_files_count": 1,
  "changed_files_list": [
    "docs/man/man1/ansible-playbook.1.asciidoc.in"
  ],
  "files": [
    {
      "file_path": "docs/man/man1/ansible-playbook.1.asciidoc.in",
      "status": "modified",
      "additions": 2,
      "deletions": 1,
      "file_diff": "diff --git a/docs/man/man1/ansible-playbook.1.asciidoc.in b/docs/man/man1/ansible-playbook.1.asciidoc.in\nindex 23fe37a2c0bdbb..40feb781394185 100644\n--- a/docs/man/man1/ansible-playbook.1.asciidoc.in\n+++ b/docs/man/man1/ansible-playbook.1.asciidoc.in\n@@ -54,7 +54,8 @@ environment variable.\n *-e* 'VARS', *--extra-vars=*'VARS'::\n \n Extra variables to inject into a playbook, in key=value key=value format or\n-as quoted JSON (hashes and arrays).\n+as quoted JSON (hashes and arrays). To load variables from a file, specify\n+the file preceded by @ (e.g. @vars.yml).\n \n *-f* 'NUM', *--forks=*'NUM'::\n \n"
    }
  ],
  "comments": [],
  "reviews": []
}