{
  "pr_number": 11186,
  "url": "https://github.com/ansible/ansible/pull/11186",
  "title": "Fix syntax error in winrm",
  "author_login": "sivel",
  "state": "MERGED",
  "merged_by_login": "abadger",
  "body": "In #11124 I accidentally introduces a syntax error in the winrm connection plugin.  This PR addresses this issue.\n",
  "labels": [],
  "additions": 1,
  "deletions": 1,
  "changed_files_count": 1,
  "changed_files_list": [
    "ansible/plugins/connections/winrm.py b/lib/ansible/plugins/connections/winrm.py"
  ],
  "files": [
    {
      "file_path": "ansible/plugins/connections/winrm.py b/lib/ansible/plugins/connections/winrm.py",
      "status": "modified",
      "additions": 1,
      "deletions": 1,
      "file_diff": "diff --git a/lib/ansible/plugins/connections/winrm.py b/lib/ansible/plugins/connections/winrm.py\nindex 2bc1ee00539f9c..f2624e5b1ac1dd 100644\n--- a/lib/ansible/plugins/connections/winrm.py\n+++ b/lib/ansible/plugins/connections/winrm.py\n@@ -153,7 +153,7 @@ def _connect(self):\n         return self\n \n     def exec_command(self, cmd, tmp_path, executable='/bin/sh', in_data=None):\n-        super(Connection, self).exec_command(cmd, tmp_path, executable=executable, in_data,in_data)\n+        super(Connection, self).exec_command(cmd, tmp_path, executable=executable, in_data=in_data)\n \n         cmd = cmd.encode('utf-8')\n         cmd_parts = shlex.split(cmd, posix=False)\n"
    }
  ],
  "comments": [
    {
      "author_login": "abadger",
      "body": "Thanks sivel!\n\n# erged\n\nHi!\n\nThis has been merged in, and will also be included in the next major release.\n\nIf you or anyone else has any further questions, please let us know by stopping by one of the two mailing lists, as appropriate:\n- https://groups.google.com/forum/#!forum/ansible-project - for user questions, tips, and tricks\n- https://groups.google.com/forum/#!forum/ansible-devel - for strategy, future planning, and questions about writing code\n\nBecause this project is very active, we're unlikely to see comments made on closed tickets, but the mailing list is a great way to ask questions, or post if you don't think this particular\nissue is resolved.\n\nThank you!\n"
    }
  ],
  "reviews": []
}