{
  "pr_number": 11655,
  "url": "https://github.com/ansible/ansible/pull/11655",
  "title": "Add test: checks that handlers work with loops",
  "author_login": "pilou-",
  "state": "MERGED",
  "merged_by_login": "jimi-c",
  "body": "Following #11606.\n",
  "labels": [
    "feature"
  ],
  "additions": 20,
  "deletions": 2,
  "changed_files_count": 4,
  "changed_files_list": [
    "test/integration/roles/test_handlers/handlers/main.yml",
    "test/integration/roles/test_handlers/tasks/main.yml",
    "test/integration/test_handlers.yml"
  ],
  "files": [
    {
      "file_path": "test/integration/roles/test_handlers/handlers/main.yml",
      "status": "modified",
      "additions": 2,
      "deletions": 0,
      "file_diff": "diff --git a/test/integration/roles/test_handlers/handlers/main.yml b/test/integration/roles/test_handlers/handlers/main.yml\nindex 117741f825d6c8..b8ee48b5c88dd7 100644\n--- a/test/integration/roles/test_handlers/handlers/main.yml\n+++ b/test/integration/roles/test_handlers/handlers/main.yml\n@@ -1,3 +1,5 @@\n - name: set handler fact\n   set_fact: \n     handler_called: True\n+- name: test handler\n+  debug: msg=\"handler called\""
    },
    {
      "file_path": "test/integration/roles/test_handlers/tasks/main.yml",
      "status": "modified",
      "additions": 14,
      "deletions": 0,
      "file_diff": "diff --git a/test/integration/roles/test_handlers/tasks/main.yml b/test/integration/roles/test_handlers/tasks/main.yml\nindex 6f117681883c2e..1c1d819269ab34 100644\n--- a/test/integration/roles/test_handlers/tasks/main.yml\n+++ b/test/integration/roles/test_handlers/tasks/main.yml\n@@ -20,19 +20,33 @@\n - name: reset handler_called variable to false for all hosts\n   set_fact:\n     handler_called: False\n+  tags: scenario1\n \n - name: notify the handler for host A only\n   shell: echo\n   notify: \n     - set handler fact\n   when: inventory_hostname == 'A'\n+  tags: scenario1\n \n - name: force handler execution now\n   meta: \"flush_handlers\"\n+  tags: scenario1\n \n - debug: var=handler_called\n+  tags: scenario1\n \n - name: validate the handler only ran on one host\n   assert:\n     that:\n     - \"inventory_hostname == 'A' and handler_called == True or handler_called == False\"\n+  tags: scenario1\n+\n+- name: 'test notify with loop'\n+  debug: msg='a task'\n+  changed_when: item == 1\n+  notify: test handler\n+  with_items:\n+      - 1\n+      - 2\n+  tags: scenario2"
    },
    {
      "file_path": "test/integration/test_handlers.yml",
      "status": "modified",
      "additions": 2,
      "deletions": 1,
      "file_diff": "diff --git a/test/integration/test_handlers.yml b/test/integration/test_handlers.yml\nindex 6a5366408c706d..dafa9ceebe62bf 100644\n--- a/test/integration/test_handlers.yml\n+++ b/test/integration/test_handlers.yml\n@@ -4,7 +4,7 @@\n   gather_facts: False\n   connection: local\n   roles:\n-  - { role: test_handlers_meta }\n+  - { role: test_handlers_meta, tags: ['scenario1'] }\n \n - name: verify final handler was run\n   hosts: A\n@@ -16,6 +16,7 @@\n         that:\n             - \"not hostvars[inventory_hostname]['handler1_called']\"\n             - \"'handler2_called' in hostvars[inventory_hostname]\"\n+      tags: ['scenario1']\n \n - name: test handlers\n   hosts: testgroup\n"
    }
  ],
  "comments": [
    {
      "author_login": "jimi-c",
      "body": "Merged, thanks!\n"
    }
  ],
  "reviews": []
}