{
  "pr_number": 11591,
  "url": "https://github.com/ansible/ansible/pull/11591",
  "title": "Connection function for boto3",
  "author_login": "juliedavila",
  "state": "MERGED",
  "merged_by_login": "bcoca",
  "body": "This is adding a simple connection function for boto3.\n\nInside of a module's code, it would be used like:\n\n``` python\nregion, ec2_url, aws_connect_kwargs = get_aws_connection_info(module, boto3=True)\n\nec2_client, ec2_res = boto3_conn(module, conn_type='both', resource='ec2', region=region, endpoint=ec2_url, **aws_connect_kwargs)\n\nall_vpcs = ec2_client.describe_vpcs()\n```\n\nThere are two noticeable pieces that make it functionally different than the current connection functions:\n- `conn_type`: refers to the type of session you want, whether a high level resource session or a low level client session, or both.  The boto3 docs regarding sessions are [here](http://boto3.readthedocs.org/en/latest/reference/core/session.html)\n- `resource`: this is the AWS resource you want to communicate such as ec2, s3, autoscaling, etc. Full list is [here](http://boto3.readthedocs.org/en/latest/reference/services/index.html)\n\nThis should allow everyone to start using boto3 for module development/enhancement right away.\n",
  "labels": [
    "P2",
    "feature"
  ],
  "additions": 37,
  "deletions": 12,
  "changed_files_count": 1,
  "changed_files_list": [
    "ansible/module_utils/ec2.py b/lib/ansible/module_utils/ec2.py"
  ],
  "files": [
    {
      "file_path": "ansible/module_utils/ec2.py b/lib/ansible/module_utils/ec2.py",
      "status": "modified",
      "additions": 37,
      "deletions": 12,
      "file_diff": "diff --git a/lib/ansible/module_utils/ec2.py b/lib/ansible/module_utils/ec2.py\nindex 417e1b9521b664..9d406d0890a050 100644\n--- a/lib/ansible/module_utils/ec2.py\n+++ b/lib/ansible/module_utils/ec2.py\n@@ -46,6 +46,19 @@\n     'us-gov-west-1',\n ]\n \n+def boto3_conn(module, conn_type=None, resource=None, region=None, endpoint=None, **params):\n+    if conn_type not in ['both', 'resource', 'client']:\n+        module.fail_json(msg='There is an issue in the code of the module. You must specify either both, resource or client to the conn_type parameter in the boto3_conn function call')\n+\n+    resource = boto3.session.Session().resource(resource, region_name=region, endpoint_url=endpoint, **params)\n+    client = resource.meta.client\n+\n+    if conn_type == 'resource':\n+        return resource\n+    elif conn_type == 'client':\n+        return client\n+    else:\n+        return client, resource\n \n def aws_common_argument_spec():\n     return dict(\n@@ -72,7 +85,7 @@ def boto_supports_profile_name():\n     return hasattr(boto.ec2.EC2Connection, 'profile_name')\n \n \n-def get_aws_connection_info(module):\n+def get_aws_connection_info(module, boto3=False):\n \n     # Check module args for credentials, then check environment vars\n     # access_key\n@@ -131,19 +144,31 @@ def get_aws_connection_info(module):\n             # in case security_token came in as empty string\n             security_token = None\n \n-    boto_params = dict(aws_access_key_id=access_key,\n-                       aws_secret_access_key=secret_key,\n-                       security_token=security_token)\n+    if boto3:\n+        boto_params = dict(aws_access_key_id=access_key,\n+                           aws_secret_access_key=secret_key,\n+                           aws_session_token=security_token)\n+        if validate_certs:\n+            boto_params['verify'] = validate_certs\n \n-    # profile_name only works as a key in boto >= 2.24\n-    # so only set profile_name if passed as an argument\n-    if profile_name:\n-        if not boto_supports_profile_name():\n-            module.fail_json(\"boto does not support profile_name before 2.24\")\n-        boto_params['profile_name'] = profile_name\n+        if profile_name:\n+            boto_params['profile_name'] = profile_name\n \n-    if validate_certs and HAS_LOOSE_VERSION and LooseVersion(boto.Version) >= LooseVersion(\"2.6.0\"):\n-        boto_params['validate_certs'] = validate_certs\n+\n+    else:\n+        boto_params = dict(aws_access_key_id=access_key,\n+                           aws_secret_access_key=secret_key,\n+                           security_token=security_token)\n+\n+       # profile_name only works as a key in boto >= 2.24\n+        # so only set profile_name if passed as an argument\n+        if profile_name:\n+            if not boto_supports_profile_name():\n+                module.fail_json(\"boto does not support profile_name before 2.24\")\n+            boto_params['profile_name'] = profile_name\n+\n+        if validate_certs and HAS_LOOSE_VERSION and LooseVersion(boto.Version) >= LooseVersion(\"2.6.0\"):\n+            boto_params['validate_certs'] = validate_certs\n \n     return region, ec2_url, boto_params\n \n"
    }
  ],
  "comments": [
    {
      "author_login": "gregdek",
      "body": "ping for comment: @jsmartin @scicoin-project @tombamford @garethr @lorin @jarv @jsdalton @silviud @adq @zbal @zeekin @willthames @lwade @carsongee @defionscode @tastychutney @bpennypacker @loia\n"
    },
    {
      "author_login": "bpennypacker",
      "body": "Do we want to be calling sys.exit if parameter validation to boto3_conn fails, or should we handle it some other way?  It looks like if the call to boto3.session.Session fails it will just raise an exception, so perhaps raising a generic exception instead of exiting would be more appropriate.  Other than that this all looks good to me.\n"
    },
    {
      "author_login": "bcoca",
      "body": "no calling exit in modules! fail_json\n"
    },
    {
      "author_login": "juliedavila",
      "body": "@bpennypacker and @bcoca, done\n"
    }
  ],
  "reviews": []
}