{
  "pr_number": 11063,
  "url": "https://github.com/ansible/ansible/pull/11063",
  "title": "Remove duplicate RETRY_FILES_* constants",
  "author_login": "mmoya",
  "state": "MERGED",
  "merged_by_login": "bcoca",
  "body": "",
  "labels": [
    "bug"
  ],
  "additions": 0,
  "deletions": 3,
  "changed_files_count": 1,
  "changed_files_list": [
    "v2/ansible/constants.py"
  ],
  "files": [
    {
      "file_path": "v2/ansible/constants.py",
      "status": "modified",
      "additions": 0,
      "deletions": 3,
      "file_diff": "diff --git a/v2/ansible/constants.py b/v2/ansible/constants.py\nindex 456beb8bbc40f4..245972b1a5663c 100644\n--- a/v2/ansible/constants.py\n+++ b/v2/ansible/constants.py\n@@ -185,9 +185,6 @@ def shell_expand_path(path):\n RETRY_FILES_ENABLED            = get_config(p, DEFAULTS, 'retry_files_enabled', 'ANSIBLE_RETRY_FILES_ENABLED', True, boolean=True)\n RETRY_FILES_SAVE_PATH          = get_config(p, DEFAULTS, 'retry_files_save_path', 'ANSIBLE_RETRY_FILES_SAVE_PATH', '~/')\n \n-RETRY_FILES_ENABLED            = get_config(p, DEFAULTS, 'retry_files_enabled', 'ANSIBLE_RETRY_FILES_ENABLED', True, boolean=True)\n-RETRY_FILES_SAVE_PATH          = get_config(p, DEFAULTS, 'retry_files_save_path', 'ANSIBLE_RETRY_FILES_SAVE_PATH', '~/')\n-\n # CONNECTION RELATED\n ANSIBLE_SSH_ARGS               = get_config(p, 'ssh_connection', 'ssh_args', 'ANSIBLE_SSH_ARGS', None)\n ANSIBLE_SSH_CONTROL_PATH       = get_config(p, 'ssh_connection', 'control_path', 'ANSIBLE_SSH_CONTROL_PATH', \"%(directory)s/ansible-ssh-%%h-%%p-%%r\")\n"
    }
  ],
  "comments": [],
  "reviews": []
}