{
  "pr_number": 11301,
  "url": "https://github.com/ansible/ansible/pull/11301",
  "title": "Add inventory file to \"Unable to find\" error msg",
  "author_login": "msabramo",
  "state": "MERGED",
  "merged_by_login": "bcoca",
  "body": "E.g.:\n\n```\n$ ansible gabriel -m ping -i ssh_config.py\nERROR! Unable to find an inventory file (ssh_config.py), specify one with -i ?\n```\n",
  "labels": [
    "bug"
  ],
  "additions": 2,
  "deletions": 1,
  "changed_files_count": 1,
  "changed_files_list": [
    "ansible/inventory/__init__.py b/lib/ansible/inventory/__init__.py"
  ],
  "files": [
    {
      "file_path": "ansible/inventory/__init__.py b/lib/ansible/inventory/__init__.py",
      "status": "modified",
      "additions": 2,
      "deletions": 1,
      "file_diff": "diff --git a/lib/ansible/inventory/__init__.py b/lib/ansible/inventory/__init__.py\nindex 9f97e5256d2963..a6e93b565592c9 100644\n--- a/lib/ansible/inventory/__init__.py\n+++ b/lib/ansible/inventory/__init__.py\n@@ -144,7 +144,8 @@ def __init__(self, loader, variable_manager, host_list=C.DEFAULT_HOST_LIST):\n \n             vars_loader.add_directory(self.basedir(), with_subdir=True)\n         else:\n-            raise errors.AnsibleError(\"Unable to find an inventory file, specify one with -i ?\")\n+            raise errors.AnsibleError(\"Unable to find an inventory file (%s), \"\n+                                      \"specify one with -i ?\" % host_list)\n \n         self._vars_plugins = [ x for x in vars_loader.all(self) ]\n \n"
    }
  ],
  "comments": [],
  "reviews": []
}