{
  "pr_number": 10311,
  "url": "https://github.com/ansible/ansible/pull/10311",
  "title": "New lookup-plugin: `dig' for performing DNS lookups",
  "author_login": "jpmens",
  "state": "MERGED",
  "merged_by_login": "bcoca",
  "body": "This makes `dnstxt.py` obsolete, and I recommend it be removed.\n",
  "labels": [
    "feature"
  ],
  "additions": 212,
  "deletions": 0,
  "changed_files_count": 1,
  "changed_files_list": [
    "ansible/runner/lookup_plugins/dig.py b/lib/ansible/runner/lookup_plugins/dig.py"
  ],
  "files": [
    {
      "file_path": "ansible/runner/lookup_plugins/dig.py b/lib/ansible/runner/lookup_plugins/dig.py",
      "status": "added",
      "additions": 212,
      "deletions": 0,
      "file_diff": "diff --git a/lib/ansible/runner/lookup_plugins/dig.py b/lib/ansible/runner/lookup_plugins/dig.py\nnew file mode 100644\nindex 00000000000000..a549a4a1573a62\n--- /dev/null\n+++ b/lib/ansible/runner/lookup_plugins/dig.py\n@@ -0,0 +1,212 @@\n+# (c) 2015, Jan-Piet Mens <jpmens(at)gmail.com>\n+#\n+# This file is part of Ansible\n+#\n+# Ansible is free software: you can redistribute it and/or modify\n+# it under the terms of the GNU General Public License as published by\n+# the Free Software Foundation, either version 3 of the License, or\n+# (at your option) any later version.\n+#\n+# Ansible is distributed in the hope that it will be useful,\n+# but WITHOUT ANY WARRANTY; without even the implied warranty of\n+# MERCHANTABILITY or FITNESS FOR A PARTICULAR PURPOSE.  See the\n+# GNU General Public License for more details.\n+#\n+# You should have received a copy of the GNU General Public License\n+# along with Ansible.  If not, see <http://www.gnu.org/licenses/>.\n+\n+from ansible import utils, errors\n+import socket\n+HAVE_DNS=False\n+try:\n+    import dns.resolver\n+    import dns.reversename\n+    from dns.rdatatype import *\n+    from dns.exception import DNSException\n+    HAVE_DNS=True\n+except ImportError:\n+    pass\n+\n+def make_rdata_dict(rdata):\n+    ''' While the 'dig' lookup plugin supports anything which dnspython supports\n+        out of the box, the following supported_types list describes which\n+        DNS query types we can convert to a dict.\n+\n+        Note: adding support for RRSIG is hard work. :)\n+    '''\n+    supported_types = {\n+            A           : ['address'],\n+            AAAA        : ['address'],\n+            CNAME       : ['target'],\n+            DNAME       : ['target'],\n+            DLV         : ['algorithm', 'digest_type', 'key_tag', 'digest'],\n+            DNSKEY      : ['flags', 'algorithm', 'protocol', 'key'],\n+            DS          : ['algorithm', 'digest_type', 'key_tag', 'digest'],\n+            HINFO       : ['cpu', 'os'],\n+            LOC         : ['latitude', 'longitude', 'altitude', 'size', 'horizontal_precision', 'vertical_precision'],\n+            MX          : ['preference', 'exchange'],\n+            NAPTR       : ['order', 'preference', 'flags', 'service', 'regexp', 'replacement'],\n+            NS          : ['target'],\n+            NSEC3PARAM  : ['algorithm', 'flags', 'iterations', 'salt'],\n+            PTR         : ['target'],\n+            RP          : ['mbox', 'txt'],\n+            # RRSIG       : ['algorithm', 'labels', 'original_ttl', 'expiration', 'inception', 'signature'],\n+            SOA         : ['mname', 'rname', 'serial', 'refresh', 'retry', 'expire', 'minimum'],\n+            SPF         : ['strings'],\n+            SRV         : ['priority', 'weight', 'port', 'target'],\n+            SSHFP       : ['algorithm', 'fp_type', 'fingerprint'],\n+            TLSA        : ['usage', 'selector', 'mtype', 'cert'],\n+            TXT         : ['strings'],\n+        }\n+\n+    rd = {}\n+\n+    if rdata.rdtype in supported_types:\n+        fields = supported_types[rdata.rdtype]\n+        for f in fields:\n+            val     = rdata.__getattribute__(f)\n+\n+            if type(val) == dns.name.Name:\n+                val = dns.name.Name.to_text(val)\n+\n+            if rdata.rdtype == DLV and f == 'digest':\n+                val = dns.rdata._hexify(rdata.digest).replace(' ', '')\n+            if rdata.rdtype == DS and f == 'digest':\n+                val = dns.rdata._hexify(rdata.digest).replace(' ', '')\n+            if rdata.rdtype == DNSKEY and f == 'key':\n+                val = dns.rdata._base64ify(rdata.key).replace(' ', '')\n+            if rdata.rdtype == NSEC3PARAM and f == 'salt':\n+                val = dns.rdata._hexify(rdata.salt).replace(' ', '')\n+            if rdata.rdtype == SSHFP and f == 'fingerprint':\n+                val = dns.rdata._hexify(rdata.fingerprint).replace(' ', '')\n+            if rdata.rdtype == TLSA and f == 'cert':\n+                val = dns.rdata._hexify(rdata.cert).replace(' ', '')\n+\n+\n+            rd[f]   = val\n+\n+    return rd\n+\n+# ==============================================================\n+# dig: Lookup DNS records\n+#\n+# --------------------------------------------------------------\n+\n+class LookupModule(object):\n+\n+    def __init__(self, basedir=None, **kwargs):\n+        self.basedir = basedir\n+\n+        if HAVE_DNS == False:\n+            raise errors.AnsibleError(\"Can't LOOKUP(dig): module dns.resolver is not installed\")\n+\n+    def run(self, terms, inject=None, **kwargs):\n+\n+        '''\n+        terms contains a string with things to `dig' for. We support the\n+        following formats:\n+            example.com                                     # A record\n+            example.com  qtype=A                            # same\n+            example.com/TXT                                 # specific qtype\n+            example.com  qtype=txt                          # same\n+            192.168.1.2/PTR                                 # reverse PTR\n+              ^^ shortcut for 2.1.168.192.in-addr.arpa/PTR\n+            example.net/AAAA  @nameserver                   # query specified server\n+                               ^^^ can be comma-sep list of names/addresses\n+\n+            ... flat=0                                      # returns a dict; default is 1 == string\n+        '''\n+        terms = terms.split()\n+\n+        # Create Resolver object so that we can set NS if necessary\n+        myres = dns.resolver.Resolver()\n+        edns_size = 4096\n+        myres.use_edns(0, ednsflags=dns.flags.DO, payload=edns_size)\n+\n+        domain = None\n+        qtype  = 'A'\n+        flat   = True\n+\n+        for t in terms:\n+            if t.startswith('@'):       # e.g. \"@10.0.1.2,192.168.1.1\" is ok.\n+                nsset = t[1:].split(',')\n+                nameservers = []\n+                for ns in nsset:\n+                    # Check if we have a valid IP address. If so, use that, otherwise\n+                    # try to resolve name to address using system's resolver. If that\n+                    # fails we bail out.\n+                    try:\n+                        socket.inet_aton(ns)\n+                        nameservers.append(ns)\n+                    except:\n+                        try:\n+                            nsaddr = dns.resolver.query(ns)[0].address\n+                            nameservers.append(nsaddr)\n+                        except Exception, e:\n+                            raise errors.AnsibleError(\"dns lookup NS: \", str(e))\n+                    myres.nameservers = nameservers\n+                continue\n+            if '=' in t:\n+                try:\n+                    opt, arg = t.split('=')\n+                except:\n+                    pass\n+\n+                if opt == 'qtype':\n+                    qtype = arg.upper()\n+                elif opt == 'flat':\n+                    flat = int(arg)\n+\n+                continue\n+\n+            if '/' in t:\n+                try:\n+                    domain, qtype = t.split('/')\n+                except:\n+                    domain = t\n+            else:\n+                domain = t\n+\n+        # print \"--- domain = {0} qtype={1}\".format(domain, qtype)\n+\n+        ret = []\n+\n+        if qtype.upper() == 'PTR':\n+            try:\n+                n = dns.reversename.from_address(domain)\n+                domain = n.to_text()\n+            except dns.exception.SyntaxError:\n+                pass\n+            except Exception, e:\n+                raise errors.AnsibleError(\"dns.reversename unhandled exception\", str(e))\n+\n+        try:\n+            answers = myres.query(domain, qtype)\n+            for rdata in answers:\n+                s = rdata.to_text()\n+                if qtype.upper() == 'TXT':\n+                    s = s[1:-1]  # Strip outside quotes on TXT rdata\n+\n+                if flat:\n+                    ret.append(s)\n+                else:\n+                    try:\n+                        rd = make_rdata_dict(rdata)\n+                        rd['owner']     = answers.canonical_name.to_text()\n+                        rd['type']      = dns.rdatatype.to_text(rdata.rdtype)\n+                        rd['ttl']       = answers.rrset.ttl\n+\n+                        ret.append(rd)\n+                    except Exception, e:\n+                        ret.append(str(e))\n+\n+        except dns.resolver.NXDOMAIN:\n+            ret.append('NXDOMAIN')\n+        except dns.resolver.NoAnswer:\n+            ret.append(\"\")\n+        except dns.resolver.Timeout:\n+            ret.append('')\n+        except dns.exception.DNSException, e:\n+            raise errors.AnsibleError(\"dns.resolver unhandled exception\", e)\n+\n+        return ret\n"
    }
  ],
  "comments": [
    {
      "author_login": "bcoca",
      "body": "I'm tempted to rename it to just 'dns' also to make the record type a named parameter qtype='A' (default)\n"
    },
    {
      "author_login": "jpmens",
      "body": "You can't call it 'dns' -- that clashes with python 'dns' module requirement.\n\n'A' is default as it is.\n"
    },
    {
      "author_login": "bcoca",
      "body": "duh! of course you cannot call it dns .... (what idiot suggested that?)\n\nas for the qtype, yes, A is already the default, but what I wanted was it being passed as a named parameter instead of splitting the string as it allows for more flexible calling (w/o having to manipulate domain/ip data). \n"
    },
    {
      "author_login": "jpmens",
      "body": "I've added a commit which adds `qtype=xxx` support. Qtype can be lower or uppercase. Old behaviour remains though, so these are all valid:\n\n```\nexample.com                            A record\nexample.com/A\nexample.com qtype=a\n\nexample.net/TXT                        TXT record\nexample.net  qtype=txt\n```\n"
    },
    {
      "author_login": "bcoca",
      "body": "perfect!\n"
    },
    {
      "author_login": "jpmens",
      "body": "@bcoca How's this in addition?\n\n``` jinja\n{% set data = lookup('dig', 'iis.se. qtype=a', wantlist=True)[0] -%}\n{{ data }}\n\n{% set data = lookup('dig', 'iis.se. qtype=a flat=0', wantlist=True)[0] -%}\nDomain...: {{ data.owner }}\nType.....: {{ data.type }}\nAddress..: {{ data.address }}\nTTL......: {{ data.ttl }}\n\n{% set data = lookup('dig', 'iis.se. qtype=mx flat=0', wantlist=True) -%}\n{{ data | pprint }}\n```\n\nproduces\n\n```\n91.226.36.46\n\nDomain...: iis.se.\nType.....: A\nAddress..: 91.226.36.46\nTTL......: 60\n\n[{'exchange': 'mx2.iis.se.',\n  'owner': 'iis.se.',\n  'prio': 5,\n  'ttl': 60,\n  'type': 'MX'},\n {'exchange': 'mx1.iis.se.',\n  'owner': 'iis.se.',\n  'prio': 5,\n  'ttl': 60,\n  'type': 'MX'}]\n```\n\nSetting `flat=0` on a per/query basis returns the data as a dict.\n"
    },
    {
      "author_login": "bcoca",
      "body": "Very nice!\n"
    },
    {
      "author_login": "clickfreak",
      "body": ":+1: \n"
    },
    {
      "author_login": "jpmens",
      "body": "OK, as far as I'm concerned this is now feature complete. :-)\n"
    },
    {
      "author_login": "jpmens",
      "body": "Thank you, @bcoca !\n"
    },
    {
      "author_login": "bcoca",
      "body": "I'm not sure ret/responses are in the correct scope, it looks like you wanted responses inside a for loop (terms one?) in which case indentation is wrong.\n",
      "file_path": "lib/ansible/runner/lookup_plugins/dig.py",
      "diff_hunk": "@@ -0,0 +1,124 @@\n+# (c) 2015, Jan-Piet Mens <jpmens(at)gmail.com>\n+#\n+# This file is part of Ansible\n+#\n+# Ansible is free software: you can redistribute it and/or modify\n+# it under the terms of the GNU General Public License as published by\n+# the Free Software Foundation, either version 3 of the License, or\n+# (at your option) any later version.\n+#\n+# Ansible is distributed in the hope that it will be useful,\n+# but WITHOUT ANY WARRANTY; without even the implied warranty of\n+# MERCHANTABILITY or FITNESS FOR A PARTICULAR PURPOSE.  See the\n+# GNU General Public License for more details.\n+#\n+# You should have received a copy of the GNU General Public License\n+# along with Ansible.  If not, see <http://www.gnu.org/licenses/>.\n+\n+from ansible import utils, errors\n+import socket\n+HAVE_DNS=False\n+try:\n+    import dns.resolver\n+    import dns.reversename\n+    from dns.exception import DNSException\n+    HAVE_DNS=True\n+except ImportError:\n+    pass\n+\n+# ==============================================================\n+# dig: Lookup DNS records\n+#\n+# --------------------------------------------------------------\n+\n+class LookupModule(object):\n+\n+    def __init__(self, basedir=None, **kwargs):\n+        self.basedir = basedir\n+\n+        if HAVE_DNS == False:\n+            raise errors.AnsibleError(\"Can't LOOKUP(dig): module dns.resolver is not installed\")\n+\n+    def run(self, terms, inject=None, **kwargs):\n+\n+        '''\n+        terms contains a string with things to `dig' for. We support the\n+        following formats:\n+            example.com                                     # A record\n+            example.com/TXT                                 # specific qtype\n+            192.168.1.2/PTR                                 # reverse PTR\n+              ^^ shortcut for 2.1.168.192.in-addr.arpa/PTR\n+            example.net/AAAA  @nameserver                   # query specified server\n+                               ^^^ can be comma-sep list of names/addresses\n+        '''\n+        terms = terms.split()\n+\n+        # Create Resolver object so that we can set NS if necessary\n+        myres = dns.resolver.Resolver()\n+\n+        domain = None\n+        qtype  = 'A'\n+\n+        for t in terms:\n+            if t.startswith('@'):       # e.g. \"@10.0.1.2,192.168.1.1\" is ok.\n+                nsset = t[1:].split(',')\n+                nameservers = []\n+                for ns in nsset:\n+                    # Check if we have a valid IP address. If so, use that, otherwise\n+                    # try to resolve name to address using system's resolver. If that\n+                    # fails we bail out.\n+                    try:\n+                        socket.inet_aton(ns)\n+                        nameservers.append(ns)\n+                    except:\n+                        try:\n+                            nsaddr = dns.resolver.query(ns)[0].address\n+                            nameservers.append(nsaddr)\n+                        except Exception, e:\n+                            raise errors.AnsibleError(\"dns lookup NS: \", str(e))\n+                    myres.nameservers = nameservers\n+                continue\n+            if '/' in t:\n+                try:\n+                    domain, qtype = t.split('/')\n+                except:\n+                    domain = t\n+            else:\n+                domain = t\n+\n+        # print \"--- domain = {0} qtype={1}\".format(domain, qtype)\n+\n+        ret = []\n+\n+        if qtype.upper() == 'PTR':\n+            try:\n+                n = dns.reversename.from_address(domain)\n+                domain = n.to_text()\n+            except dns.exception.SyntaxError:\n+                pass\n+            except Exception, e:\n+                pass\n+                print \"START\"\n+                # raise errors.AnsibleError(\"dns.reversename unhandled exception\", str(e))\n+\n+        responses = []\n+        try:\n+            answers = myres.query(domain, qtype)\n+            for rdata in answers:\n+                s = rdata.to_text()\n+                if qtype.upper() == 'TXT':\n+                    s = s[1:-1]  # Strip outside quotes on TXT rdata\n+                responses.append(s)\n+\n+        except dns.resolver.NXDOMAIN:\n+            responses.append('NXDOMAIN')\n+        except dns.resolver.NoAnswer:\n+            responses.append(\"\")\n+        except dns.resolver.Timeout:\n+            responses.append('')\n+        except dns.exception.DNSException, e:\n+            raise errors.AnsibleError(\"dns.resolver unhandled exception\", e)\n+\n+        for r in responses:\n+            ret.append(r)\n+        return ret",
      "comment_type": "review_comment"
    },
    {
      "author_login": "jpmens",
      "body": "Tested. Works fine here.\n",
      "file_path": "lib/ansible/runner/lookup_plugins/dig.py",
      "diff_hunk": "@@ -0,0 +1,124 @@\n+# (c) 2015, Jan-Piet Mens <jpmens(at)gmail.com>\n+#\n+# This file is part of Ansible\n+#\n+# Ansible is free software: you can redistribute it and/or modify\n+# it under the terms of the GNU General Public License as published by\n+# the Free Software Foundation, either version 3 of the License, or\n+# (at your option) any later version.\n+#\n+# Ansible is distributed in the hope that it will be useful,\n+# but WITHOUT ANY WARRANTY; without even the implied warranty of\n+# MERCHANTABILITY or FITNESS FOR A PARTICULAR PURPOSE.  See the\n+# GNU General Public License for more details.\n+#\n+# You should have received a copy of the GNU General Public License\n+# along with Ansible.  If not, see <http://www.gnu.org/licenses/>.\n+\n+from ansible import utils, errors\n+import socket\n+HAVE_DNS=False\n+try:\n+    import dns.resolver\n+    import dns.reversename\n+    from dns.exception import DNSException\n+    HAVE_DNS=True\n+except ImportError:\n+    pass\n+\n+# ==============================================================\n+# dig: Lookup DNS records\n+#\n+# --------------------------------------------------------------\n+\n+class LookupModule(object):\n+\n+    def __init__(self, basedir=None, **kwargs):\n+        self.basedir = basedir\n+\n+        if HAVE_DNS == False:\n+            raise errors.AnsibleError(\"Can't LOOKUP(dig): module dns.resolver is not installed\")\n+\n+    def run(self, terms, inject=None, **kwargs):\n+\n+        '''\n+        terms contains a string with things to `dig' for. We support the\n+        following formats:\n+            example.com                                     # A record\n+            example.com/TXT                                 # specific qtype\n+            192.168.1.2/PTR                                 # reverse PTR\n+              ^^ shortcut for 2.1.168.192.in-addr.arpa/PTR\n+            example.net/AAAA  @nameserver                   # query specified server\n+                               ^^^ can be comma-sep list of names/addresses\n+        '''\n+        terms = terms.split()\n+\n+        # Create Resolver object so that we can set NS if necessary\n+        myres = dns.resolver.Resolver()\n+\n+        domain = None\n+        qtype  = 'A'\n+\n+        for t in terms:\n+            if t.startswith('@'):       # e.g. \"@10.0.1.2,192.168.1.1\" is ok.\n+                nsset = t[1:].split(',')\n+                nameservers = []\n+                for ns in nsset:\n+                    # Check if we have a valid IP address. If so, use that, otherwise\n+                    # try to resolve name to address using system's resolver. If that\n+                    # fails we bail out.\n+                    try:\n+                        socket.inet_aton(ns)\n+                        nameservers.append(ns)\n+                    except:\n+                        try:\n+                            nsaddr = dns.resolver.query(ns)[0].address\n+                            nameservers.append(nsaddr)\n+                        except Exception, e:\n+                            raise errors.AnsibleError(\"dns lookup NS: \", str(e))\n+                    myres.nameservers = nameservers\n+                continue\n+            if '/' in t:\n+                try:\n+                    domain, qtype = t.split('/')\n+                except:\n+                    domain = t\n+            else:\n+                domain = t\n+\n+        # print \"--- domain = {0} qtype={1}\".format(domain, qtype)\n+\n+        ret = []\n+\n+        if qtype.upper() == 'PTR':\n+            try:\n+                n = dns.reversename.from_address(domain)\n+                domain = n.to_text()\n+            except dns.exception.SyntaxError:\n+                pass\n+            except Exception, e:\n+                pass\n+                print \"START\"\n+                # raise errors.AnsibleError(\"dns.reversename unhandled exception\", str(e))\n+\n+        responses = []\n+        try:\n+            answers = myres.query(domain, qtype)\n+            for rdata in answers:\n+                s = rdata.to_text()\n+                if qtype.upper() == 'TXT':\n+                    s = s[1:-1]  # Strip outside quotes on TXT rdata\n+                responses.append(s)\n+\n+        except dns.resolver.NXDOMAIN:\n+            responses.append('NXDOMAIN')\n+        except dns.resolver.NoAnswer:\n+            responses.append(\"\")\n+        except dns.resolver.Timeout:\n+            responses.append('')\n+        except dns.exception.DNSException, e:\n+            raise errors.AnsibleError(\"dns.resolver unhandled exception\", e)\n+\n+        for r in responses:\n+            ret.append(r)\n+        return ret",
      "comment_type": "review_comment"
    },
    {
      "author_login": "jpmens",
      "body": "I've double-checked @bcoca -- this is definitely ok as it is.\n",
      "file_path": "lib/ansible/runner/lookup_plugins/dig.py",
      "diff_hunk": "@@ -0,0 +1,124 @@\n+# (c) 2015, Jan-Piet Mens <jpmens(at)gmail.com>\n+#\n+# This file is part of Ansible\n+#\n+# Ansible is free software: you can redistribute it and/or modify\n+# it under the terms of the GNU General Public License as published by\n+# the Free Software Foundation, either version 3 of the License, or\n+# (at your option) any later version.\n+#\n+# Ansible is distributed in the hope that it will be useful,\n+# but WITHOUT ANY WARRANTY; without even the implied warranty of\n+# MERCHANTABILITY or FITNESS FOR A PARTICULAR PURPOSE.  See the\n+# GNU General Public License for more details.\n+#\n+# You should have received a copy of the GNU General Public License\n+# along with Ansible.  If not, see <http://www.gnu.org/licenses/>.\n+\n+from ansible import utils, errors\n+import socket\n+HAVE_DNS=False\n+try:\n+    import dns.resolver\n+    import dns.reversename\n+    from dns.exception import DNSException\n+    HAVE_DNS=True\n+except ImportError:\n+    pass\n+\n+# ==============================================================\n+# dig: Lookup DNS records\n+#\n+# --------------------------------------------------------------\n+\n+class LookupModule(object):\n+\n+    def __init__(self, basedir=None, **kwargs):\n+        self.basedir = basedir\n+\n+        if HAVE_DNS == False:\n+            raise errors.AnsibleError(\"Can't LOOKUP(dig): module dns.resolver is not installed\")\n+\n+    def run(self, terms, inject=None, **kwargs):\n+\n+        '''\n+        terms contains a string with things to `dig' for. We support the\n+        following formats:\n+            example.com                                     # A record\n+            example.com/TXT                                 # specific qtype\n+            192.168.1.2/PTR                                 # reverse PTR\n+              ^^ shortcut for 2.1.168.192.in-addr.arpa/PTR\n+            example.net/AAAA  @nameserver                   # query specified server\n+                               ^^^ can be comma-sep list of names/addresses\n+        '''\n+        terms = terms.split()\n+\n+        # Create Resolver object so that we can set NS if necessary\n+        myres = dns.resolver.Resolver()\n+\n+        domain = None\n+        qtype  = 'A'\n+\n+        for t in terms:\n+            if t.startswith('@'):       # e.g. \"@10.0.1.2,192.168.1.1\" is ok.\n+                nsset = t[1:].split(',')\n+                nameservers = []\n+                for ns in nsset:\n+                    # Check if we have a valid IP address. If so, use that, otherwise\n+                    # try to resolve name to address using system's resolver. If that\n+                    # fails we bail out.\n+                    try:\n+                        socket.inet_aton(ns)\n+                        nameservers.append(ns)\n+                    except:\n+                        try:\n+                            nsaddr = dns.resolver.query(ns)[0].address\n+                            nameservers.append(nsaddr)\n+                        except Exception, e:\n+                            raise errors.AnsibleError(\"dns lookup NS: \", str(e))\n+                    myres.nameservers = nameservers\n+                continue\n+            if '/' in t:\n+                try:\n+                    domain, qtype = t.split('/')\n+                except:\n+                    domain = t\n+            else:\n+                domain = t\n+\n+        # print \"--- domain = {0} qtype={1}\".format(domain, qtype)\n+\n+        ret = []\n+\n+        if qtype.upper() == 'PTR':\n+            try:\n+                n = dns.reversename.from_address(domain)\n+                domain = n.to_text()\n+            except dns.exception.SyntaxError:\n+                pass\n+            except Exception, e:\n+                pass\n+                print \"START\"\n+                # raise errors.AnsibleError(\"dns.reversename unhandled exception\", str(e))\n+\n+        responses = []\n+        try:\n+            answers = myres.query(domain, qtype)\n+            for rdata in answers:\n+                s = rdata.to_text()\n+                if qtype.upper() == 'TXT':\n+                    s = s[1:-1]  # Strip outside quotes on TXT rdata\n+                responses.append(s)\n+\n+        except dns.resolver.NXDOMAIN:\n+            responses.append('NXDOMAIN')\n+        except dns.resolver.NoAnswer:\n+            responses.append(\"\")\n+        except dns.resolver.Timeout:\n+            responses.append('')\n+        except dns.exception.DNSException, e:\n+            raise errors.AnsibleError(\"dns.resolver unhandled exception\", e)\n+\n+        for r in responses:\n+            ret.append(r)\n+        return ret",
      "comment_type": "review_comment"
    }
  ],
  "reviews": []
}