{
  "pr_number": 11090,
  "url": "https://github.com/ansible/ansible/pull/11090",
  "title": "Add -Compress to ConvertTo-Json calls in common powershell code",
  "author_login": "jhawkesworth",
  "state": "MERGED",
  "merged_by_login": "bcoca",
  "body": "As discussed here: https://groups.google.com/forum/#!topic/ansible-devel/0b29WdFt3ig\n",
  "labels": [
    "windows",
    "feature"
  ],
  "additions": 2,
  "deletions": 2,
  "changed_files_count": 1,
  "changed_files_list": [
    "ansible/module_utils/powershell.ps1 b/lib/ansible/module_utils/powershell.ps1"
  ],
  "files": [
    {
      "file_path": "ansible/module_utils/powershell.ps1 b/lib/ansible/module_utils/powershell.ps1",
      "status": "modified",
      "additions": 2,
      "deletions": 2,
      "file_diff": "diff --git a/lib/ansible/module_utils/powershell.ps1 b/lib/ansible/module_utils/powershell.ps1\nindex ee7d3ddeca4ba8..9606f47783b66c 100644\n--- a/lib/ansible/module_utils/powershell.ps1\n+++ b/lib/ansible/module_utils/powershell.ps1\n@@ -65,7 +65,7 @@ Function Exit-Json($obj)\n         $obj = New-Object psobject\n     }\n \n-    echo $obj | ConvertTo-Json -Depth 99\n+    echo $obj | ConvertTo-Json -Compress -Depth 99\n     Exit\n }\n \n@@ -89,7 +89,7 @@ Function Fail-Json($obj, $message = $null)\n \n     Set-Attr $obj \"msg\" $message\n     Set-Attr $obj \"failed\" $true\n-    echo $obj | ConvertTo-Json -Depth 99\n+    echo $obj | ConvertTo-Json -Compress -Depth 99\n     Exit 1\n }\n \n"
    }
  ],
  "comments": [
    {
      "author_login": "bcoca",
      "body": "also applied to v2_final\n"
    },
    {
      "author_login": "jhawkesworth",
      "body": "Thank you!\n\nOn Fri, May 29, 2015 at 3:37 PM, Brian Coca notifications@github.com\nwrote:\n\n> also applied to v2_final\n> \n> —\n> Reply to this email directly or view it on GitHub\n> https://github.com/ansible/ansible/pull/11090#issuecomment-106829575.\n"
    }
  ],
  "reviews": []
}