{
  "pr_number": 10205,
  "url": "https://github.com/ansible/ansible/pull/10205",
  "title": "Typo in galaxy.rst",
  "author_login": "alefteris",
  "state": "MERGED",
  "merged_by_login": "abadger",
  "body": "",
  "labels": [
    "needs_revision",
    "docs"
  ],
  "additions": 1,
  "deletions": 1,
  "changed_files_count": 1,
  "changed_files_list": [
    "docsite/rst/galaxy.rst"
  ],
  "files": [
    {
      "file_path": "docsite/rst/galaxy.rst",
      "status": "modified",
      "additions": 1,
      "deletions": 1,
      "file_diff": "diff --git a/docsite/rst/galaxy.rst b/docsite/rst/galaxy.rst\nindex 2929292b087ce6..d7639848a6122e 100644\n--- a/docsite/rst/galaxy.rst\n+++ b/docsite/rst/galaxy.rst\n@@ -10,7 +10,7 @@ The Website\n \n The website `Ansible Galaxy <http://galaxy.ansible.com>`_, is a free site for finding, downloading, rating, and reviewing all kinds of community developed Ansible roles and can be a great way to get a jumpstart on your automation projects.\n \n-You can sign up with social auth, and use the download client 'ansible-galaxy' is included in Ansible 1.4.2 and later.\n+You can sign up with social auth and use the download client 'ansible-galaxy' which is included in Ansible 1.4.2 and later.\n \n Read the \"About\" page on the Galaxy site for more information.\n \n"
    }
  ],
  "comments": [
    {
      "author_login": "abadger",
      "body": "The comma with which isn't needed either :-).  Other than that, looks good to merge.\n"
    },
    {
      "author_login": "alefteris",
      "body": "Revised PR. Thanks.\n"
    },
    {
      "author_login": "abadger",
      "body": "Thanks for the fix!\n"
    }
  ],
  "reviews": []
}