{
  "pr_number": 1113,
  "url": "https://github.com/ansible/ansible/pull/1113",
  "title": "Strip trailing white space from $FILE()/$PIPE()",
  "author_login": "jpmens",
  "state": "MERGED",
  "merged_by_login": "mpdehaan",
  "body": "",
  "labels": [],
  "additions": 1,
  "deletions": 1,
  "changed_files_count": 1,
  "changed_files_list": [
    "ansible/utils.py b/lib/ansible/utils.py"
  ],
  "files": [
    {
      "file_path": "ansible/utils.py b/lib/ansible/utils.py",
      "status": "modified",
      "additions": 1,
      "deletions": 1,
      "file_diff": "diff --git a/lib/ansible/utils.py b/lib/ansible/utils.py\nindex e5d35c408b1cba..b3d2f30da05d77 100644\n--- a/lib/ansible/utils.py\n+++ b/lib/ansible/utils.py\n@@ -277,7 +277,7 @@ def varReplaceFilesAndPipes(basedir, raw):\n \n         start, end = m.span()\n         done.append(raw[:start])    # Keep stuff leading up to token\n-        done.append(replacement)    # Append replacement value\n+        done.append(replacement.rstrip())    # Append replacement value\n         raw = raw[end:]             # Continue with remainder of string\n \n     return ''.join(done)\n"
    }
  ],
  "comments": [
    {
      "author_login": "mpdehaan",
      "body": "merged, thanks!\n"
    }
  ],
  "reviews": []
}