{
  "pr_number": 10508,
  "url": "https://github.com/ansible/ansible/pull/10508",
  "title": "correctly identifies oracle linux",
  "author_login": "ebastos",
  "state": "MERGED",
  "merged_by_login": "bcoca",
  "body": "even when it lies and pretends to be redhat\n\nFixes #10485\n",
  "labels": [
    "bug"
  ],
  "additions": 9,
  "deletions": 1,
  "changed_files_count": 1,
  "changed_files_list": [
    "ansible/module_utils/facts.py b/lib/ansible/module_utils/facts.py"
  ],
  "files": [
    {
      "file_path": "ansible/module_utils/facts.py b/lib/ansible/module_utils/facts.py",
      "status": "modified",
      "additions": 9,
      "deletions": 1,
      "file_diff": "diff --git a/lib/ansible/module_utils/facts.py b/lib/ansible/module_utils/facts.py\nindex 93fe68786d80cf..40be989241f6d2 100644\n--- a/lib/ansible/module_utils/facts.py\n+++ b/lib/ansible/module_utils/facts.py\n@@ -87,7 +87,8 @@ class Facts(object):\n     _I386RE = re.compile(r'i([3456]86|86pc)')\n     # For the most part, we assume that platform.dist() will tell the truth.\n     # This is the fallback to handle unknowns or exceptions\n-    OSDIST_LIST = ( ('/etc/redhat-release', 'RedHat'),\n+    OSDIST_LIST = ( ('/etc/oracle-release', 'Oracle Linux'),\n+                    ('/etc/redhat-release', 'RedHat'),\n                     ('/etc/vmware-release', 'VMwareESX'),\n                     ('/etc/openwrt_release', 'OpenWrt'),\n                     ('/etc/system-release', 'OtherLinux'),\n@@ -287,6 +288,13 @@ def get_distribution_facts(self):\n                             # Once we determine the value is one of these distros\n                             # we trust the values are always correct\n                             break\n+                        elif name == 'Oracle Linux':\n+                            data = get_file_content(path)\n+                            if 'Oracle Linux' in data:\n+                                self.facts['distribution'] = name\n+                            else:\n+                                self.facts['distribution'] = data.split()[0]\n+                            break\n                         elif name == 'RedHat':\n                             data = get_file_content(path)\n                             if 'Red Hat' in data:\n"
    }
  ],
  "comments": [],
  "reviews": []
}