{
  "pr_number": 10268,
  "url": "https://github.com/ansible/ansible/pull/10268",
  "title": "Optimize the plugin loader.",
  "author_login": "abadger",
  "state": "MERGED",
  "merged_by_login": "abadger",
  "body": "We have been caching the paths to the plugins but before we would only\ncache the specific plugin that we were looking for.  This meant that we\nmight search through all of the plugin directories before finding the\nspecific module we were interested in.  The next plugin we needed we\nmight again search through all the plugin directories before finding the\nplugin we wanted.\n\nThis new code will cache all the potential plugins in each directory\nsearched.  For a play that only uses one plugin we'll only search\nthrough directories until we encounter the directory that has the proper\nplugin.  For a large playbook with many plugins used we'll search\nthrough each directory at most once each.\n\nThis should alleviate #10165\n",
  "labels": [],
  "additions": 25,
  "deletions": 10,
  "changed_files_count": 1,
  "changed_files_list": [
    "ansible/utils/plugins.py b/lib/ansible/utils/plugins.py"
  ],
  "files": [
    {
      "file_path": "ansible/utils/plugins.py b/lib/ansible/utils/plugins.py",
      "status": "modified",
      "additions": 25,
      "deletions": 10,
      "file_diff": "diff --git a/lib/ansible/utils/plugins.py b/lib/ansible/utils/plugins.py\nindex 29771d0ed97db1..fbee4bde68422b 100644\n--- a/lib/ansible/utils/plugins.py\n+++ b/lib/ansible/utils/plugins.py\n@@ -64,6 +64,7 @@ def __init__(self, class_name, package, config, subdir, aliases={}):\n         self._plugin_path_cache = PLUGIN_PATH_CACHE[class_name]\n \n         self._extra_dirs = []\n+        self._searched_paths = set()\n \n     def print_paths(self):\n         ''' Returns a string suitable for printing of the search path '''\n@@ -167,22 +168,36 @@ def find_plugin(self, name, suffixes=None, transport=''):\n                 else:\n                     suffixes = ['.py', '']\n \n-        # loop over paths and then loop over suffixes to find plugin\n-        for i in self._get_paths():\n-            for suffix in suffixes:\n-                full_name = '%s%s' % (name, suffix)\n+        potential_names = frozenset('%s%s' % (name, s) for s in suffixes)\n+        for full_name in potential_names:\n+            if full_name in self._plugin_path_cache:\n+                return self._plugin_path_cache[full_name]\n+\n+        found = None\n+        for path in [p for p in self._get_paths() if p not in self._searched_paths]:\n+            for potential_file in os.listdir(path):\n+                for suffix in suffixes:\n+                    if potential_file.endswith(suffix):\n+                        full_path = os.path.join(path, potential_file)\n+                        full_name = os.path.basename(full_path)\n+                        break\n+                else: # Yes, this is a for-else: http://bit.ly/1ElPkyg\n+                    continue\n \n+                if full_name not in self._plugin_path_cache:\n+                    self._plugin_path_cache[full_name] = full_path\n+\n+            self._searched_paths.add(path)\n+            for full_name in potential_names:\n                 if full_name in self._plugin_path_cache:\n                     return self._plugin_path_cache[full_name]\n \n-                path = os.path.join(i, full_name)\n-                if os.path.isfile(path):\n-                    self._plugin_path_cache[full_name] = path\n-                    return path\n-\n         # if nothing is found, try finding alias/deprecated\n         if not name.startswith('_'):\n-            return self.find_plugin('_' + name, suffixes, transport)\n+            for alias_name in ('_%s' % n for n in potential_names):\n+                # We've already cached all the paths at this point\n+                if alias_name in self._plugin_path_cache:\n+                    return self._plugin_path_cache[alias_name]\n \n         return None\n \n"
    }
  ],
  "comments": [
    {
      "author_login": "abadger",
      "body": "# Possible Duplicated Efforts\n\nHi!\n\nThanks very much for your submission to Ansible.  It sincerely means a lot to us that you've taken time to contribute.\n\nIt looks like the work from this pull request is a duplicate of the following PR(s):\n- INSERT PR(S) HERE\n\nBased on this, we are going to close this PR in favor of the above.\n\nHowever, we're absolutely always up for discussion.  Since this is a really busy project, we don't always see comments on closed tickets, but want to encourage open dialog.  You can stop by the development list, and we'd be glad to talk about it - and we might even be persuaded otherwise!\n- https://groups.google.com/forum/#!forum/ansible-devel\n\nIn the future, sometimes starting a discussion on the development list prior to implenting a feature can make getting things included a little easier, but it's not always necessary.\n\nThank you once again for this and your interest in Ansible!\n"
    }
  ],
  "reviews": []
}