{
  "pr_number": 1125,
  "url": "https://github.com/ansible/ansible/pull/1125",
  "title": "Make sure we retain facts between playbooks",
  "author_login": "dagwieers",
  "state": "MERGED",
  "merged_by_login": "mpdehaan",
  "body": "This is mandatory if we want to make facts-modules (like network_facts, ilo_facts and esx_facts) work.\n",
  "labels": [],
  "additions": 1,
  "deletions": 1,
  "changed_files_count": 1,
  "changed_files_list": [
    "ansible/playbook/__init__.py b/lib/ansible/playbook/__init__.py"
  ],
  "files": [
    {
      "file_path": "ansible/playbook/__init__.py b/lib/ansible/playbook/__init__.py",
      "status": "modified",
      "additions": 1,
      "deletions": 1,
      "file_diff": "diff --git a/lib/ansible/playbook/__init__.py b/lib/ansible/playbook/__init__.py\nindex 29bd2743a080e4..29e9f228614118 100644\n--- a/lib/ansible/playbook/__init__.py\n+++ b/lib/ansible/playbook/__init__.py\n@@ -317,7 +317,7 @@ def _do_setup_step(self, play):\n         # let runner template out future commands\n         setup_ok = setup_results.get('contacted', {})\n         for (host, result) in setup_ok.iteritems():\n-            self.SETUP_CACHE[host] = result.get('ansible_facts', {})\n+            self.SETUP_CACHE[host].update(result.get('ansible_facts', {}))\n         return setup_results\n \n     # *****************************************************\n"
    }
  ],
  "comments": [
    {
      "author_login": "command-tab",
      "body": "Only tangentially related:\n\nI'm curious about additional facts modules like esx_facts. Can they be found somewhere?\n"
    },
    {
      "author_login": "dagwieers",
      "body": "@commandtab Not yet, can send them to you as I am looking for feedback.\n"
    },
    {
      "author_login": "command-tab",
      "body": "@dagwieers Would love to try them out! I've got development ESXi nodes and a vCenter Server ready to communicate with. Will give me a reason to set up iLO on them as well.\n"
    },
    {
      "author_login": "mpdehaan",
      "body": "post them to a branch and email the list if you want feedback.  Want to see them as well :)\n"
    },
    {
      "author_login": "mpdehaan",
      "body": "want to check this to make sure SETUP_CACHE is always initialized, in queue, thanks!\n"
    },
    {
      "author_login": "mpdehaan",
      "body": "ok, yeah, already initialized.  Good to go.\n\nmerged, thanks!\n"
    }
  ],
  "reviews": []
}