{
  "pr_number": 10492,
  "url": "https://github.com/ansible/ansible/pull/10492",
  "title": "Adding comment filter",
  "author_login": "jtyr",
  "state": "MERGED",
  "merged_by_login": "bcoca",
  "body": "This patch is adding a new Jinja2 filter called `comment` which allows to decorate the text with a chosen comment style. The main motivation behind it is to be able to have nicer `ansible_managed` string. The current `ansible_managed` string is one and very long line. The `comment` filter allows to split the string on multiple lines and decorate it with a desired comment style.\n\nFor example, if we override the `ansible_managed` string in `ansible.conf` like this:\n\n```\n[defaults]\n\nansible_managed = This file is managed by Ansible.%n\n  template: {file}\n  date: %Y-%m-%d %H:%M:%S\n  user: {uid}\n  host: {host}\n```\n\nThen we can decorate the text with the `comment` filter like this:\n\n```\n{{ ansible_managed | comment }}\n```\n\nThat will create the following output:\n\n```\n#\n# This file is managed by Ansible.\n# \n# template: /home/jtyr/ansible/env/dev/ansible_managed/roles/role1/templates/test.j2\n# date: 2015-03-18 11:02:58\n# user: jtyr\n# host: myhost\n#\n```\n\nThe filter has couple of predefined comment styles and it also allows to define completely new styles inline. Here is couple of examples of how to use it:\n\n```\nPlain style (default):\n{{ ansible_managed | comment }}\n\nErlang style:\n{{ ansible_managed | comment('erlang') }}\n\nC style:\n{{ ansible_managed | comment('c') }}\n\nC block style:\n{{ ansible_managed | comment('cblock') }}\n\nXML style:\n{{ ansible_managed | comment('xml') }}\n\nCustom style:\n{{ ansible_managed | comment('plain', prefix='#######\\n#', postfix='#\\n#######\\n   ###\\n    #') }}\n```\n\nThat will produce the following output:\n\n```\nPlain style (default):\n#\n# This file is managed by Ansible.\n# \n# template: /home/jtyr/ansible/env/dev/ansible_managed/roles/role1/templates/test.j2\n# date: 2015-03-18 11:02:58\n# user: jtyr\n# host: myhost\n#\n\nErlang style:\n%\n% This file is managed by Ansible.\n% \n% template: /home/jtyr/ansible/env/dev/ansible_managed/roles/role1/templates/test.j2\n% date: 2015-03-18 11:02:58\n% user: jtyr\n% host: myhost\n%\n\nC style:\n//\n// This file is managed by Ansible.\n// \n// template: /home/jtyr/ansible/env/dev/ansible_managed/roles/role1/templates/test.j2\n// date: 2015-03-18 11:02:58\n// user: jtyr\n// host: myhost\n//\n\nC block style:\n/*\n *\n * This file is managed by Ansible.\n * \n * template: /home/jtyr/ansible/env/dev/ansible_managed/roles/role1/templates/test.j2\n * date: 2015-03-18 11:02:58\n * user: jtyr\n * host: myhost\n *\n */\n\nXML style:\n<!--\n -\n - This file is managed by Ansible.\n - \n - template: /home/jtyr/ansible/env/dev/ansible_managed/roles/role1/templates/test.j2\n - date: 2015-03-18 11:02:58\n - user: jtyr\n - host: myhost\n -\n-->\n\nCustom style:\n#######\n#\n# This file is managed by Ansible.\n# \n# template: /home/jtyr/ansible/env/dev/ansible_managed/roles/role1/templates/test.j2\n# date: 2015-03-18 11:02:58\n# user: jtyr\n# host: myhost\n#\n#######\n   ###\n    #\n```\n",
  "labels": [
    "needs_rebase",
    "feature"
  ],
  "additions": 80,
  "deletions": 0,
  "changed_files_count": 1,
  "changed_files_list": [
    "v1/ansible/runner/filter_plugins/core.py"
  ],
  "files": [
    {
      "file_path": "v1/ansible/runner/filter_plugins/core.py",
      "status": "modified",
      "additions": 80,
      "deletions": 0,
      "file_diff": "diff --git a/v1/ansible/runner/filter_plugins/core.py b/v1/ansible/runner/filter_plugins/core.py\nindex bdf45509c3a610..f81da6f89426c4 100644\n--- a/v1/ansible/runner/filter_plugins/core.py\n+++ b/v1/ansible/runner/filter_plugins/core.py\n@@ -270,6 +270,83 @@ def get_encrypted_password(password, hashtype='sha512', salt=None):\n def to_uuid(string):\n     return str(uuid.uuid5(UUID_NAMESPACE_ANSIBLE, str(string)))\n \n+def comment(text, style='plain', **kw):\n+    # Predefined comment types\n+    comment_styles = {\n+        'plain': {\n+            'decoration': '# '\n+        },\n+        'erlang': {\n+            'decoration': '% '\n+        },\n+        'c': {\n+            'decoration': '// '\n+        },\n+        'cblock': {\n+            'beginning': '/*',\n+            'decoration': ' * ',\n+            'end': ' */'\n+        },\n+        'xml': {\n+            'beginning': '<!--',\n+            'decoration': ' - ',\n+            'end': '-->'\n+        }\n+    }\n+\n+    # Pointer to the right comment type\n+    style_params = comment_styles[style]\n+\n+    if 'decoration' in kw:\n+        prepostfix = kw['decoration']\n+    else:\n+        prepostfix = style_params['decoration']\n+\n+    # Default params\n+    p = {\n+        'newline': '\\n',\n+        'beginning': '',\n+        'prefix': (prepostfix).rstrip(),\n+        'prefix_count': 1,\n+        'decoration': '',\n+        'postfix': (prepostfix).rstrip(),\n+        'postfix_count': 1,\n+        'end': ''\n+    }\n+\n+    # Update default params\n+    p.update(style_params)\n+    p.update(kw)\n+\n+    # Compose substrings for the final string\n+    str_beginning = ''\n+    if p['beginning']:\n+        str_beginning = \"%s%s\" % (p['beginning'], p['newline'])\n+    str_prefix = str(\n+        \"%s%s\" % (p['prefix'], p['newline'])) * int(p['prefix_count'])\n+    str_text = (\"%s%s\" % (\n+        p['decoration'],\n+        # Prepend each line of the text with the decorator\n+        text.replace(\n+            p['newline'], \"%s%s\" % (p['newline'], p['decoration'])))).replace(\n+                # Remove trailing spaces when only decorator is on the line\n+                \"%s%s\" % (p['decoration'], p['newline']),\n+                \"%s%s\" % (p['decoration'].rstrip(), p['newline']))\n+    str_postfix = p['newline'].join(\n+        [''] + [p['postfix'] for x in range(p['postfix_count'])])\n+    str_end = ''\n+    if p['end']:\n+        str_end = \"%s%s\" % (p['newline'], p['end'])\n+\n+    # Return the final string\n+    return \"%s%s%s%s%s\" % (\n+        str_beginning,\n+        str_prefix,\n+        str_text,\n+        str_postfix,\n+        str_end)\n+\n+\n class FilterModule(object):\n     ''' Ansible core jinja2 filters '''\n \n@@ -348,4 +425,7 @@ def filters(self):\n             # random stuff\n             'random': rand,\n             'shuffle': randomize_list,\n+\n+            # comment-style decoration of string\n+            'comment': comment,\n         }\n"
    }
  ],
  "comments": [
    {
      "author_login": "bcoca",
      "body": "removed comment as it was not related to this issue but to the var used in the example\n"
    },
    {
      "author_login": "jtyr",
      "body": "Please could you provide any feedback on this proposed feature? Is Ansible interested in merging things like that? If yes, any idea when it could be merged?\n"
    },
    {
      "author_login": "bcoca",
      "body": "sorry for the delay, its in queue for review but sadly we have a long backlog and it takes time to get to these\n"
    },
    {
      "author_login": "jtyr",
      "body": "Can I do something to speed up the review process? Like talk to developers on IRC, write documentation or anything else?\n"
    },
    {
      "author_login": "bcoca",
      "body": "@jtyr we had a weekly (now twice per month) hangout with the core team to enable faster merging of PRs.\n\nNormally you can also engage us in irc or the mailing list, or use @ansible/core to get our attention. Sorry I have not been able to pay much attention to this ticket as I have been traveling these last few weeks.\n"
    },
    {
      "author_login": "bcoca",
      "body": "aside from needing a rebase the code looks good, should be able to merge once it is done.\n"
    },
    {
      "author_login": "jtyr",
      "body": "@bcoca @abadger @ansible/core I have rebased tree and restructured the Perl-ish piece of code. Please review.\n"
    },
    {
      "author_login": "abadger",
      "body": "It would be great to expand this out so that it's several if-else blocks instead of a python one-liner.  It's kinda neat to be able to write these but for someone to read and have to modify it later can be very, very intimidating.  We're writing python and not perl after all ;-)\n",
      "file_path": "lib/ansible/runner/filter_plugins/core.py",
      "diff_hunk": "@@ -270,6 +270,62 @@ def get_encrypted_password(password, hashtype='sha512', salt=None):\n def to_uuid(string):\n     return str(uuid.uuid5(UUID_NAMESPACE_ANSIBLE, str(string)))\n \n+def comment(text, style='plain', **kw):\n+    # Predefined comment types\n+    comment_styles = {\n+        'plain': {\n+            'decoration': '# '\n+        },\n+        'erlang': {\n+            'decoration': '% '\n+        },\n+        'c': {\n+            'decoration': '// '\n+        },\n+        'cblock': {\n+            'beginning': '/*',\n+            'decoration': ' * ',\n+            'end': ' */'\n+        },\n+        'xml': {\n+            'beginning': '<!--',\n+            'decoration': ' - ',\n+            'end': '-->'\n+        }\n+    }\n+\n+    # Pointer to the right comment type\n+    style_params = comment_styles[style]\n+\n+    # Default params\n+    p = {\n+        'newline': '\\n',\n+        'beginning': '',\n+        'prefix': (\n+          kw['decoration'] if 'decoration' in kw else style_params['decoration']\n+        ).rstrip(),\n+        'prefix_count': 1,\n+        'decoration': '',\n+        'postfix': (\n+          kw['decoration'] if 'decoration' in kw else style_params['decoration']\n+        ).rstrip(),\n+        'postfix_count': 1,\n+        'end': ''\n+    }\n+\n+    # Update default params\n+    p.update(style_params)\n+    p.update(kw)\n+\n+    return \"%s%s%s%s%s%s\" % (\n+        \"%s%s\" % (p['beginning'], p['newline']) if p['beginning'] else '',\n+        str(\"%s%s\" % (p['prefix'], p['newline'])) * int(p['prefix_count']),\n+        p['decoration'],\n+        text.replace(p['newline'], \"%s%s\" % (p['newline'], p['decoration'])),\n+        p['newline'].join([''] + [p['postfix'] for x in range(p['postfix_count'])]),\n+        \"%s%s\" % (p['newline'], p['end']) if p['end'] else ''\n+    )\n+",
      "comment_type": "review_comment"
    }
  ],
  "reviews": []
}