{
  "pr_number": 11170,
  "url": "https://github.com/ansible/ansible/pull/11170",
  "title": "Fix lookup() plugin",
  "author_login": "dguerri",
  "state": "MERGED",
  "merged_by_login": "jimi-c",
  "body": "lookup() plugin is currently broken because _get_file_contents() now\nreturns a tuple: (contents, show_data).\n\nThis patch fix that issue.\n",
  "labels": [],
  "additions": 1,
  "deletions": 1,
  "changed_files_count": 1,
  "changed_files_list": [
    "ansible/plugins/lookup/file.py b/lib/ansible/plugins/lookup/file.py"
  ],
  "files": [
    {
      "file_path": "ansible/plugins/lookup/file.py b/lib/ansible/plugins/lookup/file.py",
      "status": "modified",
      "additions": 1,
      "deletions": 1,
      "file_diff": "diff --git a/lib/ansible/plugins/lookup/file.py b/lib/ansible/plugins/lookup/file.py\nindex ea53c37e03986b..30247c150ce879 100644\n--- a/lib/ansible/plugins/lookup/file.py\n+++ b/lib/ansible/plugins/lookup/file.py\n@@ -53,7 +53,7 @@ def run(self, terms, variables=None, **kwargs):\n \n             for path in (basedir_path, relative_path, playbook_path):\n                 try:\n-                    contents = self._loader._get_file_contents(path)\n+                    contents, show_data = self._loader._get_file_contents(path)\n                     ret.append(contents.rstrip())\n                     break\n                 except AnsibleParserError:\n"
    }
  ],
  "comments": [
    {
      "author_login": "jimi-c",
      "body": "Merged, thanks!\n"
    }
  ],
  "reviews": []
}