{
  "pr_number": 10623,
  "url": "https://github.com/ansible/ansible/pull/10623",
  "title": "Replaced --start-at with --start-at-task",
  "author_login": "CVirus",
  "state": "MERGED",
  "merged_by_login": "bcoca",
  "body": "Looks like there is a typo in the documentation.\n",
  "labels": [
    "P2",
    "docs"
  ],
  "additions": 2,
  "deletions": 2,
  "changed_files_count": 1,
  "changed_files_list": [
    "docsite/rst/playbooks_startnstep.rst"
  ],
  "files": [
    {
      "file_path": "docsite/rst/playbooks_startnstep.rst",
      "status": "modified",
      "additions": 2,
      "deletions": 2,
      "file_diff": "diff --git a/docsite/rst/playbooks_startnstep.rst b/docsite/rst/playbooks_startnstep.rst\nindex 1067c3e121452b..106fd2d5de4109 100644\n--- a/docsite/rst/playbooks_startnstep.rst\n+++ b/docsite/rst/playbooks_startnstep.rst\n@@ -8,9 +8,9 @@ This shows a few alternative ways to run playbooks. These modes are very useful\n \n Start-at-task\n `````````````\n-If you want to start executing your playbook at a particular task, you can do so with the ``--start-at`` option::\n+If you want to start executing your playbook at a particular task, you can do so with the ``--start-at-task`` option::\n \n-    ansible-playbook playbook.yml --start-at=\"install packages\"\n+    ansible-playbook playbook.yml --start-at-task=\"install packages\"\n \n The above will start executing your playbook at a task named \"install packages\".\n \n"
    }
  ],
  "comments": [
    {
      "author_login": "CVirus",
      "body": "Why did the tests fail though ? any clue ?\n"
    }
  ],
  "reviews": []
}