{
  "pr_number": 108,
  "url": "https://github.com/ansible/ansible/pull/108",
  "title": "pep8 fix",
  "author_login": "jeckersb",
  "state": "MERGED",
  "merged_by_login": "mpdehaan",
  "body": "",
  "labels": [],
  "additions": 1,
  "deletions": 1,
  "changed_files_count": 1,
  "changed_files_list": [
    "ansible/playbook.py b/lib/ansible/playbook.py"
  ],
  "files": [
    {
      "file_path": "ansible/playbook.py b/lib/ansible/playbook.py",
      "status": "modified",
      "additions": 1,
      "deletions": 1,
      "file_diff": "diff --git a/lib/ansible/playbook.py b/lib/ansible/playbook.py\nindex aa0e69b828ccf3..55a90630c7081a 100755\n--- a/lib/ansible/playbook.py\n+++ b/lib/ansible/playbook.py\n@@ -101,7 +101,7 @@ def _get_vars(self, play, dirname):\n         for vname in vars_prompt:\n             print vars_prompt[vname]\n             # FIXME - need some way to know that this prompt should be getpass or raw_input\n-            vars[vname] =  self.callbacks.on_vars_prompt(vname)\n+            vars[vname] = self.callbacks.on_vars_prompt(vname)\n         return vars\n \n     # *****************************************************\n"
    }
  ],
  "comments": [],
  "reviews": []
}