{
  "pr_number": 1143,
  "url": "https://github.com/ansible/ansible/pull/1143",
  "title": "Added DOCUMENTATION to shell module.",
  "author_login": "mavimo",
  "state": "MERGED",
  "merged_by_login": "mpdehaan",
  "body": "",
  "labels": [],
  "additions": 32,
  "deletions": 0,
  "changed_files_count": 1,
  "changed_files_list": [
    "library/shell"
  ],
  "files": [
    {
      "file_path": "library/shell",
      "status": "modified",
      "additions": 32,
      "deletions": 0,
      "file_diff": "diff --git a/library/shell b/library/shell\nindex 4999290c9522d0..6f21c3ab7a026e 100755\n--- a/library/shell\n+++ b/library/shell\n@@ -1,3 +1,35 @@\n # There is actually no actual shell module source, when you use 'shell' in ansible,\n # it runs the 'command' module with special arguments and it behaves differently.\n # See the command source and the comment \"#USE_SHELL\".\n+\n+DOCUMENTATION = '''\n+---\n+module: shell\n+short_description: Execute commands in nodes.\n+description:\n+     - The shell module takes the command name followed by a list of arguments, space delimited. It is almost exactly like the command module but runs the command through the user's configured shell on the remote node.\n+version_added: \"0.0.2\"\n+options:\n+  (free form):\n+    description:\n+      - The command module takes a free form command to run\n+    required: null\n+    default: null\n+  creates:\n+    description:\n+      - a filename, when it already exists, this step will NOT be run\n+    required: false\n+    default: null\n+  chdir:\n+    description:\n+      - cd into this directory before running the command (0.6 and later)\n+    required: false\n+    default: null\n+examples:\n+   - code: shell somescript.sh >> somelog.txt\n+     description: Execute the command in remote shell\n+notes:\n+   -  If you want to execute a command securely and predicably, it may be better to use the 'command' module instead. Best practices when writing playbooks will follow the trend of using M(command) unless M(shell) is explicitly required. When running ad-hoc commands, use your best judgement.\n+requirements: [ ]\n+author: Michael DeHaan\n+'''\n\\ No newline at end of file\n"
    }
  ],
  "comments": [
    {
      "author_login": "mpdehaan",
      "body": "merged, thanks!\n"
    }
  ],
  "reviews": []
}