{
  "pr_number": 10693,
  "url": "https://github.com/ansible/ansible/pull/10693",
  "title": "Import fixes",
  "author_login": "momandine",
  "state": "MERGED",
  "merged_by_login": "abadger",
  "body": "",
  "labels": [],
  "additions": 3,
  "deletions": 2,
  "changed_files_count": 2,
  "changed_files_list": [
    "v2/ansible/plugins/strategies/__init__.py"
  ],
  "files": [
    {
      "file_path": "v2/ansible/plugins/strategies/__init__.py",
      "status": "modified",
      "additions": 1,
      "deletions": 1,
      "file_diff": "diff --git a/v2/ansible/plugins/strategies/__init__.py b/v2/ansible/plugins/strategies/__init__.py\nindex c5b3dd0f066731..9b26ff23a7f0e6 100644\n--- a/v2/ansible/plugins/strategies/__init__.py\n+++ b/v2/ansible/plugins/strategies/__init__.py\n@@ -19,7 +19,7 @@\n from __future__ import (absolute_import, division, print_function)\n __metaclass__ = type\n \n-import Queue\n+from six.moves import queue as Queue\n import time\n \n from ansible.errors import *\n"
    }
  ],
  "comments": [
    {
      "author_login": "abadger",
      "body": "Yay!  Thanks for the py3 fixes!\n\n# Merged\n\nHi!\n\nThis has been merged in, and will also be included in the next major release.\n\nIf you or anyone else has any further questions, please let us know by stopping by one of the two mailing lists, as appropriate:\n- https://groups.google.com/forum/#!forum/ansible-project - for user questions, tips, and tricks\n- https://groups.google.com/forum/#!forum/ansible-devel - for strategy, future planning, and questions about writing code\n\nBecause this project is very active, we're unlikely to see comments made on closed tickets, but the mailing list is a great way to ask questions, or post if you don't think this particular\nissue is resolved.\n\nThank you!\n"
    },
    {
      "author_login": "abadger",
      "body": "Typo here :-)\n",
      "file_path": "v2/ansible/plugins/strategies/__init__.py",
      "diff_hunk": "@@ -19,7 +19,7 @@\n from __future__ import (absolute_import, division, print_function)\n __metaclass__ = type\n \n-import Queue\n+import six.moves import queue as Queue",
      "comment_type": "review_comment"
    }
  ],
  "reviews": []
}