{
  "pr_number": 10128,
  "url": "https://github.com/ansible/ansible/pull/10128",
  "title": "Fix wrong distribution facts on SLES/openSUSE",
  "author_login": "alxgu",
  "state": "MERGED",
  "merged_by_login": "abadger",
  "body": "##### Issue Type:\n\nBugfix Pull Request\n##### Ansible Version:\n\nansible 1.9 (devel de1aab3711) last updated 2015/01/27 10:20:42 (GMT +200)\n##### Environment:\n\nHost: centos 6\nClients: Suse Enterprice Linux Server 11 SP3, Suse Enterprice Linux Server 12\n##### Summary:\n\nThe collected facts on SLES are not correct. See https://github.com/ansible/ansible/issues/9634\n##### Steps To Reproduce:\n\nansible -m setup $server | grep -i distribution\n##### Expected Results:\n\n```\n        \"ansible_distribution\": \"SLES\",\n        \"ansible_distribution_major_version\": \"12\",\n        \"ansible_distribution_release\": \"0\",\n        \"ansible_distribution_version\": \"12\",\n```\n\nor\n\n```\n        \"ansible_distribution\": \"SLES\",\n        \"ansible_distribution_major_version\": \"11\",\n        \"ansible_distribution_release\": \"3\",\n        \"ansible_distribution_version\": \"11.3\",\n```\n##### Actual Results:\n\n```\n       \"ansible_distribution\": \"SUSE\",\n        \"ansible_distribution_major_version\": \"11\",\n        \"ansible_distribution_release\": \"x86_64\",\n        \"ansible_distribution_version\": \"11\",\n```\n\nThe facts about distribution, release and version are wrong.\nPlease review the code and give feedback \n",
  "labels": [
    "needs_info",
    "bug"
  ],
  "additions": 40,
  "deletions": 15,
  "changed_files_count": 1,
  "changed_files_list": [
    "ansible/module_utils/facts.py b/lib/ansible/module_utils/facts.py"
  ],
  "files": [
    {
      "file_path": "ansible/module_utils/facts.py b/lib/ansible/module_utils/facts.py",
      "status": "modified",
      "additions": 40,
      "deletions": 15,
      "file_diff": "diff --git a/lib/ansible/module_utils/facts.py b/lib/ansible/module_utils/facts.py\nindex 0ce3ced5072111..3ec9507c8588a2 100644\n--- a/lib/ansible/module_utils/facts.py\n+++ b/lib/ansible/module_utils/facts.py\n@@ -227,7 +227,7 @@ def get_distribution_facts(self):\n             SLC = 'RedHat', Ascendos = 'RedHat', CloudLinux = 'RedHat', PSBM = 'RedHat',\n             OracleLinux = 'RedHat', OVS = 'RedHat', OEL = 'RedHat', Amazon = 'RedHat',\n             XenServer = 'RedHat', Ubuntu = 'Debian', Debian = 'Debian', SLES = 'Suse',\n-            SLED = 'Suse', OpenSuSE = 'Suse', SuSE = 'Suse', Gentoo = 'Gentoo', Funtoo = 'Gentoo',\n+            SLED = 'Suse', openSUSE = 'Suse', SuSE = 'Suse', Gentoo = 'Gentoo', Funtoo = 'Gentoo',\n             Archlinux = 'Archlinux', Mandriva = 'Mandrake', Mandrake = 'Mandrake',\n             Solaris = 'Solaris', Nexenta = 'Solaris', OmniOS = 'Solaris', OpenIndiana = 'Solaris',\n             SmartOS = 'Solaris', AIX = 'AIX', Alpine = 'Alpine', MacOSX = 'Darwin',\n@@ -351,21 +351,46 @@ def get_distribution_facts(self):\n                             data = get_file_content(path)\n                             if 'suse' in data.lower():\n                                 if path == '/etc/os-release':\n-                                    release = re.search(\"PRETTY_NAME=[^(]+ \\(?([^)]+?)\\)\", data)\n-                                    distdata = get_file_content(path).split('\\n')[0]\n-                                    self.facts['distribution'] = distdata.split('=')[1]\n-                                    if release:\n-                                        self.facts['distribution_release'] = release.groups()[0]\n-                                        break\n+                                    for line in data.splitlines():\n+                                        distribution = re.search(\"^NAME=(.*)\", line)\n+                                        if distribution:\n+                                            self.facts['distribution'] = distribution.group(1).strip('\"')\n+                                        distribution_version = re.search('^VERSION_ID=\"?([0-9]+\\.?[0-9]*)\"?', line) # example pattern are 13.04 13.0 13\n+                                        if distribution_version:\n+                                             self.facts['distribution_version'] = distribution_version.group(1)\n+                                        if 'open' in data.lower():\n+                                            release = re.search(\"^PRETTY_NAME=[^(]+ \\(?([^)]+?)\\)\", line)\n+                                            if release:\n+                                                self.facts['distribution_release'] = release.groups()[0]\n+                                        elif 'enterprise' in data.lower():\n+                                             release = re.search('^VERSION_ID=\"?[0-9]+\\.?([0-9]*)\"?', line) # SLES doesn't got funny release names\n+                                             if release:\n+                                                 release = release.group(1)\n+                                             else:\n+                                                 release = \"0\" # no minor number, so it is the first release\n+                                             self.facts['distribution_release'] = release\n+                                    break\n                                 elif path == '/etc/SuSE-release':\n-                                    data = data.splitlines()\n-                                    distdata = get_file_content(path).split('\\n')[0]\n-                                    self.facts['distribution'] = distdata.split()[0]\n-                                    for line in data:\n-                                        release = re.search('CODENAME *= *([^\\n]+)', line)\n-                                        if release:\n-                                            self.facts['distribution_release'] = release.groups()[0].strip()\n-                                            break\n+                                    if 'open' in data.lower():\n+                                        data = data.splitlines()\n+                                        distdata = get_file_content(path).split('\\n')[0]\n+                                        self.facts['distribution'] = distdata.split()[0]\n+                                        for line in data:\n+                                            release = re.search('CODENAME *= *([^\\n]+)', line)\n+                                            if release:\n+                                                self.facts['distribution_release'] = release.groups()[0].strip()\n+                                    elif 'enterprise' in data.lower():\n+                                        lines = data.splitlines()\n+                                        distribution = lines[0].split()[0]\n+                                        if \"Server\" in data:\n+                                            self.facts['distribution'] = \"SLES\"\n+                                        elif \"Desktop\" in data:\n+                                            self.facts['distribution'] = \"SLED\"\n+                                        for line in lines:\n+                                            release = re.search('PATCHLEVEL = ([0-9]+)', line) # SLES doesn't got funny release names\n+                                            if release:\n+                                                self.facts['distribution_release'] = release.group(1)\n+                                                self.facts['distribution_version'] = self.facts['distribution_version'] + '.' + release.group(1)\n                         elif name == 'Debian':\n                             data = get_file_content(path)\n                             if 'Debian' in data:\n"
    }
  ],
  "comments": [
    {
      "author_login": "alxgu",
      "body": "Here are some further informations:\n\n## SLES 11 SP3\n\n /etc/SuSE-release\n\n```\nSUSE Linux Enterprise Server 11 (x86_64)\nVERSION = 11\nPATCHLEVEL = 3\n```\n\nprint platform.dist()\n('SuSE', '11', 'x86_64')\n\n## SLES 10 SP4\n\n/etc/SuSE-release\n\n```\nSUSE Linux Enterprise Server 10 (i586)\nVERSION = 10\nPATCHLEVEL = 4\n```\n\nprint platform.dist()\n('SuSE', '10', 'i586')\n\n## openSUSE 12.3\n\n/etc/SuSE-release\n\n```\nopenSUSE 12.3 (x86_64)\nVERSION = 12.3\nCODENAME = Dartmouth\n```\n\nprint platform.dist()\n('SuSE', '12.3', 'x86_64')\n/etc/os-release\n\n```\nNAME=openSUSE\nVERSION=\"12.3 (Dartmouth)\"\nVERSION_ID=\"12.3\"\nPRETTY_NAME=\"openSUSE 12.3 (Dartmouth) (x86_64)\"\nID=opensuse\nANSI_COLOR=\"0;32\"\nCPE_NAME=\"cpe:/o:opensuse:opensuse:12.3\"\n```\n\n## openSUSE 13.2\n\n/etc/SuSE-release \n\n```\nopenSUSE 13.2 (x86_64)\nVERSION = 13.2\nCODENAME = Harlequin\n# /etc/SuSE-release is deprecated and will be removed in the future, use /etc/os-release instead\n```\n\n print platform.dist()\n('SuSE', '13.2', 'x86_64')\n\n/etc/os-release\n\n```\nNAME=openSUSE\nVERSION=\"13.2 (Harlequin)\"\nVERSION_ID=\"13.2\"\nPRETTY_NAME=\"openSUSE 13.2 (Harlequin) (x86_64)\"\nID=opensuse\nANSI_COLOR=\"0;32\"\nCPE_NAME=\"cpe:/o:opensuse:opensuse:13.2\"\nBUG_REPORT_URL=\"https://bugs.opensuse.org\"\nHOME_URL=\"https://opensuse.org/\"\nID_LIKE=\"suse\"\n```\n\nPlease check this sites for further informations:\nhttp://www.freedesktop.org/software/systemd/man/os-release.html\nhttp://0pointer.de/blog/projects/os-release.html\n"
    },
    {
      "author_login": "abadger",
      "body": "I don't have any suse family machines to test this on so I'll have to trust you've tested this thoroughly :-)\n\nSome code comments:\n- Any reason you don't break out of the detection loop once you fill in the required variables?\n"
    },
    {
      "author_login": "abadger",
      "body": "If it's okay to break out of the loop once we've filled the variables I can merge and then add the break statements.  I just wanted to make sure that there wasn't a reason to continue to search other files once this code has been run.\n"
    },
    {
      "author_login": "alxgu",
      "body": "@abadger In which line would you put the break?\nIf the '/etc/SuSE-release' block was done, the /etc/os-release should still run.\n"
    },
    {
      "author_login": "abadger",
      "body": "@alxgu Right now the PR implements the opposite behaviour -- the code breaks out of the loop once /etc/SuSE-release is processed.  It does not break out if /etc/os-release is found.\n"
    },
    {
      "author_login": "alxgu",
      "body": "@abadger does it meet your expectation now?\n"
    },
    {
      "author_login": "abadger",
      "body": "@alxgu Thanks!\n\n# Merged\n\nHi!\n\nThis has been merged in, and will also be included in the next major release.\n\nIf you or anyone else has any further questions, please let us know by stopping by one of the two mailing lists, as appropriate:\n- https://groups.google.com/forum/#!forum/ansible-project - for user questions, tips, and tricks\n- https://groups.google.com/forum/#!forum/ansible-devel - for strategy, future planning, and questions about writing code\n\nBecause this project is very active, we're unlikely to see comments made on closed tickets, but the mailing list is a great way to ask questions, or post if you don't think this particular\nissue is resolved.\n\nThank you!\n"
    }
  ],
  "reviews": []
}