{
  "pr_number": 1094,
  "url": "https://github.com/ansible/ansible/pull/1094",
  "title": "Give nice error message if destination directory doesn't exist ",
  "author_login": "sfromm",
  "state": "MERGED",
  "merged_by_login": "mpdehaan",
  "body": "For copy module.  See issue #1048.\n",
  "labels": [],
  "additions": 2,
  "deletions": 0,
  "changed_files_count": 1,
  "changed_files_list": [
    "library/copy"
  ],
  "files": [
    {
      "file_path": "library/copy",
      "status": "modified",
      "additions": 2,
      "deletions": 0,
      "file_diff": "diff --git a/library/copy b/library/copy\nindex 6491f6ea5e7764..de5ebcf409709f 100755\n--- a/library/copy\n+++ b/library/copy\n@@ -56,6 +56,8 @@ def main():\n             module.fail_json(msg=\"Destination %s cannot be a directory\" % (dest))\n         md5sum_dest = module.md5(dest)\n     else:\n+        if not os.path.exists(os.path.dirname(dest)):\n+            module.fail_json(msg=\"Destination directory %s does not exist\" % (os.path.dirname(dest)))\n         if not os.access(os.path.dirname(dest), os.W_OK):\n             module.fail_json(msg=\"Destination %s not writable\" % (os.path.dirname(dest)))\n \n"
    }
  ],
  "comments": [
    {
      "author_login": "mpdehaan",
      "body": "merged, thanks!\n"
    }
  ],
  "reviews": []
}