{
  "pr_number": 10438,
  "url": "https://github.com/ansible/ansible/pull/10438",
  "title": "Generic package_dir mapping in setup.py (closes #10437)",
  "author_login": "jhermann",
  "state": "MERGED",
  "merged_by_login": "abadger",
  "body": "See issue #10437 for motivation.\n",
  "labels": [],
  "additions": 1,
  "deletions": 1,
  "changed_files_count": 1,
  "changed_files_list": [
    "setup.py"
  ],
  "files": [
    {
      "file_path": "setup.py",
      "status": "modified",
      "additions": 1,
      "deletions": 1,
      "file_diff": "diff --git a/setup.py b/setup.py\nindex e855ea3bfaf84a..37527414067c4f 100644\n--- a/setup.py\n+++ b/setup.py\n@@ -22,7 +22,7 @@\n       url='http://ansible.com/',\n       license='GPLv3',\n       install_requires=['paramiko', 'jinja2', \"PyYAML\", 'setuptools', 'pycrypto >= 2.6'],\n-      package_dir={ 'ansible': 'lib/ansible' },\n+      package_dir={ '': 'lib' },\n       packages=find_packages('lib'),\n       package_data={\n          '': ['module_utils/*.ps1', 'modules/core/windows/*.ps1', 'modules/extras/windows/*.ps1'],\n"
    }
  ],
  "comments": [
    {
      "author_login": "abadger",
      "body": "Thanks!\n\n# Merged\n\nHi!\n\nThis has been merged in, and will also be included in the next major release.\n\nIf you or anyone else has any further questions, please let us know by stopping by one of the two mailing lists, as appropriate:\n- https://groups.google.com/forum/#!forum/ansible-project - for user questions, tips, and tricks\n- https://groups.google.com/forum/#!forum/ansible-devel - for strategy, future planning, and questions about writing code\n\nBecause this project is very active, we're unlikely to see comments made on closed tickets, but the mailing list is a great way to ask questions, or post if you don't think this particular\nissue is resolved.\n\nThank you!\n"
    }
  ],
  "reviews": []
}