{
  "pr_number": 11555,
  "url": "https://github.com/ansible/ansible/pull/11555",
  "title": "Update tests for win_get_url module to test force parameter",
  "author_login": "cchurch",
  "state": "MERGED",
  "merged_by_login": "bcoca",
  "body": "Tests for changes from https://github.com/ansible/ansible-modules-core/pull/1485 and https://github.com/ansible/ansible-modules-core/pull/1712\n\nAlso adds tests for handling of invalid URLs/paths.\n",
  "labels": [
    "windows",
    "feature"
  ],
  "additions": 76,
  "deletions": 7,
  "changed_files_count": 2,
  "changed_files_list": [
    "test/integration/roles/test_win_get_url/tasks/main.yml"
  ],
  "files": [
    {
      "file_path": "test/integration/roles/test_win_get_url/tasks/main.yml",
      "status": "modified",
      "additions": 69,
      "deletions": 7,
      "file_diff": "diff --git a/test/integration/roles/test_win_get_url/tasks/main.yml b/test/integration/roles/test_win_get_url/tasks/main.yml\nindex 26fb334c95a5ab..b0705eabd5649f 100644\n--- a/test/integration/roles/test_win_get_url/tasks/main.yml\n+++ b/test/integration/roles/test_win_get_url/tasks/main.yml\n@@ -17,19 +17,81 @@\n # along with Ansible.  If not, see <http://www.gnu.org/licenses/>.\n \n - name: remove test file if it exists\n-  raw: PowerShell -Command {Remove-Item \"C:\\Users\\Administrator\\win_get_url.jpg\" -Force}\n+  raw: >\n+    PowerShell -Command Remove-Item \"{{test_win_get_url_path}}\" -Force\n+  ignore_errors: true\n \n - name: test win_get_url module\n-  win_get_url: url=http://placehold.it/10x10.jpg dest='C:\\Users\\Administrator\\win_get_url.jpg'\n+  win_get_url:\n+    url: \"{{test_win_get_url_link}}\"\n+    dest: \"{{test_win_get_url_path}}\"\n   register: win_get_url_result\n \n-- name: check win_get_url result\n+- name: check that url was downloaded\n   assert: \n     that:\n       - \"not win_get_url_result|failed\"\n       - \"win_get_url_result|changed\"\n+      - \"win_get_url_result.win_get_url.url\"\n+      - \"win_get_url_result.win_get_url.dest\"\n \n-# FIXME:\n-# - Test invalid url\n-# - Test invalid dest, when dest is directory\n-# - Test idempotence when downloading same url/dest (not yet implemented)\n+- name: test win_get_url module again (force should be yes by default)\n+  win_get_url:\n+    url: \"{{test_win_get_url_link}}\"\n+    dest: \"{{test_win_get_url_path}}\"\n+  register: win_get_url_result_again\n+\n+- name: check that url was downloaded again\n+  assert: \n+    that:\n+      - \"not win_get_url_result_again|failed\"\n+      - \"win_get_url_result_again|changed\"\n+\n+- name: test win_get_url module again with force=no\n+  win_get_url:\n+    url: \"{{test_win_get_url_link}}\"\n+    dest: \"{{test_win_get_url_path}}\"\n+    force: no\n+  register: win_get_url_result_noforce\n+\n+- name: check that url was not downloaded again\n+  assert: \n+    that:\n+      - \"not win_get_url_result_noforce|failed\"\n+      - \"not win_get_url_result_noforce|changed\"\n+\n+- name: test win_get_url module with url that returns a 404\n+  win_get_url:\n+    url: \"{{test_win_get_url_invalid_link}}\"\n+    dest: \"{{test_win_get_url_path}}\"\n+  register: win_get_url_result_invalid_link\n+  ignore_errors: true\n+\n+- name: check that the download failed for an invalid url\n+  assert: \n+    that:\n+      - \"win_get_url_result_invalid_link|failed\"\n+\n+- name: test win_get_url module with an invalid path\n+  win_get_url:\n+    url: \"{{test_win_get_url_link}}\"\n+    dest: \"{{test_win_get_url_invalid_path}}\"\n+  register: win_get_url_result_invalid_path\n+  ignore_errors: true\n+\n+- name: check that the download failed for an invalid path\n+  assert: \n+    that:\n+      - \"win_get_url_result_invalid_path|failed\"\n+\n+- name: test win_get_url module with a valid path that is a directory\n+  win_get_url:\n+    url: \"{{test_win_get_url_link}}\"\n+    dest: \"{{test_win_get_url_dir_path}}\"\n+  register: win_get_url_result_dir_path\n+  ignore_errors: true\n+\n+- name: check that the download failed if dest is a directory\n+  assert: \n+    that:\n+      - \"win_get_url_result_dir_path|failed\"\n"
    }
  ],
  "comments": [],
  "reviews": []
}