{
  "pr_number": 10414,
  "url": "https://github.com/ansible/ansible/pull/10414",
  "title": "added list-tags option and also show tags in list-tasks option",
  "author_login": "bcoca",
  "state": "MERGED",
  "merged_by_login": "bcoca",
  "body": "example listing all tags in a play:\n\n```\n$ ansible-playbook --list-tags play.yml \n\nplaybook: play.yml\n\n  play #1 (localhost):  TAGS: []\n    TASK TAGS: [always, first, second]\n\n  play #2 (localhost):  TAGS: [second]\n    TASK TAGS: [second]\n```\n\nexample display tags when listing tasks:\n\n```\n$ ansible-playbook --list-task play.yml \n\nplaybook: play.yml\n\n  play #1 (localhost):  TAGS: []\n    debug msg=\"always tagged\"   TAGS: [always]\n    debug msg=\"ran untagged\"    TAGS: []\n    debug msg=\"tagged first\"    TAGS: [first]\n    debug msg=\"tagged second\"   TAGS: [second]\n\n  play #2 (localhost):  TAGS: [second]\n    debug msg=\"ran second, tagged in play\"      TAGS: [second]\n```\n",
  "labels": [
    "feature"
  ],
  "additions": 20,
  "deletions": 9,
  "changed_files_count": 1,
  "changed_files_list": [
    "bin/ansible-playbook"
  ],
  "files": [
    {
      "file_path": "bin/ansible-playbook",
      "status": "modified",
      "additions": 20,
      "deletions": 9,
      "file_diff": "diff --git a/bin/ansible-playbook b/bin/ansible-playbook\nindex 2a692a2e3dd956..f62c699d64d614 100755\n--- a/bin/ansible-playbook\n+++ b/bin/ansible-playbook\n@@ -91,6 +91,8 @@ def main(args):\n         help=\"perform a syntax check on the playbook, but do not execute it\")\n     parser.add_option('--list-tasks', dest='listtasks', action='store_true',\n         help=\"list all tasks that would be executed\")\n+    parser.add_option('--list-tags', dest='listtags', action='store_true',\n+        help=\"list all available tags\")\n     parser.add_option('--step', dest='step', action='store_true',\n         help=\"one-step-at-a-time: confirm each task before running\")\n     parser.add_option('--start-at-task', dest='start_at',\n@@ -123,7 +125,7 @@ def main(args):\n \n     options.ask_vault_pass = options.ask_vault_pass or C.DEFAULT_ASK_VAULT_PASS\n \n-    if options.listhosts or options.syntax or options.listtasks:\n+    if options.listhosts or options.syntax or options.listtasks or options.listtags:\n         (_, _, _, vault_pass) = utils.ask_passwords(ask_vault_pass=options.ask_vault_pass)\n     else:\n         options.ask_pass = options.ask_pass or C.DEFAULT_ASK_PASS\n@@ -215,7 +217,7 @@ def main(args):\n             display(callbacks.banner(\"FLUSHING FACT CACHE\"))\n             pb.SETUP_CACHE.flush()\n \n-        if options.listhosts or options.listtasks or options.syntax:\n+        if options.listhosts or options.listtasks or options.syntax or options.listtags:\n             print ''\n             print 'playbook: %s' % playbook\n             print ''\n@@ -232,14 +234,23 @@ def main(args):\n                     for host in hosts:\n                         print '    %s' % host\n \n-                if options.listtasks:\n-                    print '  play #%d (%s):' % (playnum, label)\n+                if options.listtags or options.listtasks:\n+                    print '  play #%d (%s):\\tTAGS: [%s]' % (playnum, label,','.join(sorted(set(play.tags))))\n \n-                    for task in pb.tasks_to_run_in_play(play):\n-                        if getattr(task, 'name', None) is not None:\n-                            # meta tasks have no names\n-                            print '    %s' % task.name\n-                if options.listhosts or options.listtasks:\n+                    if options.listtags:\n+                        tags = []\n+                        for task in pb.tasks_to_run_in_play(play):\n+                            tags.extend(task.tags)\n+                        print '    TASK TAGS: [%s]' % (', '.join(sorted(set(tags).difference(['untagged']))))\n+\n+                    if options.listtasks:\n+\n+                        for task in pb.tasks_to_run_in_play(play):\n+                            if getattr(task, 'name', None) is not None:\n+                                # meta tasks have no names\n+                                print '    %s\\tTAGS: [%s]' % (task.name, ', '.join(sorted(set(task.tags).difference(['untagged']))))\n+\n+                if options.listhosts or options.listtasks or options.listtags:\n                     print ''\n             continue\n \n"
    }
  ],
  "comments": [
    {
      "author_login": "abadger",
      "body": "+1\n"
    }
  ],
  "reviews": []
}