{
  "pr_number": 10174,
  "url": "https://github.com/ansible/ansible/pull/10174",
  "title": "Use termios instead of stty for compatibility",
  "author_login": "dago",
  "state": "MERGED",
  "merged_by_login": "bcoca",
  "body": "Solaris does not have \"stty size\", but \"stty -a\" outputs in a different format. Instead of branching on operating system it is more portable to use termios to get the terminal parameters.\n",
  "labels": [
    "bug"
  ],
  "additions": 6,
  "deletions": 1,
  "changed_files_count": 1,
  "changed_files_list": [
    "bin/ansible-doc"
  ],
  "files": [
    {
      "file_path": "bin/ansible-doc",
      "status": "modified",
      "additions": 6,
      "deletions": 1,
      "file_diff": "diff --git a/bin/ansible-doc b/bin/ansible-doc\nindex 44200366775791..8bab0e76cd44a7 100755\n--- a/bin/ansible-doc\n+++ b/bin/ansible-doc\n@@ -25,6 +25,10 @@ import re\n import optparse\n import datetime\n import subprocess\n+import fcntl\n+import termios\n+import struct\n+\n from ansible import utils\n from ansible.utils import module_docs\n import ansible.constants as C\n@@ -167,7 +171,8 @@ def get_snippet_text(doc):\n def get_module_list_text(module_list):\n     tty_size = 0\n     if os.isatty(0):\n-        tty_size = int(os.popen('stty size', 'r').read().split()[1])\n+        tty_size = struct.unpack('HHHH',\n+            fcntl.ioctl(0, termios.TIOCGWINSZ, struct.pack('HHHH', 0, 0, 0, 0)))[1]\n     columns = max(60, tty_size)\n     displace = max(len(x) for x in module_list)\n     linelimit = columns - displace - 5\n"
    }
  ],
  "comments": [],
  "reviews": []
}