{
  "pr_number": 10189,
  "url": "https://github.com/ansible/ansible/pull/10189",
  "title": "Ignore errors from `shutil.rmtree` when removing temporary directory",
  "author_login": "boxofrad",
  "state": "MERGED",
  "merged_by_login": "bcoca",
  "body": "This fixes an issue I have when installing roles from a YAML requirements file.\n\nHere's my requirements file:\n\n``` yaml\n\n---\n- src: https://github.com/bennojoy/nginx\n  version: master\n```\n\nI am running:\n\n```\nansible-galaxy install -r requirements.yml -p vendor_roles --force\n```\n\nWhich works the first time, but on subsequent runs:\n\n```\n- executing: git clone https://github.com/bennojoy/nginx nginx\n- executing: git archive --prefix=nginx/ --output=/var/folders/8z/hgq5jfqn7ms5x4ykzd6gxb6c0000gn/T/tmpfIjENg.tar master\nTraceback (most recent call last):\n  File \"/usr/local/Cellar/ansible/1.8.2/libexec/bin/ansible-galaxy\", line 955, in <module>\n    main()\n  File \"/usr/local/Cellar/ansible/1.8.2/libexec/bin/ansible-galaxy\", line 949, in main\n    fn(args, options, parser)\n  File \"/usr/local/Cellar/ansible/1.8.2/libexec/bin/ansible-galaxy\", line 794, in execute_install\n    tmp_file = scm_archive_role(role_scm, role_src, role.get(\"version\"), role.get(\"name\"))\n  File \"/usr/local/Cellar/ansible/1.8.2/libexec/bin/ansible-galaxy\", line 384, in scm_archive_role\n    shutil.rmtree(tempdir)\n  File \"/System/Library/Frameworks/Python.framework/Versions/2.7/lib/python2.7/shutil.py\", line 247, in rmtree\n    rmtree(fullname, ignore_errors, onerror)\n  File \"/System/Library/Frameworks/Python.framework/Versions/2.7/lib/python2.7/shutil.py\", line 247, in rmtree\n    rmtree(fullname, ignore_errors, onerror)\n  File \"/System/Library/Frameworks/Python.framework/Versions/2.7/lib/python2.7/shutil.py\", line 256, in rmtree\n    onerror(os.rmdir, path, sys.exc_info())\n  File \"/System/Library/Frameworks/Python.framework/Versions/2.7/lib/python2.7/shutil.py\", line 254, in rmtree\n    os.rmdir(path)\nOSError: [Errno 66] Directory not empty: '/var/folders/8z/hgq5jfqn7ms5x4ykzd6gxb6c0000gn/T/tmpnFRQf6/nginx/.git'\nmake: *** [install] Error 1\n```\n\nI am running OSX 10.0.1\n\nIt should be safe to ignore errors here as this is a temporary directory.\n\nThanks! :sparkling_heart: \n",
  "labels": [
    "bug"
  ],
  "additions": 1,
  "deletions": 1,
  "changed_files_count": 1,
  "changed_files_list": [
    "bin/ansible-galaxy"
  ],
  "files": [
    {
      "file_path": "bin/ansible-galaxy",
      "status": "modified",
      "additions": 1,
      "deletions": 1,
      "file_diff": "diff --git a/bin/ansible-galaxy b/bin/ansible-galaxy\nindex 5fd92dde2c328b..00bb8d12dd5742 100755\n--- a/bin/ansible-galaxy\n+++ b/bin/ansible-galaxy\n@@ -380,7 +380,7 @@ def scm_archive_role(scm, role_url, role_version, role_name):\n         print \"  in directory %s\" % tempdir\n         return False\n \n-    shutil.rmtree(tempdir)\n+    shutil.rmtree(tempdir, ignore_errors=True)\n \n     return temp_file.name\n \n"
    }
  ],
  "comments": [],
  "reviews": []
}