{
  "pr_number": 10963,
  "url": "https://github.com/ansible/ansible/pull/10963",
  "title": "v2_final Testing additions and fixes",
  "author_login": "sivel",
  "state": "MERGED",
  "merged_by_login": "abadger",
  "body": "- Fix import pathing for units.mock\n- Add some additional requirements\n- Use compileall to test compatiblity with different python versions\n\nAlong with the PRs listed later, this PR attempts to validate python version compatibility amongst the code base.  Helping ensure `module_utils` are python24 compatible, as well as the rest of the code being python 2.6, 2.7 and optionally 3.4 compatible.  Currently the python 34 environment in `tox.ini` is not specified to run automatically.\n\nThe python 2.6 environment, is the environment used to run the python24 compileall command.\n\nhttps://github.com/ansible/ansible-modules-core/pull/1293\nhttps://github.com/ansible/ansible-modules-extras/pull/465\n",
  "labels": [],
  "additions": 35,
  "deletions": 20,
  "changed_files_count": 9,
  "changed_files_list": [
    "setup.py",
    "test-requirements.txt",
    "test/units/executor/test_play_iterator.py",
    "test/units/playbook/test_play.py",
    "test/units/playbook/test_playbook.py",
    "test/units/playbook/test_role.py",
    "test/units/vars/test_variable_manager.py",
    "tox.ini"
  ],
  "files": [
    {
      "file_path": "setup.py",
      "status": "modified",
      "additions": 1,
      "deletions": 1,
      "file_diff": "diff --git a/setup.py b/setup.py\nindex 37527414067c4f..1f73836cbd3c54 100644\n--- a/setup.py\n+++ b/setup.py\n@@ -21,7 +21,7 @@\n       author_email='michael@ansible.com',\n       url='http://ansible.com/',\n       license='GPLv3',\n-      install_requires=['paramiko', 'jinja2', \"PyYAML\", 'setuptools', 'pycrypto >= 2.6'],\n+      install_requires=['paramiko', 'jinja2', \"PyYAML\", 'setuptools', 'pycrypto >= 2.6', 'six'],\n       package_dir={ '': 'lib' },\n       packages=find_packages('lib'),\n       package_data={"
    },
    {
      "file_path": "test-requirements.txt",
      "status": "modified",
      "additions": 1,
      "deletions": 0,
      "file_diff": "diff --git a/test-requirements.txt b/test-requirements.txt\nindex abb61ed1e97c1d..fe65457f372f2d 100644\n--- a/test-requirements.txt\n+++ b/test-requirements.txt\n@@ -7,3 +7,4 @@ mock\n passlib\n coverage\n coveralls\n+unittest2"
    },
    {
      "file_path": "test/units/executor/test_play_iterator.py",
      "status": "modified",
      "additions": 1,
      "deletions": 1,
      "file_diff": "diff --git a/test/units/executor/test_play_iterator.py b/test/units/executor/test_play_iterator.py\nindex 47c0352b25a4ee..2fa32c7119e4e6 100644\n--- a/test/units/executor/test_play_iterator.py\n+++ b/test/units/executor/test_play_iterator.py\n@@ -26,7 +26,7 @@\n from ansible.executor.play_iterator import PlayIterator\n from ansible.playbook import Playbook\n \n-from test.mock.loader import DictDataLoader\n+from units.mock.loader import DictDataLoader\n \n class TestPlayIterator(unittest.TestCase):\n "
    },
    {
      "file_path": "test/units/playbook/test_play.py",
      "status": "modified",
      "additions": 1,
      "deletions": 1,
      "file_diff": "diff --git a/test/units/playbook/test_play.py b/test/units/playbook/test_play.py\nindex 22486f41290729..637b6dbbe13a13 100644\n--- a/test/units/playbook/test_play.py\n+++ b/test/units/playbook/test_play.py\n@@ -27,7 +27,7 @@\n from ansible.playbook.role import Role\n from ansible.playbook.task import Task\n \n-from test.mock.loader import DictDataLoader\n+from units.mock.loader import DictDataLoader\n \n class TestPlay(unittest.TestCase):\n "
    },
    {
      "file_path": "test/units/playbook/test_playbook.py",
      "status": "modified",
      "additions": 1,
      "deletions": 1,
      "file_diff": "diff --git a/test/units/playbook/test_playbook.py b/test/units/playbook/test_playbook.py\nindex dfb52dc7b12726..97307c4b272319 100644\n--- a/test/units/playbook/test_playbook.py\n+++ b/test/units/playbook/test_playbook.py\n@@ -26,7 +26,7 @@\n from ansible.playbook import Playbook\n from ansible.vars import VariableManager\n \n-from test.mock.loader import DictDataLoader\n+from units.mock.loader import DictDataLoader\n \n class TestPlaybook(unittest.TestCase):\n "
    },
    {
      "file_path": "test/units/playbook/test_role.py",
      "status": "modified",
      "additions": 1,
      "deletions": 1,
      "file_diff": "diff --git a/test/units/playbook/test_role.py b/test/units/playbook/test_role.py\nindex d0f3708898d157..7aab5133da2eba 100644\n--- a/test/units/playbook/test_role.py\n+++ b/test/units/playbook/test_role.py\n@@ -28,7 +28,7 @@\n from ansible.playbook.role.include import RoleInclude\n from ansible.playbook.task import Task\n \n-from test.mock.loader import DictDataLoader\n+from units.mock.loader import DictDataLoader\n \n class TestRole(unittest.TestCase):\n "
    },
    {
      "file_path": "test/units/vars/test_variable_manager.py",
      "status": "modified",
      "additions": 1,
      "deletions": 1,
      "file_diff": "diff --git a/test/units/vars/test_variable_manager.py b/test/units/vars/test_variable_manager.py\nindex f8d815eb6f78a7..173ba1370ddea9 100644\n--- a/test/units/vars/test_variable_manager.py\n+++ b/test/units/vars/test_variable_manager.py\n@@ -24,7 +24,7 @@\n \n from ansible.vars import VariableManager\n \n-from test.mock.loader import DictDataLoader\n+from units.mock.loader import DictDataLoader\n \n class TestVariableManager(unittest.TestCase):\n "
    },
    {
      "file_path": "tox.ini",
      "status": "modified",
      "additions": 22,
      "deletions": 14,
      "file_diff": "diff --git a/tox.ini b/tox.ini\nindex 5440a5825c9a6e..26d80ff7d330f6 100644\n--- a/tox.ini\n+++ b/tox.ini\n@@ -1,23 +1,31 @@\n [tox]\n-envlist = {py26,py27}-v{1}\n+envlist = {py26,py27}\n \n [testenv]\n commands = make tests\n deps = -r{toxinidir}/test-requirements.txt\n whitelist_externals = make\n \n-[testenv:py26-v1]\n-\n-[testenv:py27-v1]\n-\n-[testenv:py26-v2]\n-deps = -r{toxinidir}/v2/test-requirements.txt\n-commands = make newtests\n+[testenv:py26]\n+commands =\n+    python -m compileall -fq -x 'test|samples' .\n+    python2.4 -m compileall -fq -x 'module_utils/(a10|rax|openstack|ec2|gce).py' lib/ansible/module_utils\n+    make tests\n+deps = -r{toxinidir}/test-requirements.txt\n+whitelist_externals =\n+    make\n+    python2.4\n \n-[testenv:py27-v2]\n-deps = -r{toxinidir}/v2/test-requirements.txt\n-commands = make newtests\n+[testenv:py27]\n+commands =\n+    python -m compileall -fq -x 'test|samples' .\n+    make tests\n+deps = -r{toxinidir}/test-requirements.txt\n+whitelist_externals = make\n \n-[testenv:py34-v2]\n-deps = -r{toxinidir}/v2/test-requirements.txt\n-commands = make newtests\n+[testenv:py34]\n+commands =\n+    python -m compileall -fq -x 'lib/ansible/module_utils' lib\n+    make tests\n+deps = -r-r{toxinidir}/test-requirements.txt\n+whitelist_externals = make\n"
    }
  ],
  "comments": [
    {
      "author_login": "abadger",
      "body": "Thanks sivel!  This should help out a lot.\n\n# Merged\n\nHi!\n\nThis has been merged in, and will also be included in the next major release.\n\nIf you or anyone else has any further questions, please let us know by stopping by one of the two mailing lists, as appropriate:\n- https://groups.google.com/forum/#!forum/ansible-project - for user questions, tips, and tricks\n- https://groups.google.com/forum/#!forum/ansible-devel - for strategy, future planning, and questions about writing code\n\nBecause this project is very active, we're unlikely to see comments made on closed tickets, but the mailing list is a great way to ask questions, or post if you don't think this particular\nissue is resolved.\n\nThank you!\n"
    }
  ],
  "reviews": []
}