{
  "pr_number": 11560,
  "url": "https://github.com/ansible/ansible/pull/11560",
  "title": "ability to specify any combination of EC2 instance states to return",
  "author_login": "jasonarewhy",
  "state": "MERGED",
  "merged_by_login": "bcoca",
  "body": "This addition to the ec2.py inventory script allows for specifying any valid combination of EC2 instance states to return, rather than just all or 'running.' This introduces a new, optional configuration option in ec2.ini called `instance_states`. The default state is still 'running' and if `all_instances` is True, `instance_states` will be ignored, making this backward-compatible.\n\nAs an example, we have run into scenarios where we'd like to retrieve inventory information about hosts in either 'running', 'stopped', or 'shutting-down' states, but not 'pending' or 'terminated.' \n",
  "labels": [
    "cloud",
    "feature"
  ],
  "additions": 29,
  "deletions": 2,
  "changed_files_count": 2,
  "changed_files_list": [
    "inventory/ec2.py b/contrib/inventory/ec2.py"
  ],
  "files": [
    {
      "file_path": "inventory/ec2.py b/contrib/inventory/ec2.py",
      "status": "modified",
      "additions": 24,
      "deletions": 2,
      "file_diff": "diff --git a/contrib/inventory/ec2.py b/contrib/inventory/ec2.py\nindex f2d9b51c903624..00d647fb05b2f0 100755\n--- a/contrib/inventory/ec2.py\n+++ b/contrib/inventory/ec2.py\n@@ -244,6 +244,28 @@ def read_settings(self):\n         else:\n             self.all_instances = False\n \n+        # Instance states to be gathered in inventory. Default is 'running'.\n+        # Setting 'all_instances' to 'yes' overrides this option.\n+        ec2_valid_instance_states = [\n+            'pending',\n+            'running',\n+            'shutting-down',\n+            'terminated',\n+            'stopping',\n+            'stopped'\n+        ]\n+        self.ec2_instance_states = []\n+        if self.all_instances:\n+            self.ec2_instance_states = ec2_valid_instance_states\n+        elif config.has_option('ec2', 'instance_states'):\n+          for instance_state in config.get('ec2', 'instance_states').split(','):\n+            instance_state = instance_state.strip()\n+            if instance_state not in ec2_valid_instance_states:\n+              continue\n+            self.ec2_instance_states.append(instance_state)\n+        else:\n+          self.ec2_instance_states = ['running']\n+\n         # Return all RDS instances? (if RDS is enabled)\n         if config.has_option('ec2', 'all_rds_instances') and self.rds_enabled:\n             self.all_rds_instances = config.getboolean('ec2', 'all_rds_instances')\n@@ -531,8 +553,8 @@ def add_instance(self, instance, region):\n         ''' Adds an instance to the inventory and index, as long as it is\n         addressable '''\n \n-        # Only want running instances unless all_instances is True\n-        if not self.all_instances and instance.state != 'running':\n+        # Only return instances with desired instance states\n+        if instance.state not in self.ec2_instance_states:\n             return\n \n         # Select the best destination address\n"
    }
  ],
  "comments": [
    {
      "author_login": "amenonsen",
      "body": "This looks like a useful change. I think it should be merged.\n"
    },
    {
      "author_login": "majidaldo",
      "body": "problem: in `#skip instances we cannot address`, well for instances that are not running they will not be addressable of course and the script will skip them over. ie. if i specify `instance_states=stopped` the script will not give me back that instance. obviously i want it to show up.\n\nalso even if i comment it out the groups are not populated.\n"
    }
  ],
  "reviews": []
}