{
  "pr_number": 115,
  "url": "https://github.com/ansible/ansible/pull/115",
  "title": "Update spec to include %{dist} in Release",
  "author_login": "jeckersb",
  "state": "MERGED",
  "merged_by_login": "mpdehaan",
  "body": "",
  "labels": [],
  "additions": 1,
  "deletions": 1,
  "changed_files_count": 1,
  "changed_files_list": [
    "ansible.spec"
  ],
  "files": [
    {
      "file_path": "ansible.spec",
      "status": "modified",
      "additions": 1,
      "deletions": 1,
      "file_diff": "diff --git a/ansible.spec b/ansible.spec\nindex 3c2fcd18533067..83b7e70c109cb4 100644\n--- a/ansible.spec\n+++ b/ansible.spec\n@@ -1,7 +1,7 @@\n %{!?python_sitelib: %global python_sitelib %(%{__python} -c \"from distutils.sysconfig import get_python_lib; print(get_python_lib())\")}\n \n Name: ansible\n-Release: 1\n+Release: 1%{dist}\n Summary: Minimal SSH command and control\n Version: 0.0.2\n \n"
    }
  ],
  "comments": [],
  "reviews": []
}