{
  "pr_number": 10264,
  "url": "https://github.com/ansible/ansible/pull/10264",
  "title": "fixed jsonify test",
  "author_login": "bcoca",
  "state": "MERGED",
  "merged_by_login": "bcoca",
  "body": "",
  "labels": [
    "bug"
  ],
  "additions": 2,
  "deletions": 8,
  "changed_files_count": 1,
  "changed_files_list": [
    "test/units/TestUtils.py"
  ],
  "files": [
    {
      "file_path": "test/units/TestUtils.py",
      "status": "modified",
      "additions": 2,
      "deletions": 8,
      "file_diff": "diff --git a/test/units/TestUtils.py b/test/units/TestUtils.py\nindex 286542d5e400e6..7dd1e751cc9b49 100644\n--- a/test/units/TestUtils.py\n+++ b/test/units/TestUtils.py\n@@ -181,14 +181,8 @@ def test_parse_kv_basic(self):\n \n     def test_jsonify(self):\n         self.assertEqual(ansible.utils.jsonify(None), '{}')\n-        self.assertEqual(ansible.utils.jsonify(dict(foo='bar', baz=['qux'])),\n-               '{\"baz\": [\"qux\"], \"foo\": \"bar\"}')\n-        expected = '''{\n-    \"baz\": [\n-        \"qux\"\n-    ], \n-    \"foo\": \"bar\"\n-}'''\n+        self.assertEqual(ansible.utils.jsonify(dict(foo='bar', baz=['qux'])), '{\"baz\": [\"qux\"], \"foo\": \"bar\"}')\n+        expected = u'{\\n    \"baz\": [\\n        \"qux\"\\n    ],\\n    \"foo\": \"bar\"\\n}'\n         self.assertEqual(ansible.utils.jsonify(dict(foo='bar', baz=['qux']), format=True), expected)\n \n     def test_is_failed(self):\n"
    }
  ],
  "comments": [],
  "reviews": []
}