{
  "pr_number": 1024,
  "url": "https://github.com/ansible/ansible/pull/1024",
  "title": "Made $groups and $group_names variables accessible in with_items",
  "author_login": "tima",
  "state": "MERGED",
  "merged_by_login": "mpdehaan",
  "body": "This patch is specifically for use in with_items: in a playbook as mentioned in the Advanced Playbooks docs for Jinja templates.\n",
  "labels": [],
  "additions": 17,
  "deletions": 11,
  "changed_files_count": 2,
  "changed_files_list": [
    "ansible/runner/__init__.py b/lib/ansible/runner/__init__.py"
  ],
  "files": [
    {
      "file_path": "ansible/runner/__init__.py b/lib/ansible/runner/__init__.py",
      "status": "modified",
      "additions": 4,
      "deletions": 10,
      "file_diff": "diff --git a/lib/ansible/runner/__init__.py b/lib/ansible/runner/__init__.py\nindex efb06e9892e1de..8f983b87aa21f1 100644\n--- a/lib/ansible/runner/__init__.py\n+++ b/lib/ansible/runner/__init__.py\n@@ -250,17 +250,15 @@ def _executor_internal(self, host):\n         inject.update(self.module_vars)\n         inject.update(self.setup_cache[host])\n         inject['hostvars'] = self.setup_cache\n+        inject['group_names'] = host_variables.get('group_names', [])\n+        inject['groups'] = self.inventory.groups_list()\n \n         # allow with_items to work in playbooks...\n         # apt and yum are converted into a single call, others run in a loop\n \n         items = self.module_vars.get('items', [])\n         if isinstance(items, basestring) and items.startswith(\"$\"):\n-            items = items.replace(\"$\",\"\")\n-            if items in inject:\n-                items = inject[items]\n-            else:\n-                raise errors.AnsibleError(\"unbound variable in with_items: %s\" % items)\n+            items = utils.varLookup(items, inject)\n         if type(items) != list:\n             raise errors.AnsibleError(\"with_items only takes a list: %s\" % items)\n \n@@ -321,11 +319,7 @@ def _executor_internal_inner(self, host, inject, port, is_chained=False):\n         # 'hostvars' variable contains variables for each host name\n         #  ... and is set elsewhere\n         # 'inventory_hostname' is also set elsewhere\n-        group_hosts = {}\n-        for g in self.inventory.groups:\n-            group_hosts[g.name] = [ h.name for h in g.hosts ]\n-        inject['groups'] = group_hosts\n-\n+        inject['groups'] = self.inventory.groups_list()\n         # allow module args to work as a dictionary\n         # though it is usually a string\n         new_args = \"\"\n"
    }
  ],
  "comments": [
    {
      "author_login": "mpdehaan",
      "body": "Seems like we could just make group_list call the keys() method on the result of getting the groups in inventory.py, rather than duplicating the traversal logic?\n"
    },
    {
      "author_login": "tima",
      "body": "Looking through the code I was under the impression that groups in there were not resolved to just host names. I'm mistaken?\n"
    },
    {
      "author_login": "mpdehaan",
      "body": "The $groups variable available to templates should be a hash of groupname\nthat maps to a list of hosts.\n\nNot sure I understand the question though.\n"
    },
    {
      "author_login": "tima",
      "body": "If I have a host inventory:\n\n[newengland]\nHost1\nHost2\n\n[midatlantic]\nHost3\nHost4\n\n[northeast]\nnewengland\nmidatlantic\n\nFrom what I saw, if I just use the keys method and call groups['northeast'] I'd get newengland and midatlantic not Host1-4. From the code I found in the Host class that didn't seem like the correct answer especially because you can resolve a group inside another group. I was thinking about the MongoDB example as I went. \n\nHope that helps better explain what I was thinking. \n"
    },
    {
      "author_login": "mpdehaan",
      "body": "Yeah makes sense, you're right.\n\nHere's what I was talking about in Runner code that generates the variable that is made available in playbooks:\n\n```\ngroup_hosts = {}\nfor g in self.inventory.groups:\n     group_hosts[g.name] = [ h.name for h in g.hosts ]\ninject['groups'] = group_hosts\n```\n\nSo yeah, from what you say, that won't contain ancestors -- and in that case, we must fix this as well, as part of this patch, so that it does.\n\nDoes that sort of make sense?   \n"
    },
    {
      "author_login": "tima",
      "body": "It does. I can make the change to the code above and resubmit this patch. Sound good?\n"
    },
    {
      "author_login": "mpdehaan",
      "body": "excellent, thanks\n"
    },
    {
      "author_login": "tima",
      "body": "OK. Resubmitted. That should do it.\n"
    },
    {
      "author_login": "mpdehaan",
      "body": "merging, thanks!\n"
    }
  ],
  "reviews": []
}