{
  "pr_number": 11445,
  "url": "https://github.com/ansible/ansible/pull/11445",
  "title": "Fix a tiny typo",
  "author_login": "emonty",
  "state": "MERGED",
  "merged_by_login": "bcoca",
  "body": "",
  "labels": [
    "docs"
  ],
  "additions": 1,
  "deletions": 1,
  "changed_files_count": 1,
  "changed_files_list": [
    "ansible/utils/module_docs_fragments/openstack.py b/lib/ansible/utils/module_docs_fragments/openstack.py"
  ],
  "files": [
    {
      "file_path": "ansible/utils/module_docs_fragments/openstack.py b/lib/ansible/utils/module_docs_fragments/openstack.py",
      "status": "modified",
      "additions": 1,
      "deletions": 1,
      "file_diff": "diff --git a/lib/ansible/utils/module_docs_fragments/openstack.py b/lib/ansible/utils/module_docs_fragments/openstack.py\nindex 99897eee6d86bd..753d34d37713b8 100644\n--- a/lib/ansible/utils/module_docs_fragments/openstack.py\n+++ b/lib/ansible/utils/module_docs_fragments/openstack.py\n@@ -30,7 +30,7 @@ class ModuleDocFragment(object):\n   auth:\n     description:\n       - Dictionary containing auth information as needed by the cloud's auth\n-        plugin strategy. For the default I{password) plugin, this would contain\n+        plugin strategy. For the default I(password) plugin, this would contain\n         I(auth_url), I(username), I(password), I(project_name) and any\n         information about domains if the cloud supports them. For other plugins,\n         this param will need to contain whatever parameters that auth plugin\n"
    }
  ],
  "comments": [
    {
      "author_login": "omgjlk",
      "body": ":+1: \n"
    }
  ],
  "reviews": []
}