{
  "pr_number": 1018,
  "url": "https://github.com/ansible/ansible/pull/1018",
  "title": "Fix templates for non root sudo_user",
  "author_login": "willthames",
  "state": "MERGED",
  "merged_by_login": "mpdehaan",
  "body": "When using template module, if a restrictive umask is set, the\nsudo_user won't be able to read the /tmp/ansible-dir/source file\nafter it is copied across following _transfer_str\n\nI wonder if this behaviour shouldn't be abstracted somehow (as\nthis correction also happens after put_file in the copy module too)\n",
  "labels": [],
  "additions": 4,
  "deletions": 1,
  "changed_files_count": 1,
  "changed_files_list": [
    "ansible/runner/action_plugins/template.py b/lib/ansible/runner/action_plugins/template.py"
  ],
  "files": [
    {
      "file_path": "ansible/runner/action_plugins/template.py b/lib/ansible/runner/action_plugins/template.py",
      "status": "modified",
      "additions": 4,
      "deletions": 1,
      "file_diff": "diff --git a/lib/ansible/runner/action_plugins/template.py b/lib/ansible/runner/action_plugins/template.py\nindex 62e578d256247f..61f2da147187c9 100644\n--- a/lib/ansible/runner/action_plugins/template.py\n+++ b/lib/ansible/runner/action_plugins/template.py\n@@ -70,7 +70,10 @@ def run(self, conn, tmp, module_name, inject):\n             return ReturnData(conn=conn, comm_ok=False, result=result)\n \n         xfered = self.runner._transfer_str(conn, tmp, 'source', resultant)\n-\n+        # fix file permissions when the copy is done as a different user\n+        if self.runner.sudo and self.runner.sudo_user != 'root':\n+            self.runner._low_level_exec_command(conn, \"chmod a+r %s\" % xfered, \n+                tmp)\n         # run the copy module, queue the file module\n         self.runner.module_args = \"%s src=%s dest=%s\" % (self.runner.module_args, xfered, dest)\n         return self.runner._execute_module(conn, tmp, 'copy', self.runner.module_args, inject=inject).daisychain('file')\n"
    }
  ],
  "comments": [
    {
      "author_login": "mpdehaan",
      "body": "merged, thanks.  we can worry about abstraction if we have another instance\n"
    }
  ],
  "reviews": []
}