{
  "pr_number": 1098,
  "url": "https://github.com/ansible/ansible/pull/1098",
  "title": "New module: manipulate INI-style settings",
  "author_login": "jpmens",
  "state": "MERGED",
  "merged_by_login": "mpdehaan",
  "body": "I hear the \"module of the week\" for _[insert the name of a different CM system here]_ is one which manipulates INI-style files. This is my contribution and includes `DOCUMENTATION`.\n",
  "labels": [],
  "additions": 185,
  "deletions": 0,
  "changed_files_count": 1,
  "changed_files_list": [
    "library/ini_file"
  ],
  "files": [
    {
      "file_path": "library/ini_file",
      "status": "added",
      "additions": 185,
      "deletions": 0,
      "file_diff": "diff --git a/library/ini_file b/library/ini_file\nnew file mode 100755\nindex 00000000000000..99fe9ee5a60f66\n--- /dev/null\n+++ b/library/ini_file\n@@ -0,0 +1,185 @@\n+#!/usr/bin/python\n+# -*- coding: utf-8 -*-\n+\n+# (c) 2012, Jan-Piet Mens <jpmens () gmail.com>\n+#\n+# This file is part of Ansible\n+#\n+# Ansible is free software: you can redistribute it and/or modify\n+# it under the terms of the GNU General Public License as published by\n+# the Free Software Foundation, either version 3 of the License, or\n+# (at your option) any later version.\n+#\n+# Ansible is distributed in the hope that it will be useful,\n+# but WITHOUT ANY WARRANTY; without even the implied warranty of\n+# MERCHANTABILITY or FITNESS FOR A PARTICULAR PURPOSE.  See the\n+# GNU General Public License for more details.\n+#\n+# You should have received a copy of the GNU General Public License\n+# along with Ansible.  If not, see <http://www.gnu.org/licenses/>.\n+#\n+\n+DOCUMENTATION = '''\n+---\n+module: ini_file\n+short_description: Tweak settings in INI files\n+description:\n+     - Manage (add, remove, change) individual settings in an INI-style file without having\n+       to manage the file as a whole with, say, M(template) or M(assemble). Adds missing\n+       sections if they don't exist.\n+version_added: \"0.9\"\n+options:\n+  - dest:\n+      description:\n+        - Path to the INI-style file; this file is created if required\n+      required: true\n+      default: null\n+      aliases: []\n+  - section:\n+      description:\n+        - Section name in INI file. This is added if C(state=present) automatically when\n+          a single value is being set.\n+      required: true\n+      default: null\n+  - option:\n+      description:\n+        - if set (required for changing a I(value)), this is the name of the option.\n+        - May be omitted if adding/removing a whole I(section).\n+      required: false\n+      default: []\n+  - value:\n+      description:\n+        - the string value to be associated with an I(option). May be omitted when\n+          removing an I(option).\n+      required: false\n+      default: []\n+  - backup:\n+      description:\n+        - Create a backup file including the timestamp information so you can get\n+          the original file back if you somehow clobbered it incorrectly.\n+      required: false\n+      default: no\n+      choices: [ \"yes\", \"no\" ]\n+  - others:\n+       description:\n+         - all arguments accepted by the M(file) module also work here\n+       required: false\n+notes:\n+   - While it is possible to add an I(option) without specifying a I(value), this makes\n+     no sense.\n+requirements: [ ConfigParser ]\n+author: Jan-Piet Mens\n+'''\n+\n+EXAMPLES = [\n+\"\"\" \n+- code: ini_file dest=/etc/conf section=drinks option=fav value=lemonade mode=0600 backup=true\n+  description: Ensure C(fav=lemonade) is in section C([drinks]) in said file\n+\"\"\",\n+\"\"\" ini_file dest=/etc/anotherconf\n+        section=drinks\n+        option=temperature\n+        value=cold\n+        backup=true\n+\"\"\"\n+]\n+\n+import ConfigParser\n+\n+# ==============================================================\n+# do_ini\n+\n+def do_ini(module, filename, section=None, option=None, value=None, state='present', backup=False):\n+\n+    changed = False\n+    cp = ConfigParser.ConfigParser()\n+\n+    try:\n+        f = open(filename)\n+        cp.readfp(f)\n+    except IOError:\n+        pass\n+\n+\n+    if state == 'absent':\n+        if option is None and value is None:\n+            if cp.has_section(section):\n+                cp.remove_section(section)\n+                changed = True\n+        else:\n+            if option is not None:\n+                try:\n+                    if cp.get(section, option):\n+                        cp.remove_option(section, option)\n+                        changed = True\n+                except:\n+                    pass\n+\n+    if state == 'present':\n+        if cp.has_section(section) == False:\n+            cp.add_section(section)\n+            changed = True\n+\n+        if option is not None and value is not None:\n+            try:\n+                oldvalue = cp.get(section, option)\n+                if str(value) != str(oldvalue):\n+                    cp.set(section, option, value)\n+                    changed = True\n+            except ConfigParser.NoOptionError:\n+                cp.set(section, option, value)\n+                changed = True\n+\n+    if changed:\n+        if backup:\n+            module.backup_local(filename)\n+\n+        try:\n+            f = open(filename, 'w')\n+            cp.write(f)\n+        except:\n+            module.fail_json(msg=\"Can't creat %s\" % filename)\n+\n+    return changed\n+\n+# ==============================================================\n+# main\n+\n+def main():\n+\n+    module = AnsibleModule(\n+        # not checking because of daisy chain to file module\n+        check_invalid_arguments = False,\n+        argument_spec = dict(\n+            dest = dict(required=True),\n+            section = dict(required=True),\n+            option = dict(required=False),\n+            value = dict(required=False),\n+            backup = dict(default='no', choices=BOOLEANS),\n+            state = dict(default='present', choices=['present', 'absent'])\n+        )\n+    )\n+\n+    info = dict()\n+\n+    dest = os.path.expanduser(module.params['dest'])\n+    section = module.params['section']\n+    option = module.params['option']\n+    value = module.params['value']\n+    state = module.params['state']\n+    backup = module.boolean(module.params['backup'])\n+\n+    changed = do_ini(module, dest, section, option, value, state, backup)\n+\n+    info['daisychain_args'] = module.params\n+    info['daisychain_args']['state'] = 'file'\n+    info['daisychain_args']['dest'] = dest\n+\n+    # Mission complete\n+    module.exit_json(dest=dest, \n+        changed=changed, msg=\"OK\",\n+        daisychain=\"file\", daisychain_args=info.get('daisychain_args',''))\n+\n+# this is magic, see lib/ansible/module_common.py\n+#<<INCLUDE_ANSIBLE_MODULE_COMMON>>\n+main()\n"
    }
  ],
  "comments": [
    {
      "author_login": "mpdehaan",
      "body": "This is very nice.  \n\nBTW, on the docs front, if you ever want to include a multi-line example from two different playbooks this is going to be tricky.   As a result, I'm suggesting we change this now before documenting over stuff.\n\n+examples:\n     68 \n-   - code: ini_file dest=/etc/conf section=drinks option=fav value=lemonade mode=0600 backup=true\n   69 \n-     description: Ensure C(fav=lemonade) is in section C([drinks]) in said file\n\nAs a result, I had previously suggested we keep documentation as a SEPERATE array of docstrings.\n\nEXAMPLES = [\n\"\"\" \nexample one might be YAML \n\"\"\",\n\"\"\" example two might NOT be YAML\n\"\"\"\n]\n\nBut I really need a script that at least generates rst/ files for the MAIN module documentation as a way of testing this before we go forward with documentation.\n"
    },
    {
      "author_login": "mpdehaan",
      "body": "Thinking we can put the module reference on the main site actually, ignore my RST comment, I can still do @mavimo's bootstrap thingy for those -- generating RST tables would not be fun.   I do think we need to do EXAMPLES differently though.\n"
    },
    {
      "author_login": "jpmens",
      "body": "Not quite sure I understand, but updating this commit to include that.\n"
    },
    {
      "author_login": "jpmens",
      "body": "Done. (I hope.)\n"
    },
    {
      "author_login": "jpmens",
      "body": "Re RST: have you looked at https://github.com/jpmens/ansible-booklet, specifically `mofo.py` and the Jinja2 `templates/` ?\n"
    },
    {
      "author_login": "jpmens",
      "body": "I can have a go at that this evening if you like ... We are talking about generating e.g. `ansible-docs/rst/modules/lineinfile.rst`, right?\n"
    },
    {
      "author_login": "mpdehaan",
      "body": "Thanks -- we should merge this into the main tree under the 'hacking'\ndirectory I think.   It does need to get renamed from mofo I am afraid :)\n\nI am kind of unsure which way to go on docs generation and need to think\nabout it.\n\nI can either make it output javascript (super easy) and adapt Mavimo's HTML\nso it fits in with the docs project headers a bit, or I can do a ton of\npainful work to make it output RST tables (which are REALLY REALLY NOT\nFUN), or see if I can inline HTML tables inside the RST (probably easiest,\nactually).\n\nAnyway, with all of the various attributes the templates are going to be\nsomewhat non-trivial.\n\nOn Wed, Sep 26, 2012 at 7:49 AM, JP Mens notifications@github.com wrote:\n\n> Re RST: have you looked at https://github.com/jpmens/ansible-booklet,\n> specifically mofo.py and the Jinja2 templates/ ?\n> \n> —\n> Reply to this email directly or view it on GitHubhttps://github.com/ansible/ansible/pull/1098#issuecomment-8887155.\n"
    },
    {
      "author_login": "mpdehaan",
      "body": "Yeah, totally.\n\nIf there is a way to generate tables without the RST \"ascii table\" syntax\nthat would be totally fine and probably FAR easier.  I am pretty sure you\ncan include inline HTML in RST.\n\nThanks a ton for this, saves me a lot of work and will allow me to\nconcentrate more on squashing the github tickets queue.   Very much\nappreciated.\n\nI think we could just have the \"ansible-docs\" project call\n../ansible/hacking/module_formatter.py --whatever-arguments as part of\n\"make docs\", and assume you had ansible and ansible-docs checked out in the\nsame directory.  Seems reasonable.\n\nOn Wed, Sep 26, 2012 at 7:51 AM, JP Mens notifications@github.com wrote:\n\n> I can have a go at that this evening if you like ... We are talking about\n> generating e.g. ansible-docs/rst/modules/lineinfile.rst, right?\n> \n> —\n> Reply to this email directly or view it on GitHubhttps://github.com/ansible/ansible/pull/1098#issuecomment-8887208.\n"
    },
    {
      "author_login": "jpmens",
      "body": "Done in #1101 :)\n"
    },
    {
      "author_login": "mpdehaan",
      "body": "merged thanks!   \n"
    }
  ],
  "reviews": []
}