{
  "pr_number": 1149,
  "url": "https://github.com/ansible/ansible/pull/1149",
  "title": "Complete the change from $FILE{} to $FILE()",
  "author_login": "dhozac",
  "state": "MERGED",
  "merged_by_login": "mpdehaan",
  "body": "Otherwise, parsing e.g. '$FILE(myfile)'.find(\"stuff\") will include\neverything up to the last ) as the filename.\n",
  "labels": [],
  "additions": 1,
  "deletions": 1,
  "changed_files_count": 1,
  "changed_files_list": [
    "ansible/utils.py b/lib/ansible/utils.py"
  ],
  "files": [
    {
      "file_path": "ansible/utils.py b/lib/ansible/utils.py",
      "status": "modified",
      "additions": 1,
      "deletions": 1,
      "file_diff": "diff --git a/lib/ansible/utils.py b/lib/ansible/utils.py\nindex a980e49ef4f5a1..202db6e3abff0c 100644\n--- a/lib/ansible/utils.py\n+++ b/lib/ansible/utils.py\n@@ -321,7 +321,7 @@ def varReplace(raw, vars, depth=0):\n \n     return ''.join(done)\n \n-_FILEPIPECRE = re.compile(r\"\\$(?P<special>FILE|PIPE)\\(([^\\}]+)\\)\")\n+_FILEPIPECRE = re.compile(r\"\\$(?P<special>FILE|PIPE)\\(([^\\)]+)\\)\")\n def varReplaceFilesAndPipes(basedir, raw):\n     done = [] # Completed chunks to return\n \n"
    }
  ],
  "comments": [
    {
      "author_login": "mpdehaan",
      "body": "merged, thanks!\n"
    }
  ],
  "reviews": []
}