{
  "pr_number": 1151,
  "url": "https://github.com/ansible/ansible/pull/1151",
  "title": "Add LSB facts, as derived from lsb_release -a",
  "author_login": "sfromm",
  "state": "MERGED",
  "merged_by_login": "mpdehaan",
  "body": "This gathers LSB facts via lsb_release.  This complements the\nplatform facts collected via the platform module.  This reoprts\nrelease, id, description, release, and codename.  It also adds\n'major_release', which is the major version number of a distribution.\n",
  "labels": [],
  "additions": 27,
  "deletions": 0,
  "changed_files_count": 1,
  "changed_files_list": [
    "library/setup"
  ],
  "files": [
    {
      "file_path": "library/setup",
      "status": "modified",
      "additions": 27,
      "deletions": 0,
      "file_diff": "diff --git a/library/setup b/library/setup\nindex 874944839790b0..46e73face2831d 100755\n--- a/library/setup\n+++ b/library/setup\n@@ -92,6 +92,7 @@ class Facts(object):\n         self.get_public_ssh_host_keys()\n         self.get_selinux_facts()\n         self.get_pkg_mgr_facts()\n+        self.get_lsb_facts()\n \n     def populate(self):\n         return self.facts\n@@ -170,6 +171,32 @@ class Facts(object):\n             if os.path.exists(pkg['path']):\n                 self.facts['pkg_mgr'] = pkg['name']\n \n+    def get_lsb_facts(self):\n+        lsb_path = module.get_bin_path('lsb_release')\n+        if lsb_path is None:\n+            return self.facts\n+        cmd = subprocess.Popen([lsb_path, \"-a\"], shell=False,\n+                               stdout=subprocess.PIPE, stderr=subprocess.PIPE)\n+        out, err = cmd.communicate()\n+        if cmd.returncode == 0:\n+            self.facts['lsb'] = {}\n+        for line in out.split('\\n'):\n+            if len(line) < 1:\n+                continue\n+            value = line.split(':', 1)[1].strip()\n+            if 'LSB Version:' in line:\n+                self.facts['lsb']['release'] = value\n+            elif 'Distributor ID:' in line:\n+                self.facts['lsb']['id'] = value\n+            elif 'Description:' in line:\n+                self.facts['lsb']['description'] = value\n+            elif 'Release:' in line:\n+                self.facts['lsb']['release'] = value\n+            elif 'Codename:' in line:\n+                self.facts['lsb']['codename'] = value\n+        if 'lsb' in self.facts and 'release' in self.facts['lsb']:\n+            self.facts['lsb']['major_release'] = self.facts['lsb']['release'].split('.')[0]\n+\n     def get_selinux_facts(self):\n         if not HAVE_SELINUX:\n             self.facts['selinux'] = False\n"
    }
  ],
  "comments": [
    {
      "author_login": "mpdehaan",
      "body": "merged, thanks!\n"
    }
  ],
  "reviews": []
}