{
  "pr_number": 1014,
  "url": "https://github.com/ansible/ansible/pull/1014",
  "title": "Fix regex that allows passwords to get into syslog, use journal if available.",
  "author_login": "marktheunissen",
  "state": "MERGED",
  "merged_by_login": "mpdehaan",
  "body": "This does two things:\n1. There was a bug in the previous regex, where if the password parameter was the last argument on the line, the regex wouldn't match, as it requires a space afterwards to match. Therefore, passwords can be stored in syslog.\n2. If the systemd journal is available, it will log to that instead of syslog. To test, use Fedora 17 and install the [python-systemd](https://github.com/systemd/python-systemd) package. Run `sudo journalctl -f --output=json` to monitor log. Run an ansible command. The log entries look like:\n\n``` json\n{\n  \"MESSAGE\" : \"Ansible module invoked\",\n  \"MODULE\" : \"file\",\n  \"SRC\" : \"None\",\n  \"GROUP\" : \"None\",\n  \"STATE\" : \"absent\",\n  \"SELEVEL\" : \"None\",\n  \"SEUSER\" : \"None\",\n  \"SEROLE\" : \"None\",\n  \"MODE\" : \"None\",\n  \"OWNER\" : \"None\",\n  \"PATH\" : \"/home/mark/test\",\n  \"PASSWORD\" : \"NOT_LOGGING_PASSWORD\",\n  \"SETYPE\" : \"None\",\n}\n```\n",
  "labels": [],
  "additions": 29,
  "deletions": 7,
  "changed_files_count": 1,
  "changed_files_list": [
    "ansible/module_common.py b/lib/ansible/module_common.py"
  ],
  "files": [
    {
      "file_path": "ansible/module_common.py b/lib/ansible/module_common.py",
      "status": "modified",
      "additions": 29,
      "deletions": 7,
      "file_diff": "diff --git a/lib/ansible/module_common.py b/lib/ansible/module_common.py\nindex 2d494993217e99..e95dd0d64ca100 100644\n--- a/lib/ansible/module_common.py\n+++ b/lib/ansible/module_common.py\n@@ -55,9 +55,16 @@\n except ImportError:\n     from md5 import md5 as _md5\n \n+try:\n+  from systemd import journal\n+  has_journal = True\n+except ImportError:\n+  import syslog\n+  has_journal = False\n+\n class AnsibleModule(object):\n \n-    def __init__(self, argument_spec, bypass_checks=False, no_log=False, \n+    def __init__(self, argument_spec, bypass_checks=False, no_log=False,\n         check_invalid_arguments=True, mutually_exclusive=None, required_together=None,\n         required_one_of=None):\n \n@@ -144,7 +151,7 @@ def _check_required_together(self, spec):\n             non_zero = [ c for c in counts if c > 0 ]\n             if len(non_zero) > 0:\n                 if 0 in counts:\n-                    self.fail_json(msg=\"parameters are required together: %s\" % check) \n+                    self.fail_json(msg=\"parameters are required together: %s\" % check)\n \n     def _check_required_arguments(self):\n         ''' ensure all required arguments are present '''\n@@ -198,11 +205,26 @@ def _load_params(self):\n \n     def _log_invocation(self):\n         ''' log that ansible ran the module '''\n-        syslog.openlog('ansible-%s' % os.path.basename(__file__))\n-        # Sanitize possible password argument when logging\n-        log_args = re.sub(r'password=.+ (.*)', r\"password=NOT_LOGGING_PASSWORD \\1\", self.args)\n-        log_args = re.sub(r'login_password=.+ (.*)', r\"login_password=NOT_LOGGING_PASSWORD \\1\", log_args)\n-        syslog.syslog(syslog.LOG_NOTICE, 'Invoked with %s' % log_args)\n+        # Sanitize possible password argument when logging.\n+        log_args = dict()\n+        passwd_keys = ['password', 'login_password']\n+        for param in self.params:\n+            if param in passwd_keys:\n+                log_args[param] = 'NOT_LOGGING_PASSWORD'\n+            else:\n+                log_args[param] = self.params[param]\n+\n+        if (has_journal):\n+            journal_args = [\"MESSAGE=Ansible module invoked\", \"MODULE=%s\" % os.path.basename(__file__)]\n+            for arg in log_args:\n+                journal_args.append(arg.upper() + \"=\" + str(log_args[arg]))\n+            journal.sendv(*journal_args)\n+        else:\n+            msg = ''\n+            syslog.openlog('ansible-%s' % os.path.basename(__file__))\n+            for arg in log_args:\n+                msg = msg + arg + '=' + str(log_args[arg]) + ' '\n+            syslog.syslog(syslog.LOG_NOTICE, 'Invoked with %s' % msg)\n \n     def get_bin_path(self, arg, required=False, opt_dirs=[]):\n         '''\n"
    }
  ],
  "comments": [
    {
      "author_login": "marktheunissen",
      "body": "We may want to backport the fix for the password= regex to 0.7, what do you think?\n"
    },
    {
      "author_login": "mpdehaan",
      "body": "Yeah.  Send me a PR to the release 0.7 branch, and when we do decide to do\na dot-release later we can tag 0.7.1.\n\n--Michael\n"
    },
    {
      "author_login": "mpdehaan",
      "body": "merged, thanks ... seems like we could cherry-pick this whole commit and it would be ok.\n"
    }
  ],
  "reviews": []
}