{
  "pr_number": 11134,
  "url": "https://github.com/ansible/ansible/pull/11134",
  "title": "Add missing import in ansible.cli",
  "author_login": "sivel",
  "state": "MERGED",
  "merged_by_login": "jimi-c",
  "body": "This PR adds a missing import in `ansible.cli`.\n\nIf `display` is `None` in the `CLI` class, display will need to be initialized with `Display` which hasn't been imported\n",
  "labels": [
    "P2",
    "bug"
  ],
  "additions": 1,
  "deletions": 0,
  "changed_files_count": 1,
  "changed_files_list": [
    "ansible/cli/__init__.py b/lib/ansible/cli/__init__.py"
  ],
  "files": [
    {
      "file_path": "ansible/cli/__init__.py b/lib/ansible/cli/__init__.py",
      "status": "modified",
      "additions": 1,
      "deletions": 0,
      "file_diff": "diff --git a/lib/ansible/cli/__init__.py b/lib/ansible/cli/__init__.py\nindex d63203b2e56b01..daf14aab1f7aaa 100644\n--- a/lib/ansible/cli/__init__.py\n+++ b/lib/ansible/cli/__init__.py\n@@ -33,6 +33,7 @@\n from ansible import constants as C\n from ansible.errors import AnsibleError, AnsibleOptionsError\n from ansible.utils.unicode import to_bytes\n+from ansible.utils.display import Display\n \n class SortedOptParser(optparse.OptionParser):\n     '''Optparser which sorts the options by opt before outputting --help'''\n"
    }
  ],
  "comments": [
    {
      "author_login": "jimi-c",
      "body": "Merged, thanks!\n"
    }
  ],
  "reviews": []
}