{
  "pr_number": 1000,
  "url": "https://github.com/ansible/ansible/pull/1000",
  "title": "Add support to removes control param",
  "author_login": "mavimo",
  "state": "MERGED",
  "merged_by_login": "mpdehaan",
  "body": "Execute action only if specified file using param removes exist (execute reverse control of creates).\n\nSome usage eg.:\n\n``` yaml\n- name: enable apache2 default websites\n  action: command /usr/sbin/a2ensite $item creates=/etc/apache2/sites-enabled/$item\n  with_items:\n    - default\n    - default-ssl\n\n- name: disable apache2 default websites\n  action: command /usr/sbin/a2dissite $item removes=/etc/apache2/sites-enabled/$item\n  with_items:\n    - default\n    - default-ssl\n```\n",
  "labels": [],
  "additions": 15,
  "deletions": 0,
  "changed_files_count": 1,
  "changed_files_list": [
    "library/command"
  ],
  "files": [
    {
      "file_path": "library/command",
      "status": "modified",
      "additions": 15,
      "deletions": 0,
      "file_diff": "diff --git a/library/command b/library/command\nindex e83d6e5cc88cf1..585ebabd7b39fd 100755\n--- a/library/command\n+++ b/library/command\n@@ -114,6 +114,21 @@ class CommandModule(AnsibleModule):\n                         rc=0\n                     )\n                 args = args.replace(x,'')\n+            elif x.startswith(\"removes=\"):\n+                # do not run the command if the line contains removes=filename\n+                # and the filename do not exists.  This allows idempotence\n+                # of command executions.\n+                (k,v) = x.split(\"=\",1)\n+                if not os.path.exists(v):\n+                    self.exit_json(\n+                        cmd=args,\n+                        stdout=\"skipped, since %s do not exists\" % v,\n+                        skipped=True,\n+                        changed=False,\n+                        stderr=False,\n+                        rc=0\n+                    )\n+                args = args.replace(x,'')\n             elif x.startswith(\"chdir=\"):\n                 (k,v) = x.split(\"=\", 1)\n                 v = os.path.expanduser(v)\n"
    }
  ],
  "comments": [
    {
      "author_login": "mpdehaan",
      "body": "Thanks! since we're past the 0.8 code freeze and are releasing in a day or two, I'll merge this first thing after we start the 0.8 release -- this will probably be Thursday night or Friday.\n"
    },
    {
      "author_login": "mpdehaan",
      "body": "ticket #1000!\n\nmerged, thanks!\n"
    }
  ],
  "reviews": []
}