{
  "pr_number": 10229,
  "url": "https://github.com/ansible/ansible/pull/10229",
  "title": "patch action plugin does not require dest",
  "author_login": "bcoca",
  "state": "MERGED",
  "merged_by_login": "bcoca",
  "body": "dest is not required as patchfile can have that info and the module did not require it\nshould fix https://github.com/ansible/ansible-modules-extras/issues/258\n",
  "labels": [
    "bug"
  ],
  "additions": 2,
  "deletions": 2,
  "changed_files_count": 1,
  "changed_files_list": [
    "ansible/runner/action_plugins/patch.py b/lib/ansible/runner/action_plugins/patch.py"
  ],
  "files": [
    {
      "file_path": "ansible/runner/action_plugins/patch.py b/lib/ansible/runner/action_plugins/patch.py",
      "status": "modified",
      "additions": 2,
      "deletions": 2,
      "file_diff": "diff --git a/lib/ansible/runner/action_plugins/patch.py b/lib/ansible/runner/action_plugins/patch.py\nindex 7c2947cafe9a9d..8af5dabae8a358 100644\n--- a/lib/ansible/runner/action_plugins/patch.py\n+++ b/lib/ansible/runner/action_plugins/patch.py\n@@ -34,8 +34,8 @@ def run(self, conn, tmp, module_name, module_args, inject, complex_args=None, **\n         dest = options.get('dest', None)\n         remote_src = utils.boolean(options.get('remote_src', 'yes'))\n \n-        if src is None or dest is None:\n-            result = dict(failed=True, msg=\"src and dest are required\")\n+        if src is None:\n+            result = dict(failed=True, msg=\"src is required\")\n             return ReturnData(conn=conn, comm_ok=False, result=result)\n \n         if remote_src:\n"
    }
  ],
  "comments": [
    {
      "author_login": "abadger",
      "body": "Looks good.  +1 to merge.\n"
    },
    {
      "author_login": "abadger",
      "body": "Note: Looks like setting dest here can be removed as well.\n",
      "file_path": "lib/ansible/runner/action_plugins/patch.py",
      "diff_hunk": "@@ -34,8 +34,8 @@ def run(self, conn, tmp, module_name, module_args, inject, complex_args=None, **\n         dest = options.get('dest', None)",
      "comment_type": "review_comment"
    }
  ],
  "reviews": []
}