{
  "pr_number": 11018,
  "url": "https://github.com/ansible/ansible/pull/11018",
  "title": " facts: Add ed25519 ssh pubkey ",
  "author_login": "tyll",
  "state": "MERGED",
  "merged_by_login": "bcoca",
  "body": "Add missing ed25519 ssh pubkey to facts and refactor code to reduce code duplication.\n",
  "labels": [
    "feature"
  ],
  "additions": 10,
  "deletions": 20,
  "changed_files_count": 1,
  "changed_files_list": [
    "ansible/module_utils/facts.py b/lib/ansible/module_utils/facts.py"
  ],
  "files": [
    {
      "file_path": "ansible/module_utils/facts.py b/lib/ansible/module_utils/facts.py",
      "status": "modified",
      "additions": 10,
      "deletions": 20,
      "file_diff": "diff --git a/lib/ansible/module_utils/facts.py b/lib/ansible/module_utils/facts.py\nindex b223c5f5f7d3eb..6ddae5df855d65 100644\n--- a/lib/ansible/module_utils/facts.py\n+++ b/lib/ansible/module_utils/facts.py\n@@ -471,29 +471,19 @@ def get_cmdline(self):\n                 pass\n \n     def get_public_ssh_host_keys(self):\n-        dsa_filename = '/etc/ssh/ssh_host_dsa_key.pub'\n-        rsa_filename = '/etc/ssh/ssh_host_rsa_key.pub'\n-        ecdsa_filename = '/etc/ssh/ssh_host_ecdsa_key.pub'\n+        keytypes = ('dsa', 'rsa', 'ecdsa', 'ed25519')\n \n         if self.facts['system'] == 'Darwin':\n-            dsa_filename = '/etc/ssh_host_dsa_key.pub'\n-            rsa_filename = '/etc/ssh_host_rsa_key.pub'\n-            ecdsa_filename = '/etc/ssh_host_ecdsa_key.pub'\n-        dsa = get_file_content(dsa_filename)\n-        rsa = get_file_content(rsa_filename)\n-        ecdsa = get_file_content(ecdsa_filename)\n-        if dsa is None:\n-            dsa = 'NA'\n+            keydir = '/etc'\n         else:\n-            self.facts['ssh_host_key_dsa_public'] = dsa.split()[1]\n-        if rsa is None:\n-            rsa = 'NA'\n-        else:\n-            self.facts['ssh_host_key_rsa_public'] = rsa.split()[1]\n-        if ecdsa is None:\n-            ecdsa = 'NA'\n-        else:\n-            self.facts['ssh_host_key_ecdsa_public'] = ecdsa.split()[1]\n+            keydir = '/etc/ssh'\n+\n+        for type_ in keytypes:\n+            key_filename = '%s/ssh_host_%s_key.pub' % (keydir, type_)\n+            keydata = get_file_content(key_filename)\n+            if keydata is not None:\n+                factname = 'ssh_host_key_%s_public' % type_\n+                self.facts[factname] = keydata.split()[1]\n \n     def get_pkg_mgr_facts(self):\n         self.facts['pkg_mgr'] = 'unknown'\n"
    }
  ],
  "comments": [
    {
      "author_login": "bcoca",
      "body": "to keep backwards compatibility, I would add = 'NA' for when keys are None.\n"
    },
    {
      "author_login": "tyll",
      "body": "On Fri, May 15, 2015 at 02:01:44PM -0700, Brian Coca wrote:\n\n> to keep backwards compatibility, I would add = 'NA' for when keys are None.\n\nAFAICS the value \"NA\" is never exposed in a ssh key fact in the code\nthis patch changes. It is not clear to me my the local variables were\nset to \"NA\", maybe they were also exposed as a fact before someone else\nchanged something here.  Currently it is only dead code - unless there\nis some magic that looks at the local variables of the function.\n"
    },
    {
      "author_login": "bcoca",
      "body": "@tyll sorry, had not read the whole code, I had assumed that the variables were used since they were assigned ... dead code can go away.\n"
    }
  ],
  "reviews": []
}