{
  "pr_number": 10516,
  "url": "https://github.com/ansible/ansible/pull/10516",
  "title": "Fixes a brief spelling error",
  "author_login": "caphrim007",
  "state": "MERGED",
  "merged_by_login": "bcoca",
  "body": "Fixes a simple spelling mistake that was bugging me when I read the online\ndocs. Trying to make the docs as great as possible.\n",
  "labels": [
    "P2",
    "docs"
  ],
  "additions": 1,
  "deletions": 1,
  "changed_files_count": 1,
  "changed_files_list": [
    "docsite/rst/faq.rst"
  ],
  "files": [
    {
      "file_path": "docsite/rst/faq.rst",
      "status": "modified",
      "additions": 1,
      "deletions": 1,
      "file_diff": "diff --git a/docsite/rst/faq.rst b/docsite/rst/faq.rst\nindex e7b21456afd5c5..1b499c547406bb 100644\n--- a/docsite/rst/faq.rst\n+++ b/docsite/rst/faq.rst\n@@ -5,7 +5,7 @@ Here are some commonly-asked questions and their answers.\n \n .. _users_and_ports:\n \n-If you are looking to set environment varialbes remotely for your project (in a task, not locally for Ansible)\n+If you are looking to set environment variables remotely for your project (in a task, not locally for Ansible)\n The keyword is simply `environment`\n \n ```\n"
    }
  ],
  "comments": [],
  "reviews": []
}