{
  "pr_number": 10372,
  "url": "https://github.com/ansible/ansible/pull/10372",
  "title": "Rework the shell quoting of remote checksumming",
  "author_login": "abadger",
  "state": "MERGED",
  "merged_by_login": "abadger",
  "body": "Instead of getting rid of pipes.quote, use pipes.quote and get rid of\nthe manually entered toplevel quotes.  This should properly escape\nbackslashes, quotes, and other characters.\n\nAlso fix the new checksumming python \"one-liner\" for csh.\nansible_shell_type needs to be set to csh.\n\nFixes #10363\nFixes #10353\n",
  "labels": [
    "P2",
    "bug"
  ],
  "additions": 99,
  "deletions": 4,
  "changed_files_count": 10,
  "changed_files_list": [
    "ansible/runner/shell_plugins/sh.py b/lib/ansible/runner/shell_plugins/sh.py",
    "test/integration/check_mode.yml",
    "test/integration/roles/prepare_tests/tasks/main.yml",
    "test/integration/roles/test_check_mode/files/foo.txt",
    "test/integration/roles/test_check_mode/meta/main.yml",
    "test/integration/roles/test_check_mode/tasks/main.yml",
    "test/integration/roles/test_check_mode/templates/foo.j2",
    "test/integration/roles/test_check_mode/vars/main.yml",
    "test/integration/roles/test_template/tasks/main.yml"
  ],
  "files": [
    {
      "file_path": "ansible/runner/shell_plugins/sh.py b/lib/ansible/runner/shell_plugins/sh.py",
      "status": "modified",
      "additions": 12,
      "deletions": 4,
      "file_diff": "diff --git a/lib/ansible/runner/shell_plugins/sh.py b/lib/ansible/runner/shell_plugins/sh.py\nindex fc4063c204485c..5fb0dc3add3f76 100644\n--- a/lib/ansible/runner/shell_plugins/sh.py\n+++ b/lib/ansible/runner/shell_plugins/sh.py\n@@ -24,6 +24,9 @@\n \n class ShellModule(object):\n \n+    # How to end lines in a python script one-liner\n+    _SHELL_EMBEDDED_PY_EOL = '\\n'\n+\n     def env_prefix(self, **kwargs):\n         '''Build command prefix with environment variables.'''\n         env = dict(\n@@ -103,14 +106,19 @@ def checksum(self, path, python_interp):\n         # 2: No read permissions on the file\n         # 3: File is a directory\n         # 4: No python interpreter\n-        test = \"rc=flag; [ -r \\'%(p)s\\' ] || rc=2; [ -f \\'%(p)s\\' ] || rc=1; [ -d \\'%(p)s\\' ] && rc=3; %(i)s -V 2>/dev/null || rc=4; [ x\\\"$rc\\\" != \\\"xflag\\\" ] && echo \\\"${rc}\\\"\\'  %(p)s\\' && exit 0\" % dict(p=path, i=python_interp)\n+\n+        # Quoting gets complex here.  We're writing a python string that's\n+        # used by a variety of shells on the remote host to invoke a python\n+        # \"one-liner\".\n+        shell_escaped_path = pipes.quote(path)\n+        test = \"rc=flag; [ -r %(p)s ] || rc=2; [ -f %(p)s ] || rc=1; [ -d %(p)s ] && rc=3; %(i)s -V 2>/dev/null || rc=4; [ x\\\"$rc\\\" != \\\"xflag\\\" ] && echo \\\"${rc}  \\\"%(p)s && exit 0\" % dict(p=shell_escaped_path, i=python_interp)\n         csums = [\n-            \"(%s -c 'import hashlib; BLOCKSIZE = 65536; hasher = hashlib.sha1();\\nafile = open(\\\"%s\\\", \\\"rb\\\")\\nbuf = afile.read(BLOCKSIZE)\\nwhile len(buf) > 0:\\n\\thasher.update(buf)\\n\\tbuf = afile.read(BLOCKSIZE)\\nafile.close()\\nprint(hasher.hexdigest())' 2>/dev/null)\" % (python_interp, path),      # Python > 2.4 (including python3)\n-            \"(%s -c 'import sha; BLOCKSIZE = 65536; hasher = sha.sha();\\nafile = open(\\\"%s\\\", \\\"rb\\\")\\nbuf = afile.read(BLOCKSIZE)\\nwhile len(buf) > 0:\\n\\thasher.update(buf)\\n\\tbuf = afile.read(BLOCKSIZE)\\nafile.close()\\nprint(hasher.hexdigest())' 2>/dev/null)\" % (python_interp, path),      # Python == 2.4\n+            \"({0} -c 'import hashlib; BLOCKSIZE = 65536; hasher = hashlib.sha1();{2}afile = open(\\\"'{1}'\\\", \\\"rb\\\"){2}buf = afile.read(BLOCKSIZE){2}while len(buf) > 0:{2}\\thasher.update(buf){2}\\tbuf = afile.read(BLOCKSIZE){2}afile.close(){2}print(hasher.hexdigest())' 2>/dev/null)\".format(python_interp, shell_escaped_path, self._SHELL_EMBEDDED_PY_EOL),      # Python > 2.4 (including python3)\n+            \"({0} -c 'import sha; BLOCKSIZE = 65536; hasher = sha.sha();{2}afile = open(\\\"'{1}'\\\", \\\"rb\\\"){2}buf = afile.read(BLOCKSIZE){2}while len(buf) > 0:{2}\\thasher.update(buf){2}\\tbuf = afile.read(BLOCKSIZE){2}afile.close(){2}print(hasher.hexdigest())' 2>/dev/null)\".format(python_interp, shell_escaped_path, self._SHELL_EMBEDDED_PY_EOL),      # Python == 2.4\n         ]\n \n         cmd = \" || \".join(csums)\n-        cmd = \"%s; %s || (echo \\'0  %s\\')\" % (test, cmd, path)\n+        cmd = \"%s; %s || (echo \\'0  \\'%s)\" % (test, cmd, shell_escaped_path)\n         return cmd\n \n     def build_module_command(self, env_string, shebang, cmd, rm_tmp=None):"
    },
    {
      "file_path": "test/integration/check_mode.yml",
      "status": "modified",
      "additions": 1,
      "deletions": 0,
      "file_diff": "diff --git a/test/integration/check_mode.yml b/test/integration/check_mode.yml\nindex f2679699e0ad1f..ff04a690ec0caf 100644\n--- a/test/integration/check_mode.yml\n+++ b/test/integration/check_mode.yml\n@@ -1,3 +1,4 @@\n - hosts: testhost\n   roles:\n   - { role: test_always_run, tags: test_always_run }\n+  - { role: test_check_mode, tags: test_check_mode }"
    },
    {
      "file_path": "test/integration/roles/prepare_tests/tasks/main.yml",
      "status": "modified",
      "additions": 2,
      "deletions": 0,
      "file_diff": "diff --git a/test/integration/roles/prepare_tests/tasks/main.yml b/test/integration/roles/prepare_tests/tasks/main.yml\nindex fbdb7f861ca303..3641880baa1536 100644\n--- a/test/integration/roles/prepare_tests/tasks/main.yml\n+++ b/test/integration/roles/prepare_tests/tasks/main.yml\n@@ -19,11 +19,13 @@\n \n - name: clean out the test directory\n   file: name={{output_dir|mandatory}} state=absent\n+  always_run: True\n   tags:\n     - prepare\n \n - name: create the test directory\n   file: name={{output_dir}} state=directory\n+  always_run: True\n   tags:\n     - prepare\n "
    },
    {
      "file_path": "test/integration/roles/test_check_mode/files/foo.txt",
      "status": "added",
      "additions": 1,
      "deletions": 0,
      "file_diff": "diff --git a/test/integration/roles/test_check_mode/files/foo.txt b/test/integration/roles/test_check_mode/files/foo.txt\nnew file mode 100644\nindex 00000000000000..3e96db9b3ec01e\n--- /dev/null\n+++ b/test/integration/roles/test_check_mode/files/foo.txt\n@@ -0,0 +1 @@\n+templated_var_loaded"
    },
    {
      "file_path": "test/integration/roles/test_check_mode/meta/main.yml",
      "status": "added",
      "additions": 3,
      "deletions": 0,
      "file_diff": "diff --git a/test/integration/roles/test_check_mode/meta/main.yml b/test/integration/roles/test_check_mode/meta/main.yml\nnew file mode 100644\nindex 00000000000000..1050c23ce30813\n--- /dev/null\n+++ b/test/integration/roles/test_check_mode/meta/main.yml\n@@ -0,0 +1,3 @@\n+dependencies: \n+  - prepare_tests\n+"
    },
    {
      "file_path": "test/integration/roles/test_check_mode/tasks/main.yml",
      "status": "added",
      "additions": 39,
      "deletions": 0,
      "file_diff": "diff --git a/test/integration/roles/test_check_mode/tasks/main.yml b/test/integration/roles/test_check_mode/tasks/main.yml\nnew file mode 100644\nindex 00000000000000..d8edf5b285d793\n--- /dev/null\n+++ b/test/integration/roles/test_check_mode/tasks/main.yml\n@@ -0,0 +1,39 @@\n+# test code for the template module\n+# (c) 2014, Michael DeHaan <michael.dehaan@gmail.com>\n+\n+# This file is part of Ansible\n+#\n+# Ansible is free software: you can redistribute it and/or modify\n+# it under the terms of the GNU General Public License as published by\n+# the Free Software Foundation, either version 3 of the License, or\n+# (at your option) any later version.\n+#\n+# Ansible is distributed in the hope that it will be useful,\n+# but WITHOUT ANY WARRANTY; without even the implied warranty of\n+# MERCHANTABILITY or FITNESS FOR A PARTICULAR PURPOSE.  See the\n+# GNU General Public License for more details.\n+#\n+# You should have received a copy of the GNU General Public License\n+# along with Ansible.  If not, see <http://www.gnu.org/licenses/>.\n+\n+- name: fill in a basic template in check mode\n+  template: src=foo.j2 dest={{output_dir}}/foo.templated mode=0644\n+  register: template_result\n+\n+- name: verify that the file was marked as changed in check mode\n+  assert: \n+    that: \n+      - \"template_result.changed == true\"\n+\n+- name: Actually create the file\n+  template: src=foo.j2 dest={{output_dir}}/foo.templated2 mode=0644\n+  always_run: True\n+\n+- name: fill in a basic template in check mode\n+  template: src=foo.j2 dest={{output_dir}}/foo.templated2 mode=0644\n+  register: template_result2\n+\n+- name: verify that the file was marked as not changed in check mode\n+  assert: \n+    that: \n+      - \"template_result2.changed == false\""
    },
    {
      "file_path": "test/integration/roles/test_check_mode/templates/foo.j2",
      "status": "added",
      "additions": 1,
      "deletions": 0,
      "file_diff": "diff --git a/test/integration/roles/test_check_mode/templates/foo.j2 b/test/integration/roles/test_check_mode/templates/foo.j2\nnew file mode 100644\nindex 00000000000000..55aab8f1ea1435\n--- /dev/null\n+++ b/test/integration/roles/test_check_mode/templates/foo.j2\n@@ -0,0 +1 @@\n+{{ templated_var }}"
    },
    {
      "file_path": "test/integration/roles/test_check_mode/vars/main.yml",
      "status": "added",
      "additions": 1,
      "deletions": 0,
      "file_diff": "diff --git a/test/integration/roles/test_check_mode/vars/main.yml b/test/integration/roles/test_check_mode/vars/main.yml\nnew file mode 100644\nindex 00000000000000..1e8f64ccf4458a\n--- /dev/null\n+++ b/test/integration/roles/test_check_mode/vars/main.yml\n@@ -0,0 +1 @@\n+templated_var: templated_var_loaded"
    },
    {
      "file_path": "test/integration/roles/test_template/tasks/main.yml",
      "status": "modified",
      "additions": 36,
      "deletions": 0,
      "file_diff": "diff --git a/test/integration/roles/test_template/tasks/main.yml b/test/integration/roles/test_template/tasks/main.yml\nindex 8ab6d4ac199cb4..2568843cf7e090 100644\n--- a/test/integration/roles/test_template/tasks/main.yml\n+++ b/test/integration/roles/test_template/tasks/main.yml\n@@ -138,3 +138,39 @@\n     that:\n       - \"template_result.changed == False\"\n \n+# Test strange filenames\n+\n+- name: Create a temp dir for filename tests\n+  file:\n+    state: directory\n+    dest: '{{ output_dir }}/filename-tests'\n+\n+- name: create a file with an unusual filename\n+  template:\n+    src: foo.j2\n+    dest: \"{{ output_dir }}/filename-tests/foo t'e~m\\\\plated\"\n+  register: template_result\n+\n+- assert:\n+    that:\n+      - \"template_result.changed == True\"\n+\n+- name: check that the unusual filename was created\n+  command: \"ls {{ output_dir }}/filename-tests/\"\n+  register: unusual_results\n+\n+- assert:\n+    that:\n+      - \"\\\"foo t'e~m\\\\plated\\\" in unusual_results.stdout_lines\"\n+      - \"{{unusual_results.stdout_lines| length}} == 1\"\n+\n+- name: check that the unusual filename can be checked for changes\n+  template:\n+    src: foo.j2\n+    dest: \"{{ output_dir }}/filename-tests/foo t'e~m\\\\plated\"\n+  register: template_result\n+\n+- assert:\n+    that:\n+      - \"template_result.changed == False\"\n+\n"
    }
  ],
  "comments": [
    {
      "author_login": "abadger",
      "body": "Okay, had a few other people review this and they couldn't find anything wrong.  Merged.\n"
    }
  ],
  "reviews": []
}