{
  "pr_number": 10503,
  "url": "https://github.com/ansible/ansible/pull/10503",
  "title": "now add_host loads hostvars",
  "author_login": "bcoca",
  "state": "MERGED",
  "merged_by_login": "bcoca",
  "body": "fixes #10500 after redo of inventory loading add_hosts needed to call var loading explicitly.\n",
  "labels": [
    "P2",
    "bug"
  ],
  "additions": 11,
  "deletions": 7,
  "changed_files_count": 1,
  "changed_files_list": [
    "ansible/runner/action_plugins/add_host.py b/lib/ansible/runner/action_plugins/add_host.py"
  ],
  "files": [
    {
      "file_path": "ansible/runner/action_plugins/add_host.py b/lib/ansible/runner/action_plugins/add_host.py",
      "status": "modified",
      "additions": 11,
      "deletions": 7,
      "file_diff": "diff --git a/lib/ansible/runner/action_plugins/add_host.py b/lib/ansible/runner/action_plugins/add_host.py\nindex 0e49e928dbf95e..2fcea6cd5c7ab8 100644\n--- a/lib/ansible/runner/action_plugins/add_host.py\n+++ b/lib/ansible/runner/action_plugins/add_host.py\n@@ -55,7 +55,7 @@ def run(self, conn, tmp, module_name, module_args, inject, complex_args=None, **\n         if \":\" in new_name:\n             new_name, new_port = new_name.split(\":\")\n             args['ansible_ssh_port'] = new_port\n-        \n+\n         # redefine inventory and get group \"all\"\n         inventory = self.runner.inventory\n         allgroup = inventory.get_group('all')\n@@ -72,10 +72,10 @@ def run(self, conn, tmp, module_name, module_args, inject, complex_args=None, **\n         # Add any variables to the new_host\n         for k in args.keys():\n             if not k in [ 'name', 'hostname', 'groupname', 'groups' ]:\n-                new_host.set_variable(k, args[k]) \n-                \n-        \n-        groupnames = args.get('groupname', args.get('groups', args.get('group', ''))) \n+                new_host.set_variable(k, args[k])\n+\n+\n+        groupnames = args.get('groupname', args.get('groups', args.get('group', '')))\n         # add it to the group if that was specified\n         if groupnames:\n             for group_name in groupnames.split(\",\"):\n@@ -95,13 +95,17 @@ def run(self, conn, tmp, module_name, module_args, inject, complex_args=None, **\n \n                 vv(\"added host to group via add_host module: %s\" % group_name)\n             result['new_groups'] = groupnames.split(\",\")\n-            \n+\n+\n+        # actually load host vars\n+        new_host.vars = inventory.get_host_variables(new_name, update_cached=True, vault_password=inventory._vault_password)\n+\n         result['new_host'] = new_name\n \n         # clear pattern caching completely since it's unpredictable what\n         # patterns may have referenced the group\n         inventory.clear_pattern_cache()\n-        \n+\n         return ReturnData(conn=conn, comm_ok=True, result=result)\n \n \n"
    }
  ],
  "comments": [],
  "reviews": []
}