{
  "pr_number": 1058,
  "url": "https://github.com/ansible/ansible/pull/1058",
  "title": "Support iteration over command output in with_items.",
  "author_login": "jkleint",
  "state": "MERGED",
  "merged_by_login": "mpdehaan",
  "body": "This lets you access a command's stdout in a register as a list of lines.\n\nWhen the result of a command is stored in a register, this splits its stdout \ninto a list (using universal newlines) and stores it in the `stdout_lines` field \nof the result object.  You can do whatever you want with it, but in particular \nyou can loop over the lines using `with_items`.\n\nHere is an example:\n\n```\n\n---\n- name: Ensure only trusted RPM signing keys are present.\n  hosts: all\n  sudo: True  \n  vars:\n    trusted_keys: [RPM-GPG-KEY-CentOS-5, RPM-GPG-KEY-EPEL, RPM-GPG-KEY-rpmforge-dag]\n\n  tasks:\n  - name: Copy RPM signing keys\n    action: copy src=etc/pki/rpm-gpg/$item dest=/etc/pki/rpm-gpg/$item\n    with_items: $trusted_keys\n\n  - name: Get list of all keys\n    action: command ls -1 /etc/pki/rpm-gpg\n    register: all_keys\n\n  - name: Remove untrusted keys\n    action: file dest=/etc/pki/rpm-gpg/$item state=absent\n    with_items: ${all_keys.stdout_lines}\n    only_if: \"'$item' not in $trusted_keys\"\n```\n\nUnit test included.\n",
  "labels": [],
  "additions": 38,
  "deletions": 0,
  "changed_files_count": 3,
  "changed_files_list": [
    "test/TestPlayBook.py",
    "test/results_list.yml"
  ],
  "files": [
    {
      "file_path": "test/TestPlayBook.py",
      "status": "modified",
      "additions": 17,
      "deletions": 0,
      "file_diff": "diff --git a/test/TestPlayBook.py b/test/TestPlayBook.py\nindex eff544151a0f79..dccf35d2183fb8 100644\n--- a/test/TestPlayBook.py\n+++ b/test/TestPlayBook.py\n@@ -181,3 +181,20 @@ def test_yaml_hosts_list(self):\n        )\n        play = ansible.playbook.Play(playbook, playbook.playbook[0], os.getcwd())\n        assert play.hosts == ';'.join(('host1', 'host2', 'host3'))\n+\n+   def test_results_list(self):\n+       # Test that we can iterate over the lines of a command's stdout in a register variable.\n+       test_callbacks = TestCallbacks()\n+       playbook = ansible.playbook.PlayBook(\n+           playbook=os.path.join(self.test_dir, 'results_list.yml'),\n+           host_list='test/ansible_hosts',\n+           stats=ans_callbacks.AggregateStats(),\n+           callbacks=test_callbacks,\n+           runner_callbacks=test_callbacks\n+       )\n+       result = playbook.run()\n+       self.assertIn('localhost', result)\n+       self.assertIn('ok', result['localhost'])\n+       self.assertEqual(result['localhost']['ok'], 6)\n+       self.assertIn('failures', result['localhost'])\n+       self.assertEqual(result['localhost']['failures'], 0)"
    },
    {
      "file_path": "test/results_list.yml",
      "status": "added",
      "additions": 19,
      "deletions": 0,
      "file_diff": "diff --git a/test/results_list.yml b/test/results_list.yml\nnew file mode 100644\nindex 00000000000000..c44e22ba408c2f\n--- /dev/null\n+++ b/test/results_list.yml\n@@ -0,0 +1,19 @@\n+---\n+# Test iterating over lines of stdout stored in a register.\n+- hosts: localhost\n+  vars:\n+    small_file: /etc/resolv.conf\n+    temp_file: /tmp/ansible_result_list.tmp\n+\n+  tasks:\n+  - action: command cat $small_file\n+    register: result\n+\n+  - action: file dest=$temp_file state=absent\n+\n+  - action: shell echo '$item' >> $temp_file\n+    with_items: ${result.stdout_lines}\n+\n+  - action: command diff $small_file $temp_file\n+\n+  - action: file dest=$temp_file state=absent\n"
    }
  ],
  "comments": [
    {
      "author_login": "mpdehaan",
      "body": "Looks good.\n\nIf you can merge the register example with the other register example and I'll take it.\n\n(I'd also suggest maybe you could make the example use something like the results of \"ls\" to use the file module to chmod everything in a directory to make it a bit more real world?  Or maybe one that does something like ps aux to kill -9 :))\n"
    },
    {
      "author_login": "jkleint",
      "body": "I'm assuming you meant merge with the example in the docs, and \"merge\" is more of a \"replace;\" let me know if this is okay.  :)\n\nhttps://github.com/ansible/ansible.github.com/pull/232\n"
    },
    {
      "author_login": "mpdehaan",
      "body": "(hmm, github lost my comment perhaps)\n\nMerging, thanks!\n\nI was actually talking about the examples/playbooks example, but I'll take care of that sometime, thanks!\n"
    },
    {
      "author_login": "mpdehaan",
      "body": "Yeah, please ignore me -- sorry -- I was reading the test file example and thinking it was in examples/playbooks.\n\nWorks for me!\n"
    },
    {
      "author_login": "mpdehaan",
      "body": "I fixed some things were self.assertIn was not checked in to the test file, and replaced it with basic asserts that nosetests likes.  Not sure what was up with that.\n"
    },
    {
      "author_login": "mpdehaan",
      "body": "I've also deleted the test -- it was checking changes on my local resolv.conf and assuming something about it's length and contents -- which it should not do because everyone's is different\n"
    }
  ],
  "reviews": []
}