{
  "pr_number": 105,
  "url": "https://github.com/ansible/ansible/pull/105",
  "title": "bugfix for extra-vars",
  "author_login": "mgwilliams",
  "state": "MERGED",
  "merged_by_login": "mpdehaan",
  "body": "",
  "labels": [],
  "additions": 1,
  "deletions": 1,
  "changed_files_count": 1,
  "changed_files_list": [
    "ansible/playbook.py b/lib/ansible/playbook.py"
  ],
  "files": [
    {
      "file_path": "ansible/playbook.py b/lib/ansible/playbook.py",
      "status": "modified",
      "additions": 1,
      "deletions": 1,
      "file_diff": "diff --git a/lib/ansible/playbook.py b/lib/ansible/playbook.py\nindex 5af26f42429f36..830fc0a34cbf4e 100755\n--- a/lib/ansible/playbook.py\n+++ b/lib/ansible/playbook.py\n@@ -450,7 +450,7 @@ def _do_setup_step(self, pattern, vars, user, port, sudo, vars_files=None):\n                 SETUP_CACHE[host] = result\n \n         if self.extra_vars:\n-            extra_vars = utils.parse_kv(shlex.split(self.extra_vars))\n+            extra_vars = utils.parse_kv(self.extra_vars)\n             for h in self.host_list:\n                 try:\n                     SETUP_CACHE[h].update(extra_vars)\n"
    }
  ],
  "comments": [],
  "reviews": []
}