{
  "pr_number": 10295,
  "url": "https://github.com/ansible/ansible/pull/10295",
  "title": "ansible-doc now shows return value docs",
  "author_login": "bcoca",
  "state": "MERGED",
  "merged_by_login": "bcoca",
  "body": "modified ansible-doc to show documented return values (registered var structure) if a module has this data embeded.\n\nTODO: \n- add to docsite/rst (docs.ansible.com)\n- create common docs for common data returned by all modules (msg,changed,failed,skipped, etc)\n",
  "labels": [],
  "additions": 11,
  "deletions": 2,
  "changed_files_count": 2,
  "changed_files_list": [
    "ansible/utils/module_docs.py b/lib/ansible/utils/module_docs.py"
  ],
  "files": [
    {
      "file_path": "ansible/utils/module_docs.py b/lib/ansible/utils/module_docs.py",
      "status": "modified",
      "additions": 5,
      "deletions": 1,
      "file_diff": "diff --git a/lib/ansible/utils/module_docs.py b/lib/ansible/utils/module_docs.py\nindex 3983efd508b572..ee99af2cb54dba 100644\n--- a/lib/ansible/utils/module_docs.py\n+++ b/lib/ansible/utils/module_docs.py\n@@ -44,6 +44,7 @@ def get_docstring(filename, verbose=False):\n \n     doc = None\n     plainexamples = None\n+    returndocs = None\n \n     try:\n         # Thank you, Habbie, for this bit of code :-)\n@@ -89,10 +90,13 @@ def get_docstring(filename, verbose=False):\n \n                 if 'EXAMPLES' in (t.id for t in child.targets):\n                     plainexamples = child.value.s[1:]  # Skip first empty line\n+\n+                if 'RETURN' in (t.id for t in child.targets):\n+                    returndocs = child.value.s[1:]\n     except:\n         traceback.print_exc() # temp\n         if verbose == True:\n             traceback.print_exc()\n             print \"unable to parse %s\" % filename\n-    return doc, plainexamples\n+    return doc, plainexamples, returndocs\n \n"
    }
  ],
  "comments": [
    {
      "author_login": "L2G",
      "body": "Sweet! Thanks.\n"
    }
  ],
  "reviews": []
}