{
  "pr_number": 10709,
  "url": "https://github.com/ansible/ansible/pull/10709",
  "title": "Add a import for 'builtins' module, used in CleansingNodeVisitor.",
  "author_login": "mscherer",
  "state": "MERGED",
  "merged_by_login": "abadger",
  "body": "This was previously done by ./lib/ansible/utils/**init**.py, but\nthis code is no longer here in v2 anymore. And since the module\ngot renamed in python3 to builtins ( https://docs.python.org/3/library/builtins.html ),\nwe have to try the 2 names.\n",
  "labels": [],
  "additions": 3,
  "deletions": 1,
  "changed_files_count": 1,
  "changed_files_list": [
    "v2/ansible/template/safe_eval.py"
  ],
  "files": [
    {
      "file_path": "v2/ansible/template/safe_eval.py",
      "status": "modified",
      "additions": 3,
      "deletions": 1,
      "file_diff": "diff --git a/v2/ansible/template/safe_eval.py b/v2/ansible/template/safe_eval.py\nindex 81db8b2333cc3d..268994950443d4 100644\n--- a/v2/ansible/template/safe_eval.py\n+++ b/v2/ansible/template/safe_eval.py\n@@ -20,6 +20,8 @@\n import ast\n import sys\n \n+from six.moves import builtins\n+\n from ansible import constants as C\n from ansible.plugins import filter_loader\n \n@@ -84,7 +86,7 @@ def generic_visit(self, node, inside_call=False):\n             elif isinstance(node, ast.Call):\n                 inside_call = True\n             elif isinstance(node, ast.Name) and inside_call:\n-                if hasattr(builtin, node.id) and node.id not in CALL_WHITELIST:\n+                if hasattr(builtins, node.id) and node.id not in CALL_WHITELIST:\n                     raise Exception(\"invalid function: %s\" % node.id)\n             # iterate over all child nodes\n             for child_node in ast.iter_child_nodes(node):\n"
    }
  ],
  "comments": [
    {
      "author_login": "abadger",
      "body": "# Merged\n\nHi!\n\nThis has been merged in, and will also be included in the next major release.\n\nIf you or anyone else has any further questions, please let us know by stopping by one of the two mailing lists, as appropriate:\n- https://groups.google.com/forum/#!forum/ansible-project - for user questions, tips, and tricks\n- https://groups.google.com/forum/#!forum/ansible-devel - for strategy, future planning, and questions about writing code\n\nBecause this project is very active, we're unlikely to see comments made on closed tickets, but the mailing list is a great way to ask questions, or post if you don't think this particular\nissue is resolved.\n\nThank you!\n"
    }
  ],
  "reviews": []
}