{
  "pr_number": 11389,
  "url": "https://github.com/ansible/ansible/pull/11389",
  "title": "Update link to github in developing plugins docs",
  "author_login": "silviot",
  "state": "MERGED",
  "merged_by_login": "abadger",
  "body": "",
  "labels": [
    "docs"
  ],
  "additions": 1,
  "deletions": 1,
  "changed_files_count": 1,
  "changed_files_list": [
    "docsite/rst/developing_plugins.rst"
  ],
  "files": [
    {
      "file_path": "docsite/rst/developing_plugins.rst",
      "status": "modified",
      "additions": 1,
      "deletions": 1,
      "file_diff": "diff --git a/docsite/rst/developing_plugins.rst b/docsite/rst/developing_plugins.rst\nindex a54e8830f21e23..c2349ed676f614 100644\n--- a/docsite/rst/developing_plugins.rst\n+++ b/docsite/rst/developing_plugins.rst\n@@ -54,7 +54,7 @@ Filter Plugins\n \n If you want more Jinja2 filters available in a Jinja2 template (filters like to_yaml and to_json are provided by default), they can be extended by writing a filter plugin.  Most of the time, when someone comes up with an idea for a new filter they would like to make available in a playbook, we'll just include them in 'core.py' instead.\n \n-Jump into `lib/ansible/runner/filter_plugins/ <https://github.com/ansible/ansible/tree/devel/lib/ansible/runner/filter_plugins>`_ for details.\n+Jump into `lib/ansible/runner/filter_plugins/ <https://github.com/ansible/ansible/tree/devel/lib/ansible/plugins/filter>`_ for details.\n \n .. _developing_callbacks:\n \n"
    }
  ],
  "comments": [
    {
      "author_login": "abadger",
      "body": "Thanks for updating that link!\n"
    }
  ],
  "reviews": []
}