{
  "pr_number": 10981,
  "url": "https://github.com/ansible/ansible/pull/10981",
  "title": "Update become.rst",
  "author_login": "aioue",
  "state": "MERGED",
  "merged_by_login": "bcoca",
  "body": "Visually separate commands and values from description text for clarity. Add value detail for become_user and become_method to match become.\n",
  "labels": [
    "docs"
  ],
  "additions": 3,
  "deletions": 3,
  "changed_files_count": 1,
  "changed_files_list": [
    "docsite/rst/become.rst"
  ],
  "files": [
    {
      "file_path": "docsite/rst/become.rst",
      "status": "modified",
      "additions": 3,
      "deletions": 3,
      "file_diff": "diff --git a/docsite/rst/become.rst b/docsite/rst/become.rst\nindex 4507b191009909..ca639c01f0d1ca 100644\n--- a/docsite/rst/become.rst\n+++ b/docsite/rst/become.rst\n@@ -17,13 +17,13 @@ New directives\n --------------\n \n become\n-    equivalent to adding sudo: or su: to a play or task, set to true/yes to activate privilege escalation\n+    equivalent to adding 'sudo:' or 'su:' to a play or task, set to 'true'/'yes' to activate privilege escalation\n \n become_user\n-    equivalent to adding sudo_user: or su_user: to a play or task\n+    equivalent to adding 'sudo_user:' or 'su_user:' to a play or task, set to user with desired privileges\n \n become_method\n-    at play or task level overrides the default method set in ansible.cfg\n+    at play or task level overrides the default method set in ansible.cfg, set to 'sudo'/'su'/'pbrun'/'pfexec'\n \n \n New ansible\\_ variables\n"
    }
  ],
  "comments": [],
  "reviews": []
}