{
  "pr_number": 1093,
  "url": "https://github.com/ansible/ansible/pull/1093",
  "title": "2 improvements to delegate_to",
  "author_login": "jpalley",
  "state": "MERGED",
  "merged_by_login": "mpdehaan",
  "body": "Two small changes to delegate_to:\n1.  Allows use of vars in delegate to.  Use case: different hosts have specific delegate_to needs.\n2. Makes localhost allows use local transport. This makes local_action and delegate_to: localhost consistant and allows (1) to use localhost.\n",
  "labels": [],
  "additions": 8,
  "deletions": 2,
  "changed_files_count": 1,
  "changed_files_list": [
    "ansible/playbook/task.py b/lib/ansible/playbook/task.py"
  ],
  "files": [
    {
      "file_path": "ansible/playbook/task.py b/lib/ansible/playbook/task.py",
      "status": "modified",
      "additions": 8,
      "deletions": 2,
      "file_diff": "diff --git a/lib/ansible/playbook/task.py b/lib/ansible/playbook/task.py\nindex 69f62f4796f63c..5003fbf4337751 100644\n--- a/lib/ansible/playbook/task.py\n+++ b/lib/ansible/playbook/task.py\n@@ -50,7 +50,7 @@ def __init__(self, play, ds, module_vars=None):\n         self.name         = ds.get('name', None)\n         self.tags         = [ 'all' ]\n         self.register     = ds.get('register', None)\n-\n+        \n         # Both are defined\n         if ('action' in ds) and ('local_action' in ds):\n             raise errors.AnsibleError(\"the 'action' and 'local_action' attributes can not be used together\")\n@@ -61,12 +61,18 @@ def __init__(self, play, ds, module_vars=None):\n         elif 'local_action' in ds:\n             self.action      = ds.get('local_action', '')\n             self.delegate_to = '127.0.0.1'\n-            self.transport   = 'local'\n         else:\n             self.action      = ds.get('action', '')\n             self.delegate_to = ds.get('delegate_to', None)\n             self.transport   = ds.get('transport', play.transport)\n \n+        # delegate_to can use variables\n+        if not (self.delegate_to is None):\n+\t        self.delegate_to = utils.template(None, self.delegate_to, self.module_vars)\n+\t        # delegate_to: localhost should use local transport\n+\t        if self.delegate_to in ['127.0.0.1', 'localhost']:\n+\t            self.transport   = 'local'\n+\n         # notified by is used by Playbook code to flag which hosts\n         # need to run a notifier\n         self.notified_by = []\n"
    }
  ],
  "comments": [
    {
      "author_login": "mpdehaan",
      "body": "looks good, merged, thanks!\n"
    },
    {
      "author_login": "mpdehaan",
      "body": "@jpalley please take a look at #1241 and let me know what you think\n"
    }
  ],
  "reviews": []
}