{
  "pr_number": 10305,
  "url": "https://github.com/ansible/ansible/pull/10305",
  "title": "Cartesian",
  "author_login": "bcoca",
  "state": "MERGED",
  "merged_by_login": "bcoca",
  "body": "adds a cartesian product lookup plugin\n",
  "labels": [
    "feature"
  ],
  "additions": 113,
  "deletions": 4,
  "changed_files_count": 3,
  "changed_files_list": [
    "ansible/runner/lookup_plugins/cartesian.py b/lib/ansible/runner/lookup_plugins/cartesian.py",
    "v2/ansible/plugins/lookup/cartesian.py"
  ],
  "files": [
    {
      "file_path": "ansible/runner/lookup_plugins/cartesian.py b/lib/ansible/runner/lookup_plugins/cartesian.py",
      "status": "added",
      "additions": 59,
      "deletions": 0,
      "file_diff": "diff --git a/lib/ansible/runner/lookup_plugins/cartesian.py b/lib/ansible/runner/lookup_plugins/cartesian.py\nnew file mode 100644\nindex 00000000000000..ab7bba0f0f5dc8\n--- /dev/null\n+++ b/lib/ansible/runner/lookup_plugins/cartesian.py\n@@ -0,0 +1,59 @@\n+# (c) 2013, Bradley Young <young.bradley@gmail.com>\n+#\n+# This file is part of Ansible\n+#\n+# Ansible is free software: you can redistribute it and/or modify\n+# it under the terms of the GNU General Public License as published by\n+# the Free Software Foundation, either version 3 of the License, or\n+# (at your option) any later version.\n+#\n+# Ansible is distributed in the hope that it will be useful,\n+# but WITHOUT ANY WARRANTY; without even the implied warranty of\n+# MERCHANTABILITY or FITNESS FOR A PARTICULAR PURPOSE.  See the\n+# GNU General Public License for more details.\n+#\n+# You should have received a copy of the GNU General Public License\n+# along with Ansible.  If not, see <http://www.gnu.org/licenses/>.\n+\n+import ansible.utils as utils\n+import ansible.errors as errors\n+from itertools import product\n+\n+def flatten(terms):\n+    ret = []\n+    for term in terms:\n+        if isinstance(term, list):\n+            ret.extend(term)\n+        elif isinstance(term, tuple):\n+            ret.extend(term)\n+        else:\n+            ret.append(term)\n+    return ret\n+\n+class LookupModule(object):\n+    \"\"\"\n+    Create the cartesian product of lists\n+    [1, 2, 3], [a, b] -> [1, a], [1, b], [2, a], [2, b], [3, a], [3, b]\n+    \"\"\"\n+\n+    def __init__(self, basedir=None, **kwargs):\n+        self.basedir = basedir\n+\n+    def __lookup_injects(self, terms, inject):\n+        results = []\n+        for x in terms:\n+            intermediate = utils.listify_lookup_plugin_terms(x, self.basedir, inject)\n+            results.append(intermediate)\n+        return results\n+\n+    def run(self, terms, inject=None, **kwargs):\n+\n+        terms = utils.listify_lookup_plugin_terms(terms, self.basedir, inject)\n+        terms = self.__lookup_injects(terms, inject)\n+\n+        my_list = terms[:]\n+        if len(my_list) == 0:\n+            raise errors.AnsibleError(\"with_cartesian requires at least one element in each list\")\n+        return [flatten(x) for x in product(*my_list)]\n+\n+"
    },
    {
      "file_path": "v2/ansible/plugins/lookup/cartesian.py",
      "status": "added",
      "additions": 46,
      "deletions": 0,
      "file_diff": "diff --git a/v2/ansible/plugins/lookup/cartesian.py b/v2/ansible/plugins/lookup/cartesian.py\nnew file mode 100644\nindex 00000000000000..cc74240826a74b\n--- /dev/null\n+++ b/v2/ansible/plugins/lookup/cartesian.py\n@@ -0,0 +1,46 @@\n+# (c) 2013, Bradley Young <young.bradley@gmail.com>\n+#\n+# This file is part of Ansible\n+#\n+# Ansible is free software: you can redistribute it and/or modify\n+# it under the terms of the GNU General Public License as published by\n+# the Free Software Foundation, either version 3 of the License, or\n+# (at your option) any later version.\n+#\n+# Ansible is distributed in the hope that it will be useful,\n+# but WITHOUT ANY WARRANTY; without even the implied warranty of\n+# MERCHANTABILITY or FITNESS FOR A PARTICULAR PURPOSE.  See the\n+# GNU General Public License for more details.\n+#\n+# You should have received a copy of the GNU General Public License\n+# along with Ansible.  If not, see <http://www.gnu.org/licenses/>.\n+\n+from itertools import product\n+\n+from ansible.errors import *\n+from ansible.plugins.lookup import LookupBase\n+from ansible.utils.listify import listify_lookup_plugin_terms\n+\n+class LookupModule(LookupBase):\n+    \"\"\"\n+    Create the cartesian product of lists\n+    [1, 2, 3], [a, b] -> [1, a], [1, b], [2, a], [2, b], [3, a], [3, b]\n+    \"\"\"\n+\n+    def __lookup_variabless(self, terms, variables):\n+        results = []\n+        for x in terms:\n+            intermediate = listify_lookup_plugin_terms(x, variables, loader=self._loader)\n+            results.append(intermediate)\n+        return results\n+\n+    def run(self, terms, variables=None, **kwargs):\n+\n+        terms = self.__lookup_variabless(terms, variables)\n+\n+        my_list = terms[:]\n+        if len(my_list) == 0:\n+            raise errors.AnsibleError(\"with_cartesian requires at least one element in each list\")\n+\n+        return [self._flatten(x) for x in product(*my_list, fillvalue=None)]\n+\n"
    }
  ],
  "comments": [
    {
      "author_login": "Sgoettschkes",
      "body": "I tested this change with 3 groups containing 3, 2 and 2 items. It worked as expected!\n"
    }
  ],
  "reviews": []
}