{
  "pr_number": 11522,
  "url": "https://github.com/ansible/ansible/pull/11522",
  "title": "Add complex_args to logging callback data",
  "author_login": "DazWorrall",
  "state": "MERGED",
  "merged_by_login": "bcoca",
  "body": "Following on from #11512: Callback plugins don't get given any complex module arguments on task completion, this fixes that.\n",
  "labels": [
    "easyfix"
  ],
  "additions": 2,
  "deletions": 1,
  "changed_files_count": 1,
  "changed_files_list": [
    "ansible/runner/__init__.py b/lib/ansible/runner/__init__.py"
  ],
  "files": [
    {
      "file_path": "ansible/runner/__init__.py b/lib/ansible/runner/__init__.py",
      "status": "modified",
      "additions": 2,
      "deletions": 1,
      "file_diff": "diff --git a/lib/ansible/runner/__init__.py b/lib/ansible/runner/__init__.py\nindex b68928d4bbc61f..4c20106e6a026e 100644\n--- a/lib/ansible/runner/__init__.py\n+++ b/lib/ansible/runner/__init__.py\n@@ -1078,7 +1078,8 @@ def _executor_internal_inner(self, host, module_name, module_args, inject, port,\n \n             result.result['invocation'] = dict(\n                 module_args=module_args,\n-                module_name=module_name\n+                module_name=module_name,\n+                module_complex_args=complex_args,\n             )\n \n             changed_when = self.module_vars.get('changed_when')\n"
    }
  ],
  "comments": [
    {
      "author_login": "abadger",
      "body": "Description of problem being solved from #11512:\n\n> We've written a custom CallbackModule to log centrally and in detail what actions were performed on a host, but we use complex arguments with many tasks and so currently we're not able to capture what we need to audit changes/errors of playbook runs.\n"
    },
    {
      "author_login": "bcoca",
      "body": "this is a feature, which we do not normally put into stable as we try to limit minor releases to bug fixes.\n"
    },
    {
      "author_login": "DazWorrall",
      "body": "Adding in the extra param is maybe a feature, but I believe its the quickest and safest way to address the bug of module_args being incomplete.\n"
    },
    {
      "author_login": "bcoca",
      "body": "will discuss with rest of team if this is a additional feature or a bug of 'missing feature', I can see it both ways ....\n"
    },
    {
      "author_login": "amenonsen",
      "body": "No more complex_args and no more runner, ergo no more need for this PR?\n"
    },
    {
      "author_login": "DazWorrall",
      "body": "This is a fix for 1.x\n"
    }
  ],
  "reviews": []
}