{
  "pr_number": 10579,
  "url": "https://github.com/ansible/ansible/pull/10579",
  "title": "Change AnsibleConstructor for yaml to only return unicode strings",
  "author_login": "abadger",
  "state": "MERGED",
  "merged_by_login": "abadger",
  "body": "Modify the yaml constructor to always return unicode strings instead of returning unicode when non-ascii characters are present and str otherwise.\n",
  "labels": [
    "P2",
    "bug"
  ],
  "additions": 199,
  "deletions": 5,
  "changed_files_count": 5,
  "changed_files_list": [
    "v2/ansible/parsing/yaml/constructor.py",
    "v2/ansible/parsing/yaml/objects.py",
    "v2/test/parsing/yaml/test_loader.py",
    "v2/test/test.yml"
  ],
  "files": [
    {
      "file_path": "v2/ansible/parsing/yaml/constructor.py",
      "status": "modified",
      "additions": 26,
      "deletions": 1,
      "file_diff": "diff --git a/v2/ansible/parsing/yaml/constructor.py b/v2/ansible/parsing/yaml/constructor.py\nindex 730ba85418ffcf..b607f46b05548a 100644\n--- a/v2/ansible/parsing/yaml/constructor.py\n+++ b/v2/ansible/parsing/yaml/constructor.py\n@@ -20,7 +20,8 @@\n __metaclass__ = type\n \n from yaml.constructor import Constructor\n-from ansible.parsing.yaml.objects import AnsibleMapping\n+from ansible.utils.unicode import to_unicode\n+from ansible.parsing.yaml.objects import AnsibleMapping, AnsibleUnicode\n \n class AnsibleConstructor(Constructor):\n     def __init__(self, file_name=None):\n@@ -52,6 +53,22 @@ def construct_mapping(self, node, deep=False):\n \n         return ret\n \n+    def construct_yaml_str(self, node):\n+        # Override the default string handling function\n+        # to always return unicode objects\n+        value = self.construct_scalar(node)\n+        value = to_unicode(value)\n+        data = AnsibleUnicode(self.construct_scalar(node))\n+\n+        data._line_number = node.__line__\n+        data._column_number = node.__column__\n+        if self._ansible_file_name:\n+            data._data_source = self._ansible_file_name\n+        else:\n+            data._data_source = node.__datasource__\n+\n+        return data\n+\n AnsibleConstructor.add_constructor(\n     u'tag:yaml.org,2002:map',\n     AnsibleConstructor.construct_yaml_map)\n@@ -60,3 +77,11 @@ def construct_mapping(self, node, deep=False):\n     u'tag:yaml.org,2002:python/dict',\n     AnsibleConstructor.construct_yaml_map)\n \n+AnsibleConstructor.add_constructor(\n+    u'tag:yaml.org,2002:str',\n+    AnsibleConstructor.construct_yaml_str)\n+\n+AnsibleConstructor.add_constructor(\n+    u'tag:yaml.org,2002:python/unicode',\n+    AnsibleConstructor.construct_yaml_str)\n+"
    },
    {
      "file_path": "v2/ansible/parsing/yaml/objects.py",
      "status": "modified",
      "additions": 3,
      "deletions": 0,
      "file_diff": "diff --git a/v2/ansible/parsing/yaml/objects.py b/v2/ansible/parsing/yaml/objects.py\nindex 6eff9966f94bf8..69f8c0968d17ec 100644\n--- a/v2/ansible/parsing/yaml/objects.py\n+++ b/v2/ansible/parsing/yaml/objects.py\n@@ -50,3 +50,6 @@ class AnsibleMapping(AnsibleBaseYAMLObject, dict):\n     ''' sub class for dictionaries '''\n     pass\n \n+class AnsibleUnicode(AnsibleBaseYAMLObject, unicode):\n+    ''' sub class for unicode objects '''\n+    pass"
    },
    {
      "file_path": "v2/test/parsing/yaml/test_loader.py",
      "status": "added",
      "additions": 156,
      "deletions": 0,
      "file_diff": "diff --git a/v2/test/parsing/yaml/test_loader.py b/v2/test/parsing/yaml/test_loader.py\nnew file mode 100644\nindex 00000000000000..942062798e19a2\n--- /dev/null\n+++ b/v2/test/parsing/yaml/test_loader.py\n@@ -0,0 +1,156 @@\n+# coding: utf-8\n+# (c) 2015, Toshio Kuratomi <tkuratomi@ansible.com>\n+#\n+# This file is part of Ansible\n+#\n+# Ansible is free software: you can redistribute it and/or modify\n+# it under the terms of the GNU General Public License as published by\n+# the Free Software Foundation, either version 3 of the License, or\n+# (at your option) any later version.\n+#\n+# Ansible is distributed in the hope that it will be useful,\n+# but WITHOUT ANY WARRANTY; without even the implied warranty of\n+# MERCHANTABILITY or FITNESS FOR A PARTICULAR PURPOSE.  See the\n+# GNU General Public License for more details.\n+#\n+# You should have received a copy of the GNU General Public License\n+# along with Ansible.  If not, see <http://www.gnu.org/licenses/>.\n+\n+# Make coding more python3-ish\n+from __future__ import (absolute_import, division, print_function)\n+__metaclass__ = type\n+\n+from cStringIO import StringIO\n+from collections import Sequence, Set, Mapping\n+\n+from ansible.compat.tests import unittest\n+from ansible.compat.tests.mock import patch\n+\n+from ansible.parsing.yaml.loader import AnsibleLoader\n+\n+class TestDataLoader(unittest.TestCase):\n+\n+    def setUp(self):\n+        pass\n+\n+    def tearDown(self):\n+        pass\n+\n+    def test_parse_number(self):\n+        stream = StringIO(\"\"\"\n+                1\n+                \"\"\")\n+        loader = AnsibleLoader(stream)\n+        data = loader.get_single_data()\n+        self.assertEqual(data, 1)\n+\n+    def test_parse_string(self):\n+        stream = StringIO(\"\"\"\n+                Ansible\n+                \"\"\")\n+        loader = AnsibleLoader(stream)\n+        data = loader.get_single_data()\n+        self.assertEqual(data, u'Ansible')\n+        self.assertIsInstance(data, unicode)\n+\n+    def test_parse_utf8_string(self):\n+        stream = StringIO(\"\"\"\n+                Cafè Eñyei\n+                \"\"\")\n+        loader = AnsibleLoader(stream)\n+        data = loader.get_single_data()\n+        self.assertEqual(data, u'Cafè Eñyei')\n+        self.assertIsInstance(data, unicode)\n+\n+    def test_parse_dict(self):\n+        stream = StringIO(\"\"\"\n+                webster: daniel\n+                oed: oxford\n+                \"\"\")\n+        loader = AnsibleLoader(stream)\n+        data = loader.get_single_data()\n+        self.assertEqual(data, {'webster': 'daniel', 'oed': 'oxford'})\n+        self.assertEqual(len(data), 2)\n+        self.assertIsInstance(data.keys()[0], unicode)\n+        self.assertIsInstance(data.values()[0], unicode)\n+\n+    def test_parse_list(self):\n+        stream = StringIO(\"\"\"\n+                - a\n+                - b\n+                \"\"\")\n+        loader = AnsibleLoader(stream)\n+        data = loader.get_single_data()\n+        self.assertEqual(data, [u'a', u'b'])\n+        self.assertEqual(len(data), 2)\n+        self.assertIsInstance(data[0], unicode)\n+\n+    def test_parse_play(self):\n+        stream = StringIO(\"\"\"\n+                - hosts: localhost\n+                  vars:\n+                    number: 1\n+                    string: Ansible\n+                    utf8_string: Cafè Eñyei\n+                    dictionary:\n+                      webster: daniel\n+                      oed: oxford\n+                    list:\n+                      - a\n+                      - b\n+                      - 1\n+                      - 2\n+                  tasks:\n+                    - name: Test case\n+                      ping:\n+                        data: \"{{ utf8_string }}\"\n+\n+                    - name: Test 2\n+                      ping:\n+                        data: \"Cafè Eñyei\"\n+\n+                    - name: Test 3\n+                      command: \"printf 'Cafè Eñyei\\\\n'\"\n+                \"\"\")\n+        loader = AnsibleLoader(stream)\n+        data = loader.get_single_data()\n+        self.assertEqual(len(data), 1)\n+        self.assertIsInstance(data, list)\n+        self.assertEqual(frozenset(data[0].keys()), frozenset((u'hosts', u'vars', u'tasks')))\n+\n+        self.assertEqual(data[0][u'hosts'], u'localhost')\n+\n+        self.assertEqual(data[0][u'vars'][u'number'], 1)\n+        self.assertEqual(data[0][u'vars'][u'string'], u'Ansible')\n+        self.assertEqual(data[0][u'vars'][u'utf8_string'], u'Cafè Eñyei')\n+        self.assertEqual(data[0][u'vars'][u'dictionary'],\n+                {u'webster': u'daniel',\n+                    u'oed': u'oxford'})\n+        self.assertEqual(data[0][u'vars'][u'list'], [u'a', u'b', 1, 2])\n+\n+        self.assertEqual(data[0][u'tasks'],\n+                [{u'name': u'Test case', u'ping': {u'data': u'{{ utf8_string }}'}},\n+                 {u'name': u'Test 2', u'ping': {u'data': u'Cafè Eñyei'}},\n+                 {u'name': u'Test 3', u'command': u'printf \\'Cafè Eñyei\\n\\''},\n+                    ])\n+\n+        self.walk(data)\n+\n+    def walk(self, data):\n+        # Make sure there's no str in the data\n+        self.assertNotIsInstance(data, str)\n+\n+        # Descend into various container types\n+        if isinstance(data, unicode):\n+            # strings are a sequence so we have to be explicit here\n+            return\n+        elif isinstance(data, (Sequence, Set)):\n+            for element in data:\n+                self.walk(element)\n+        elif isinstance(data, Mapping):\n+            for k, v in data.items():\n+                self.walk(k)\n+                self.walk(v)\n+\n+        # Scalars were all checked so we're good to go\n+        return"
    },
    {
      "file_path": "v2/test/test.yml",
      "status": "deleted",
      "additions": 0,
      "deletions": 2,
      "file_diff": "diff --git a/v2/test/test.yml b/v2/test/test.yml\ndeleted file mode 100644\nindex 299b66610d12b0..00000000000000\n--- a/v2/test/test.yml\n+++ /dev/null\n@@ -1,2 +0,0 @@\n-- name: Test\n-filename: /usr/café/�/are_doing_this_to_me\n"
    }
  ],
  "comments": [],
  "reviews": []
}