{
  "pr_number": 10161,
  "url": "https://github.com/ansible/ansible/pull/10161",
  "title": "Adds Kerberos authentication to winrm if available",
  "author_login": "kstrauser",
  "state": "MERGED",
  "merged_by_login": "bcoca",
  "body": "If the `kerberos` module is available, winrm will attempt to establish a\nKerberized connection to a Windows server. This allows use of Windows\ndomain accounts, which are quite often the only kinds of accounts\nenabled on enterprise networks.\n\nThis also pulls the `transport_schemes` variable up into the\n`winrm.Connection` class. This lets tests or future modifications alter\nthe list of available schemas without reaching into\n`Connection.__init__`.\n",
  "labels": [
    "windows",
    "feature"
  ],
  "additions": 15,
  "deletions": 4,
  "changed_files_count": 1,
  "changed_files_list": [
    "ansible/runner/connection_plugins/winrm.py b/lib/ansible/runner/connection_plugins/winrm.py"
  ],
  "files": [
    {
      "file_path": "ansible/runner/connection_plugins/winrm.py b/lib/ansible/runner/connection_plugins/winrm.py",
      "status": "modified",
      "additions": 15,
      "deletions": 4,
      "file_diff": "diff --git a/lib/ansible/runner/connection_plugins/winrm.py b/lib/ansible/runner/connection_plugins/winrm.py\nindex 7a761e69b2ee43..7aede6a7d75f5c 100644\n--- a/lib/ansible/runner/connection_plugins/winrm.py\n+++ b/lib/ansible/runner/connection_plugins/winrm.py\n@@ -37,6 +37,13 @@\n except ImportError:\n     raise errors.AnsibleError(\"winrm is not installed\")\n \n+HAVE_KERBEROS = False\n+try:\n+    import kerberos\n+    HAVE_KERBEROS = True\n+except ImportError:\n+    pass\n+\n _winrm_cache = {\n     # 'user:pwhash@host:port': <protocol instance>\n }\n@@ -47,6 +54,11 @@ def vvvvv(msg, host=None):\n class Connection(object):\n     '''WinRM connections over HTTP/HTTPS.'''\n \n+    transport_schemes = {\n+        'http': [('kerberos', 'http'), ('plaintext', 'http'), ('plaintext', 'https')],\n+        'https': [('kerberos', 'https'), ('plaintext', 'http'), ('plaintext', 'https')],\n+        }\n+\n     def __init__(self,  runner, host, port, user, password, *args, **kwargs):\n         self.runner = runner\n         self.host = host\n@@ -72,11 +84,10 @@ def _winrm_connect(self):\n         if cache_key in _winrm_cache:\n             vvvv('WINRM REUSE EXISTING CONNECTION: %s' % cache_key, host=self.host)\n             return _winrm_cache[cache_key]\n-        transport_schemes = [('plaintext', 'https'), ('plaintext', 'http')] # FIXME: ssl/kerberos\n-        if port == 5985:\n-            transport_schemes = reversed(transport_schemes)\n         exc = None\n-        for transport, scheme in transport_schemes:\n+        for transport, scheme in self.transport_schemes['http' if port == 5985 else 'https']:\n+            if transport == 'kerberos' and not HAVE_KERBEROS:\n+                continue\n             endpoint = urlparse.urlunsplit((scheme, netloc, '/wsman', '', ''))\n             vvvv('WINRM CONNECT: transport=%s endpoint=%s' % (transport, endpoint),\n                  host=self.host)\n"
    }
  ],
  "comments": [
    {
      "author_login": "jvantuyl",
      "body": "I need this functionality.  This has been half of the problems preventing me from managing our Windows machines with Ansible.  +1\n"
    },
    {
      "author_login": "kstrauser",
      "body": "@bcoca Because I am a geeeenius, I opened this against the wrong branch. What branch should this be pointed at?\n"
    },
    {
      "author_login": "bcoca",
      "body": "devel, i did not realize it was against a release branch, reverting that\n"
    },
    {
      "author_login": "kstrauser",
      "body": "Thanks, and apologies. I'll resubmit soon. \n"
    },
    {
      "author_login": "bcoca",
      "body": "I should have caught that ....\n"
    },
    {
      "author_login": "kstrauser",
      "body": "Me too. I opened against 1.8.2 because that's the version we've deployed and I wanted to work with a known base. \n"
    },
    {
      "author_login": "mihai-satmarean",
      "body": "Hello, nice addition!\nFor my Linux control machine what should one specify and where to still use the plaintext transport?\nThank you!\n"
    },
    {
      "author_login": "kstrauser",
      "body": "@mihai-satmarean Short answer: on your control machine, `pip install kerberos` to enable Kerberos/AD authentication. Ansible will attempt to use Kerberos auth first, then fall back to basic auth if that fails.\n"
    },
    {
      "author_login": "mihai-satmarean",
      "body": "Thank you!\nI'll try that.\n\n2015-02-16 18:12 GMT+01:00 Kirk Strauser notifications@github.com:\n\n> @mihai-satmarean https://github.com/mihai-satmarean Short answer: on\n> your control machine, pip install kerberos to enable Kerberos/AD\n> authentication. Ansible will attempt to use Kerberos auth first, then fall\n> back to basic auth if that fails.\n> \n> —\n> Reply to this email directly or view it on GitHub\n> https://github.com/ansible/ansible/pull/10161#issuecomment-74541296.\n"
    }
  ],
  "reviews": []
}