{
  "pr_number": 10574,
  "url": "https://github.com/ansible/ansible/pull/10574",
  "title": "Vagrant inventory: exit 0 on success",
  "author_login": "eemz",
  "state": "MERGED",
  "merged_by_login": "bcoca",
  "body": "Current code has sys.exit(1) at the end of the codepath for the options --help, --list and --host. These are not error conditions so should be returning 0 for success, not 1 which is EPERM \"Operation not permitted\". Newer Vagrant versions examine the exit codes from subprocesses and interpret this as a failure, as do external scripts.\n",
  "labels": [
    "bug"
  ],
  "additions": 3,
  "deletions": 3,
  "changed_files_count": 1,
  "changed_files_list": [
    "plugins/inventory/vagrant.py"
  ],
  "files": [
    {
      "file_path": "plugins/inventory/vagrant.py",
      "status": "modified",
      "additions": 3,
      "deletions": 3,
      "file_diff": "diff --git a/plugins/inventory/vagrant.py b/plugins/inventory/vagrant.py\nindex ea59a7bc02364b..7f6dc925e83fca 100755\n--- a/plugins/inventory/vagrant.py\n+++ b/plugins/inventory/vagrant.py\n@@ -107,7 +107,7 @@ def get_a_ssh_config(box_name):\n         hosts['vagrant'].append(data['HostName'])\n \n     print json.dumps(hosts)\n-    sys.exit(1)\n+    sys.exit(0)\n \n # Get out the host details\n #------------------------------\n@@ -122,11 +122,11 @@ def get_a_ssh_config(box_name):\n         result['ansible_ssh_port'] = result['Port']\n \n     print json.dumps(result)\n-    sys.exit(1)\n+    sys.exit(0)\n \n \n # Print out help\n #------------------------------\n else:\n     parser.print_help()\n-    sys.exit(1)\n\\ No newline at end of file\n+    sys.exit(0)\n"
    }
  ],
  "comments": [],
  "reviews": []
}