{
  "pr_number": 1159,
  "url": "https://github.com/ansible/ansible/pull/1159",
  "title": "Allow task includes to work with with_items",
  "author_login": "dhozac",
  "state": "MERGED",
  "merged_by_login": "mpdehaan",
  "body": "This will allow constructs such as:\n### playbook.yml\n\n```\n\n---\n- hosts: all\n  vars_files:\n  - vars/users.yml\n  tasks:\n  - include: tasks/user.yml user=$item\n    with_items: $users\n```\n### vars/users.yml\n\n```\n\n---\n- username: timmy\n  gecos: Timmy\n  groups:\n  - group1\n  - group2\n```\n### tasks/user.yml\n\n```\n\n---\n- name: create user ${user.username}\n  action: user name=${user.username} comment=${user.gecos}\n\n- name: add user to groups\n  action: user name=${user.username} groups=$item append=yes\n  with_items: ${user.groups}\n```\n\nAmong many others. Similarly for deploying the same codebase with a few different settings.\n",
  "labels": [],
  "additions": 42,
  "deletions": 23,
  "changed_files_count": 3,
  "changed_files_list": [
    "ansible/runner/__init__.py b/lib/ansible/runner/__init__.py",
    "ansible/utils.py b/lib/ansible/utils.py"
  ],
  "files": [
    {
      "file_path": "ansible/runner/__init__.py b/lib/ansible/runner/__init__.py",
      "status": "modified",
      "additions": 1,
      "deletions": 1,
      "file_diff": "diff --git a/lib/ansible/runner/__init__.py b/lib/ansible/runner/__init__.py\nindex 50f0a3934d936f..5d231b03706323 100644\n--- a/lib/ansible/runner/__init__.py\n+++ b/lib/ansible/runner/__init__.py\n@@ -261,7 +261,7 @@ def _executor_internal(self, host):\n \n         items = self.module_vars.get('items', [])\n         if isinstance(items, basestring) and items.startswith(\"$\"):\n-            items = utils.varLookup(items, inject)\n+            items = utils.varReplaceWithItems(self.basedir, items, inject)\n         if type(items) != list:\n             raise errors.AnsibleError(\"with_items only takes a list: %s\" % items)\n "
    },
    {
      "file_path": "ansible/utils.py b/lib/ansible/utils.py",
      "status": "modified",
      "additions": 24,
      "deletions": 11,
      "file_diff": "diff --git a/lib/ansible/utils.py b/lib/ansible/utils.py\nindex f07075746a4b6d..1122d1ac4f1c47 100644\n--- a/lib/ansible/utils.py\n+++ b/lib/ansible/utils.py\n@@ -278,17 +278,6 @@ def _varFind(text):\n     path.append(text[part_start[0]:var_end])\n     return {'path': path, 'start': start, 'end': end}\n \n-def varLookup(varname, vars):\n-    ''' helper function used by with_items '''\n-\n-    m = _varFind(varname)\n-    if not m:\n-        return None\n-    try:\n-        return _varLookup(m['path'], vars)\n-    except VarNotFoundException:\n-        return None\n-\n def varReplace(raw, vars, depth=0):\n     ''' Perform variable replacement of $variables in string raw using vars dictionary '''\n     # this code originally from yum\n@@ -358,6 +347,30 @@ def varReplaceFilesAndPipes(basedir, raw):\n \n     return ''.join(done)\n \n+def varReplaceWithItems(basedir, varname, vars):\n+    ''' helper function used by with_items '''\n+\n+    if isinstance(varname, basestring):\n+        m = _varFind(varname)\n+        if not m:\n+            return varname\n+        if m['start'] == 0 and m['end'] == len(varname):\n+            try:\n+                return varReplaceWithItems(basedir, _varLookup(m['path'], vars), vars)\n+            except VarNotFoundException:\n+                return varname\n+        else:\n+            return template(basedir, varname, vars)\n+    elif isinstance(varname, (list, tuple)):\n+        return [varReplaceWithItems(basedir, v, vars) for v in varname]\n+    elif isinstance(varname, dict):\n+        d = {}\n+        for (k, v) in varname.iteritems():\n+            d[k] = varReplaceWithItems(basedir, v, vars)\n+        return d\n+    else:\n+        raise Exception(\"invalid with_items type\")\n+\n \n def template(basedir, text, vars):\n     ''' run a text buffer through the templating engine until it no longer changes '''\n"
    }
  ],
  "comments": [
    {
      "author_login": "mpdehaan",
      "body": "Sounds good -- I'm not sure if people would attempt with_items on other types of includes but so far no one has asked so I figure this is still a very nice upgrade even if those others do not work that way.\n\n(Playbook includes aren't parameterized anyway.   Maybe they should be?)\n"
    },
    {
      "author_login": "mpdehaan",
      "body": "merged, thanks!\n"
    },
    {
      "author_login": "dhozac",
      "body": "Yeah, I didn't think it made much sense for playbook includes to have this, as you can't really have vars at that point. Listing something as an include versus a line in a with_items seems about the same to me.\n"
    },
    {
      "author_login": "mpdehaan",
      "body": "I will file something for 0.9\n\nOn Sun, Sep 30, 2012 at 8:22 AM, Daniel Hokka Zakrisson <\nnotifications@github.com> wrote:\n\n> Yeah, I didn't think it made much sense for playbook includes to have\n> this, as you can't really have vars at that point. Listing something as an\n> include versus a line in a with_items seems about the same to me.\n> \n> —\n> Reply to this email directly or view it on GitHubhttps://github.com/ansible/ansible/pull/1159#issuecomment-9013216.\n"
    },
    {
      "author_login": "abondis",
      "body": "can it be that it only works with vars_files vars and not hosts_vars?\n"
    },
    {
      "author_login": "mpdehaan",
      "body": "Yes this is true as the playbook is parsed prior to thinking about hosts.  You are correct.\n\n-- Michael\n\nOn Oct 7, 2012, at 2:50 PM, Aurelien notifications@github.com wrote:\n\n> can it be that it only works with vars_files vars and not hosts_vars?\n> \n> —\n> Reply to this email directly or view it on GitHub.\n"
    }
  ],
  "reviews": []
}