{
  "pr_number": 10715,
  "url": "https://github.com/ansible/ansible/pull/10715",
  "title": "Add/correct missing imports for AnsibleError in v2 lookup plugins",
  "author_login": "mscherer",
  "state": "MERGED",
  "merged_by_login": "abadger",
  "body": "",
  "labels": [],
  "additions": 6,
  "deletions": 4,
  "changed_files_count": 3,
  "changed_files_list": [
    "v2/ansible/plugins/lookup/dict.py",
    "v2/ansible/plugins/lookup/indexed_items.py"
  ],
  "files": [
    {
      "file_path": "v2/ansible/plugins/lookup/dict.py",
      "status": "modified",
      "additions": 2,
      "deletions": 1,
      "file_diff": "diff --git a/v2/ansible/plugins/lookup/dict.py b/v2/ansible/plugins/lookup/dict.py\nindex cc7975ae499993..1b54f3db93eeed 100644\n--- a/v2/ansible/plugins/lookup/dict.py\n+++ b/v2/ansible/plugins/lookup/dict.py\n@@ -17,6 +17,7 @@\n from __future__ import (absolute_import, division, print_function)\n __metaclass__ = type\n \n+from ansible.errors import AnsibleError\n from ansible.plugins.lookup import LookupBase\n \n class LookupModule(LookupBase):\n@@ -24,6 +25,6 @@ class LookupModule(LookupBase):\n     def run(self, terms, varibles=None, **kwargs):\n \n         if not isinstance(terms, dict):\n-            raise errors.AnsibleError(\"with_dict expects a dict\")\n+            raise AnsibleError(\"with_dict expects a dict\")\n \n         return self._flatten_hash_to_list(terms)"
    },
    {
      "file_path": "v2/ansible/plugins/lookup/indexed_items.py",
      "status": "modified",
      "additions": 2,
      "deletions": 1,
      "file_diff": "diff --git a/v2/ansible/plugins/lookup/indexed_items.py b/v2/ansible/plugins/lookup/indexed_items.py\nindex 4f1dd199471e50..9e242ac6bfca2b 100644\n--- a/v2/ansible/plugins/lookup/indexed_items.py\n+++ b/v2/ansible/plugins/lookup/indexed_items.py\n@@ -17,6 +17,7 @@\n from __future__ import (absolute_import, division, print_function)\n __metaclass__ = type\n \n+from ansible.errors import AnsibleError\n from ansible.plugins.lookup import LookupBase\n \n class LookupModule(LookupBase):\n@@ -27,7 +28,7 @@ def __init__(self, basedir=None, **kwargs):\n     def run(self, terms, variables, **kwargs):\n \n         if not isinstance(terms, list):\n-            raise errors.AnsibleError(\"with_indexed_items expects a list\")\n+            raise AnsibleError(\"with_indexed_items expects a list\")\n \n         items = self._flatten(terms)\n         return zip(range(len(items)), items)\n"
    }
  ],
  "comments": [
    {
      "author_login": "abadger",
      "body": "# Merged\n\nHi!\n\nThis has been merged in, and will also be included in the next major release.\n\nIf you or anyone else has any further questions, please let us know by stopping by one of the two mailing lists, as appropriate:\n- https://groups.google.com/forum/#!forum/ansible-project - for user questions, tips, and tricks\n- https://groups.google.com/forum/#!forum/ansible-devel - for strategy, future planning, and questions about writing code\n\nBecause this project is very active, we're unlikely to see comments made on closed tickets, but the mailing list is a great way to ask questions, or post if you don't think this particular\nissue is resolved.\n\nThank you!\n"
    }
  ],
  "reviews": []
}