{
  "pr_number": 11484,
  "url": "https://github.com/ansible/ansible/pull/11484",
  "title": "Fix typo in developing_modules.rst",
  "author_login": "j-carl",
  "state": "MERGED",
  "merged_by_login": "bcoca",
  "body": "Fix typo in developing_modules.rst\n",
  "labels": [
    "docs"
  ],
  "additions": 1,
  "deletions": 1,
  "changed_files_count": 1,
  "changed_files_list": [
    "docsite/rst/developing_modules.rst"
  ],
  "files": [
    {
      "file_path": "docsite/rst/developing_modules.rst",
      "status": "modified",
      "additions": 1,
      "deletions": 1,
      "file_diff": "diff --git a/docsite/rst/developing_modules.rst b/docsite/rst/developing_modules.rst\nindex 74daba60d44aa9..affd7f067e8dae 100644\n--- a/docsite/rst/developing_modules.rst\n+++ b/docsite/rst/developing_modules.rst\n@@ -484,7 +484,7 @@ Module checklist\n * The return structure should be consistent, even if NA/None are used for keys normally returned under other options.\n * Are module actions idempotent? If not document in the descriptions or the notes\n * Import module snippets `from ansible.module_utils.basic import *` at the bottom, conserves line numbers for debugging.\n-* Call your :func:`main` from a condtional so that it would be possible to\n+* Call your :func:`main` from a conditional so that it would be possible to\n   test them in the future example::\n \n     if __name__ == '__main__':\n"
    }
  ],
  "comments": [],
  "reviews": []
}