{
  "pr_number": 10767,
  "url": "https://github.com/ansible/ansible/pull/10767",
  "title": "Correct the ternary example. Fixes #10763",
  "author_login": "sivel",
  "state": "MERGED",
  "merged_by_login": "bcoca",
  "body": "The `ternary` filter example in the docs is slightly wrong.  In the example the filter is being applied to the string `\"John\"` instead of the evaluation of `name == \"John\"`.\n\nTo solve this, the evaluation must be wrapped in `()`.\n",
  "labels": [
    "P2",
    "docs"
  ],
  "additions": 1,
  "deletions": 1,
  "changed_files_count": 1,
  "changed_files_list": [
    "docsite/rst/playbooks_filters.rst"
  ],
  "files": [
    {
      "file_path": "docsite/rst/playbooks_filters.rst",
      "status": "modified",
      "additions": 1,
      "deletions": 1,
      "file_diff": "diff --git a/docsite/rst/playbooks_filters.rst b/docsite/rst/playbooks_filters.rst\nindex 79f721295698c6..63b0dabf13b659 100644\n--- a/docsite/rst/playbooks_filters.rst\n+++ b/docsite/rst/playbooks_filters.rst\n@@ -301,7 +301,7 @@ Other Useful Filters\n \n To use one value on true and another on false (since 1.9)::\n \n-   {{ name == \"John\" | ternary('Mr','Ms') }}\n+   {{ (name == \"John\") | ternary('Mr','Ms') }}\n \n To concatenate a list into a string::\n \n"
    }
  ],
  "comments": [],
  "reviews": []
}