{
  "pr_number": 10269,
  "url": "https://github.com/ansible/ansible/pull/10269",
  "title": "Make behavior consistent when using 'creates' option with modules",
  "author_login": "danrue",
  "state": "MERGED",
  "merged_by_login": "abadger",
  "body": "There are three distinct behaviors in use with modules that have \"creates\" or \"removes\" arguments:\n\ncommand module, shell module:\n- changed=False\n\nunarchive module, uri module:\n- changed=False and skipped=True\n\nscript module:\n- skipped=True\n\nThis pull request makes these behaviors consistent with the command and shell modules, reserving 'skipped' status for actions which are truly not evaluated. \n",
  "labels": [
    "P2",
    "bug"
  ],
  "additions": 2,
  "deletions": 5,
  "changed_files_count": 3,
  "changed_files_list": [
    "ansible/runner/action_plugins/unarchive.py b/lib/ansible/runner/action_plugins/unarchive.py",
    "test/integration/roles/test_unarchive/tasks/main.yml"
  ],
  "files": [
    {
      "file_path": "ansible/runner/action_plugins/unarchive.py b/lib/ansible/runner/action_plugins/unarchive.py",
      "status": "modified",
      "additions": 0,
      "deletions": 1,
      "file_diff": "diff --git a/lib/ansible/runner/action_plugins/unarchive.py b/lib/ansible/runner/action_plugins/unarchive.py\nindex 572cd03d5e4f3d..7cf61006c3f565 100644\n--- a/lib/ansible/runner/action_plugins/unarchive.py\n+++ b/lib/ansible/runner/action_plugins/unarchive.py\n@@ -69,7 +69,6 @@ def run(self, conn, tmp, module_name, module_args, inject, complex_args=None, **\n                     conn=conn,\n                     comm_ok=True,\n                     result=dict(\n-                        skipped=True,\n                         changed=False,\n                         msg=(\"skipped, since %s exists\" % creates)\n                     )"
    },
    {
      "file_path": "test/integration/roles/test_unarchive/tasks/main.yml",
      "status": "modified",
      "additions": 0,
      "deletions": 2,
      "file_diff": "diff --git a/test/integration/roles/test_unarchive/tasks/main.yml b/test/integration/roles/test_unarchive/tasks/main.yml\nindex 3e315a7e94c945..fa5891396c393e 100644\n--- a/test/integration/roles/test_unarchive/tasks/main.yml\n+++ b/test/integration/roles/test_unarchive/tasks/main.yml\n@@ -96,7 +96,6 @@\n   assert:\n     that:\n       - \"unarchive02c.changed == false\"\n-      - \"unarchive02c.skipped == true\"\n \n - name: unarchive a tar.gz file with creates over an existing file using complex_args\n   unarchive:\n@@ -110,7 +109,6 @@\n   assert:\n     that:\n       - \"unarchive02d.changed == false\"\n-      - \"unarchive02d.skipped == true\"\n \n - name: remove our tar.gz unarchive destination\n   file: path={{output_dir}}/test-unarchive-tar-gz state=absent\n"
    }
  ],
  "comments": [
    {
      "author_login": "danrue",
      "body": "See also https://github.com/ansible/ansible-modules-core/pull/802\n"
    },
    {
      "author_login": "abadger",
      "body": "Thanks!  Sometimes little things get forgotten.  Always nice when someone takes the time to clean it up!\n\n# Merged\n\nHi!\n\nThis has been merged in, and will also be included in the next major release.\n\nIf you or anyone else has any further questions, please let us know by stopping by one of the two mailing lists, as appropriate:\n- https://groups.google.com/forum/#!forum/ansible-project - for user questions, tips, and tricks\n- https://groups.google.com/forum/#!forum/ansible-devel - for strategy, future planning, and questions about writing code\n\nBecause this project is very active, we're unlikely to see comments made on closed tickets, but the mailing list is a great way to ask questions, or post if you don't think this particular\nissue is resolved.\n\nThank you!\n"
    }
  ],
  "reviews": []
}