{
  "pr_number": 10258,
  "url": "https://github.com/ansible/ansible/pull/10258",
  "title": "Fix umask calculation on file creation. Fixes #10257",
  "author_login": "stratoukos",
  "state": "MERGED",
  "merged_by_login": "bcoca",
  "body": "",
  "labels": [
    "bug"
  ],
  "additions": 1,
  "deletions": 1,
  "changed_files_count": 1,
  "changed_files_list": [
    "ansible/module_utils/basic.py b/lib/ansible/module_utils/basic.py"
  ],
  "files": [
    {
      "file_path": "ansible/module_utils/basic.py b/lib/ansible/module_utils/basic.py",
      "status": "modified",
      "additions": 1,
      "deletions": 1,
      "file_diff": "diff --git a/lib/ansible/module_utils/basic.py b/lib/ansible/module_utils/basic.py\nindex 4412291dff1345..65ea4dd7161f9d 100644\n--- a/lib/ansible/module_utils/basic.py\n+++ b/lib/ansible/module_utils/basic.py\n@@ -1391,7 +1391,7 @@ def atomic_move(self, src, dest):\n             # based on the current value of umask\n             umask = os.umask(0)\n             os.umask(umask)\n-            os.chmod(dest, 0666 ^ umask)\n+            os.chmod(dest, 0666 & ~umask)\n             if switched_user:\n                 os.chown(dest, os.getuid(), os.getgid())\n \n"
    }
  ],
  "comments": [],
  "reviews": []
}