{
  "pr_number": 11299,
  "url": "https://github.com/ansible/ansible/pull/11299",
  "title": "support instances with no public ip",
  "author_login": "rncry",
  "state": "MERGED",
  "merged_by_login": "bcoca",
  "body": "default to private ip if the instance doesn't have a public ip assigned. (causes list index out of range error otherwise)\n",
  "labels": [
    "feature"
  ],
  "additions": 2,
  "deletions": 2,
  "changed_files_count": 1,
  "changed_files_list": [
    "plugins/inventory/gce.py"
  ],
  "files": [
    {
      "file_path": "plugins/inventory/gce.py",
      "status": "modified",
      "additions": 2,
      "deletions": 2,
      "file_diff": "diff --git a/plugins/inventory/gce.py b/plugins/inventory/gce.py\nindex 76e14f2301278d..5fe3db93f8e35e 100755\n--- a/plugins/inventory/gce.py\n+++ b/plugins/inventory/gce.py\n@@ -221,7 +221,7 @@ def node_to_dict(self, inst):\n             'gce_image': inst.image,\n             'gce_machine_type': inst.size,\n             'gce_private_ip': inst.private_ips[0],\n-            'gce_public_ip': inst.public_ips[0],\n+            'gce_public_ip': inst.public_ips[0] if len(inst.public_ips) >= 1 else None,\n             'gce_name': inst.name,\n             'gce_description': inst.extra['description'],\n             'gce_status': inst.extra['status'],\n@@ -230,7 +230,7 @@ def node_to_dict(self, inst):\n             'gce_metadata': md,\n             'gce_network': net,\n             # Hosts don't have a public name, so we add an IP\n-            'ansible_ssh_host': inst.public_ips[0]\n+            'ansible_ssh_host': inst.public_ips[0] if len(inst.public_ips) >= 1 else inst.private_ips[0]\n         }\n \n     def get_instance(self, instance_name):\n"
    }
  ],
  "comments": [
    {
      "author_login": "rncry",
      "body": "really you probably want to allow a toggle to switch between using the private or public ip as the ansible hostname.. not got time to code that up though, this is a quick fix.\n"
    },
    {
      "author_login": "bcoca",
      "body": "cc @erjohnso \n"
    },
    {
      "author_login": "erjohnso",
      "body": "lgtm, thanks @rncry.\n"
    }
  ],
  "reviews": []
}