{
  "pr_number": 10712,
  "url": "https://github.com/ansible/ansible/pull/10712",
  "title": "Add missing imports. They are used later in mkdtmp, needed by action plu...",
  "author_login": "mscherer",
  "state": "MERGED",
  "merged_by_login": "abadger",
  "body": "...gins\n",
  "labels": [],
  "additions": 2,
  "deletions": 0,
  "changed_files_count": 1,
  "changed_files_list": [
    "v2/ansible/plugins/shell/sh.py"
  ],
  "files": [
    {
      "file_path": "v2/ansible/plugins/shell/sh.py",
      "status": "modified",
      "additions": 2,
      "deletions": 0,
      "file_diff": "diff --git a/v2/ansible/plugins/shell/sh.py b/v2/ansible/plugins/shell/sh.py\nindex 497d45eace2ea4..628df9bbfbf738 100644\n--- a/v2/ansible/plugins/shell/sh.py\n+++ b/v2/ansible/plugins/shell/sh.py\n@@ -21,6 +21,8 @@\n import re\n import pipes\n import ansible.constants as C\n+import time\n+import random\n \n _USER_HOME_PATH_RE = re.compile(r'^~[_.A-Za-z0-9][-_.A-Za-z0-9]*$')\n \n"
    }
  ],
  "comments": [
    {
      "author_login": "abadger",
      "body": "Thanks!\n\n# Merged\n\nHi!\n\nThis has been merged in, and will also be included in the next major release.\n\nIf you or anyone else has any further questions, please let us know by stopping by one of the two mailing lists, as appropriate:\n- https://groups.google.com/forum/#!forum/ansible-project - for user questions, tips, and tricks\n- https://groups.google.com/forum/#!forum/ansible-devel - for strategy, future planning, and questions about writing code\n\nBecause this project is very active, we're unlikely to see comments made on closed tickets, but the mailing list is a great way to ask questions, or post if you don't think this particular\nissue is resolved.\n\nThank you!\n"
    }
  ],
  "reviews": []
}