{
  "pr_number": 10868,
  "url": "https://github.com/ansible/ansible/pull/10868",
  "title": "Add lineinfile integration tests for quoted string",
  "author_login": "jaypei",
  "state": "MERGED",
  "merged_by_login": "bcoca",
  "body": "Reference #10864 \n",
  "labels": [
    "feature"
  ],
  "additions": 18,
  "deletions": 0,
  "changed_files_count": 1,
  "changed_files_list": [
    "test/integration/roles/test_lineinfile/tasks/main.yml"
  ],
  "files": [
    {
      "file_path": "test/integration/roles/test_lineinfile/tasks/main.yml",
      "status": "modified",
      "additions": 18,
      "deletions": 0,
      "file_diff": "diff --git a/test/integration/roles/test_lineinfile/tasks/main.yml b/test/integration/roles/test_lineinfile/tasks/main.yml\nindex d809bf1983ea61..0c018ccaa59419 100644\n--- a/test/integration/roles/test_lineinfile/tasks/main.yml\n+++ b/test/integration/roles/test_lineinfile/tasks/main.yml\n@@ -355,4 +355,22 @@\n     that:\n     - \"result.stat.checksum == '73b271c2cc1cef5663713bc0f00444b4bf9f4543'\"\n \n+- name: insert a line into the quoted file with many double quotation strings\n+  lineinfile: dest={{output_dir}}/test_quoting.txt line=\"\\\"quote\\\" and \\\"unquote\\\"\"\n+  register: result\n+\n+- name: assert that the quoted file was changed\n+  assert:\n+    that:\n+    - result.changed\n+\n+- name: stat the quote test file\n+  stat: path={{output_dir}}/test_quoting.txt\n+  register: result\n+\n+- name: assert test checksum matches after backref line was replaced\n+  assert:\n+    that:\n+    - \"result.stat.checksum == 'b10ab2a3c3b6492680c8d0b1d6f35aa6b8f9e731'\"\n+\n ###################################################################\n"
    }
  ],
  "comments": [],
  "reviews": []
}