{
  "pr_number": 11283,
  "url": "https://github.com/ansible/ansible/pull/11283",
  "title": "Add serf inventory plugin",
  "author_login": "msabramo",
  "state": "MERGED",
  "merged_by_login": "bcoca",
  "body": "Add inventory plugin for [Serf](https://serfdom.io/).\nRequires [`serfclient` Python module](https://pypi.python.org/pypi/serfclient).\n\n```\n$ /Users/marca/dev/git-repos/ansible/plugins/inventory/serf.py --list\n{\"serf\": [\"mt1-pyweb01\", \"mt2-pyweb01\", \"mt1-pyweb02\", \"serf\", \"mt3-pyweb01\", \"mt4-pyweb01\", \"mt2-pyweb02\", \"mt3-pyweb02\", \"localmonkey\", \"marca-mac2.local\", \"mt5-pyweb01\"], \"_meta\": {\"hostvars\": {\"mt5-pyweb01\": {\"deploy_env\": \"mt5\", \"os\": \"Ubuntu 12.04\"}, \"mt2-pyweb02\": {\"deploy_env\": \"mt2\", \"os\": \"Ubuntu 12.04.5 LTS, Precise Pangolin\"}, \"mt2-pyweb01\": {\"deploy_env\": \"mt2\", \"os\": \"Ubuntu 10.04\"}, \"mt3-pyweb02\": {\"deploy_env\": \"mt3\", \"os\": \"Ubuntu 12.04.5 LTS, Precise Pangolin\"}, \"mt3-pyweb01\": {\"deploy_env\": \"mt3\", \"os\": \"Ubuntu 12.04\"}, \"marca-mac2.local\": {\"deploy_env\": \"dev,dev=true\"}, \"mt4-pyweb01\": {\"deploy_env\": \"mt4\", \"os\": \"Ubuntu 12.04.5 LTS, Precise Pangolin\"}, \"serf\": {}, \"mt1-pyweb01\": {\"deploy_env\": \"mt1\", \"os\": \"Ubuntu 10.04\"}, \"mt1-pyweb02\": {\"deploy_env\": \"mt1\", \"os\": \"Ubuntu 12.04.4 LTS, Precise Pangolin\"}, \"localmonkey\": {\"deploy_env\": \"dev\", \"os\": \"Ubuntu 14.04.2 LTS, Trusty Tahr\", \"dev\": \"true\"}}}}\n\n$ /Users/marca/dev/git-repos/ansible/plugins/inventory/serf.py --host mt5-pyweb01\n{\"deploy_env\": \"mt5\", \"os\": \"Ubuntu 12.04\"}\n```\n\nCc: @sudarkoff\n",
  "labels": [
    "feature"
  ],
  "additions": 89,
  "deletions": 0,
  "changed_files_count": 1,
  "changed_files_list": [
    "plugins/inventory/serf.py"
  ],
  "files": [
    {
      "file_path": "plugins/inventory/serf.py",
      "status": "added",
      "additions": 89,
      "deletions": 0,
      "file_diff": "diff --git a/plugins/inventory/serf.py b/plugins/inventory/serf.py\nnew file mode 100755\nindex 00000000000000..7b91b508529bb2\n--- /dev/null\n+++ b/plugins/inventory/serf.py\n@@ -0,0 +1,89 @@\n+#!/usr/bin/env python\n+\n+# (c) 2015, Marc Abramowitz <marca@surveymonkey.com>\n+#\n+# This file is part of Ansible.\n+#\n+# Ansible is free software: you can redistribute it and/or modify\n+# it under the terms of the GNU General Public License as published by\n+# the Free Software Foundation, either version 3 of the License, or\n+# (at your option) any later version.\n+#\n+# Ansible is distributed in the hope that it will be useful,\n+# but WITHOUT ANY WARRANTY; without even the implied warranty of\n+# MERCHANTABILITY or FITNESS FOR A PARTICULAR PURPOSE. See the\n+# GNU General Public License for more details.\n+#\n+# You should have received a copy of the GNU General Public License\n+# along with Ansible. If not, see <http://www.gnu.org/licenses/>.\n+\n+# Dynamic inventory script which lets you use nodes discovered by Serf\n+# (https://serfdom.io/).\n+#\n+# Requires host to be a member of a Serf cluster and the `serfclient` Python\n+# module from https://pypi.python.org/pypi/serfclient\n+\n+import argparse\n+import sys\n+\n+# https://pypi.python.org/pypi/serfclient\n+from serfclient.client import SerfClient\n+\n+try:\n+    import json\n+except ImportError:\n+    import simplejson as json\n+\n+_key = 'serf'\n+\n+\n+def get_serf_members_data():\n+    serf = SerfClient()\n+    return serf.members().body['Members']\n+\n+\n+def get_nodes(data):\n+    return [node['Name'] for node in data]\n+\n+\n+def get_meta(data):\n+    meta = {'hostvars': {}}\n+    for node in data:\n+        meta['hostvars'][node['Name']] = node['Tags']\n+    return meta\n+\n+\n+def print_list():\n+    data = get_serf_members_data()\n+    nodes = get_nodes(data)\n+    meta = get_meta(data)\n+    print(json.dumps({_key: nodes, '_meta': meta}))\n+\n+\n+def print_host(host):\n+    data = get_serf_members_data()\n+    meta = get_meta(data)\n+    print(json.dumps(meta['hostvars'][host]))\n+\n+\n+def get_args(args_list):\n+    parser = argparse.ArgumentParser(\n+        description='ansible inventory script reading from serf cluster')\n+    mutex_group = parser.add_mutually_exclusive_group(required=True)\n+    help_list = 'list all hosts from serf cluster'\n+    mutex_group.add_argument('--list', action='store_true', help=help_list)\n+    help_host = 'display variables for a host'\n+    mutex_group.add_argument('--host', help=help_host)\n+    return parser.parse_args(args_list)\n+\n+\n+def main(args_list):\n+    args = get_args(args_list)\n+    if args.list:\n+        print_list()\n+    if args.host:\n+        print_host(args.host)\n+\n+\n+if __name__ == '__main__':\n+    main(sys.argv[1:])\n"
    }
  ],
  "comments": [
    {
      "author_login": "bcoca",
      "body": "just curious, how does it know where to go for querying the information (no config?)\n"
    },
    {
      "author_login": "msabramo",
      "body": "Well the way it's written now, it requires the node to already be a member of a Serf cluster. Which means you have Serf (and `serfclient`) installed and you're running the Serf agent and you've joined it other nodes. I believe it talks to the Serf agent at `localhost:7946`.\n"
    },
    {
      "author_login": "msabramo",
      "body": "or maybe it's `localhost:7373`. Not sure.\n"
    },
    {
      "author_login": "bcoca",
      "body": "merging this, i expect that if there are problems (or someone wants this configurable) there will be subsequent PRs to deal with the issue.\n"
    },
    {
      "author_login": "msabramo",
      "body": "Very cool. Thanks for the quick turnaround!\n\nA little context on why this could be useful. I can set up my Ansible playbooks to configure Serf on new and existing nodes and then the nodes get picked up by Serf automatically and I can target them with Ansible without having to add them to inventory files.\n\nSo I think Ansible and Serf complement each other nicely.\n"
    },
    {
      "author_login": "msabramo",
      "body": "Ah, `serfclient` talks to `localhost:7373` by default and I've hard-coded that.\n\nOne could set up Serf to expose port 7373 to the world (it binds to 127.0.0.1 by default) and then clients could connect to a Serf agent remotely. I think I'll work on another PR to make things configurable.\n"
    },
    {
      "author_login": "msabramo",
      "body": "One easy way to make things configurable is to do it in `serfclient` instead.\n\nE.g.: https://github.com/KushalP/serfclient-py/pull/11 -- Use SERF_RPC_ADDR env var, if set\n"
    },
    {
      "author_login": "msabramo",
      "body": "See https://github.com/ansible/ansible/pull/11294, which makes this configurable via environment variables -- `SERF_RPC_ADDR` and `SERF_RPC_AUTH`\n"
    }
  ],
  "reviews": []
}