{
  "pr_number": 10789,
  "url": "https://github.com/ansible/ansible/pull/10789",
  "title": "Consistently use \"OracleLinux\" in OS detection.",
  "author_login": "mavit",
  "state": "MERGED",
  "merged_by_login": "bcoca",
  "body": "Previously, a mixture of \"OracleLinux\" and \"Oracle Linux\" was used,\ncausing the `ansible_os_family` fact not to be set to `RedHat`.\n\nFixes #10742.\n",
  "labels": [
    "bug"
  ],
  "additions": 2,
  "deletions": 2,
  "changed_files_count": 1,
  "changed_files_list": [
    "ansible/module_utils/facts.py b/lib/ansible/module_utils/facts.py"
  ],
  "files": [
    {
      "file_path": "ansible/module_utils/facts.py b/lib/ansible/module_utils/facts.py",
      "status": "modified",
      "additions": 2,
      "deletions": 2,
      "file_diff": "diff --git a/lib/ansible/module_utils/facts.py b/lib/ansible/module_utils/facts.py\nindex 4827370c7bc6c7..4689dd2da9e907 100644\n--- a/lib/ansible/module_utils/facts.py\n+++ b/lib/ansible/module_utils/facts.py\n@@ -87,7 +87,7 @@ class Facts(object):\n     _I386RE = re.compile(r'i([3456]86|86pc)')\n     # For the most part, we assume that platform.dist() will tell the truth.\n     # This is the fallback to handle unknowns or exceptions\n-    OSDIST_LIST = ( ('/etc/oracle-release', 'Oracle Linux'),\n+    OSDIST_LIST = ( ('/etc/oracle-release', 'OracleLinux'),\n                     ('/etc/redhat-release', 'RedHat'),\n                     ('/etc/vmware-release', 'VMwareESX'),\n                     ('/etc/openwrt_release', 'OpenWrt'),\n@@ -297,7 +297,7 @@ def get_distribution_facts(self):\n                             # Once we determine the value is one of these distros\n                             # we trust the values are always correct\n                             break\n-                        elif name == 'Oracle Linux':\n+                        elif name == 'OracleLinux':\n                             data = get_file_content(path)\n                             if 'Oracle Linux' in data:\n                                 self.facts['distribution'] = name\n"
    }
  ],
  "comments": [],
  "reviews": []
}