{
  "pr_number": 10618,
  "url": "https://github.com/ansible/ansible/pull/10618",
  "title": "Fix --force-handlers, and allow it in plays and ansible.cfg",
  "author_login": "jder",
  "state": "MERGED",
  "merged_by_login": "bcoca",
  "body": "The `--force-handlers` command line argument was not correctly running\nhandlers on hosts which had tasks that later failed. This corrects that,\nand also allows you to specify `force_handlers` in ansible.cfg or in a\nplay.\n\nThis addresses the bug here: https://github.com/ansible/ansible/issues/10602\nAnd implements the feature here: https://github.com/ansible/ansible/issues/10498\n",
  "labels": [
    "P2",
    "bug"
  ],
  "additions": 123,
  "deletions": 12,
  "changed_files_count": 11,
  "changed_files_list": [
    "docsite/rst/intro_configuration.rst",
    "docsite/rst/playbooks_error_handling.rst",
    "ansible/constants.py b/lib/ansible/constants.py",
    "ansible/playbook/__init__.py b/lib/ansible/playbook/__init__.py",
    "ansible/playbook/play.py b/lib/ansible/playbook/play.py",
    "test/integration/Makefile",
    "test/integration/roles/test_force_handlers/handlers/main.yml",
    "test/integration/roles/test_force_handlers/tasks/main.yml",
    "test/integration/test_force_handlers.yml",
    "test/units/TestPlayVarsFiles.py"
  ],
  "files": [
    {
      "file_path": "docsite/rst/intro_configuration.rst",
      "status": "modified",
      "additions": 14,
      "deletions": 0,
      "file_diff": "diff --git a/docsite/rst/intro_configuration.rst b/docsite/rst/intro_configuration.rst\nindex 4cb1f3599486ec..a13f6c6ecd990d 100644\n--- a/docsite/rst/intro_configuration.rst\n+++ b/docsite/rst/intro_configuration.rst\n@@ -252,6 +252,20 @@ This options forces color mode even when running without a TTY::\n \n     force_color = 1\n \n+.. _force_handlers:\n+\n+force_handlers\n+==============\n+\n+.. versionadded:: 1.9.1\n+\n+This option causes notified handlers to run on a host even if a failure occurs on that host::\n+\n+\t\tforce_handlers = True\n+\n+The default is False, meaning that handlers will not run if a failure has occurred on a host.\n+This can also be set per play or on the command line. See :doc:`_handlers_and_failure` for more details.\n+\n .. _forks:\n \n forks"
    },
    {
      "file_path": "docsite/rst/playbooks_error_handling.rst",
      "status": "modified",
      "additions": 20,
      "deletions": 0,
      "file_diff": "diff --git a/docsite/rst/playbooks_error_handling.rst b/docsite/rst/playbooks_error_handling.rst\nindex 98ffb2860f3f41..ac573d86ba6ae1 100644\n--- a/docsite/rst/playbooks_error_handling.rst\n+++ b/docsite/rst/playbooks_error_handling.rst\n@@ -29,6 +29,26 @@ write a task that looks like this::\n Note that the above system only governs the failure of the particular task, so if you have an undefined\n variable used, it will still raise an error that users will need to address.\n \n+.. _handlers_and_failure:\n+\n+Handlers and Failure\n+````````````````````\n+\n+.. versionadded:: 1.9.1\n+\n+When a task fails on a host, handlers which were previously notified\n+will *not* be run on that host. This can lead to cases where an unrelated failure\n+can leave a host in an unexpected state. For example, a task could update\n+a configuration file and notify a handler to restart some service. If a\n+task later on in the same play fails, the service will not be restarted despite\n+the configuration change.\n+\n+You can change this behavior with the ``--force-handlers`` command-line option,\n+or by including ``force_handlers: True`` in a play, or ``force_handlers = True``\n+in ansible.cfg. When handlers are forced, they will run when notified even\n+if a task fails on that host. (Note that certain errors could still prevent\n+the handler from running, such as a host becoming unreachable.)\n+\n .. _controlling_what_defines_failure:\n \n Controlling What Defines Failure"
    },
    {
      "file_path": "ansible/constants.py b/lib/ansible/constants.py",
      "status": "modified",
      "additions": 2,
      "deletions": 0,
      "file_diff": "diff --git a/lib/ansible/constants.py b/lib/ansible/constants.py\nindex 71efefdbc383da..089de5b7c5bf15 100644\n--- a/lib/ansible/constants.py\n+++ b/lib/ansible/constants.py\n@@ -173,6 +173,8 @@ def shell_expand_path(path):\n DEFAULT_CALLABLE_WHITELIST     = get_config(p, DEFAULTS, 'callable_whitelist', 'ANSIBLE_CALLABLE_WHITELIST', [], islist=True)\n COMMAND_WARNINGS               = get_config(p, DEFAULTS, 'command_warnings', 'ANSIBLE_COMMAND_WARNINGS', False, boolean=True)\n DEFAULT_LOAD_CALLBACK_PLUGINS  = get_config(p, DEFAULTS, 'bin_ansible_callbacks', 'ANSIBLE_LOAD_CALLBACK_PLUGINS', False, boolean=True)\n+DEFAULT_FORCE_HANDLERS         = get_config(p, DEFAULTS, 'force_handlers', 'ANSIBLE_FORCE_HANDLERS', False, boolean=True)\n+\n \n RETRY_FILES_ENABLED            = get_config(p, DEFAULTS, 'retry_files_enabled', 'ANSIBLE_RETRY_FILES_ENABLED', True, boolean=True)\n RETRY_FILES_SAVE_PATH          = get_config(p, DEFAULTS, 'retry_files_save_path', 'ANSIBLE_RETRY_FILES_SAVE_PATH', '~/')"
    },
    {
      "file_path": "ansible/playbook/__init__.py b/lib/ansible/playbook/__init__.py",
      "status": "modified",
      "additions": 9,
      "deletions": 8,
      "file_diff": "diff --git a/lib/ansible/playbook/__init__.py b/lib/ansible/playbook/__init__.py\nindex d58657012c625f..93804d123c8726 100644\n--- a/lib/ansible/playbook/__init__.py\n+++ b/lib/ansible/playbook/__init__.py\n@@ -375,17 +375,17 @@ def _async_poll(self, poller, async_seconds, async_poll_interval):\n \n     # *****************************************************\n \n-    def _trim_unavailable_hosts(self, hostlist=[]):\n+    def _trim_unavailable_hosts(self, hostlist=[], keep_failed=False):\n         ''' returns a list of hosts that haven't failed and aren't dark '''\n \n-        return [ h for h in hostlist if (h not in self.stats.failures) and (h not in self.stats.dark)]\n+        return [ h for h in hostlist if (keep_failed or h not in self.stats.failures) and (h not in self.stats.dark)]\n \n     # *****************************************************\n \n-    def _run_task_internal(self, task):\n+    def _run_task_internal(self, task, include_failed=False):\n         ''' run a particular module step in a playbook '''\n \n-        hosts = self._trim_unavailable_hosts(self.inventory.list_hosts(task.play._play_hosts))\n+        hosts = self._trim_unavailable_hosts(self.inventory.list_hosts(task.play._play_hosts), keep_failed=include_failed)\n         self.inventory.restrict_to(hosts)\n \n         runner = ansible.runner.Runner(\n@@ -493,7 +493,8 @@ def _run_task(self, play, task, is_handler):\n         task.ignore_errors =  utils.check_conditional(cond, play.basedir, task.module_vars, fail_on_undefined=C.DEFAULT_UNDEFINED_VAR_BEHAVIOR)\n \n         # load up an appropriate ansible runner to run the task in parallel\n-        results = self._run_task_internal(task)\n+        include_failed = is_handler and play.force_handlers\n+        results = self._run_task_internal(task, include_failed=include_failed)\n \n         # if no hosts are matched, carry on\n         hosts_remaining = True\n@@ -811,7 +812,7 @@ def _run_play(self, play):\n \n                 # if no hosts remain, drop out\n                 if not host_list:\n-                    if self.force_handlers:\n+                    if play.force_handlers:\n                         task_errors = True\n                         break\n                     else:\n@@ -821,7 +822,7 @@ def _run_play(self, play):\n             # lift restrictions after each play finishes\n             self.inventory.lift_also_restriction()\n \n-            if task_errors and not self.force_handlers:\n+            if task_errors and not play.force_handlers:\n                 # if there were failed tasks and handler execution\n                 # is not forced, quit the play with an error\n                 return False\n@@ -856,7 +857,7 @@ def run_handlers(self, play):\n                             play.max_fail_pct = 0\n                         if (hosts_count - len(host_list)) > int((play.max_fail_pct)/100.0 * hosts_count):\n                             host_list = None\n-                        if not host_list and not self.force_handlers:\n+                        if not host_list and not play.force_handlers:\n                             self.callbacks.on_no_hosts_remaining()\n                             return False\n "
    },
    {
      "file_path": "ansible/playbook/play.py b/lib/ansible/playbook/play.py",
      "status": "modified",
      "additions": 5,
      "deletions": 3,
      "file_diff": "diff --git a/lib/ansible/playbook/play.py b/lib/ansible/playbook/play.py\nindex 78f2f6d9ba8000..9fd8a86f4e4127 100644\n--- a/lib/ansible/playbook/play.py\n+++ b/lib/ansible/playbook/play.py\n@@ -34,9 +34,10 @@ class Play(object):\n \n     _pb_common = [\n         'accelerate', 'accelerate_ipv6', 'accelerate_port', 'any_errors_fatal', 'become',\n-        'become_method', 'become_user', 'environment', 'gather_facts', 'handlers', 'hosts',\n-        'name', 'no_log', 'remote_user', 'roles', 'serial', 'su', 'su_user', 'sudo',\n-        'sudo_user', 'tags', 'vars', 'vars_files', 'vars_prompt', 'vault_password',\n+        'become_method', 'become_user', 'environment', 'force_handlers', 'gather_facts',\n+        'handlers', 'hosts', 'name', 'no_log', 'remote_user', 'roles', 'serial', 'su', \n+        'su_user', 'sudo', 'sudo_user', 'tags', 'vars', 'vars_files', 'vars_prompt', \n+        'vault_password',\n     ]\n \n     __slots__ = _pb_common + [\n@@ -153,6 +154,7 @@ def __init__(self, playbook, ds, basedir, vault_password=None):\n         self.accelerate_ipv6  = ds.get('accelerate_ipv6', False)\n         self.max_fail_pct     = int(ds.get('max_fail_percentage', 100))\n         self.no_log           = utils.boolean(ds.get('no_log', 'false'))\n+        self.force_handlers   = utils.boolean(ds.get('force_handlers', self.playbook.force_handlers))\n \n         # Fail out if user specifies conflicting privelege escalations\n         if (ds.get('become') or ds.get('become_user')) and (ds.get('sudo') or ds.get('sudo_user')):"
    },
    {
      "file_path": "test/integration/Makefile",
      "status": "modified",
      "additions": 14,
      "deletions": 0,
      "file_diff": "diff --git a/test/integration/Makefile b/test/integration/Makefile\nindex ac526cf752ecbc..6e2acec341d131 100644\n--- a/test/integration/Makefile\n+++ b/test/integration/Makefile\n@@ -56,6 +56,20 @@ test_group_by:\n \n test_handlers:\n \tansible-playbook test_handlers.yml -i inventory.handlers -e @$(VARS_FILE) $(CREDENTIALS_ARG) -v $(TEST_FLAGS)\n+\t# Not forcing, should only run on successful host\n+\t[ \"$$(ansible-playbook test_force_handlers.yml --tags normal -i inventory.handlers -e @$(VARS_FILE) $(CREDENTIALS_ARG) -v $(TEST_FLAGS) | egrep -o CALLED_HANDLER_. | sort | uniq | xargs)\" = \"CALLED_HANDLER_B\" ]\n+\t# Forcing from command line\n+\t[ \"$$(ansible-playbook test_force_handlers.yml --tags normal -i inventory.handlers --force-handlers -e @$(VARS_FILE) $(CREDENTIALS_ARG) -v $(TEST_FLAGS) | egrep -o CALLED_HANDLER_. | sort | uniq | xargs)\" = \"CALLED_HANDLER_A CALLED_HANDLER_B\" ]\n+\t# Forcing from command line, should only run later tasks on unfailed hosts\n+\t[ \"$$(ansible-playbook test_force_handlers.yml --tags normal -i inventory.handlers --force-handlers -e @$(VARS_FILE) $(CREDENTIALS_ARG) -v $(TEST_FLAGS) | egrep -o CALLED_TASK_. | sort | uniq | xargs)\" = \"CALLED_TASK_B CALLED_TASK_D CALLED_TASK_E\" ]\n+\t# Forcing from command line, should call handlers even if all hosts fail\n+\t[ \"$$(ansible-playbook test_force_handlers.yml --tags normal -i inventory.handlers --force-handlers -e @$(VARS_FILE) $(CREDENTIALS_ARG) -v -e fail_all=yes $(TEST_FLAGS) | egrep -o CALLED_HANDLER_. | sort | uniq | xargs)\" = \"CALLED_HANDLER_A CALLED_HANDLER_B\" ]\n+\t# Forcing from ansible.cfg\n+\t[ \"$$(ANSIBLE_FORCE_HANDLERS=true ansible-playbook --tags normal test_force_handlers.yml -i inventory.handlers -e @$(VARS_FILE) $(CREDENTIALS_ARG) -v $(TEST_FLAGS) | egrep -o CALLED_HANDLER_. | sort | uniq | xargs)\" = \"CALLED_HANDLER_A CALLED_HANDLER_B\" ]\n+\t# Forcing true in play\n+\t[ \"$$(ansible-playbook test_force_handlers.yml --tags force_true_in_play -i inventory.handlers -e @$(VARS_FILE) $(CREDENTIALS_ARG) -v $(TEST_FLAGS) | egrep -o CALLED_HANDLER_. | sort | uniq | xargs)\" = \"CALLED_HANDLER_A CALLED_HANDLER_B\" ]\n+\t# Forcing false in play, which overrides command line\n+\t[ \"$$(ansible-playbook test_force_handlers.yml --force-handlers --tags force_false_in_play -i inventory.handlers -e @$(VARS_FILE) $(CREDENTIALS_ARG) -v $(TEST_FLAGS) | egrep -o CALLED_HANDLER_. | sort | uniq | xargs)\" = \"CALLED_HANDLER_B\" ]\n \n test_hash:\n \tANSIBLE_HASH_BEHAVIOUR=replace ansible-playbook test_hash.yml -i $(INVENTORY) $(CREDENTIALS_ARG) -v -e '{\"test_hash\":{\"extra_args\":\"this is an extra arg\"}}'"
    },
    {
      "file_path": "test/integration/roles/test_force_handlers/handlers/main.yml",
      "status": "added",
      "additions": 2,
      "deletions": 0,
      "file_diff": "diff --git a/test/integration/roles/test_force_handlers/handlers/main.yml b/test/integration/roles/test_force_handlers/handlers/main.yml\nnew file mode 100644\nindex 00000000000000..2cfb1ef7109201\n--- /dev/null\n+++ b/test/integration/roles/test_force_handlers/handlers/main.yml\n@@ -0,0 +1,2 @@\n+- name: echoing handler\n+  command: echo CALLED_HANDLER_{{ inventory_hostname }}\n\\ No newline at end of file"
    },
    {
      "file_path": "test/integration/roles/test_force_handlers/tasks/main.yml",
      "status": "added",
      "additions": 26,
      "deletions": 0,
      "file_diff": "diff --git a/test/integration/roles/test_force_handlers/tasks/main.yml b/test/integration/roles/test_force_handlers/tasks/main.yml\nnew file mode 100644\nindex 00000000000000..a3948756d71704\n--- /dev/null\n+++ b/test/integration/roles/test_force_handlers/tasks/main.yml\n@@ -0,0 +1,26 @@\n+---\n+\n+# We notify for A and B, and hosts B and C fail.\n+# When forcing, we expect A and B to run handlers\n+# When not forcing, we expect only B to run handlers\n+\n+- name: notify the handler for host A and B\n+  shell: echo\n+  notify:\n+    - echoing handler\n+  when: inventory_hostname == 'A' or inventory_hostname == 'B'\n+\n+- name: fail task for all\n+  fail: msg=\"Fail All\"\n+  when: fail_all is defined and fail_all\n+\n+- name: fail task for A\n+  fail: msg=\"Fail A\"\n+  when: inventory_hostname == 'A'\n+\n+- name: fail task for C\n+  fail: msg=\"Fail C\"\n+  when: inventory_hostname == 'C'\n+  \n+- name: echo after A and C have failed\n+  command: echo CALLED_TASK_{{ inventory_hostname }}\n\\ No newline at end of file"
    },
    {
      "file_path": "test/integration/test_force_handlers.yml",
      "status": "added",
      "additions": 28,
      "deletions": 0,
      "file_diff": "diff --git a/test/integration/test_force_handlers.yml b/test/integration/test_force_handlers.yml\nnew file mode 100644\nindex 00000000000000..a700da08f0be28\n--- /dev/null\n+++ b/test/integration/test_force_handlers.yml\n@@ -0,0 +1,28 @@\n+---\n+\n+- name: test force handlers (default)\n+  tags: normal\n+  hosts: testgroup\n+  gather_facts: False\n+  connection: local\n+  roles:\n+  - { role: test_force_handlers }\n+\n+- name: test force handlers (set to true)\n+  tags: force_true_in_play\n+  hosts: testgroup\n+  gather_facts: False\n+  connection: local\n+  force_handlers: True\n+  roles:\n+  - { role: test_force_handlers }\n+\n+\n+- name: test force handlers (set to false)\n+  tags: force_false_in_play\n+  hosts: testgroup\n+  gather_facts: False\n+  connection: local\n+  force_handlers: False\n+  roles:\n+  - { role: test_force_handlers }"
    },
    {
      "file_path": "test/units/TestPlayVarsFiles.py",
      "status": "modified",
      "additions": 1,
      "deletions": 0,
      "file_diff": "diff --git a/test/units/TestPlayVarsFiles.py b/test/units/TestPlayVarsFiles.py\nindex 497c3112ede0d4..9d42b73e8b6ed1 100644\n--- a/test/units/TestPlayVarsFiles.py\n+++ b/test/units/TestPlayVarsFiles.py\n@@ -47,6 +47,7 @@ def __init__(self):\n         self.transport = None\n         self.only_tags = None\n         self.skip_tags = None\n+        self.force_handlers = None\n         self.VARS_CACHE = {}\n         self.SETUP_CACHE = {}\n         self.inventory = FakeInventory()\n"
    }
  ],
  "comments": [
    {
      "author_login": "jder",
      "body": "I should say that the docs here assume this would be part of 1.9.1, so we should modify them if it's not merged until later. \n"
    },
    {
      "author_login": "bcoca",
      "body": "I need to double check, but this seems to keep hosts for subsequent tasks, not just handlers\n"
    },
    {
      "author_login": "jder",
      "body": "@bcoca I believe it only affects which handlers are run because the hosts lists returned from `_trim_unavailable_hosts` is only used in the context of a single task/handler, unless there's some edge case I'm not seeing. I've added a test which checks that tasks don't run on failed hosts if `--force-handlers` is passed.\n"
    },
    {
      "author_login": "bcoca",
      "body": "rest seems OK, if you clear those minor issues and squash commits I'll merge\n"
    },
    {
      "author_login": "jder",
      "body": "@bcoca Thanks for the review. I've made those changes & squashed. \n\nDo you know if this will make it into 1.9.1? If not, we might want to change the version number referenced in the docs. \n"
    },
    {
      "author_login": "bcoca",
      "body": "so in my testing, this does make handlers execute for more cases but still not all cases\n\n```\n- hosts: localhost\n  gather_facts: False\n  tasks:\n    - shell: touch test0\n      notify: test0\n\n    - fail:\n\n  handlers:\n    - name: test0\n      shell: touch test0_{{inventory_hostname}}\n\n- hosts: locals\n  gather_facts: False\n  tasks:\n    - shell: touch test\n      notify: test1\n\n    - fail:\n      when: inventory_hostname == 'localhost'\n\n  handlers:\n    - name: test1\n      shell: touch test1_{{inventory_hostname}}\n\n- hosts: locals\n  gather_facts: False\n  tasks:\n    - shell: touch test2\n      notify: test2\n\n    - fail:\n\n  handlers:\n    - name: test2\n      shell: touch test2_{{inventory_hostname}}\n\n```\n\ninventory:\n\n```\n[locals]\n21  ; this one fails on connection\nlocalhost ansible_connection=local\nlocalhost2 ansible_connection=local\nlocalhost3 ansible_connection=local\n```\n\nw/o patch i don't get handler files for test2, but g4et localhost2 and 3 for test1 and localhost for test0. with the patch i also get l2&3 for test2 but not for localhost.\n"
    },
    {
      "author_login": "jder",
      "body": "That looks OK to me; I wouldn't expect to get test2 for localhost; localhost already failed in an earlier play, so it never runs the task with `notify: test2` in it.\n\nI'm \"jder\" in #ansible if you want to talk this over.\n"
    },
    {
      "author_login": "bcoca",
      "body": "true, not sure why i was expecting it there also\n"
    },
    {
      "author_login": "jder",
      "body": "Thanks, @bcoca!\n"
    },
    {
      "author_login": "bcoca",
      "body": "the better way to set the default is in the options parser definition, L#100\n",
      "file_path": "bin/ansible-playbook",
      "diff_hunk": "@@ -147,6 +147,10 @@ def main(args):\n     if options.skip_tags is not None:\n         skip_tags = options.skip_tags.split(\",\")\n \n+    force_handlers = C.DEFAULT_FORCE_HANDLERS",
      "comment_type": "review_comment"
    },
    {
      "author_login": "bcoca",
      "body": "no need to default x2\n",
      "file_path": "lib/ansible/playbook/__init__.py",
      "diff_hunk": "@@ -75,7 +75,7 @@ def __init__(self,\n         diff             = False,\n         any_errors_fatal = False,\n         vault_password   = False,\n-        force_handlers   = False,\n+        force_handlers   = C.DEFAULT_FORCE_HANDLERS,",
      "comment_type": "review_comment"
    },
    {
      "author_login": "jder",
      "body": "Yep, good point. I'll do this.\n",
      "file_path": "bin/ansible-playbook",
      "diff_hunk": "@@ -147,6 +147,10 @@ def main(args):\n     if options.skip_tags is not None:\n         skip_tags = options.skip_tags.split(\",\")\n \n+    force_handlers = C.DEFAULT_FORCE_HANDLERS",
      "comment_type": "review_comment"
    },
    {
      "author_login": "jder",
      "body": "Sorry, I was just matching the others like the become family, forks, etc, which have the default both in the parser level and then here again. Maybe that's just for historical reasons?\n",
      "file_path": "lib/ansible/playbook/__init__.py",
      "diff_hunk": "@@ -75,7 +75,7 @@ def __init__(self,\n         diff             = False,\n         any_errors_fatal = False,\n         vault_password   = False,\n-        force_handlers   = False,\n+        force_handlers   = C.DEFAULT_FORCE_HANDLERS,",
      "comment_type": "review_comment"
    },
    {
      "author_login": "bcoca",
      "body": "leave this as it was and we don't need lines 151-152\n",
      "file_path": "bin/ansible-playbook",
      "diff_hunk": "@@ -206,7 +210,7 @@ def main(args):\n             check=options.check,\n             diff=options.diff,\n             vault_password=vault_pass,\n-            force_handlers=options.force_handlers,\n+            force_handlers=force_handlers,",
      "comment_type": "review_comment"
    },
    {
      "author_login": "bcoca",
      "body": "no, become is .... complicated ....\n",
      "file_path": "lib/ansible/playbook/__init__.py",
      "diff_hunk": "@@ -75,7 +75,7 @@ def __init__(self,\n         diff             = False,\n         any_errors_fatal = False,\n         vault_password   = False,\n-        force_handlers   = False,\n+        force_handlers   = C.DEFAULT_FORCE_HANDLERS,",
      "comment_type": "review_comment"
    }
  ],
  "reviews": []
}