{
  "pr_number": 11032,
  "url": "https://github.com/ansible/ansible/pull/11032",
  "title": "basic: fix ValueError if value of a type='int' is not an int",
  "author_login": "resmo",
  "state": "MERGED",
  "merged_by_login": "bcoca",
  "body": "With this fix, we get a friendly error message:\n\n```\nfailed: [localhost] => {\"failed\": true}\nmsg: value of argument start_port is not of type int\n```\n",
  "labels": [
    "bug"
  ],
  "additions": 52,
  "deletions": 49,
  "changed_files_count": 1,
  "changed_files_list": [
    "ansible/module_utils/basic.py b/lib/ansible/module_utils/basic.py"
  ],
  "files": [
    {
      "file_path": "ansible/module_utils/basic.py b/lib/ansible/module_utils/basic.py",
      "status": "modified",
      "additions": 52,
      "deletions": 49,
      "file_diff": "diff --git a/lib/ansible/module_utils/basic.py b/lib/ansible/module_utils/basic.py\nindex 0c2e57f81a6d03..2116850e2bba7a 100644\n--- a/lib/ansible/module_utils/basic.py\n+++ b/lib/ansible/module_utils/basic.py\n@@ -1015,57 +1015,60 @@ def _check_argument_types(self):\n             value = self.params[k]\n             is_invalid = False\n \n-            if wanted == 'str':\n-                if not isinstance(value, basestring):\n-                    self.params[k] = str(value)\n-            elif wanted == 'list':\n-                if not isinstance(value, list):\n-                    if isinstance(value, basestring):\n-                        self.params[k] = value.split(\",\")\n-                    elif isinstance(value, int) or isinstance(value, float):\n-                        self.params[k] = [ str(value) ]\n-                    else:\n-                        is_invalid = True\n-            elif wanted == 'dict':\n-                if not isinstance(value, dict):\n-                    if isinstance(value, basestring):\n-                        if value.startswith(\"{\"):\n-                            try:\n-                                self.params[k] = json.loads(value)\n-                            except:\n-                                (result, exc) = self.safe_eval(value, dict(), include_exceptions=True)\n-                                if exc is not None:\n-                                    self.fail_json(msg=\"unable to evaluate dictionary for %s\" % k)\n-                                self.params[k] = result\n-                        elif '=' in value:\n-                            self.params[k] = dict([x.strip().split(\"=\", 1) for x in value.split(\",\")])\n+            try:\n+                if wanted == 'str':\n+                    if not isinstance(value, basestring):\n+                        self.params[k] = str(value)\n+                elif wanted == 'list':\n+                    if not isinstance(value, list):\n+                        if isinstance(value, basestring):\n+                            self.params[k] = value.split(\",\")\n+                        elif isinstance(value, int) or isinstance(value, float):\n+                            self.params[k] = [ str(value) ]\n                         else:\n-                            self.fail_json(msg=\"dictionary requested, could not parse JSON or key=value\")\n-                    else:\n-                        is_invalid = True\n-            elif wanted == 'bool':\n-                if not isinstance(value, bool):\n-                    if isinstance(value, basestring):\n-                        self.params[k] = self.boolean(value)\n-                    else:\n-                        is_invalid = True\n-            elif wanted == 'int':\n-                if not isinstance(value, int):\n-                    if isinstance(value, basestring):\n-                        self.params[k] = int(value)\n-                    else:\n-                        is_invalid = True\n-            elif wanted == 'float':\n-                if not isinstance(value, float):\n-                    if isinstance(value, basestring):\n-                        self.params[k] = float(value)\n-                    else:\n-                        is_invalid = True\n-            else:\n-                self.fail_json(msg=\"implementation error: unknown type %s requested for %s\" % (wanted, k))\n+                            is_invalid = True\n+                elif wanted == 'dict':\n+                    if not isinstance(value, dict):\n+                        if isinstance(value, basestring):\n+                            if value.startswith(\"{\"):\n+                                try:\n+                                    self.params[k] = json.loads(value)\n+                                except:\n+                                    (result, exc) = self.safe_eval(value, dict(), include_exceptions=True)\n+                                    if exc is not None:\n+                                        self.fail_json(msg=\"unable to evaluate dictionary for %s\" % k)\n+                                    self.params[k] = result\n+                            elif '=' in value:\n+                                self.params[k] = dict([x.strip().split(\"=\", 1) for x in value.split(\",\")])\n+                            else:\n+                                self.fail_json(msg=\"dictionary requested, could not parse JSON or key=value\")\n+                        else:\n+                            is_invalid = True\n+                elif wanted == 'bool':\n+                    if not isinstance(value, bool):\n+                        if isinstance(value, basestring):\n+                            self.params[k] = self.boolean(value)\n+                        else:\n+                            is_invalid = True\n+                elif wanted == 'int':\n+                    if not isinstance(value, int):\n+                        if isinstance(value, basestring):\n+                            self.params[k] = int(value)\n+                        else:\n+                            is_invalid = True\n+                elif wanted == 'float':\n+                    if not isinstance(value, float):\n+                        if isinstance(value, basestring):\n+                            self.params[k] = float(value)\n+                        else:\n+                            is_invalid = True\n+                else:\n+                    self.fail_json(msg=\"implementation error: unknown type %s requested for %s\" % (wanted, k))\n \n-            if is_invalid:\n-                self.fail_json(msg=\"argument %s is of invalid type: %s, required: %s\" % (k, type(value), wanted))\n+                if is_invalid:\n+                    self.fail_json(msg=\"argument %s is of invalid type: %s, required: %s\" % (k, type(value), wanted))\n+            except ValueError, e:\n+                self.fail_json(msg=\"value of argument %s is not of type %s and we were unable to automatically convert\" % (k, wanted))\n \n     def _set_defaults(self, pre=True):\n         for (k,v) in self.argument_spec.iteritems():\n"
    }
  ],
  "comments": [
    {
      "author_login": "bcoca",
      "body": "templted to add 'and we were unable to automatically convert'\n"
    },
    {
      "author_login": "resmo",
      "body": "done\n"
    }
  ],
  "reviews": []
}