{
  "pr_number": 10916,
  "url": "https://github.com/ansible/ansible/pull/10916",
  "title": "add azure integration tests",
  "author_login": "chrismeyersfsu",
  "state": "MERGED",
  "merged_by_login": "bcoca",
  "body": "Succeeds with azure PR https://github.com/ansible/ansible-modules-core/pull/1187\n",
  "labels": [
    "cloud",
    "feature"
  ],
  "additions": 95,
  "deletions": 1,
  "changed_files_count": 6,
  "changed_files_list": [
    "test/integration/azure.yml",
    "test/integration/cleanup_azure.py",
    "test/integration/credentials.template",
    "test/integration/roles/test_azure/defaults/main.yml",
    "test/integration/roles/test_azure/tasks/main.yml"
  ],
  "files": [
    {
      "file_path": "test/integration/azure.yml",
      "status": "added",
      "additions": 7,
      "deletions": 0,
      "file_diff": "diff --git a/test/integration/azure.yml b/test/integration/azure.yml\nnew file mode 100644\nindex 00000000000000..4fceb2a13e7538\n--- /dev/null\n+++ b/test/integration/azure.yml\n@@ -0,0 +1,7 @@\n+- hosts: localhost\n+  connection: local\n+  gather_facts: no\n+  tags:\n+    - test_azure\n+  roles:\n+    - { role: test_azure }"
    },
    {
      "file_path": "test/integration/cleanup_azure.py",
      "status": "added",
      "additions": 1,
      "deletions": 0,
      "file_diff": "diff --git a/test/integration/cleanup_azure.py b/test/integration/cleanup_azure.py\nnew file mode 100644\nindex 00000000000000..8b137891791fe9\n--- /dev/null\n+++ b/test/integration/cleanup_azure.py\n@@ -0,0 +1 @@\n+"
    },
    {
      "file_path": "test/integration/credentials.template",
      "status": "modified",
      "additions": 4,
      "deletions": 0,
      "file_diff": "diff --git a/test/integration/credentials.template b/test/integration/credentials.template\nindex 4894f5827b3ff5..78594aca97cc8b 100644\n--- a/test/integration/credentials.template\n+++ b/test/integration/credentials.template\n@@ -13,5 +13,9 @@ service_account_email:\n pem_file:\n project_id:\n \n+# Azure Credentials\n+azure_subscription_id:\n+azure_cert_path:\n+\n # GITHUB SSH private key - a path to a SSH private key for use with github.com\n github_ssh_private_key: \"{{ lookup('env','HOME') }}/.ssh/id_rsa\""
    },
    {
      "file_path": "test/integration/roles/test_azure/defaults/main.yml",
      "status": "added",
      "additions": 10,
      "deletions": 0,
      "file_diff": "diff --git a/test/integration/roles/test_azure/defaults/main.yml b/test/integration/roles/test_azure/defaults/main.yml\nnew file mode 100644\nindex 00000000000000..01018a9f7fd9cf\n--- /dev/null\n+++ b/test/integration/roles/test_azure/defaults/main.yml\n@@ -0,0 +1,10 @@\n+---\n+# defaults file for test_azure\n+instance_name: \"{{ resource_prefix|lower }}\"\n+cert_path: \"{{ azure_cert_path }}\"\n+subscription_id: \"{{ azure_subscription_id }}\"\n+storage_account: \"{{ azure_storage_account|default('ansibleeast') }}\"\n+role_size: \"{{ azure_role_size|default('Basic_A0') }}\"\n+user: \"{{ azure_user|default('ansible_user') }}\"\n+location: \"{{ azure_location|default('East US') }}\"\n+password: \"{{ azure_password|default('abc123Q%') }}\""
    },
    {
      "file_path": "test/integration/roles/test_azure/tasks/main.yml",
      "status": "added",
      "additions": 63,
      "deletions": 0,
      "file_diff": "diff --git a/test/integration/roles/test_azure/tasks/main.yml b/test/integration/roles/test_azure/tasks/main.yml\nnew file mode 100644\nindex 00000000000000..cba93e3d65c1b0\n--- /dev/null\n+++ b/test/integration/roles/test_azure/tasks/main.yml\n@@ -0,0 +1,63 @@\n+# TODO: Implement create storage account feature. Currently, storage_account must be manually created on azure account.\n+# TODO: When more granular azure operations are implemented (i.e. list disk, list cloud services, etc). Use the\n+# fine-grain listings to ensure higher level operations are performed.\n+# ============================================================\n+- name: test with no credentials\n+  azure:\n+  register: result\n+  ignore_errors: true\n+\n+- name: assert failure when called with no credentials\n+  assert:\n+    that:\n+       - 'result.failed'\n+       - 'result.msg == \"No subscription_id provided. Please set ''AZURE_SUBSCRIPTION_ID'' or use the ''subscription_id'' parameter\"'\n+\n+# ============================================================\n+- name: test credentials\n+  azure:\n+    subscription_id: \"{{ subscription_id }}\"\n+    management_cert_path: \"{{ cert_path }}\"\n+  register: result\n+  ignore_errors: true\n+\n+- name: assert failure when called with credentials and no parameters\n+  assert:\n+    that:\n+       - 'result.failed'\n+       - 'result.msg == \"name parameter is required for new instance\"'\n+\n+# ============================================================\n+- name: test status=Running (expected changed=true)\n+  azure:\n+    subscription_id: \"{{ subscription_id }}\"\n+    management_cert_path: \"{{ cert_path }}\"\n+    name: \"{{ instance_name }}\"\n+    image: \"b39f27a8b8c64d52b05eac6a62ebad85__Ubuntu-12_04_4-LTS-amd64-server-20140514-en-us-30GB\"\n+    storage_account: \"{{ storage_account }}\"\n+    user: \"{{ user }}\"\n+    role_size: \"{{ role_size }}\"\n+    password: \"{{ password }}\"\n+    location: \"{{ location }}\"\n+    wait: yes\n+    state: present\n+  register: result\n+\n+- name: assert state=Running (expected changed=true)\n+  assert:\n+    that:\n+       - 'result.changed'\n+       - 'result.deployment.name == \"{{ instance_name }}\"'\n+       - 'result.deployment.status == \"Running\"'\n+\n+# ============================================================\n+- name: test state=absent (expected changed=true)\n+  azure:\n+    subscription_id: \"{{ subscription_id }}\"\n+    management_cert_path: \"{{ cert_path }}\"\n+    name: \"{{ instance_name }}\"\n+    #storage_account: \"{{ storage_account }}\"\n+    #location: \"{{ location }}\"\n+    wait: yes\n+    state: absent\n+  register: result\n"
    }
  ],
  "comments": [],
  "reviews": []
}