{
  "pr_number": 1157,
  "url": "https://github.com/ansible/ansible/pull/1157",
  "title": "module docs: fixed rst template",
  "author_login": "jpmens",
  "state": "MERGED",
  "merged_by_login": "mpdehaan",
  "body": "- notes is now supported\n- multiline code examples are now supported (HTML rendering was off)\n",
  "labels": [],
  "additions": 12,
  "deletions": 3,
  "changed_files_count": 1,
  "changed_files_list": [
    "hacking/templates/rst.j2"
  ],
  "files": [
    {
      "file_path": "hacking/templates/rst.j2",
      "status": "modified",
      "additions": 12,
      "deletions": 3,
      "file_diff": "diff --git a/hacking/templates/rst.j2 b/hacking/templates/rst.j2\nindex 6a2108a638f4ee..f67e05339bcb2f 100644\n--- a/hacking/templates/rst.j2\n+++ b/hacking/templates/rst.j2\n@@ -18,7 +18,7 @@\n @{ desc | jpfunc }@ \n {% endfor %}\n \n-{% if options is defined -%}\n+{% if options -%}\n .. raw:: html\n \n     <table>\n@@ -33,7 +33,7 @@\n     <tr>\n     <td>@{ k }@</td>\n     <td>@{ v.get('required',False) }@</td>\n-    <td>@{ v['default'] }@</td>\n+    <td>{% if v['default'] %}@{ v['default'] }@{% endif %}</td>\n     <td><ul>{% for choice in v.get('choices',[]) -%}<li>@{ choice }@</li>{% endfor -%}</ul></td>\n     <td>{% for desc in v.description -%}@{ desc | html_ify }@{% endfor -%}</td>\n     </tr>\n@@ -46,8 +46,17 @@\n {% for example in examples %}\n     {% if example['description'] %}<p>@{ example['description'] | html_ify }@</p>{% endif %}\n     <p><pre>\n-    @{ example['code'] }@</pre></p>\n+    @{ example['code'] }@\n+    </pre></p>\n {% endfor %}\n     <br/>\n \n+{% if notes %}\n+.. raw:: html\n+\n+    <h4>Notes</h4>\n+    {% for note in notes %}\n+    <p>@{ note | html_ify }@</p>\n+    {% endfor %}\n+{% endif %}\n \n"
    }
  ],
  "comments": [
    {
      "author_login": "mpdehaan",
      "body": "Great, thanks!\n"
    }
  ],
  "reviews": []
}