{
  "pr_number": 10928,
  "url": "https://github.com/ansible/ansible/pull/10928",
  "title": "Use same interpreter for test-module and module it runs",
  "author_login": "gimoh",
  "state": "MERGED",
  "merged_by_login": "bcoca",
  "body": "Default python interpreter to the same interpreter the test-module\nscript is executed with.  This is so that the interpreter doesn't have\nto be specified twice in the command when using non-default python\n(e.g. `/path/to/python ./hacking/test-module -I python=/path/to/python ...`)\n",
  "labels": [
    "bug"
  ],
  "additions": 2,
  "deletions": 1,
  "changed_files_count": 1,
  "changed_files_list": [
    "hacking/test-module"
  ],
  "files": [
    {
      "file_path": "hacking/test-module",
      "status": "modified",
      "additions": 2,
      "deletions": 1,
      "file_diff": "diff --git a/hacking/test-module b/hacking/test-module\nindex c226f32e889906..44b49b06b9e261 100755\n--- a/hacking/test-module\n+++ b/hacking/test-module\n@@ -59,7 +59,8 @@ def parse():\n         help=\"path to python debugger (e.g. /usr/bin/pdb)\")\n     parser.add_option('-I', '--interpreter', dest='interpreter',\n         help=\"path to interpreter to use for this module (e.g. ansible_python_interpreter=/usr/bin/python)\",\n-        metavar='INTERPRETER_TYPE=INTERPRETER_PATH')\n+        metavar='INTERPRETER_TYPE=INTERPRETER_PATH',\n+        default='python={}'.format(sys.executable))\n     parser.add_option('-c', '--check', dest='check', action='store_true',\n         help=\"run the module in check mode\")\n     options, args = parser.parse_args()\n"
    }
  ],
  "comments": [],
  "reviews": []
}