{
  "pr_number": 10316,
  "url": "https://github.com/ansible/ansible/pull/10316",
  "title": "plaintext https transport connecting over http",
  "author_login": "whereismyjetpack",
  "state": "MERGED",
  "merged_by_login": "bcoca",
  "body": "fixes https transport but where if using https winrm via plaintext auth ansible attempts to connect over http instead\n",
  "labels": [
    "P2",
    "windows",
    "bug"
  ],
  "additions": 1,
  "deletions": 1,
  "changed_files_count": 1,
  "changed_files_list": [
    "ansible/runner/connection_plugins/winrm.py b/lib/ansible/runner/connection_plugins/winrm.py"
  ],
  "files": [
    {
      "file_path": "ansible/runner/connection_plugins/winrm.py b/lib/ansible/runner/connection_plugins/winrm.py",
      "status": "modified",
      "additions": 1,
      "deletions": 1,
      "file_diff": "diff --git a/lib/ansible/runner/connection_plugins/winrm.py b/lib/ansible/runner/connection_plugins/winrm.py\nindex 79e7ed588904f9..93145e46968713 100644\n--- a/lib/ansible/runner/connection_plugins/winrm.py\n+++ b/lib/ansible/runner/connection_plugins/winrm.py\n@@ -56,7 +56,7 @@ class Connection(object):\n \n     transport_schemes = {\n         'http': [('kerberos', 'http'), ('plaintext', 'http'), ('plaintext', 'https')],\n-        'https': [('kerberos', 'https'), ('plaintext', 'http'), ('plaintext', 'https')],\n+        'https': [('kerberos', 'https'), ('plaintext', 'https')],\n         }\n \n     def __init__(self,  runner, host, port, user, password, *args, **kwargs):\n"
    }
  ],
  "comments": [],
  "reviews": []
}