{
  "pr_number": 10001,
  "url": "https://github.com/ansible/ansible/pull/10001",
  "title": "Small spelling fix for Rax docs",
  "author_login": "major",
  "state": "MERGED",
  "merged_by_login": "abadger",
  "body": "Toughest pull request ever made. :trollface: \n",
  "labels": [],
  "additions": 1,
  "deletions": 1,
  "changed_files_count": 1,
  "changed_files_list": [
    "docsite/rst/guide_rax.rst"
  ],
  "files": [
    {
      "file_path": "docsite/rst/guide_rax.rst",
      "status": "modified",
      "additions": 1,
      "deletions": 1,
      "file_diff": "diff --git a/docsite/rst/guide_rax.rst b/docsite/rst/guide_rax.rst\nindex d00a090fa3948e..2a2f415e698589 100644\n--- a/docsite/rst/guide_rax.rst\n+++ b/docsite/rst/guide_rax.rst\n@@ -163,7 +163,7 @@ In Ansible it is quite possible to use multiple dynamic inventory plugins along\n rax.py\n ++++++\n \n-To use the rackspace dynamic inventory script, copy ``rax.py`` into your inventory directory and make it executable. You can specify a credentails file for ``rax.py`` utilizing the ``RAX_CREDS_FILE`` environment variable.\n+To use the rackspace dynamic inventory script, copy ``rax.py`` into your inventory directory and make it executable. You can specify a credentials file for ``rax.py`` utilizing the ``RAX_CREDS_FILE`` environment variable.\n \n .. note:: Dynamic inventory scripts (like ``rax.py``) are saved in ``/usr/share/ansible/inventory`` if Ansible has been installed globally.  If installed to a virtualenv, the inventory scripts are installed to ``$VIRTUALENV/share/inventory``.\n \n"
    }
  ],
  "comments": [
    {
      "author_login": "abadger",
      "body": "Oh my, I think I may need to get a second opinion before merging this! ;-)\n"
    },
    {
      "author_login": "abadger",
      "body": "Thanks!  Every little bit helps!\n\n# Merged\n\nHi!\n\nThis has been merged in, and will also be included in the next major release.\n\nIf you or anyone else has any further questions, please let us know by stopping by one of the two mailing lists, as appropriate:\n- https://groups.google.com/forum/#!forum/ansible-project - for user questions, tips, and tricks\n- https://groups.google.com/forum/#!forum/ansible-devel - for strategy, future planning, and questions about writing code\n\nBecause this project is very active, we're unlikely to see comments made on closed tickets, but the mailing list is a great way to ask questions, or post if you don't think this particular\nissue is resolved.\n\nThank you!\n"
    }
  ],
  "reviews": []
}