{
  "pr_number": 11166,
  "url": "https://github.com/ansible/ansible/pull/11166",
  "title": "Fixed Github examples directory URL",
  "author_login": "JavierMartinz",
  "state": "MERGED",
  "merged_by_login": "bcoca",
  "body": "",
  "labels": [
    "docs"
  ],
  "additions": 1,
  "deletions": 1,
  "changed_files_count": 1,
  "changed_files_list": [
    "docsite/rst/YAMLSyntax.rst"
  ],
  "files": [
    {
      "file_path": "docsite/rst/YAMLSyntax.rst",
      "status": "modified",
      "additions": 1,
      "deletions": 1,
      "file_diff": "diff --git a/docsite/rst/YAMLSyntax.rst b/docsite/rst/YAMLSyntax.rst\nindex d3eb843523173b..76683f6ba3b4e0 100644\n--- a/docsite/rst/YAMLSyntax.rst\n+++ b/docsite/rst/YAMLSyntax.rst\n@@ -107,7 +107,7 @@ with a \"{\", YAML will think it is a dictionary, so you must quote it, like so::\n        Learn what playbooks can do and how to write/run them.\n    `YAMLLint <http://yamllint.com/>`_\n        YAML Lint (online) helps you debug YAML syntax if you are having problems\n-   `Github examples directory <https://github.com/ansible/ansible/tree/devel/examples/playbooks>`_\n+   `Github examples directory <https://github.com/ansible/ansible-examples>`_\n        Complete playbook files from the github project source\n    `Mailing List <http://groups.google.com/group/ansible-project>`_\n        Questions? Help? Ideas?  Stop by the list on Google Groups\n"
    }
  ],
  "comments": [],
  "reviews": []
}