{
  "pr_number": 10705,
  "url": "https://github.com/ansible/ansible/pull/10705",
  "title": "Add another error, who seems to be all over the place",
  "author_login": "mscherer",
  "state": "MERGED",
  "merged_by_login": "bcoca",
  "body": "For example, on https://github.com/ansible/ansible/blob/devel/v2/ansible/parsing/__init__.py#L141\n",
  "labels": [
    "feature"
  ],
  "additions": 4,
  "deletions": 0,
  "changed_files_count": 1,
  "changed_files_list": [
    "v2/ansible/errors/__init__.py"
  ],
  "files": [
    {
      "file_path": "v2/ansible/errors/__init__.py",
      "status": "modified",
      "additions": 4,
      "deletions": 0,
      "file_diff": "diff --git a/v2/ansible/errors/__init__.py b/v2/ansible/errors/__init__.py\nindex 04beb2b3caf005..453e63de6e3c3b 100644\n--- a/v2/ansible/errors/__init__.py\n+++ b/v2/ansible/errors/__init__.py\n@@ -171,3 +171,7 @@ class AnsibleUndefinedVariable(AnsibleRuntimeError):\n class AnsibleFileNotFound(AnsibleRuntimeError):\n     ''' a file missing failure '''\n     pass\n+\n+class AnsibleParserError(AnsibleRuntimeError):\n+    ''' a parser error '''\n+    pass\n"
    }
  ],
  "comments": [],
  "reviews": []
}