{
  "pr_number": 11280,
  "url": "https://github.com/ansible/ansible/pull/11280",
  "title": "Update syslog_json.py",
  "author_login": "Vebryn",
  "state": "MERGED",
  "merged_by_login": "bcoca",
  "body": "localhost is better than locahost, small fix for better life ;)\n",
  "labels": [
    "bug"
  ],
  "additions": 1,
  "deletions": 1,
  "changed_files_count": 1,
  "changed_files_list": [
    "plugins/callbacks/syslog_json.py"
  ],
  "files": [
    {
      "file_path": "plugins/callbacks/syslog_json.py",
      "status": "modified",
      "additions": 1,
      "deletions": 1,
      "file_diff": "diff --git a/plugins/callbacks/syslog_json.py b/plugins/callbacks/syslog_json.py\nindex 5ab764acfe754b..8e0b3e40916364 100644\n--- a/plugins/callbacks/syslog_json.py\n+++ b/plugins/callbacks/syslog_json.py\n@@ -22,7 +22,7 @@ def __init__(self):\n         self.logger.setLevel(logging.DEBUG)\n \n         self.handler = logging.handlers.SysLogHandler(\n-            address = (os.getenv('SYSLOG_SERVER','locahost'),\n+            address = (os.getenv('SYSLOG_SERVER','localhost'),\n                        os.getenv('SYSLOG_PORT',514)), \n             facility=logging.handlers.SysLogHandler.LOG_USER\n         )\n"
    }
  ],
  "comments": [],
  "reviews": []
}