{
  "pr_number": 10087,
  "url": "https://github.com/ansible/ansible/pull/10087",
  "title": "fix checksum calculation for large files",
  "author_login": "axos88",
  "state": "MERGED",
  "merged_by_login": "abadger",
  "body": "Fixes https://github.com/ansible/ansible/issues/10086 - now reading files in chunks\n",
  "labels": [
    "needs_revision",
    "P2",
    "bug"
  ],
  "additions": 2,
  "deletions": 2,
  "changed_files_count": 2,
  "changed_files_list": [
    "v2/ansible/plugins/shell/sh.py"
  ],
  "files": [
    {
      "file_path": "v2/ansible/plugins/shell/sh.py",
      "status": "modified",
      "additions": 1,
      "deletions": 1,
      "file_diff": "diff --git a/v2/ansible/plugins/shell/sh.py b/v2/ansible/plugins/shell/sh.py\nindex c43a8e725cda59..ce21458852010d 100644\n--- a/v2/ansible/plugins/shell/sh.py\n+++ b/v2/ansible/plugins/shell/sh.py\n@@ -98,7 +98,7 @@ def checksum(self, path, python_interp):\n \n         test = \"rc=flag; [ -r \\'%(p)s\\' ] || rc=2; [ -f \\'%(p)s\\' ] || rc=1; [ -d \\'%(p)s\\' ] && rc=3; %(i)s -V 2>/dev/null || rc=4; [ x\\\"$rc\\\" != \\\"xflag\\\" ] && echo \\\"${rc}\\\"\\'  %(p)s\\' && exit 0\" % dict(p=path, i=python_interp)\n         csums = [\n-            \"(%s -c 'import hashlib; print(hashlib.sha1(open(\\\"%s\\\", \\\"rb\\\").read()).hexdigest())' 2>/dev/null)\" % (python_interp, path),      # Python > 2.4 (including python3)\n+            \"(%s -c 'import hashlib; BLOCKSIZE = 65536; hasher = hashlib.sha1();\\nafile = open(\\\"%s\\\", \\\"rb\\\")\\nbuf = afile.read(BLOCKSIZE)\\nwhile len(buf) > 0:\\n\\thasher.update(buf)\\n\\tbuf = afile.read(BLOCKSIZE)\\nafile.close()\\nprint(hasher.hexdigest())' 2>/dev/null)\" % (python_interp, path),      # Python > 2.4 (including python3)\n             \"(%s -c 'import sha; print(sha.sha(open(\\\"%s\\\", \\\"rb\\\").read()).hexdigest())' 2>/dev/null)\" % (python_interp, path),        # Python == 2.4\n         ]\n \n"
    }
  ],
  "comments": [
    {
      "author_login": "abadger",
      "body": "Hmm...  Two comments that are tied together:\n- Python2.4 doesn't have the with statement.  (It doesn't have hashlib in the stdlib either but there is a hashlib backport on pypi that may be installed on the machines).  If we can avoid the with statementthen we should.\n- If we can make a version that doesn't use the with statement then we should also apply the fix to the import sha version of the code.\n\nAlso -- I wasn't able to get the \\n syntax to work with python -c from my shell.  Are you sure that it works?  I found an answer on stackoverflow that might let things work via exec: http://stackoverflow.com/questions/2043453/executing-python-multi-line-statements-in-the-one-line-command-line\n"
    },
    {
      "author_login": "axos88",
      "body": "Yeah - i wasn't able to get it working from my shell either, but I am now using this patch, so yeah it works.\nProbably what happens is bash does not actuall translate the \\n-s into newlines, but the python interpolator does.\n"
    },
    {
      "author_login": "axos88",
      "body": "I'll try to rewrite this without the with statement, sorry, i'm not very familiar with python.\n"
    },
    {
      "author_login": "abadger",
      "body": "I think something similar to this will work:\n\npython -c 'exec(\"import hashlib; BLOCKSIZE = 65536; hasher = hashlib.sha1();afile = open(\\\"%s\\\", \\\"rb\\\", BLOCKSIZE)\\nbuf = afile.read(BLOCKSIZE)\\nwhile buf:\\n\\tbuf = afile.read(BLOCKSIZE)\\n\\thasher.update(buf)\\nprint(hasher.hexdigest())\")'\n"
    },
    {
      "author_login": "abadger",
      "body": "Thanks @axos88! \n\n# Merged\n\nHi!\n\nThis has been merged in, and will also be included in the next major release.\n\nIf you or anyone else has any further questions, please let us know by stopping by one of the two mailing lists, as appropriate:\n- https://groups.google.com/forum/#!forum/ansible-project - for user questions, tips, and tricks\n- https://groups.google.com/forum/#!forum/ansible-devel - for strategy, future planning, and questions about writing code\n\nBecause this project is very active, we're unlikely to see comments made on closed tickets, but the mailing list is a great way to ask questions, or post if you don't think this particular\nissue is resolved.\n\nThank you!\n"
    }
  ],
  "reviews": []
}