{
  "pr_number": 11513,
  "url": "https://github.com/ansible/ansible/pull/11513",
  "title": "Update intro_inventory.rst",
  "author_login": "jaceklaskowski",
  "state": "MERGED",
  "merged_by_login": "bcoca",
  "body": "Minor fix for consistency (and more engaging language :))\n",
  "labels": [
    "docs"
  ],
  "additions": 1,
  "deletions": 1,
  "changed_files_count": 1,
  "changed_files_list": [
    "docsite/rst/intro_inventory.rst"
  ],
  "files": [
    {
      "file_path": "docsite/rst/intro_inventory.rst",
      "status": "modified",
      "additions": 1,
      "deletions": 1,
      "file_diff": "diff --git a/docsite/rst/intro_inventory.rst b/docsite/rst/intro_inventory.rst\nindex 70709890cd08f8..f3d8b0cdc510e2 100644\n--- a/docsite/rst/intro_inventory.rst\n+++ b/docsite/rst/intro_inventory.rst\n@@ -240,7 +240,7 @@ Examples from a host file::\n    :doc:`intro_adhoc`\n        Examples of basic commands\n    :doc:`playbooks`\n-       Learning ansible's configuration management language\n+       Learning Ansible’s configuration, deployment, and orchestration language.\n    `Mailing List <http://groups.google.com/group/ansible-project>`_\n        Questions? Help? Ideas?  Stop by the list on Google Groups\n    `irc.freenode.net <http://irc.freenode.net>`_\n"
    }
  ],
  "comments": [],
  "reviews": []
}