{
  "pr_number": 1114,
  "url": "https://github.com/ansible/ansible/pull/1114",
  "title": "Create a string parser for varReplace instead of using re",
  "author_login": "dhozac",
  "state": "MERGED",
  "merged_by_login": "mpdehaan",
  "body": "This fixes a few issues,\n- ${foo}${bar} would be parsed as a variable named foo}${bar,\n  which wouldn't be easily fixed without breaking ${foo.${bar}}\n- allows escaping . in variable parts so e.g.\n  ${hostvars.{test.example.com}.foo} works\n\nThis is slower than using re. 3 million templating calls take about\nabout twice as long to complete with this compared to the regexp,\nfrom ~65 seconds to ~115 seconds on my laptop.\n",
  "labels": [],
  "additions": 71,
  "deletions": 9,
  "changed_files_count": 2,
  "changed_files_list": [
    "test/TestUtils.py"
  ],
  "files": [
    {
      "file_path": "test/TestUtils.py",
      "status": "modified",
      "additions": 23,
      "deletions": 0,
      "file_diff": "diff --git a/test/TestUtils.py b/test/TestUtils.py\nindex 6537da1b93a6c7..f1b06c55429bcb 100644\n--- a/test/TestUtils.py\n+++ b/test/TestUtils.py\n@@ -261,6 +261,29 @@ def test_varReplace_repr_nonstr(self):\n         res = ansible.utils.varReplace(template, vars, do_repr=True)\n         assert res == 'True == 1L'\n \n+    def test_varReplace_consecutive_vars(self):\n+        vars = {\n+            'foo': 'foo',\n+            'bar': 'bar',\n+        }\n+\n+        template = '${foo}${bar}'\n+        res = ansible.utils.varReplace(template, vars)\n+        assert res == 'foobar'\n+\n+    def test_varReplace_escape_dot(self):\n+        vars = {\n+            'hostvars': {\n+                'test.example.com': {\n+                    'foo': 'bar',\n+                },\n+            },\n+        }\n+\n+        template = '${hostvars.{test.example.com}.foo}'\n+        res = ansible.utils.varReplace(template, vars)\n+        assert res == 'bar'\n+\n     def test_template_varReplace_iterated(self):\n         template = 'hello $who'\n         vars = {\n"
    }
  ],
  "comments": [
    {
      "author_login": "mpdehaan",
      "body": "escaped dots!   outstanding.\n\nI am not merging this just yet as I want to put it through some manual testing paces, though this looks quite solid.  Thanks!\n"
    },
    {
      "author_login": "mpdehaan",
      "body": "Interestingly, I get test failures from this on CentOS 6.2:\n\n   ======================================================================\n   FAIL: test_varReplace_include (TestUtils.TestUtils)\n\n---\n\n   Traceback (most recent call last):\n      File \"/home/mdehaan/ansible/test/TestUtils.py\", line 303, in test_varReplace_include\n        assert res == u'hello world\\n'\n    AssertionError\n\n   ======================================================================\n   FAIL: test_varReplace_include_script (TestUtils.TestUtils)\n\n---\n\n   Traceback (most recent call last):\n     File \"/home/mdehaan/ansible/test/TestUtils.py\", line 310, in test_varReplace_include_script\n       assert res == u'hello world\\n'\n   AssertionError\n\n---\n\n   Ran 63 tests in 88.817s\n"
    },
    {
      "author_login": "mpdehaan",
      "body": "It's dropping newlines, apparently\n\n> >  assert u'hello world' == u'hello world\\n'\n"
    },
    {
      "author_login": "mpdehaan",
      "body": "I think this is from the other patch, also not sure it's a real problem or not\n\nedit: it is the other patch, nm!\n"
    },
    {
      "author_login": "mpdehaan",
      "body": "seems good in my testing, we will find out shortly if anyone yells :)\n\nspeed does not seem to be a factor if 60sec in 3 million is all it is.  We should not be making 3 million template calls :)\n"
    },
    {
      "author_login": "dhozac",
      "body": "Yeah, speed shouldn't be an issue. I just saw it as a potential problem and ran the tests, figured I should share the results.\n\nI think stripping the newlines is the right way to go, I initially didn't to be consistent with the Jinja2 things, but it doesn't really make sense.\n"
    }
  ],
  "reviews": []
}