{
  "pr_number": 11628,
  "url": "https://github.com/ansible/ansible/pull/11628",
  "title": "fix AnsibleError object name in subelements plugin",
  "author_login": "srgvg",
  "state": "MERGED",
  "merged_by_login": "bcoca",
  "body": "fixes #11624\n",
  "labels": [
    "P2",
    "bug"
  ],
  "additions": 5,
  "deletions": 5,
  "changed_files_count": 1,
  "changed_files_list": [
    "ansible/plugins/lookup/subelements.py b/lib/ansible/plugins/lookup/subelements.py"
  ],
  "files": [
    {
      "file_path": "ansible/plugins/lookup/subelements.py b/lib/ansible/plugins/lookup/subelements.py",
      "status": "modified",
      "additions": 5,
      "deletions": 5,
      "file_diff": "diff --git a/lib/ansible/plugins/lookup/subelements.py b/lib/ansible/plugins/lookup/subelements.py\nindex b934a053ebf36d..d8c2b1086e389c 100644\n--- a/lib/ansible/plugins/lookup/subelements.py\n+++ b/lib/ansible/plugins/lookup/subelements.py\n@@ -30,7 +30,7 @@ class LookupModule(LookupBase):\n     def run(self, terms, variables, **kwargs):\n \n         def _raise_terms_error(msg=\"\"):\n-            raise errors.AnsibleError(\n+            raise AnsibleError(\n                 \"subelements lookup expects a list of two or three items, \"\n                 + msg)\n         terms = listify_lookup_plugin_terms(terms, variables, loader=self._loader)\n@@ -66,7 +66,7 @@ def _raise_terms_error(msg=\"\"):\n         ret = []\n         for item0 in elementlist:\n             if not isinstance(item0, dict):\n-                raise errors.AnsibleError(\"subelements lookup expects a dictionary, got '%s'\" % item0)\n+                raise AnsibleError(\"subelements lookup expects a dictionary, got '%s'\" % item0)\n             if item0.get('skipped', False) is not False:\n                 # this particular item is to be skipped\n                 continue\n@@ -82,18 +82,18 @@ def _raise_terms_error(msg=\"\"):\n                     if skip_missing:\n                         continue\n                     else:\n-                        raise errors.AnsibleError(\"could not find '%s' key in iterated item '%s'\" % (subkey, subvalue))\n+                        raise AnsibleError(\"could not find '%s' key in iterated item '%s'\" % (subkey, subvalue))\n                 if not lastsubkey:\n                     if not isinstance(subvalue[subkey], dict):\n                         if skip_missing:\n                             continue\n                         else:\n-                            raise errors.AnsibleError(\"the key %s should point to a dictionary, got '%s'\" % (subkey, subvalue[subkey]))\n+                            raise AnsibleError(\"the key %s should point to a dictionary, got '%s'\" % (subkey, subvalue[subkey]))\n                     else:\n                         subvalue = subvalue[subkey]\n                 else:  # lastsubkey\n                     if not isinstance(subvalue[subkey], list):\n-                        raise errors.AnsibleError(\"the key %s should point to a list, got '%s'\" % (subkey, subvalue[subkey]))\n+                        raise AnsibleError(\"the key %s should point to a list, got '%s'\" % (subkey, subvalue[subkey]))\n                     else:\n                         sublist = subvalue.pop(subkey, [])\n             for item1 in sublist:\n"
    }
  ],
  "comments": [],
  "reviews": []
}