{
  "pr_number": 10580,
  "url": "https://github.com/ansible/ansible/pull/10580",
  "title": "Possible fix for the first newline and triple newline problems",
  "author_login": "abadger",
  "state": "MERGED",
  "merged_by_login": "abadger",
  "body": "Potential fix for failing unittests.  Currently if we give parse_kv `u'a=\"multiline\\nmessage1\\\\\\n\" b=\"multiline\\nmessage2\\\\\\n\"'`\n\nWe get this failure:\n\n```\n======================================================================\nFAIL: test.parsing.test_splitter.TestSplitter_Gen.test_split_args(u'a=\"multiline\\nmessage1\\\\\\n\" b=\"multiline\\nmessage2\\\\\\n\"', [u'a=\"multiline\\nmessage1\\\\\\n\"', u'b=\"multiline\\nmessage2\\\\\\n\"'])\n----------------------------------------------------------------------\nTraceback (most recent call last):\n  File \"/usr/lib/python2.7/site-packages/nose/case.py\", line 197, in runTest\n    self.test(*self.arg)\n  File \"/srv/ansible/ansible-friday/v2/test/parsing/test_splitter.py\", line 96, in check_split_args\n    tools.eq_(split_args(args), expected)\nAssertionError: [u'a=\"multiline\\n\\nmessage1\\\\\\n\"', u'b=\"multiline\\n\\nmessage2\\\\\\n\"'] != [u'a=\"multiline\\nmessage1\\\\\\n\"', u'b=\"multiline\\nmessage2\\\\\\n\"']\n----------------------------------------------------------------------\n```\n\nThe modification to line 214 logically seems to be the fix for that (when we go through the next item, do not append a newline because we already did that when we exited the previous token loop.\n\nHowever, that creates a different failure with this input `u'a=\"blank\\n\\n\\nlines\"'`:\n\n```\n======================================================================\nFAIL: test.parsing.test_splitter.TestSplitter_Gen.test_split_args(u'a=\"blank\\n\\n\\nlines\"', [u'a=\"blank\\n\\n\\nlines\"'])\n----------------------------------------------------------------------\nTraceback (most recent call last):\n  File \"/usr/lib/python2.7/site-packages/nose/case.py\", line 197, in runTest\n    self.test(*self.arg)\n  File \"/srv/ansible/ansible-friday/v2/test/parsing/test_splitter.py\", line 96, in check_split_args\n    tools.eq_(split_args(args), expected)\nAssertionError: [u'a=\"blank\\nlines\"'] != [u'a=\"blank\\n\\n\\nlines\"']\n----------------------------------------------------------------------\n```\n\nSince we just messed with Line 214, it seems like modifying line 254 so that we are allowed to append newlines right after another newline is the right fix.\n\nAfter these two fixes all the current unittests pass.\n",
  "labels": [
    "P2",
    "bug"
  ],
  "additions": 2,
  "deletions": 3,
  "changed_files_count": 1,
  "changed_files_list": [
    "v2/ansible/parsing/splitter.py"
  ],
  "files": [
    {
      "file_path": "v2/ansible/parsing/splitter.py",
      "status": "modified",
      "additions": 2,
      "deletions": 3,
      "file_diff": "diff --git a/v2/ansible/parsing/splitter.py b/v2/ansible/parsing/splitter.py\nindex 4af1c7b171e11f..a1dc051d24c993 100644\n--- a/v2/ansible/parsing/splitter.py\n+++ b/v2/ansible/parsing/splitter.py\n@@ -211,7 +211,7 @@ def split_args(args):\n                 params.append(token)\n                 appended = True\n             elif print_depth or block_depth or comment_depth or inside_quotes or was_inside_quotes:\n-                if idx == 0 and not inside_quotes and was_inside_quotes:\n+                if idx == 0 and was_inside_quotes:\n                     params[-1] = \"%s%s\" % (params[-1], token)\n                 elif len(tokens) > 1:\n                     spacer = ''\n@@ -251,8 +251,7 @@ def split_args(args):\n         # one item (meaning we split on newlines), add a newline back here\n         # to preserve the original structure\n         if len(items) > 1 and itemidx != len(items) - 1 and not line_continuation:\n-            if not params[-1].endswith('\\n'):\n-                params[-1] += '\\n'\n+            params[-1] += '\\n'\n \n         # always clear the line continuation flag\n         line_continuation = False\n"
    }
  ],
  "comments": [
    {
      "author_login": "abadger",
      "body": "Discussed with jimi-c and it seems okay.  Need to add unittests as we identify more cornercases so we can finally fix things and not regress.\n"
    }
  ],
  "reviews": []
}