{
  "pr_number": 1163,
  "url": "https://github.com/ansible/ansible/pull/1163",
  "title": "template DOCUMENTATION added to fireball",
  "author_login": "jpmens",
  "state": "MERGED",
  "merged_by_login": "mpdehaan",
  "body": "",
  "labels": [],
  "additions": 33,
  "deletions": 0,
  "changed_files_count": 1,
  "changed_files_list": [
    "library/fireball"
  ],
  "files": [
    {
      "file_path": "library/fireball",
      "status": "modified",
      "additions": 33,
      "deletions": 0,
      "file_diff": "diff --git a/library/fireball b/library/fireball\nindex 3b4d523c806f49..eb483bd68d401e 100755\n--- a/library/fireball\n+++ b/library/fireball\n@@ -18,6 +18,39 @@\n # You should have received a copy of the GNU General Public License\n # along with Ansible.  If not, see <http://www.gnu.org/licenses/>.\n \n+DOCUMENTATION = '''\n+---\n+module: fireball\n+short_description: \n+description:\n+     - bla, bla\n+version_added: \"0.9\"\n+options:\n+  port:\n+    description:\n+      - TCP port for ZeroMQ\n+    required: false\n+    default: 5099\n+    aliases: []\n+  password:\n+    description:\n+      - Base64-encoded password for FIXME\n+    required: true\n+    default: null\n+  minutes:\n+    description:\n+      - time, in minutes, for FIXME\n+    required: false\n+    default: 30\n+examples:\n+   - code: fireball ... FIXME\n+     description: \"This does ...\"\n+notes:\n+    - Also see the M(template) module.\n+requirements: [ \"zmq\", \"keyczar\" ]\n+author: Michael DeHaan\n+'''\n+\n import os\n import sys\n import shutil\n"
    }
  ],
  "comments": [
    {
      "author_login": "jpmens",
      "body": "@mpdehaan Appreciate if you could fill in the blanks ... :-)\n"
    },
    {
      "author_login": "jpmens",
      "body": "Just the blurb bits; I'll gladly then cleanup/format it \n"
    },
    {
      "author_login": "mpdehaan",
      "body": "Yep, as soon as I figure out what they are :)\n"
    }
  ],
  "reviews": []
}