{
  "pr_number": 10679,
  "url": "https://github.com/ansible/ansible/pull/10679",
  "title": "Add setup.py for v2 to allow for pip editable installs.",
  "author_login": "dorianpula",
  "state": "MERGED",
  "merged_by_login": "abadger",
  "body": "setup.py for v2\n",
  "labels": [],
  "additions": 36,
  "deletions": 0,
  "changed_files_count": 1,
  "changed_files_list": [
    "v2/setup.py"
  ],
  "files": [
    {
      "file_path": "v2/setup.py",
      "status": "added",
      "additions": 36,
      "deletions": 0,
      "file_diff": "diff --git a/v2/setup.py b/v2/setup.py\nnew file mode 100644\nindex 00000000000000..a9a518798188ea\n--- /dev/null\n+++ b/v2/setup.py\n@@ -0,0 +1,36 @@\n+#!/usr/bin/env python\n+\n+import sys\n+\n+from ansible import __version__\n+try:\n+    from setuptools import setup, find_packages\n+except ImportError:\n+    print(\"Ansible now needs setuptools in order to build. Install it using\"\n+            \" your package manager (usually python-setuptools) or via pip (pip\"\n+            \" install setuptools).\")\n+    sys.exit(1)\n+\n+setup(name='ansible',\n+      version=__version__,\n+      description='Radically simple IT automation',\n+      author='Michael DeHaan',\n+      author_email='michael@ansible.com',\n+      url='http://ansible.com/',\n+      license='GPLv3',\n+      install_requires=['paramiko', 'jinja2', \"PyYAML\", 'setuptools', 'pycrypto >= 2.6'],\n+      # package_dir={ '': 'lib' },\n+      # packages=find_packages('lib'),\n+      package_data={\n+         '': ['module_utils/*.ps1', 'modules/core/windows/*.ps1', 'modules/extras/windows/*.ps1'],\n+      },\n+      scripts=[\n+         'bin/ansible',\n+         'bin/ansible-playbook',\n+         # 'bin/ansible-pull',\n+         # 'bin/ansible-doc',\n+         # 'bin/ansible-galaxy',\n+         # 'bin/ansible-vault',\n+      ],\n+      data_files=[],\n+)\n"
    }
  ],
  "comments": [
    {
      "author_login": "abadger",
      "body": "Just a setup.py so that we try to get v2 running in a virtualenv\n"
    }
  ],
  "reviews": []
}