{
  "pr_number": 10718,
  "url": "https://github.com/ansible/ansible/pull/10718",
  "title": "Remove old dead code ( variable no longer exist, not used )",
  "author_login": "mscherer",
  "state": "MERGED",
  "merged_by_login": "abadger",
  "body": "",
  "labels": [
    "easyfix",
    "bug"
  ],
  "additions": 0,
  "deletions": 12,
  "changed_files_count": 1,
  "changed_files_list": [
    "v2/ansible/executor/task_queue_manager.py"
  ],
  "files": [
    {
      "file_path": "v2/ansible/executor/task_queue_manager.py",
      "status": "modified",
      "additions": 0,
      "deletions": 12,
      "file_diff": "diff --git a/v2/ansible/executor/task_queue_manager.py b/v2/ansible/executor/task_queue_manager.py\nindex 026726b3d8e02d..9a56d3f920b3c2 100644\n--- a/v2/ansible/executor/task_queue_manager.py\n+++ b/v2/ansible/executor/task_queue_manager.py\n@@ -188,18 +188,6 @@ def get_variable_manager(self):\n     def get_loader(self):\n         return self._loader\n \n-    def get_server_pipe(self):\n-        return self._server_pipe\n-\n-    def get_client_pipe(self):\n-        return self._client_pipe\n-\n-    def get_pending_results(self):\n-        return self._pending_results\n-\n-    def get_allow_processing(self):\n-        return self._allow_processing\n-\n     def get_notified_handlers(self):\n         return self._notified_handlers\n \n"
    }
  ],
  "comments": [
    {
      "author_login": "abadger",
      "body": "@jimi-c, what do you think?  Is this a good change or are you going to do something with these?\n"
    },
    {
      "author_login": "abadger",
      "body": "@jimi-c confirmed all of these are dead.  Thanks for finding them!\n\n# Merged\n\nHi!\n\nThis has been merged in, and will also be included in the next major release.\n\nIf you or anyone else has any further questions, please let us know by stopping by one of the two mailing lists, as appropriate:\n- https://groups.google.com/forum/#!forum/ansible-project - for user questions, tips, and tricks\n- https://groups.google.com/forum/#!forum/ansible-devel - for strategy, future planning, and questions about writing code\n\nBecause this project is very active, we're unlikely to see comments made on closed tickets, but the mailing list is a great way to ask questions, or post if you don't think this particular\nissue is resolved.\n\nThank you!\n"
    }
  ],
  "reviews": []
}