{
  "pr_number": 11131,
  "url": "https://github.com/ansible/ansible/pull/11131",
  "title": "Don't override ansible_ssh_host with inventory_hostname",
  "author_login": "sivel",
  "state": "MERGED",
  "merged_by_login": "jimi-c",
  "body": "This PR addresses #11130 \n\nIt seems that this line was added before ConnectionInformation was fully functional, and does not appear to be needed any longer. \n",
  "labels": [
    "P1",
    "bug"
  ],
  "additions": 0,
  "deletions": 1,
  "changed_files_count": 1,
  "changed_files_list": [
    "ansible/executor/task_executor.py b/lib/ansible/executor/task_executor.py"
  ],
  "files": [
    {
      "file_path": "ansible/executor/task_executor.py b/lib/ansible/executor/task_executor.py",
      "status": "modified",
      "additions": 0,
      "deletions": 1,
      "file_diff": "diff --git a/lib/ansible/executor/task_executor.py b/lib/ansible/executor/task_executor.py\nindex 9bc875b02a4395..5c6fc862a03c4d 100644\n--- a/lib/ansible/executor/task_executor.py\n+++ b/lib/ansible/executor/task_executor.py\n@@ -371,7 +371,6 @@ def _get_connection(self, variables):\n         # FIXME: delegate_to calculation should be done here\n         # FIXME: calculation of connection params/auth stuff should be done here\n \n-        self._connection_info.remote_addr = self._host.ipv4_address\n         if self._task.delegate_to is not None:\n             self._compute_delegate(variables)\n \n"
    }
  ],
  "comments": [
    {
      "author_login": "jimi-c",
      "body": "Merged, thanks!\n"
    }
  ],
  "reviews": []
}