{
  "pr_number": 1071,
  "url": "https://github.com/ansible/ansible/pull/1071",
  "title": "User-expand the destination path of the git module",
  "author_login": "dhozac",
  "state": "MERGED",
  "merged_by_login": "mpdehaan",
  "body": "",
  "labels": [],
  "additions": 1,
  "deletions": 1,
  "changed_files_count": 1,
  "changed_files_list": [
    "library/git"
  ],
  "files": [
    {
      "file_path": "library/git",
      "status": "modified",
      "additions": 1,
      "deletions": 1,
      "file_diff": "diff --git a/library/git b/library/git\nindex a4cf05ef0b7ef8..c475c7923f9ce9 100755\n--- a/library/git\n+++ b/library/git\n@@ -151,7 +151,7 @@ def main():\n         )\n     )\n \n-    dest    = module.params['dest']\n+    dest    = os.path.expanduser(module.params['dest'])\n     repo    = module.params['repo']\n     version = module.params['version']\n     remote  = module.params['remote']\n"
    }
  ],
  "comments": [
    {
      "author_login": "mpdehaan",
      "body": "merged, thanks!\n"
    }
  ],
  "reviews": []
}