{
  "pr_number": 10320,
  "url": "https://github.com/ansible/ansible/pull/10320",
  "title": "skips certain ssh errors and attempts to continue",
  "author_login": "bcoca",
  "state": "MERGED",
  "merged_by_login": "bcoca",
  "body": "should fix #10225 as @alobbs did for the v2 version of the connection plugin\n",
  "labels": [
    "P2",
    "bug"
  ],
  "additions": 2,
  "deletions": 0,
  "changed_files_count": 1,
  "changed_files_list": [
    "ansible/runner/connection_plugins/ssh.py b/lib/ansible/runner/connection_plugins/ssh.py"
  ],
  "files": [
    {
      "file_path": "ansible/runner/connection_plugins/ssh.py b/lib/ansible/runner/connection_plugins/ssh.py",
      "status": "modified",
      "additions": 2,
      "deletions": 0,
      "file_diff": "diff --git a/lib/ansible/runner/connection_plugins/ssh.py b/lib/ansible/runner/connection_plugins/ssh.py\nindex 0ab4d0b859e2f0..183ff1be7d2f12 100644\n--- a/lib/ansible/runner/connection_plugins/ssh.py\n+++ b/lib/ansible/runner/connection_plugins/ssh.py\n@@ -234,6 +234,8 @@ def not_in_host_file(self, host):\n                 if line is None or \" \" not in line:\n                     continue\n                 tokens = line.split()\n+                if not tokens:\n+                    continue\n                 if tokens[0].find(self.HASHED_KEY_MAGIC) == 0:\n                     # this is a hashed known host entry\n                     try:\n"
    }
  ],
  "comments": [],
  "reviews": []
}