{
  "pr_number": 10538,
  "url": "https://github.com/ansible/ansible/pull/10538",
  "title": "Fix some typos in CHANGELOG.md",
  "author_login": "tobarja",
  "state": "MERGED",
  "merged_by_login": "bcoca",
  "body": "",
  "labels": [
    "P2",
    "docs"
  ],
  "additions": 3,
  "deletions": 3,
  "changed_files_count": 1,
  "changed_files_list": [
    "CHANGELOG.md"
  ],
  "files": [
    {
      "file_path": "CHANGELOG.md",
      "status": "modified",
      "additions": 3,
      "deletions": 3,
      "file_diff": "diff --git a/CHANGELOG.md b/CHANGELOG.md\nindex e1d171e8b45770..f354dfd145720f 100644\n--- a/CHANGELOG.md\n+++ b/CHANGELOG.md\n@@ -29,9 +29,9 @@ Major changes:\n * Fix skipped tasks to not display their parameters if no_log is specified.\n * Many fixes to unicode support, standarized functions to make it easier to add to input/output boundries.\n * Added travis integration to github for basic tests, this should speed up ticket triage and merging.\n-* environment: directive now can also be applied to play and is inhertited by tasks, which can still overridde it.\n+* environment: directive now can also be applied to play and is inhertited by tasks, which can still override it.\n * expanded facts and OS/distribution support for existing facts and improved performance with pypy.\n-* new 'wantlist' option to lookups allows for selecting a list typed variable vs a commad delimited string as the return.\n+* new 'wantlist' option to lookups allows for selecting a list typed variable vs a command delimited string as the return.\n * the shared module code for file backups now uses a timestamp resolution of seconds (previouslly minutes).\n * allow for empty inventories, this is now a warning and not an error (for those using localhost and cloud modules).\n * sped up YAML parsing in ansible by up to 25% by switching to CParser loader.\n@@ -126,7 +126,7 @@ Other Notable Changes:\n * Many fixes for hardlink and softlink handling in file-related modules\n * Implement user, group, mode, and selinux parameters for the unarchive module\n * authorized_keys can now use url as a key source\n-* authorized_keys has a new exclusive paameter that determines if keys that weren't specified in the task\n+* authorized_keys has a new exclusive parameter that determines if keys that weren't specified in the task\n * The selinux module now sets the current running state to permissive if state='disabled'\n * Can now set accounts to expire via the user module\n * Overhaul of the service module to make code simpler and behave better for systems running several popular init systems\n"
    }
  ],
  "comments": [],
  "reviews": []
}