{
  "pr_number": 10175,
  "url": "https://github.com/ansible/ansible/pull/10175",
  "title": "Make collins attributes more accessible",
  "author_login": "funzoneq",
  "state": "MERGED",
  "merged_by_login": "bcoca",
  "body": "Make a COLLINS['SOMETHING'] variable instead of ATTRIBS['0']['SOMETHING']\n\n@ssalevan\n\n![Image of Phil](https://pbs.twimg.com/profile_images/1078039058/PHILCOLLINS.10.jpg)\n",
  "labels": [
    "feature"
  ],
  "additions": 7,
  "deletions": 3,
  "changed_files_count": 1,
  "changed_files_list": [
    "plugins/inventory/collins.py"
  ],
  "files": [
    {
      "file_path": "plugins/inventory/collins.py",
      "status": "modified",
      "additions": 7,
      "deletions": 3,
      "file_diff": "diff --git a/plugins/inventory/collins.py b/plugins/inventory/collins.py\nindex 1561fcf5c72742..64e16f57069232 100755\n--- a/plugins/inventory/collins.py\n+++ b/plugins/inventory/collins.py\n@@ -41,7 +41,9 @@\n If errors are encountered during operation, this script will return an exit code of\n 255; otherwise, it will return an exit code of 0.\n \n-Tested against Ansible 1.6.6 and Collins 1.2.4.\n+Collins attributes are accessable as variables in ansible via the COLLINS['attribute_name'].\n+\n+Tested against Ansible 1.8.2 and Collins 1.3.0.\n \"\"\"\n \n # (c) 2014, Steve Salevan <steve.salevan@gmail.com>\n@@ -305,6 +307,8 @@ def update_cache(self):\n             else:\n                 ip_index = self.ip_address_index\n \n+            asset['COLLINS'] = {}\n+\n             # Attempts to locate the asset's primary identifier (hostname or IP address),\n             # which will be used to index the asset throughout the Ansible inventory.\n             if self.prefer_hostnames and self._asset_has_attribute(asset, 'HOSTNAME'):\n@@ -332,8 +336,8 @@ def update_cache(self):\n             if 'ATTRIBS' in asset:\n                 for attrib_block in asset['ATTRIBS'].keys():\n                     for attrib in asset['ATTRIBS'][attrib_block].keys():\n-                        attrib_key = self.to_safe(\n-                            '%s-%s' % (attrib, asset['ATTRIBS'][attrib_block][attrib]))\n+                        asset['COLLINS'][attrib] = asset['ATTRIBS'][attrib_block][attrib]\n+                        attrib_key = self.to_safe('%s-%s' % (attrib, asset['ATTRIBS'][attrib_block][attrib]))\n                         self.push(self.inventory, attrib_key, asset_identifier)\n \n             # Indexes asset by all built-in Collins attributes.\n"
    }
  ],
  "comments": [
    {
      "author_login": "mschenck",
      "body": ":+1: \n"
    },
    {
      "author_login": "ssalevan",
      "body": "+1\n"
    }
  ],
  "reviews": []
}