{
  "pr_number": 10566,
  "url": "https://github.com/ansible/ansible/pull/10566",
  "title": "readded sudo/su vars to allow role/includes to work with passed sudo/su",
  "author_login": "bcoca",
  "state": "MERGED",
  "merged_by_login": "bcoca",
  "body": "should fix #10550\n",
  "labels": [
    "P2",
    "bug"
  ],
  "additions": 1,
  "deletions": 1,
  "changed_files_count": 1,
  "changed_files_list": [
    "ansible/playbook/play.py b/lib/ansible/playbook/play.py"
  ],
  "files": [
    {
      "file_path": "ansible/playbook/play.py b/lib/ansible/playbook/play.py",
      "status": "modified",
      "additions": 1,
      "deletions": 1,
      "file_diff": "diff --git a/lib/ansible/playbook/play.py b/lib/ansible/playbook/play.py\nindex edec30df758651..a24c5fff1b5036 100644\n--- a/lib/ansible/playbook/play.py\n+++ b/lib/ansible/playbook/play.py\n@@ -577,7 +577,7 @@ def _load_tasks(self, tasks, vars=None, role_params=None, default_vars=None, bec\n \n             # evaluate privilege escalation vars for current and child tasks\n             included_become_vars = {}\n-            for k in [\"become\", \"become_user\", \"become_method\", \"become_exe\"]:\n+            for k in [\"become\", \"become_user\", \"become_method\", \"become_exe\", \"sudo\", \"su\", \"sudo_user\", \"su_user\"]:\n                 if k in x:\n                     included_become_vars[k] = x[k]\n                 elif k in become_vars:\n"
    }
  ],
  "comments": [
    {
      "author_login": "graingert",
      "body": "Any chance of a unittest for this? It's a regression that wasn't caught.\n"
    },
    {
      "author_login": "bcoca",
      "body": "Already added to v2 tree, not a regression as it was never a bug previously.\n"
    },
    {
      "author_login": "graingert",
      "body": "This is definitely a regression, as it was working in 1.8.4 and broken in 1.9.0.1...\n"
    },
    {
      "author_login": "sivel",
      "body": "A regression is defined as:\n\n> The _reappearance_ of a bug in a piece of software that had previously been fixed.\n\nSo in this case, it's just a bug, not a regression, since it was never a bug before.\n"
    },
    {
      "author_login": "graingert",
      "body": "http://en.wikipedia.org/wiki/Software_regression\n"
    },
    {
      "author_login": "bcoca",
      "body": "this was also not an intended feature in ansible, so by either definition....\n"
    },
    {
      "author_login": "ches",
      "body": "@bcoca What part of this \"was also not an intended feature in ansible\"? See #3579.\n\nRegardless of differing stances on the semantics of \"regression\", the 1.9.0.1 Ansible release broke my previously-working configuration runs, and I'm guessing it wasn't just @graingert and me.\n\nNot trying to assign any blame here, just sayin' this is a pretty aggravating bug---would love to see a bugfix release bump, my team runs packaged Ansible releases and I hear an earful when I have to ask people to run from devel.\n"
    },
    {
      "author_login": "graingert",
      "body": "I now have a state:\n\n``` yaml\n- name: assert ansible==1.8.4\n  assert:\n    that: \"ansible_version.full == '1.8.4'\"\n```\n\nIn my ansible tasks\n"
    },
    {
      "author_login": "bcoca",
      "body": "it will be in a 1.9.1 release\n\n@ches, i had to remove some code that specifically guarded against that, my guess is that opinions on this 'feature' changed over time. In any case we are supporting it now as a feature.\n"
    }
  ],
  "reviews": []
}