{
  "pr_number": 1139,
  "url": "https://github.com/ansible/ansible/pull/1139",
  "title": "ANSIBLE_CONFIG take precedence over ./ansible.cfg",
  "author_login": "lorin",
  "state": "MERGED",
  "merged_by_login": "mpdehaan",
  "body": "This patch makes the config file precedence behavior consistent with the documentation: http://ansible.cc/docs/examples.html#configuration-defaults\n",
  "labels": [],
  "additions": 3,
  "deletions": 3,
  "changed_files_count": 1,
  "changed_files_list": [
    "ansible/constants.py b/lib/ansible/constants.py"
  ],
  "files": [
    {
      "file_path": "ansible/constants.py b/lib/ansible/constants.py",
      "status": "modified",
      "additions": 3,
      "deletions": 3,
      "file_diff": "diff --git a/lib/ansible/constants.py b/lib/ansible/constants.py\nindex 0228ee65af7c28..03c67a0ddbc0d9 100644\n--- a/lib/ansible/constants.py\n+++ b/lib/ansible/constants.py\n@@ -35,8 +35,8 @@ def get_config(p, section, key, env_var, default):\n \n def load_config_file():\n     p = ConfigParser.ConfigParser()\n-    path1 = os.getcwd() + \"/ansible.cfg\"\n-    path2 = os.path.expanduser(os.environ.get('ANSIBLE_CONFIG', \"~/.ansible.cfg\"))\n+    path1 = os.path.expanduser(os.environ.get('ANSIBLE_CONFIG', \"~/.ansible.cfg\"))\n+    path2 = os.getcwd() + \"/ansible.cfg\"\n     path3 = \"/etc/ansible/ansible.cfg\"\n \n     if os.path.exists(path1):\n@@ -50,7 +50,7 @@ def load_config_file():\n     return p\n \n def shell_expand_path(path):\n-    ''' shell_expand_path is needed as os.path.expanduser does not work \n+    ''' shell_expand_path is needed as os.path.expanduser does not work\n         when path is None, which is the default for ANSIBLE_PRIVATE_KEY_FILE '''\n     if path:\n         path = os.path.expanduser(path)\n"
    }
  ],
  "comments": [
    {
      "author_login": "mpdehaan",
      "body": "good deal.  Merged, thanks!\n"
    }
  ],
  "reviews": []
}