{
  "pr_number": 10554,
  "url": "https://github.com/ansible/ansible/pull/10554",
  "title": "Fix a few spelling errors in the changelog",
  "author_login": "jxn",
  "state": "MERGED",
  "merged_by_login": "bcoca",
  "body": "",
  "labels": [
    "P2",
    "docs"
  ],
  "additions": 5,
  "deletions": 5,
  "changed_files_count": 1,
  "changed_files_list": [
    "CHANGELOG.md"
  ],
  "files": [
    {
      "file_path": "CHANGELOG.md",
      "status": "modified",
      "additions": 5,
      "deletions": 5,
      "file_diff": "diff --git a/CHANGELOG.md b/CHANGELOG.md\nindex 38c09d0b59d268..10a9ca16048885 100644\n--- a/CHANGELOG.md\n+++ b/CHANGELOG.md\n@@ -4,7 +4,7 @@ Ansible Changes By Release\n ## 2.0 \"TBD\" - ACTIVE DEVELOPMENT\n \n Major Changes:\n-    big_ip modules now support turning off ssl certificat validation (use only for self signed)\n+    big_ip modules now support turning off ssl certificate validation (use only for self signed)\n \n New Modules:\n     cloudtrail\n@@ -63,8 +63,8 @@ New Modules:\n \n New Filters:\n \n-* ternary: allows for trueval/falseval assignement dependint on conditional\n-* cartesian: returns the cartesian product of 2 lists\n+* ternary: allows for trueval/falseval assignment dependent on conditional\n+* cartesian: returns the Cartesian product of 2 lists\n * to_uuid: given a string it will return an ansible domain specific UUID\n * checksum: uses the ansible internal checksum to return a hash from a string\n * hash: get a hash from a string (md5, sha1, etc)\n@@ -93,14 +93,14 @@ Other Notable Changes:\n   * restart_policy parameters to configure when the container automatically restarts\n   * If the docker client or server doesn't support an option, the task will now fail instead of silently ignoring the option\n   * Add insecure_registry parameter for connecting to registries via http\n-  * New parameter to set a container's domainname\n+  * New parameter to set a container's domain name\n   * Undeprecated docker_image module until there's replacement functionality\n   * Allow setting the container's pid namespace\n   * Add a pull parameter that chooses when ansible will look for more recent images in the registry\n   * docker module states have been greatly enhanced.  The reworked and new states are:\n     * present now creates but does not start containers\n     * restarted always restarts a container\n-    * reloaded restarts a container if ansible detects that the configuration is different than what is spcified\n+    * reloaded restarts a container if ansible detects that the configuration is different than what is specified\n       * reloaded accounts for exposed ports, env vars, and volumes\n   * Can now connect to the docker server using TLS\n * Several source control modules had force parameters that defaulted to true.\n"
    }
  ],
  "comments": [],
  "reviews": []
}