{
  "pr_number": 1160,
  "url": "https://github.com/ansible/ansible/pull/1160",
  "title": "Attribute author of virt correctly (sorry)",
  "author_login": "jpmens",
  "state": "MERGED",
  "merged_by_login": "mpdehaan",
  "body": "",
  "labels": [],
  "additions": 1,
  "deletions": 1,
  "changed_files_count": 1,
  "changed_files_list": [
    "library/virt"
  ],
  "files": [
    {
      "file_path": "library/virt",
      "status": "modified",
      "additions": 1,
      "deletions": 1,
      "file_diff": "diff --git a/library/virt b/library/virt\nindex 43b9b8b8e2f5ec..3d412461e5311c 100755\n--- a/library/virt\n+++ b/library/virt\n@@ -51,7 +51,7 @@ notes:\n      C(get_xml), C(autostart), C(freemem), C(list_vms), C(info), C(nodeinfo),\n      C(virttype)\"\n requirements: [ \"libvirt\" ]\n-author: Seth Vidal\n+author: Michael DeHaan, Seth Vidal\n '''\n \n VIRT_FAILED = 1\n"
    }
  ],
  "comments": [
    {
      "author_login": "mpdehaan",
      "body": "no problem, thanks :)\n"
    }
  ],
  "reviews": []
}