{
  "pr_number": 10021,
  "url": "https://github.com/ansible/ansible/pull/10021",
  "title": "add tagless grouping for destinations without any tags",
  "author_login": "chrismeyersfsu",
  "state": "MERGED",
  "merged_by_login": "abadger",
  "body": "added ec2, global tags_none grouping for hosts without tags\n",
  "labels": [],
  "additions": 4,
  "deletions": 0,
  "changed_files_count": 1,
  "changed_files_list": [
    "plugins/inventory/ec2.py"
  ],
  "files": [
    {
      "file_path": "plugins/inventory/ec2.py",
      "status": "modified",
      "additions": 4,
      "deletions": 0,
      "file_diff": "diff --git a/plugins/inventory/ec2.py b/plugins/inventory/ec2.py\nindex 769ca433b0c025..f1b3524e120774 100755\n--- a/plugins/inventory/ec2.py\n+++ b/plugins/inventory/ec2.py\n@@ -465,6 +465,10 @@ def add_instance(self, instance, region):\n                 if self.nested_groups:\n                     self.push_group(self.inventory, 'route53', name)\n \n+        # Global Tag: instances without tags\n+        if len(instance.tags) == 0:\n+            self.push(self.inventory, 'tag_none', dest)\n+            \n         # Global Tag: tag all EC2 instances\n         self.push(self.inventory, 'ec2', dest)\n \n"
    }
  ],
  "comments": [
    {
      "author_login": "abadger",
      "body": "Thanks for listening patiently to my long-winded explanations ;-)\n\n# Merged\n\nHi!\n\nThis has been merged in, and will also be included in the next major release.\n\nIf you or anyone else has any further questions, please let us know by stopping by one of the two mailing lists, as appropriate:\n- https://groups.google.com/forum/#!forum/ansible-project - for user questions, tips, and tricks\n- https://groups.google.com/forum/#!forum/ansible-devel - for strategy, future planning, and questions about writing code\n\nBecause this project is very active, we're unlikely to see comments made on closed tickets, but the mailing list is a great way to ask questions, or post if you don't think this particular\nissue is resolved.\n\nThank you!\n"
    }
  ],
  "reviews": []
}