{
  "pr_number": 10793,
  "url": "https://github.com/ansible/ansible/pull/10793",
  "title": "Correct minor spelling typos.",
  "author_login": "mekstrem",
  "state": "MERGED",
  "merged_by_login": "bcoca",
  "body": "",
  "labels": [
    "P2",
    "docs"
  ],
  "additions": 2,
  "deletions": 2,
  "changed_files_count": 1,
  "changed_files_list": [
    "docsite/rst/playbooks_intro.rst"
  ],
  "files": [
    {
      "file_path": "docsite/rst/playbooks_intro.rst",
      "status": "modified",
      "additions": 2,
      "deletions": 2,
      "file_diff": "diff --git a/docsite/rst/playbooks_intro.rst b/docsite/rst/playbooks_intro.rst\nindex afa97b3e0434f1..a27285b4a9ff18 100644\n--- a/docsite/rst/playbooks_intro.rst\n+++ b/docsite/rst/playbooks_intro.rst\n@@ -167,7 +167,7 @@ You can also use sudo on a particular task instead of the whole play::\n \n .. note::\n \n-    The becoem syntax deprecates the old sudo/su specific syntax begining in 1.9.\n+    The become syntax deprecates the old sudo/su specific syntax beginning in 1.9.\n \n You can also login as you, and then become a user different than root::\n \n@@ -314,7 +314,7 @@ The old form continues to work in newer versions without any plan of deprecation\n Handlers: Running Operations On Change\n ``````````````````````````````````````\n \n-As we've mentioned, modules are written to be 'idempotent' and can relay  when\n+As we've mentioned, modules are written to be 'idempotent' and can relay when\n they have made a change on the remote system.   Playbooks recognize this and\n have a basic event system that can be used to respond to change.\n \n"
    }
  ],
  "comments": [],
  "reviews": []
}