{
  "pr_number": 10940,
  "url": "https://github.com/ansible/ansible/pull/10940",
  "title": "Update playbooks_tags.rst",
  "author_login": "aioue",
  "state": "MERGED",
  "merged_by_login": "bcoca",
  "body": "Minor clarity edit. Highlight the command part of the sentence to clarify use of 'all' tag.\n",
  "labels": [
    "docs"
  ],
  "additions": 1,
  "deletions": 1,
  "changed_files_count": 1,
  "changed_files_list": [
    "docsite/rst/playbooks_tags.rst"
  ],
  "files": [
    {
      "file_path": "docsite/rst/playbooks_tags.rst",
      "status": "modified",
      "additions": 1,
      "deletions": 1,
      "file_diff": "diff --git a/docsite/rst/playbooks_tags.rst b/docsite/rst/playbooks_tags.rst\nindex 01c4f6fa2b0449..a03b975a4eb04a 100644\n--- a/docsite/rst/playbooks_tags.rst\n+++ b/docsite/rst/playbooks_tags.rst\n@@ -59,7 +59,7 @@ Example::\n             - tag1\n \n There are another 3 special keywords for tags, 'tagged', 'untagged' and 'all', which run only tagged, only untagged\n-and all tasks respectively. By default ansible runs as if --tags all had been specified.\n+and all tasks respectively. By default ansible runs as if '--tags all' had been specified.\n \n \n .. seealso::\n"
    }
  ],
  "comments": [],
  "reviews": []
}