{
  "pr_number": 10734,
  "url": "https://github.com/ansible/ansible/pull/10734",
  "title": "Remove check of hardcoded AWS region list.",
  "author_login": "ralphbean",
  "state": "MERGED",
  "merged_by_login": "abadger",
  "body": "You can extend boto to point at other regions that are defined in a\nprivate cloud by defining `BOTO_ENDPOINTS` or `endpoints_path` in\nthe `~/.boto` file.\n\nAnsible was doing a premature check against a hard-coded list of regions\nthat interrupted this possibility.  This commit removes that and\nclarifies what the user can do if they specify a non-AWS region.\n",
  "labels": [
    "needs_info",
    "cloud",
    "easyfix",
    "bug"
  ],
  "additions": 4,
  "deletions": 33,
  "changed_files_count": 2,
  "changed_files_list": [
    "v2/ansible/module_utils/ec2.py"
  ],
  "files": [
    {
      "file_path": "v2/ansible/module_utils/ec2.py",
      "status": "modified",
      "additions": 2,
      "deletions": 17,
      "file_diff": "diff --git a/v2/ansible/module_utils/ec2.py b/v2/ansible/module_utils/ec2.py\nindex 0f08fead18021a..8d2a369e90040f 100644\n--- a/v2/ansible/module_utils/ec2.py\n+++ b/v2/ansible/module_utils/ec2.py\n@@ -32,21 +32,6 @@\n except:\n     HAS_LOOSE_VERSION = False\n \n-AWS_REGIONS = [\n-    'ap-northeast-1',\n-    'ap-southeast-1',\n-    'ap-southeast-2',\n-    'cn-north-1',\n-    'eu-central-1',\n-    'eu-west-1',\n-    'eu-central-1',\n-    'sa-east-1',\n-    'us-east-1',\n-    'us-west-1',\n-    'us-west-2',\n-    'us-gov-west-1',\n-]\n-\n \n def aws_common_argument_spec():\n     return dict(\n@@ -63,7 +48,7 @@ def ec2_argument_spec():\n     spec = aws_common_argument_spec()\n     spec.update(\n         dict(\n-            region=dict(aliases=['aws_region', 'ec2_region'], choices=AWS_REGIONS),\n+            region=dict(aliases=['aws_region', 'ec2_region']),\n         )\n     )\n     return spec\n@@ -168,7 +153,7 @@ def connect_to_aws(aws_module, region, **params):\n     conn = aws_module.connect_to_region(region, **params)\n     if not conn:\n         if region not in [aws_module_region.name for aws_module_region in aws_module.regions()]:\n-            raise StandardError(\"Region %s does not seem to be available for aws module %s. If the region definitely exists, you may need to upgrade boto\" % (region, aws_module.__name__))\n+            raise StandardError(\"Region %s does not seem to be available for aws module %s. If the region definitely exists, you may need to upgrade boto or extend with endpoints_path\" % (region, aws_module.__name__))\n         else:\n             raise StandardError(\"Unknown problem connecting to region %s for aws module %s.\" % (region, aws_module.__name__))\n     if params.get('profile_name'):\n"
    }
  ],
  "comments": [
    {
      "author_login": "ralphbean",
      "body": "Another strategy could be to ask the boto api to give us a list of possible regions, however the `aws_module` appears to be dynamic and is not necessarily available at the time `ec2_argument_spec` is invoked.\n"
    },
    {
      "author_login": "abadger",
      "body": "Sent a message to the mailing list and a few select individuals about whether this seems like a good change: https://groups.google.com/forum/#!topic/ansible-devel/qGSAHZRcmLg\n"
    },
    {
      "author_login": "willthames",
      "body": ":+1: from me - would have eliminated the need for #9419 for starters.\n"
    },
    {
      "author_login": "bcoca",
      "body": "As long as we get all the modules on the same place, some use a 'central'\nhardcoded list, others user their own. I would even add the ability to\n'expand' the list in each module as it seems the one returned by boto has\nnot always been 'correct'.\n\n## \n\nBrian Coca\n"
    },
    {
      "author_login": "willthames",
      "body": "@bcoca 'some' is actually two, IIRC. Most AWS modules now use the common code to look up regions and connect to regions, there are a couple of rare outliers (which you and I discussed in ansible/ansible-modules-core#260). \n\nI'm not clear what you mean by 'expanding' the list, or even in what actual ways what boto returns is incorrect (unless you mean that just because a boto service module lists a region, doesn't actually mean that you can use that region - but I don't think this change will affect that)\n"
    },
    {
      "author_login": "bcoca",
      "body": "In the past boto has both returned an 'incorrect list' or was not capable\nof listing some regions (at least China and gov iirc), I'm just asking for\npossibly adding a 'override' that would allow users to add entries they use\neven if boto does not return them.\n\n## \n\nBrian Coca\n"
    },
    {
      "author_login": "willthames",
      "body": "@bcoca, the region is only checked if the connection to that region fails. So it really doesn't matter what's in the list as long as aws_module.connect_to_region(region) works. \n"
    },
    {
      "author_login": "abadger",
      "body": "I think that this change will actually enable users to add to the default boto list (via the environment var or config file).\n"
    },
    {
      "author_login": "abadger",
      "body": "Thanks for the fix!\n\n# Merged\n\nHi!\n\nThis has been merged in, and will also be included in the next major release.\n\nIf you or anyone else has any further questions, please let us know by stopping by one of the two mailing lists, as appropriate:\n- https://groups.google.com/forum/#!forum/ansible-project - for user questions, tips, and tricks\n- https://groups.google.com/forum/#!forum/ansible-devel - for strategy, future planning, and questions about writing code\n\nBecause this project is very active, we're unlikely to see comments made on closed tickets, but the mailing list is a great way to ask questions, or post if you don't think this particular\nissue is resolved.\n\nThank you!\n"
    }
  ],
  "reviews": []
}