{
  "pr_number": 10711,
  "url": "https://github.com/ansible/ansible/pull/10711",
  "title": "Fix the exception name ( AnsibleParserError, not AnsibleParsingError )",
  "author_login": "mscherer",
  "state": "MERGED",
  "merged_by_login": "abadger",
  "body": "",
  "labels": [],
  "additions": 2,
  "deletions": 2,
  "changed_files_count": 2,
  "changed_files_list": [
    "v2/ansible/plugins/strategies/__init__.py"
  ],
  "files": [
    {
      "file_path": "v2/ansible/plugins/strategies/__init__.py",
      "status": "modified",
      "additions": 1,
      "deletions": 1,
      "file_diff": "diff --git a/v2/ansible/plugins/strategies/__init__.py b/v2/ansible/plugins/strategies/__init__.py\nindex 9b26ff23a7f0e6..d01360463b6f99 100644\n--- a/v2/ansible/plugins/strategies/__init__.py\n+++ b/v2/ansible/plugins/strategies/__init__.py\n@@ -303,7 +303,7 @@ def _load_included_file(self, included_file):\n \n         data = self._loader.load_from_file(included_file._filename)\n         if not isinstance(data, list):\n-            raise AnsibleParsingError(\"included task files must contain a list of tasks\", obj=included_file._task._ds)\n+            raise AnsibleParserError(\"included task files must contain a list of tasks\", obj=included_file._task._ds)\n \n         is_handler = isinstance(included_file._task, Handler)\n         block_list = load_list_of_blocks(\n"
    }
  ],
  "comments": [
    {
      "author_login": "abadger",
      "body": "Thanks @mscherer!\n\n# Merged\n\nHi!\n\nThis has been merged in, and will also be included in the next major release.\n\nIf you or anyone else has any further questions, please let us know by stopping by one of the two mailing lists, as appropriate:\n- https://groups.google.com/forum/#!forum/ansible-project - for user questions, tips, and tricks\n- https://groups.google.com/forum/#!forum/ansible-devel - for strategy, future planning, and questions about writing code\n\nBecause this project is very active, we're unlikely to see comments made on closed tickets, but the mailing list is a great way to ask questions, or post if you don't think this particular\nissue is resolved.\n\nThank you!\n"
    }
  ],
  "reviews": []
}