{
  "pr_number": 11015,
  "url": "https://github.com/ansible/ansible/pull/11015",
  "title": "Fix error in the column name in the doc",
  "author_login": "mscherer",
  "state": "MERGED",
  "merged_by_login": "bcoca",
  "body": "This is quite visible on http://docs.ansible.com/stat_module.html\n",
  "labels": [
    "docs"
  ],
  "additions": 2,
  "deletions": 2,
  "changed_files_count": 1,
  "changed_files_list": [
    "hacking/templates/rst.j2"
  ],
  "files": [
    {
      "file_path": "hacking/templates/rst.j2",
      "status": "modified",
      "additions": 2,
      "deletions": 2,
      "file_diff": "diff --git a/hacking/templates/rst.j2 b/hacking/templates/rst.j2\nindex 444b4243af5241..f6f38e59101168 100644\n--- a/hacking/templates/rst.j2\n+++ b/hacking/templates/rst.j2\n@@ -118,7 +118,7 @@ Common return values are documented here :doc:`common_return_values`, the follow\n     <table border=1 cellpadding=4>\n     <tr>\n     <th class=\"head\">name</th>\n-    <th class=\"head\">despcription</th>\n+    <th class=\"head\">description</th>\n     <th class=\"head\">returned</th>\n     <th class=\"head\">type</th>\n     <th class=\"head\">sample</th>\n@@ -138,7 +138,7 @@ Common return values are documented here :doc:`common_return_values`, the follow\n         <table border=1 cellpadding=2>\n         <tr>\n         <th class=\"head\">name</th>\n-        <th class=\"head\">despcription</th>\n+        <th class=\"head\">description</th>\n         <th class=\"head\">returned</th>\n         <th class=\"head\">type</th>\n         <th class=\"head\">sample</th>\n"
    }
  ],
  "comments": [],
  "reviews": []
}