{
  "pr_number": 10747,
  "url": "https://github.com/ansible/ansible/pull/10747",
  "title": "adjusted for the posibolity of lsblk not existing for fact gathering",
  "author_login": "bcoca",
  "state": "MERGED",
  "merged_by_login": "bcoca",
  "body": "fixes #10746\n",
  "labels": [
    "P2",
    "bug"
  ],
  "additions": 6,
  "deletions": 5,
  "changed_files_count": 1,
  "changed_files_list": [
    "ansible/module_utils/facts.py b/lib/ansible/module_utils/facts.py"
  ],
  "files": [
    {
      "file_path": "ansible/module_utils/facts.py b/lib/ansible/module_utils/facts.py",
      "status": "modified",
      "additions": 6,
      "deletions": 5,
      "file_diff": "diff --git a/lib/ansible/module_utils/facts.py b/lib/ansible/module_utils/facts.py\nindex 6b817d4ebcc973..136dcb0195dd0a 100644\n--- a/lib/ansible/module_utils/facts.py\n+++ b/lib/ansible/module_utils/facts.py\n@@ -885,13 +885,14 @@ def get_mount_facts(self):\n                         size_available = statvfs_result.f_bsize * (statvfs_result.f_bavail)\n                     except OSError, e:\n                         continue\n+\n+                    uuid = 'NA'\n                     lsblkPath = module.get_bin_path(\"lsblk\")\n-                    rc, out, err = module.run_command(\"%s -ln --output UUID %s\" % (lsblkPath, fields[0]), use_unsafe_shell=True)\n+                    if lsblkPath:\n+                        rc, out, err = module.run_command(\"%s -ln --output UUID %s\" % (lsblkPath, fields[0]), use_unsafe_shell=True)\n \n-                    if rc == 0:\n-                        uuid = out.strip()\n-                    else:\n-                        uuid = 'NA'\n+                        if rc == 0:\n+                            uuid = out.strip()\n \n                     self.facts['mounts'].append(\n                         {'mount': fields[1],\n"
    }
  ],
  "comments": [],
  "reviews": []
}