{
  "pr_number": 10676,
  "url": "https://github.com/ansible/ansible/pull/10676",
  "title": "Fixed changelog typos",
  "author_login": "radarhere",
  "state": "MERGED",
  "merged_by_login": "bcoca",
  "body": "",
  "labels": [
    "docs"
  ],
  "additions": 6,
  "deletions": 6,
  "changed_files_count": 1,
  "changed_files_list": [
    "CHANGELOG.md"
  ],
  "files": [
    {
      "file_path": "CHANGELOG.md",
      "status": "modified",
      "additions": 6,
      "deletions": 6,
      "file_diff": "diff --git a/CHANGELOG.md b/CHANGELOG.md\nindex 69d7c3fd56aa4a..256b3bafe28155 100644\n--- a/CHANGELOG.md\n+++ b/CHANGELOG.md\n@@ -45,7 +45,7 @@ Major changes:\n   For some use cases this can lead to dramatic improvements in startup time.\n * Overhaul of the checksum system, now supports more systems and more cases more reliably and uniformly.\n * Fix skipped tasks to not display their parameters if no_log is specified.\n-* Many fixes to unicode support, standarized functions to make it easier to add to input/output boundries.\n+* Many fixes to unicode support, standarized functions to make it easier to add to input/output boundaries.\n * Added travis integration to github for basic tests, this should speed up ticket triage and merging.\n * environment: directive now can also be applied to play and is inhertited by tasks, which can still override it.\n * expanded facts and OS/distribution support for existing facts and improved performance with pypy.\n@@ -162,7 +162,7 @@ Other Notable Changes:\n \n ## 1.8.3 \"You Really Got Me\" - Feb 17, 2015\n \n-* Fixing a security bug related to the default permissions set on a tempoary file created when using \"ansible-vault view <filename>\".\n+* Fixing a security bug related to the default permissions set on a temporary file created when using \"ansible-vault view <filename>\".\n * Many bug fixes, for both core code and core modules.\n \n ## 1.8.2 \"You Really Got Me\" - Dec 04, 2014\n@@ -450,7 +450,7 @@ Other notable changes:\n ## 1.5.4 \"Love Walks In\" - April 1, 2014\n \n - Security fix for safe_eval, which further hardens the checking of the evaluation function.\n-- Changing order of variable precendence for system facts, to ensure that inventory variables take precedence over any facts that may be set on a host.\n+- Changing order of variable precedence for system facts, to ensure that inventory variables take precedence over any facts that may be set on a host.\n \n ## 1.5.3 \"Love Walks In\" - March 13, 2014\n \n@@ -485,7 +485,7 @@ Major features/changes:\n * ec2 module now accepts 'exact_count' and 'count_tag' as a way to enforce a running number of nodes by tags.\n * all ec2 modules that work with Eucalyptus also now support a 'validate_certs' option, which can be set to 'off' for installations using self-signed certs.\n * Start of new integration test infrastructure (WIP, more details TBD)\n-* if repoquery is unavailble, the yum module will automatically attempt to install yum-utils\n+* if repoquery is unavailable, the yum module will automatically attempt to install yum-utils\n * ansible-vault: a framework for encrypting your playbooks and variable files \n * added support for privilege escalation via 'su' into bin/ansible and bin/ansible-playbook and associated keywords 'su', 'su_user', 'su_pass' for tasks/plays\n \n@@ -948,7 +948,7 @@ Bugfixes and Misc Changes:\n * misc fixes to the Riak module\n * make template module slightly more efficient\n * base64encode / decode filters are now available to templates\n-* libvirt module can now work with multiple different libvirt connecton URIs\n+* libvirt module can now work with multiple different libvirt connection URIs\n * fix for postgresql password escaping\n * unicode fix for shlex.split in some cases\n * apt module upgrade logic improved\n@@ -1153,7 +1153,7 @@ New playbook/language features:\n * task includes can now be of infinite depth\n * when_set and when_unset can take more than one var (when_set: $a and $b and $c)\n * added the with_sequence lookup plugin\n-* can override \"connection:\" on an indvidual task\n+* can override \"connection:\" on an individual task\n * parameterized playbook includes can now define complex variables (not just all on one line)\n * making inventory variables available for use in vars_files paths\n * messages when skipping plays are now more clear\n"
    }
  ],
  "comments": [],
  "reviews": []
}