{
  "pr_number": 1005,
  "url": "https://github.com/ansible/ansible/pull/1005",
  "title": "Add /proc/cmdline information to the default facts",
  "author_login": "dagwieers",
  "state": "MERGED",
  "merged_by_login": "mpdehaan",
  "body": "The use-case here is that based on information in the /proc/cmdline certain actions can be taken.\n\nA practical example in our case is that we have a play at the end of the provisioning phase that reboots the system. Since we don't want to accidentally reboot a system (or restart the network) on a production machine, having a way to separate an Anaconda post-install (sshd in chroot) with a normal system is a good way to make that distinction.\n\n```\n\n---\n- name: reboot\n  hosts: all\n  tasks:\n  - action: command init 6\n    only_if: \"not '${ansible_cmdline.BOOT_IMAGE}'.startswith('$')\"\n```\n\nA practical problem here is the fact that we cannot simply check whether it is set or empty:\n\n```\n\n---\n- name: reboot\n  hosts: all\n  tasks:\n  - action: command init 6\n    only_if: \"'${ansible_cmdline.BOOT_IMAGE}'\"\n```\n\nIf ansible_cmdline was a string, a simple only_if: \"'${ansible_cmdline}'.find(' BOOT_IMAGE=')\" was an option, but still not very \"beautiful\" :-/\n",
  "labels": [],
  "additions": 13,
  "deletions": 1,
  "changed_files_count": 1,
  "changed_files_list": [
    "library/setup"
  ],
  "files": [
    {
      "file_path": "library/setup",
      "status": "modified",
      "additions": 13,
      "deletions": 1,
      "file_diff": "diff --git a/library/setup b/library/setup\nindex 89231a1b224d4f..1a685ef03070f7 100755\n--- a/library/setup\n+++ b/library/setup\n@@ -58,6 +58,7 @@ class Facts(object):\n         self.facts = {}\n         self.get_platform_facts()\n         self.get_distribution_facts()\n+        self.get_cmdline()\n         self.get_public_ssh_host_keys()\n         self.get_selinux_facts()\n \n@@ -103,6 +104,17 @@ class Facts(object):\n                 else:\n                     self.facts['distribution'] = name\n \n+    def get_cmdline(self):\n+        data = get_file_content('/proc/cmdline')\n+        if data:\n+            self.facts['cmdline'] = {}\n+            for piece in shlex.split(data):\n+                item = piece.split('=', 1)\n+                if len(item) == 1:\n+                    self.facts['cmdline'][item[0]] = True\n+                else:\n+                    self.facts['cmdline'][item[0]] = item[1]\n+\n     def get_public_ssh_host_keys(self):\n         dsa = get_file_content('/etc/ssh/ssh_host_dsa_key.pub')\n         rsa = get_file_content('/etc/ssh/ssh_host_rsa_key.pub')\n@@ -198,7 +210,7 @@ class LinuxHardware(Hardware):\n     MEMORY_FACTS = ['MemTotal', 'SwapTotal', 'MemFree', 'SwapFree']\n     # DMI bits\n     DMI_DICT = dict(\n-        form_factor     =  '/sys/devices/virtual/dmi/id/chassis_type',\n+        form_factor     = '/sys/devices/virtual/dmi/id/chassis_type',\n         product_name    = '/sys/devices/virtual/dmi/id/product_name',\n         product_serial  = '/sys/devices/virtual/dmi/id/product_serial',\n         product_uuid    = '/sys/devices/virtual/dmi/id/product_uuid',\n"
    }
  ],
  "comments": [
    {
      "author_login": "mpdehaan",
      "body": "It looks like data.split() should be shlex.split(data) ?\n"
    },
    {
      "author_login": "dagwieers",
      "body": "I figured it would be slower to use shlex, but sure we can do that. I also implemented split(sep, maxsplit=1).\n"
    },
    {
      "author_login": "mpdehaan",
      "body": "shlex.split will split the following example correctly\n\nabc=\"def ghi\" jkl=\"mno pqr\"\n\ninto\n\nabc=\"def ghi\"\njkl=\"mno pqr\"\n\nand is therefore required\n\nexample:  https://github.com/cobbler/cobbler/issues/168\n"
    },
    {
      "author_login": "dagwieers",
      "body": "Right, I didn't know this was allowed in /proc/cmdline (including the quotes). But it's implemented as you requested.\n"
    },
    {
      "author_login": "mpdehaan",
      "body": "merged, thanks!\n"
    }
  ],
  "reviews": []
}