{
  "pr_number": 10806,
  "url": "https://github.com/ansible/ansible/pull/10806",
  "title": "Add Python 2.7 to Conrol Machine Requirements in docsite",
  "author_login": "hnakamur",
  "state": "MERGED",
  "merged_by_login": "bcoca",
  "body": "Please see this thread in Ansible Project Google Groups https://groups.google.com/d/msg/ansible-project/f30Jfq5xw_k/QexgSWeakQYJ\n",
  "labels": [
    "docs"
  ],
  "additions": 1,
  "deletions": 1,
  "changed_files_count": 1,
  "changed_files_list": [
    "docsite/rst/intro_installation.rst"
  ],
  "files": [
    {
      "file_path": "docsite/rst/intro_installation.rst",
      "status": "modified",
      "additions": 1,
      "deletions": 1,
      "file_diff": "diff --git a/docsite/rst/intro_installation.rst b/docsite/rst/intro_installation.rst\nindex 4a4504388a56fe..604be2abc9ea52 100644\n--- a/docsite/rst/intro_installation.rst\n+++ b/docsite/rst/intro_installation.rst\n@@ -46,7 +46,7 @@ information about running from source.  It's not necessary to install the progra\n Control Machine Requirements\n ````````````````````````````\n \n-Currently Ansible can be run from any machine with Python 2.6 installed (Windows isn't supported for the control machine).\n+Currently Ansible can be run from any machine with Python 2.6 or 2.7 installed (Windows isn't supported for the control machine).\n \n This includes Red Hat, Debian, CentOS, OS X, any of the BSDs, and so on.\n   \n"
    }
  ],
  "comments": [
    {
      "author_login": "hnakamur",
      "body": "Thanks for merging!\n"
    }
  ],
  "reviews": []
}