{
  "pr_number": 11618,
  "url": "https://github.com/ansible/ansible/pull/11618",
  "title": "hacking/test-module, updated to new location and non-classness of module_common",
  "author_login": "halberom",
  "state": "MERGED",
  "merged_by_login": "bcoca",
  "body": "before change\n\n```\n$ hacking/test-module -m ~/dev/ansible-modules-core/system/ping.py \nTraceback (most recent call last):\n  File \"hacking/test-module\", line 40, in <module>\n    import ansible.module_common as module_common\nImportError: No module named module_common\n```\n\nafter change\n\n```\n$ hacking/test-module -m ~/dev/ansible-modules-core/system/ping.py \n* including generated source, if any, saving to: /Users/glynch/.ansible_module_generated\n* this may offset any line numbers in tracebacks/debuggers!\n***********************************\nRAW OUTPUT\n{\"changed\": false, \"ping\": \"pong\"}\n\n\n***********************************\nPARSED OUTPUT\n{\n    \"changed\": false, \n    \"ping\": \"pong\"\n}\n```\n",
  "labels": [
    "bug"
  ],
  "additions": 3,
  "deletions": 3,
  "changed_files_count": 1,
  "changed_files_list": [
    "hacking/test-module"
  ],
  "files": [
    {
      "file_path": "hacking/test-module",
      "status": "modified",
      "additions": 3,
      "deletions": 3,
      "file_diff": "diff --git a/hacking/test-module b/hacking/test-module\nindex 953f834aad0653..681e52a9c80a84 100755\n--- a/hacking/test-module\n+++ b/hacking/test-module\n@@ -37,7 +37,7 @@ import optparse\n import ansible.utils as utils\n from ansible.parsing.utils.jsonify import jsonify\n from ansible.parsing.splitter import parse_kv\n-import ansible.module_common as module_common\n+import ansible.executor.module_common as module_common\n import ansible.constants as C\n \n try:\n@@ -89,7 +89,7 @@ def boilerplate_module(modfile, args, interpreter, check):\n     #module_data = module_fh.read()\n     #module_fh.close()\n \n-    replacer = module_common.ModuleReplacer()\n+    #replacer = module_common.ModuleReplacer()\n \n     #included_boilerplate = module_data.find(module_common.REPLACER) != -1 or module_data.find(\"import ansible.module_utils\") != -1\n \n@@ -118,7 +118,7 @@ def boilerplate_module(modfile, args, interpreter, check):\n     if check:\n          complex_args['CHECKMODE'] = True\n \n-    (module_data, module_style, shebang) = replacer.modify_module(\n+    (module_data, module_style, shebang) = module_common.modify_module(\n         modfile, \n         complex_args,\n         args,\n"
    }
  ],
  "comments": [
    {
      "author_login": "bcoca",
      "body": "nice, i was about to tackle this\n"
    }
  ],
  "reviews": []
}