{
  "pr_number": 11622,
  "url": "https://github.com/ansible/ansible/pull/11622",
  "title": "devel breaks «gathering=explicit» setting in ansible.cfg",
  "author_login": "amenonsen",
  "state": "MERGED",
  "merged_by_login": "bcoca",
  "body": "Issue Type:\n\nBugfix Pull Request\n\nAnsible Version:\n\ndevel@d70c88bf\n\nAnsible Configuration:\n\ngathering=explicit\n\nEnvironment:\n\nN/A\n\nSummary:\n\nSetting gathering=explicit in ansible.cfg has no effect: plays without gather_facts: True still gathered facts.\n\nThere was a confusion between the valid values for defaults.gathering (explicit/implicit/smart) and a play's gather_facts setting (boolean), which resulted in gathering=explicit being ignored.\n\nSteps To Reproduce:\n\nSet gathering=explicit. Run a play that doesn't set gather_facts: True.\n\nExpected Results:\n\nDoesn't gather facts.\n\nActual Results:\n\nDoes gather facts.\n",
  "labels": [
    "bug"
  ],
  "additions": 14,
  "deletions": 2,
  "changed_files_count": 2,
  "changed_files_list": [
    "ansible/playbook/play.py b/lib/ansible/playbook/play.py"
  ],
  "files": [
    {
      "file_path": "ansible/playbook/play.py b/lib/ansible/playbook/play.py",
      "status": "modified",
      "additions": 1,
      "deletions": 1,
      "file_diff": "diff --git a/lib/ansible/playbook/play.py b/lib/ansible/playbook/play.py\nindex 2d31adec64c8b1..ecaeac23622241 100644\n--- a/lib/ansible/playbook/play.py\n+++ b/lib/ansible/playbook/play.py\n@@ -58,7 +58,7 @@ class Play(Base, Taggable, Become):\n     _accelerate_port     = FieldAttribute(isa='int', default=5099) # should be alias of port\n \n     # Connection\n-    _gather_facts        = FieldAttribute(isa='string', default='smart')\n+    _gather_facts        = FieldAttribute(isa='bool', default=None)\n     _hosts               = FieldAttribute(isa='list', default=[], required=True, listof=string_types)\n     _name                = FieldAttribute(isa='string', default='')\n \n"
    }
  ],
  "comments": [],
  "reviews": []
}