{
  "pr_number": 1130,
  "url": "https://github.com/ansible/ansible/pull/1130",
  "title": "Setting trim_blocks to True",
  "author_login": "command-tab",
  "state": "MERGED",
  "merged_by_login": "mpdehaan",
  "body": "Setting trim_blocks to True so that newlines after a template block get trimmed.\n\nThis is useful, for example, when a particularly picky service's configuration file syntax requires _no_ empty lines, and a loop is used inside a Jinja2 template for creating said config files.\n",
  "labels": [],
  "additions": 1,
  "deletions": 1,
  "changed_files_count": 1,
  "changed_files_list": [
    "ansible/utils.py b/lib/ansible/utils.py"
  ],
  "files": [
    {
      "file_path": "ansible/utils.py b/lib/ansible/utils.py",
      "status": "modified",
      "additions": 1,
      "deletions": 1,
      "file_diff": "diff --git a/lib/ansible/utils.py b/lib/ansible/utils.py\nindex a102acc311f6f9..a980e49ef4f5a1 100644\n--- a/lib/ansible/utils.py\n+++ b/lib/ansible/utils.py\n@@ -371,7 +371,7 @@ def template(basedir, text, vars):\n def template_from_file(basedir, path, vars):\n     ''' run a file through the templating engine '''\n \n-    environment = jinja2.Environment(loader=jinja2.FileSystemLoader(basedir), trim_blocks=False)\n+    environment = jinja2.Environment(loader=jinja2.FileSystemLoader(basedir), trim_blocks=True)\n     environment.filters['to_json'] = json.dumps\n     environment.filters['from_json'] = json.loads\n     environment.filters['to_yaml'] = yaml.dump\n"
    }
  ],
  "comments": [
    {
      "author_login": "mpdehaan",
      "body": "If the block was picky about newlines wouldn't you just not have a newline at the end of the file?   Or is there no other way?\n\nThe fact that trim_blocks is in there means someone put it in there via a previous pull request, probably because they felt it was more intuitive.  I doubt I did it myself, so ... curious as to whether that can just be expressed in the template by not having the extra newline there?\n\nCan you share an example?\n"
    },
    {
      "author_login": "jpmens",
      "body": "@commandtab You're aware of the dash at the end of a Jinja statement?\n\n``` jinja2\n{% if something %}{{variable}}{% endif -%}\n```\n\nThat last dash swallows the newline which would be produced by the `endif`. \n\nNote sure if that helps.\n"
    },
    {
      "author_login": "command-tab",
      "body": "Using the dash works, like you indicated:\n\n```\n{% if something -%}\n{{variable}}\n{% endif -%}\n```\n\nAnd that results in a single line with only the content of the variable, but it sucks to have to remember to add the dash _all the time_. Works in a pinch, though.\n\nIt seems to me that, like PHP, lines that contain _only_ template engine logic should not emit a newline. If you wanted a newline there, you'd put one there, either outside the template block or before/after the block, right?\n\nI'd much rather do:\n\n```\n{% if something %}\n{{variable}}\n{% endif %}\n```\n\nAnd end up with the same single line with the variable content, and not have to think about removing the engine's cruft by adding more to my template.\n"
    },
    {
      "author_login": "jpmens",
      "body": "You're right in that it sucks to add the dash; I've got used to it ;-) If your patch doesn't break anything (e.g. existing templates with dashes?) I'd like to see that applied, yes.\n\nOn Sat Sep 29 2012 at 06:58:13 CEST, Collin Allen wrote:\n\n> Using the dash works, like you indicated:\n> \n> ```\n> {% if something -%}\n> {{variable}}\n> {% endif -%}\n> ```\n> \n> And that results in a single line with only the content of the variable, but it sucks to have to remember to add the dash _all the time_. Works in a pinch, though.\n> \n> It seems to me that, like PHP, lines that contain _only_ template engine logic should not emit a newline. If you wanted a newline there, you'd put one there, either outside the template block or before/after the block, right?\n> \n> I'd much rather do:\n> \n> ```\n> {% if something %}\n> {{variable}}\n> {% endif %}\n> ```\n> \n> And end up with the same single line with the variable content, and not have to think about removing the engine's cruft by adding more to my template.\n> \n> ---\n> \n> Reply to this email directly or view it on GitHub:\n> https://github.com/ansible/ansible/pull/1130#issuecomment-9000881\n"
    },
    {
      "author_login": "jpmens",
      "body": "Actually, I wish I'd known about trim_blocks before ... (no time to study docs fully; sigh) This could have saved me lots of pain in the module_formatter.\n\nI'm going to try this, @commandtab and will report back.\n"
    },
    {
      "author_login": "mpdehaan",
      "body": "I think having to remember this is also a bit non-inutitive.  Unless we can think of how this could break people it seems fine to me.\n"
    },
    {
      "author_login": "mpdehaan",
      "body": "Merging, we shall see if anyone yells :)\n"
    },
    {
      "author_login": "mpdehaan",
      "body": "Thanks!\n"
    },
    {
      "author_login": "alopropoz",
      "body": "It can cause problems if you have blocks without newline inside.\n\n{% if set_a == 42 %}a = 1{% endif %}\nb = 2\n\nwill become\na=1b=2\n\nBroken my Apache when I tested in VM after upgrading Ansible :-)\nIt is not difficult for me to add linebreak inside the block (and it looks really more easy than adding \"-\" everywhere for others), but may be it deserve a letter to mailing list or a line in release notes since it change behavior and can break things.\n"
    },
    {
      "author_login": "jpmens",
      "body": "Agree it should be mentioned in release notes.\n"
    }
  ],
  "reviews": []
}