{
  "pr_number": 10860,
  "url": "https://github.com/ansible/ansible/pull/10860",
  "title": "clarify role spec, dependencies and galaxy involvment.",
  "author_login": "bcoca",
  "state": "MERGED",
  "merged_by_login": "bcoca",
  "body": "fixes #10832\n",
  "labels": [
    "P2",
    "docs"
  ],
  "additions": 1,
  "deletions": 5,
  "changed_files_count": 1,
  "changed_files_list": [
    "docsite/rst/playbooks_roles.rst"
  ],
  "files": [
    {
      "file_path": "docsite/rst/playbooks_roles.rst",
      "status": "modified",
      "additions": 1,
      "deletions": 5,
      "file_diff": "diff --git a/docsite/rst/playbooks_roles.rst b/docsite/rst/playbooks_roles.rst\nindex 3ffabe835d3828..b46474a89a26ba 100644\n--- a/docsite/rst/playbooks_roles.rst\n+++ b/docsite/rst/playbooks_roles.rst\n@@ -301,12 +301,8 @@ Role dependencies can also be specified as a full path, just like top level role\n     dependencies:\n        - { role: '/path/to/common/roles/foo', x: 1 }\n \n-Role dependencies can also be installed from source control repos or tar files, using a comma separated format of path, an optional version (tag, commit, branch etc) and optional friendly role name (an attempt is made to derive a role name from the repo name or archive filename)::\n+Role dependencies can also be installed from source control repos or tar files (via `galaxy`) using comma separated format of path, an optional version (tag, commit, branch etc) and optional friendly role name (an attempt is made to derive a role name from the repo name or archive filename). Both through the command line or via a requirements.yml passed to ansible-galaxy.\n \n-    ---\n-    dependencies:\n-      - { role: 'git+http://git.example.com/repos/role-foo,v1.1,foo' }\n-      - { role: '/path/to/tar/file.tgz,,friendly-name' }\n \n Roles dependencies are always executed before the role that includes them, and are recursive. By default, \n roles can also only be added as a dependency once - if another role also lists it as a dependency it will\n"
    }
  ],
  "comments": [],
  "reviews": []
}