{
  "pr_number": 10158,
  "url": "https://github.com/ansible/ansible/pull/10158",
  "title": "more resilient errors for bad host declarations in play",
  "author_login": "bcoca",
  "state": "MERGED",
  "merged_by_login": "bcoca",
  "body": "should fix #10148\n",
  "labels": [],
  "additions": 5,
  "deletions": 1,
  "changed_files_count": 1,
  "changed_files_list": [
    "ansible/playbook/play.py b/lib/ansible/playbook/play.py"
  ],
  "files": [
    {
      "file_path": "ansible/playbook/play.py b/lib/ansible/playbook/play.py",
      "status": "modified",
      "additions": 5,
      "deletions": 1,
      "file_diff": "diff --git a/lib/ansible/playbook/play.py b/lib/ansible/playbook/play.py\nindex b551baf6b31c88..74aa6a9f798a50 100644\n--- a/lib/ansible/playbook/play.py\n+++ b/lib/ansible/playbook/play.py\n@@ -128,7 +128,11 @@ def __init__(self, playbook, ds, basedir, vault_password=None):\n         if hosts is None:\n             raise errors.AnsibleError('hosts declaration is required')\n         elif isinstance(hosts, list):\n-            hosts = ';'.join(hosts)\n+            try:\n+                hosts = ';'.join(hosts)\n+            except TypeError,e:\n+                raise errors.AnsibleError('improper host declaration: %s' % str(e))\n+\n         self.serial           = str(ds.get('serial', 0))\n         self.hosts            = hosts\n         self.name             = ds.get('name', self.hosts)\n"
    }
  ],
  "comments": [],
  "reviews": []
}