{
  "pr_number": 1146,
  "url": "https://github.com/ansible/ansible/pull/1146",
  "title": "Properly parse escaped special arguments",
  "author_login": "dhozac",
  "state": "MERGED",
  "merged_by_login": "mpdehaan",
  "body": "Fixes issue #1134\n",
  "labels": [],
  "additions": 6,
  "deletions": 5,
  "changed_files_count": 1,
  "changed_files_list": [
    "library/command"
  ],
  "files": [
    {
      "file_path": "library/command",
      "status": "modified",
      "additions": 6,
      "deletions": 5,
      "file_diff": "diff --git a/library/command b/library/command\nindex 753aefe5ed4927..61d78ec5632b4f 100755\n--- a/library/command\n+++ b/library/command\n@@ -23,6 +23,7 @@ import sys\n import datetime\n import traceback\n import shlex\n+import pipes\n import os\n \n DOCUMENTATION = '''\n@@ -139,6 +140,7 @@ class CommandModule(AnsibleModule):\n             params['shell'] = True\n \n         check_args = shlex.split(args)\n+        l_args = []\n         for x in check_args:\n             if x.startswith(\"creates=\"):\n                 # do not run the command if the line contains creates=filename\n@@ -154,7 +156,6 @@ class CommandModule(AnsibleModule):\n                         stderr=False,\n                         rc=0\n                     )\n-                args = args.replace(x,'')\n             elif x.startswith(\"removes=\"):\n                 # do not run the command if the line contains removes=filename\n                 # and the filename do not exists.  This allows idempotence\n@@ -169,7 +170,6 @@ class CommandModule(AnsibleModule):\n                         stderr=False,\n                         rc=0\n                     )\n-                args = args.replace(x,'')\n             elif x.startswith(\"chdir=\"):\n                 (k,v) = x.split(\"=\", 1)\n                 v = os.path.expanduser(v)\n@@ -178,8 +178,9 @@ class CommandModule(AnsibleModule):\n                 elif v[0] != '/':\n                     self.fail_json(msg=\"the path for 'chdir' argument must be fully qualified\")\n                 params['chdir'] = v\n-                args = args.replace(x, '')\n-        params['args'] = args\n-        return (params, args)\n+            else:\n+                l_args.append(x)\n+        params['args'] = \" \".join([pipes.quote(x) for x in l_args])\n+        return (params, params['args'])\n \n main()\n"
    }
  ],
  "comments": [
    {
      "author_login": "mpdehaan",
      "body": "Thanks for fixing this, but what is \"l_args\" meaning as a variable name?   :)\n"
    },
    {
      "author_login": "dhozac",
      "body": "I was thinking of list of arguments, but I can change it to something else if you prefer.\n"
    },
    {
      "author_login": "dhozac",
      "body": "Hmm, looking at it some more, I'm going to clean it up some, and just name it args.\n"
    },
    {
      "author_login": "mpdehaan",
      "body": "Thought so, wanted to be sure :)\n\nFair enough, I'll let you update this PR if that works for you.\n"
    },
    {
      "author_login": "mpdehaan",
      "body": "went ahead and merged this, will take other patches on top and such if needed\n"
    }
  ],
  "reviews": []
}