{
  "pr_number": 1164,
  "url": "https://github.com/ansible/ansible/pull/1164",
  "title": "module_formatter now also uses Jinja2 trim_blocks",
  "author_login": "jpmens",
  "state": "MERGED",
  "merged_by_login": "mpdehaan",
  "body": "- Updated man template accordingly\n- seem to have left in illegal char in facter DOCUMENTATION...\n",
  "labels": [],
  "additions": 22,
  "deletions": 19,
  "changed_files_count": 3,
  "changed_files_list": [
    "hacking/templates/man.j2",
    "library/facter"
  ],
  "files": [
    {
      "file_path": "hacking/templates/man.j2",
      "status": "modified",
      "additions": 20,
      "deletions": 18,
      "file_diff": "diff --git a/hacking/templates/man.j2 b/hacking/templates/man.j2\nindex 7ec644f26ec366..c5ebd7801d7bee 100644\n--- a/hacking/templates/man.j2\n+++ b/hacking/templates/man.j2\n@@ -4,56 +4,58 @@\n @{ module }@ \\- @{ short_description }@\n .\" ------ DESCRIPTION\n .SH DESCRIPTION\n-{% for desc in description -%}\n+{% for desc in description %}\n .PP\n @{ desc | jpfunc }@ \n {% endfor %}\n .\" ------ OPTIONS\n .\"\n .\"\n-{% if options -%}\n+{% if options %}\n .SH OPTIONS\n {% for (k,v) in options.iteritems()  %}\n+\n .IP @{ k }@\n-{% for desc in v.description -%}@{ desc | jpfunc }@{% endfor -%}\n+{% for desc in v.description %}@{ desc | jpfunc }@{% endfor %}\n {% if v.get('choices') %}\n+\n .IR Choices :\n-{% for choice in v.get('choices',[]) -%}@{ choice }@{% if not loop.last %},{%else%}.{%endif-%}{% endfor -%}{% endif %}\n-{% if v.get('required') %}(required){% endif -%}\n-{% if v.get('default') %} (default: @{ v.get('default') }@){% endif -%}\n+{% for choice in v.get('choices',[]) %}@{ choice }@{% if not loop.last %},{%else%}.{%endif%}{% endfor %}{% endif %}\n+{% if v.get('required') %}(required){% endif %}\n+{% if v.get('default') %} (default: @{ v.get('default') }@){% endif %}\n {#---------------------------------------------- #}\n-{% if v.get('version_added') -%}\n+{% if v.get('version_added') %}\n (Added in Ansible version @{ v.get('version_added') }@.)\n-{% endif -%}\n+{% endif %}\n {% endfor %}\n {% endif %}\n .\"\n .\"\n .\" ------ NOTES\n-{% if notes -%}\n+{% if notes %}\n .SH NOTES\n-{% for note in notes -%}\n+{% for note in notes %}\n .PP\n @{ note | jpfunc }@ \n-{% endfor -%}\n-{% endif -%}\n+{% endfor %}\n+{% endif %}\n .\"\n .\"\n .\" ------ EXAMPLES\n-{% if examples is defined -%}\n+{% if examples is defined %}\n .SH EXAMPLES\n-{% for e in examples -%}\n+{% for e in examples %}\n .PP\n .nf\n @{ e['code'] }@\n .fi\n-{% endfor -%}\n-{% endif -%}\n+{% endfor %}\n+{% endif %}\n .\" ------- AUTHOR\n-{% if author is defined -%}\n+{% if author is defined %}\n .SH AUTHOR\n @{ author }@\n-{% endif -%}\n+{% endif %}\n .SH SEE ALSO\n .IR ansible (1),\n .I http://ansible.github.com/modules.html#@{docuri}@"
    },
    {
      "file_path": "library/facter",
      "status": "modified",
      "additions": 1,
      "deletions": 1,
      "file_diff": "diff --git a/library/facter b/library/facter\nindex f274a35df459f1..e4baac035e48b7 100755\n--- a/library/facter\n+++ b/library/facter\n@@ -23,7 +23,7 @@\n DOCUMENTATION = '''\n ---\n module: facter\n-short_description: Runs the discovery program ‘facter’ on the remote system\n+short_description: Runs the discovery program I(facter) on the remote system\n description:\n      - Runs the discovery program I(facter) on the remote system, returning JSON\n        data that can be useful for inventory purposes.\n"
    }
  ],
  "comments": [],
  "reviews": []
}