{
  "pr_number": 1161,
  "url": "https://github.com/ansible/ansible/pull/1161",
  "title": "rst output template tweak for 'required'",
  "author_login": "jpmens",
  "state": "MERGED",
  "merged_by_login": "mpdehaan",
  "body": "yes/no instead of True/False (looks better and was thusly in the original modules.html)\n",
  "labels": [],
  "additions": 1,
  "deletions": 1,
  "changed_files_count": 1,
  "changed_files_list": [
    "hacking/templates/rst.j2"
  ],
  "files": [
    {
      "file_path": "hacking/templates/rst.j2",
      "status": "modified",
      "additions": 1,
      "deletions": 1,
      "file_diff": "diff --git a/hacking/templates/rst.j2 b/hacking/templates/rst.j2\nindex f67e05339bcb2f..0d783c267e672b 100644\n--- a/hacking/templates/rst.j2\n+++ b/hacking/templates/rst.j2\n@@ -32,7 +32,7 @@\n     {% for (k,v) in options.iteritems()  %}\n     <tr>\n     <td>@{ k }@</td>\n-    <td>@{ v.get('required',False) }@</td>\n+    <td>{% if v.get('required', False) %}yes{% else %}no{% endif %}</td>\n     <td>{% if v['default'] %}@{ v['default'] }@{% endif %}</td>\n     <td><ul>{% for choice in v.get('choices',[]) -%}<li>@{ choice }@</li>{% endfor -%}</ul></td>\n     <td>{% for desc in v.description -%}@{ desc | html_ify }@{% endfor -%}</td>\n"
    }
  ],
  "comments": [
    {
      "author_login": "mpdehaan",
      "body": "merged, thanks!\n"
    }
  ],
  "reviews": []
}