{
  "pr_number": 11638,
  "url": "https://github.com/ansible/ansible/pull/11638",
  "title": "capture error when smoeone puts a list or some other complex type in",
  "author_login": "bcoca",
  "state": "MERGED",
  "merged_by_login": "bcoca",
  "body": "note that this is a fix for stable-1.9, fixes reported traceback:\n\n```\n    - name: Create facts.d directory on ops-control\n      file:\n        state: directory\n        path: /etc/ansible/facts.d\n      sudo: yes\n      delegate_to: \"{{groups.control}}\"\n```\n\nproduces\n\n```\nTASK: [debug var=groups.control] ********************************************** \nok: [127.0.0.1] => {\n    \"var\": {\n        \"groups.control\": [\n            \"10.0.196.112\"\n        ]\n    }\n}\n\n\nTASK: [Create facts.d directory on ops-control] ******************************* \nfatal: [127.0.0.1 -> [u'10.0.196.112']] => Traceback (most recent call last):\n  File \"/usr/local/lib/python2.7/dist-packages/ansible/runner/__init__.py\", line 582, in _executor\n    exec_rc = self._executor_internal(host, new_stdin)\n  File \"/usr/local/lib/python2.7/dist-packages/ansible/runner/__init__.py\", line 785, in _executor_internal\n    return self._executor_internal_inner(host, self.module_name, self.module_args, inject, port, complex_args=complex_args)\n  File \"/usr/local/lib/python2.7/dist-packages/ansible/runner/__init__.py\", line 923, in _executor_internal_inner\n    delegate = self._compute_delegate(actual_pass, inject)\n  File \"/usr/local/lib/python2.7/dist-packages/ansible/runner/__init__.py\", line 363, in _compute_delegate\n    delegate['user'] = self._compute_delegate_user(self.delegate_to, delegate['inject'])\n  File \"/usr/local/lib/python2.7/dist-packages/ansible/runner/__init__.py\", line 393, in _compute_delegate_user\n    if host in inject['hostvars']:\nTypeError: unhashable type: 'list'\n```\n",
  "labels": [
    "P2",
    "bug"
  ],
  "additions": 3,
  "deletions": 0,
  "changed_files_count": 1,
  "changed_files_list": [
    "ansible/runner/__init__.py b/lib/ansible/runner/__init__.py"
  ],
  "files": [
    {
      "file_path": "ansible/runner/__init__.py b/lib/ansible/runner/__init__.py",
      "status": "modified",
      "additions": 3,
      "deletions": 0,
      "file_diff": "diff --git a/lib/ansible/runner/__init__.py b/lib/ansible/runner/__init__.py\nindex b68928d4bbc61f..0a98b15b562065 100644\n--- a/lib/ansible/runner/__init__.py\n+++ b/lib/ansible/runner/__init__.py\n@@ -403,6 +403,9 @@ def _compute_delegate_user(self, host, inject):\n             # the hostname was not found in the inventory, so\n             # we just ignore this and try the next method\n             pass\n+        except TypeError, e:\n+            # Someone is trying to pass a list or some other 'non string' as a host.\n+            raise errors.AnsibleError(\"Invalid type for delegate_to: %s\" % str(e))\n \n         if thisuser is None and self.remote_user:\n             # user defined by play/runner\n"
    }
  ],
  "comments": [
    {
      "author_login": "abadger",
      "body": "If this was v2, I'd say maybe we want to deal with iterating over the list.  Since it's 1.9.x, this seems like a valid strategy.  Maybe the error message should also state what we're expecting?\n\n``` python\n\"Invalid type for delegate_to.  expected comma separated string of hostnames: %s\" % str(e)\n```\n"
    }
  ],
  "reviews": []
}