{
  "pr_number": 11631,
  "url": "https://github.com/ansible/ansible/pull/11631",
  "title": "GCE tag prefix for creating ansible group.",
  "author_login": "athoune",
  "state": "MERGED",
  "merged_by_login": "bcoca",
  "body": "When you migrate your old hosting to GCE, you want to keep your beloved groups. It can be done with a simple name convention : a GCE tag beginning with group-, like \"group-toto\" becomes a group named \"toto\".\n",
  "labels": [
    "feature"
  ],
  "additions": 4,
  "deletions": 1,
  "changed_files_count": 1,
  "changed_files_list": [
    "inventory/gce.py b/contrib/inventory/gce.py"
  ],
  "files": [
    {
      "file_path": "inventory/gce.py b/contrib/inventory/gce.py",
      "status": "modified",
      "additions": 4,
      "deletions": 1,
      "file_diff": "diff --git a/contrib/inventory/gce.py b/contrib/inventory/gce.py\nindex 59947fb1665cc3..740e112332cc5e 100755\n--- a/contrib/inventory/gce.py\n+++ b/contrib/inventory/gce.py\n@@ -257,7 +257,10 @@ def group_instances(self):\n \n             tags = node.extra['tags']\n             for t in tags:\n-                tag = 'tag_%s' % t\n+                if t.startswith('group-'):\n+                    tag = t[6:]\n+                else:\n+                    tag = 'tag_%s' % t\n                 if groups.has_key(tag): groups[tag].append(name)\n                 else: groups[tag] = [name]\n \n"
    }
  ],
  "comments": [
    {
      "author_login": "bcoca",
      "body": "cc @erjohnso for review\n"
    },
    {
      "author_login": "erjohnso",
      "body": "LGTM @bcoca - feel free to merge.\n"
    }
  ],
  "reviews": []
}