{
  "pr_number": 10842,
  "url": "https://github.com/ansible/ansible/pull/10842",
  "title": "update --ansible-private-keyfile to --private-key in documentation",
  "author_login": "tylerharper",
  "state": "MERGED",
  "merged_by_login": "bcoca",
  "body": "An old command line option was left in the documentation.  Updated the option to be the new one.\n",
  "labels": [
    "P2",
    "docs"
  ],
  "additions": 1,
  "deletions": 1,
  "changed_files_count": 1,
  "changed_files_list": [
    "docsite/rst/intro_configuration.rst"
  ],
  "files": [
    {
      "file_path": "docsite/rst/intro_configuration.rst",
      "status": "modified",
      "additions": 1,
      "deletions": 1,
      "file_diff": "diff --git a/docsite/rst/intro_configuration.rst b/docsite/rst/intro_configuration.rst\nindex a13f6c6ecd990d..91be8a98da242c 100644\n--- a/docsite/rst/intro_configuration.rst\n+++ b/docsite/rst/intro_configuration.rst\n@@ -451,7 +451,7 @@ private_key_file\n ================\n \n If you are using a pem file to authenticate with machines rather than SSH agent or passwords, you can set the default\n-value here to avoid re-specifying ``--ansible-private-keyfile`` with every invocation::\n+value here to avoid re-specifying ``--private-key`` with every invocation::\n \n     private_key_file=/path/to/file.pem\n \n"
    }
  ],
  "comments": [],
  "reviews": []
}