{
  "pr_number": 10514,
  "url": "https://github.com/ansible/ansible/pull/10514",
  "title": "now ansible ignores tempate errors on passwords",
  "author_login": "bcoca",
  "state": "MERGED",
  "merged_by_login": "bcoca",
  "body": "they could be caused by random character combinations, fixes #10468\n",
  "labels": [
    "bug"
  ],
  "additions": 6,
  "deletions": 2,
  "changed_files_count": 1,
  "changed_files_list": [
    "ansible/runner/__init__.py b/lib/ansible/runner/__init__.py"
  ],
  "files": [
    {
      "file_path": "ansible/runner/__init__.py b/lib/ansible/runner/__init__.py",
      "status": "modified",
      "additions": 6,
      "deletions": 2,
      "file_diff": "diff --git a/lib/ansible/runner/__init__.py b/lib/ansible/runner/__init__.py\nindex 8e326935b09dff..4565b90a04d798 100644\n--- a/lib/ansible/runner/__init__.py\n+++ b/lib/ansible/runner/__init__.py\n@@ -934,8 +934,12 @@ def _executor_internal_inner(self, host, module_name, module_args, inject, port,\n \n         # user/pass may still contain variables at this stage\n         actual_user = template.template(self.basedir, actual_user, inject)\n-        actual_pass = template.template(self.basedir, actual_pass, inject)\n-        self.become_pass = template.template(self.basedir, self.become_pass, inject)\n+        try:\n+            actual_pass = template.template(self.basedir, actual_pass, inject)\n+            self.become_pass = template.template(self.basedir, self.become_pass, inject)\n+        except:\n+            # ignore password template errors, could be triggered by password charaters #10468\n+            pass\n \n         # make actual_user available as __magic__ ansible_ssh_user variable\n         inject['ansible_ssh_user'] = actual_user\n"
    }
  ],
  "comments": [],
  "reviews": []
}