{
  "pr_number": 1051,
  "url": "https://github.com/ansible/ansible/pull/1051",
  "title": "Add pkg_mgr fact to setup (take 2)",
  "author_login": "sfromm",
  "state": "MERGED",
  "merged_by_login": "mpdehaan",
  "body": "Same as pull request #1050.\n\nThis facilitates playbook decision-making that are package manager based.  It also allows simple package installation across distributions in a single statement:\n\n```\n-name: install wget \n action: $ansible_pkg_mgr name=wget state=present\n```\n\nNow implemented with a list of dicts to identify the package manager in use.\n",
  "labels": [],
  "additions": 14,
  "deletions": 0,
  "changed_files_count": 1,
  "changed_files_list": [
    "library/setup"
  ],
  "files": [
    {
      "file_path": "library/setup",
      "status": "modified",
      "additions": 14,
      "deletions": 0,
      "file_diff": "diff --git a/library/setup b/library/setup\nindex 5499c2f8576ff1..4820ec257e1a5d 100755\n--- a/library/setup\n+++ b/library/setup\n@@ -54,6 +54,13 @@ class Facts(object):\n                     '/etc/vmware-release': 'VMwareESX' }\n     SELINUX_MODE_DICT = { 1: 'enforcing', 0: 'permissive', -1: 'disabled' }\n \n+    # A list of dicts.  If there is a platform with more than one\n+    # package manager, put the preferred one last.  If there is an\n+    # ansible module, use that as the value for the 'name' key.\n+    PKG_MGRS = [ { 'path' : '/usr/bin/yum',     'name' : 'yum' },\n+                 { 'path' : '/usr/bin/apt-get', 'name' : 'apt' },\n+                 { 'path' : '/usr/bin/zypper',  'name' : 'zypper' } ]\n+\n     def __init__(self):\n         self.facts = {}\n         self.get_platform_facts()\n@@ -61,6 +68,7 @@ class Facts(object):\n         self.get_cmdline()\n         self.get_public_ssh_host_keys()\n         self.get_selinux_facts()\n+        self.get_pkg_mgr_facts()\n \n     def populate(self):\n         return self.facts\n@@ -133,6 +141,12 @@ class Facts(object):\n         else:\n             self.facts['ssh_host_key_rsa_public'] = rsa.split()[1]\n \n+    def get_pkg_mgr_facts(self):\n+        self.facts['pkg_mgr'] = 'unknown'\n+        for pkg in Facts.PKG_MGRS:\n+            if os.path.exists(pkg['path']):\n+                self.facts['pkg_mgr'] = pkg['name']\n+\n     def get_selinux_facts(self):\n         if not HAVE_SELINUX:\n             self.facts['selinux'] = False\n"
    }
  ],
  "comments": [
    {
      "author_login": "mpdehaan",
      "body": "merged, thanks!   We have examples in examples/playbooks somewhere I think that could use this right now.\n"
    }
  ],
  "reviews": []
}