{
  "pr_number": 11531,
  "url": "https://github.com/ansible/ansible/pull/11531",
  "title": "document `jsonfile` fact cache",
  "author_login": "tamsky",
  "state": "MERGED",
  "merged_by_login": "bcoca",
  "body": "",
  "labels": [
    "docs"
  ],
  "additions": 17,
  "deletions": 4,
  "changed_files_count": 1,
  "changed_files_list": [
    "docsite/rst/playbooks_variables.rst"
  ],
  "files": [
    {
      "file_path": "docsite/rst/playbooks_variables.rst",
      "status": "modified",
      "additions": 17,
      "deletions": 4,
      "file_diff": "diff --git a/docsite/rst/playbooks_variables.rst b/docsite/rst/playbooks_variables.rst\nindex b0e2e223cdc9ae..ba341398fef202 100644\n--- a/docsite/rst/playbooks_variables.rst\n+++ b/docsite/rst/playbooks_variables.rst\n@@ -494,7 +494,11 @@ not be necessary to \"hit\" all servers to reference variables and information abo\n With fact caching enabled, it is possible for machine in one group to reference variables about machines in the other group, despite\n the fact that they have not been communicated with in the current execution of /usr/bin/ansible-playbook.\n \n-To configure fact caching, enable it in ansible.cfg as follows::\n+To benefit from cached facts, you will want to change the 'gathering' setting to 'smart' or 'explicit' or set 'gather_facts' to False in most plays.\n+\n+Currently, Ansible ships with two persistent cache plugins: redis and jsonfile.\n+\n+To configure fact caching using redis, enable it in ansible.cfg as follows::\n \n     [defaults]\n     gathering = smart\n@@ -502,9 +506,6 @@ To configure fact caching, enable it in ansible.cfg as follows::\n     fact_caching_timeout = 86400\n     # seconds\n \n-You might also want to change the 'gathering' setting to 'smart' or 'explicit' or set gather_facts to False in most plays.\n-\n-At the time of writing, Redis is the only supported fact caching engine.\n To get redis up and running, perform the equivalent OS commands::\n \n     yum install redis\n@@ -515,6 +516,18 @@ Note that the Python redis library should be installed from pip, the version pac\n \n In current embodiments, this feature is in beta-level state and the Redis plugin does not support port or password configuration, this is expected to change in the near future.\n \n+To configure fact caching using jsonfile, enable it in ansible.cfg as follows::\n+\n+    [defaults]\n+    gathering = smart\n+    fact_caching = jsonfile\n+    fact_caching_location = /path/to/cachedir\n+    fact_caching_timeout = 86400\n+    # seconds\n+\n+`fact_caching_location` is a local filesystem path to a writeable\n+directory (ansible will attempt to create the directory if one does not exist).\n+    \n .. _registered_variables:\n \n Registered Variables\n"
    }
  ],
  "comments": [
    {
      "author_login": "bcoca",
      "body": "actually both were available at the same time, but redis was only one that was well tested\n"
    },
    {
      "author_login": "tamsky",
      "body": "Then the statement in the original is false as well, and deserves correction?\n\n> At the time of writing, Redis is the only supported fact caching engine.\n\nWould you like my commit/PR altered to reflect this new (to me) information?\n"
    },
    {
      "author_login": "bcoca",
      "body": "nah, just 'Currently Ansible ships with 2 persistent cache plugins: redis and jsonfile'\n"
    },
    {
      "author_login": "tamsky",
      "body": "updated commit, reorganized it to flow more logically, and fixed the ansible.cfg example.\n"
    }
  ],
  "reviews": []
}