{
  "pr_number": 10465,
  "url": "https://github.com/ansible/ansible/pull/10465",
  "title": "Don't convert numbers and booleans to strings.",
  "author_login": "feanil",
  "state": "MERGED",
  "merged_by_login": "abadger",
  "body": "Before this change if a variable was of type int or bool and the variable was referenced\nby another variable, the type would change to string.  After this change, the type of the\nvariable will get preserved for as long as possible.\n\neg. defaults/main.yml\n\n```\nPORT: 4567\nOTHER_CONFIG:\n  secret1: \"so_secret\"\n  secret2: \"even_more_secret\"\n\nCONFIG:\n  hostname: \"some_hostname\"\n  port: \"{{ PORT }}\"\n  secrets: \"{{ OTHER_CONFIG }}\"\n```\n\nIf you output `CONFIG` to json or yaml, the port would get represented in the output as a\nstring instead of as a number, but secrets would get represented as a dictionary.  This is\na mis-match in behaviour where some \"types\" are retained and others are not.  This change\nshould fix the issue.\n",
  "labels": [
    "bug"
  ],
  "additions": 71,
  "deletions": 7,
  "changed_files_count": 6,
  "changed_files_list": [
    "ansible/utils/template.py b/lib/ansible/utils/template.py",
    "test/integration/roles/test_template/files/foo.txt",
    "test/integration/roles/test_template/templates/foo.j2",
    "test/integration/roles/test_template/vars/main.yml",
    "v2/ansible/template/__init__.py"
  ],
  "files": [
    {
      "file_path": "ansible/utils/template.py b/lib/ansible/utils/template.py",
      "status": "modified",
      "additions": 24,
      "deletions": 6,
      "file_diff": "diff --git a/lib/ansible/utils/template.py b/lib/ansible/utils/template.py\nindex 9426e254eb5826..5f712b2675ea9e 100644\n--- a/lib/ansible/utils/template.py\n+++ b/lib/ansible/utils/template.py\n@@ -31,6 +31,7 @@\n import pwd\n import ast\n import traceback\n+from numbers import Number\n \n from ansible.utils.string_functions import count_newlines_from_end\n from ansible.utils import to_bytes, to_unicode\n@@ -81,6 +82,11 @@ class Flags:\n \n FILTER_PLUGINS = None\n _LISTRE = re.compile(r\"(\\w+)\\[(\\d+)\\]\")\n+\n+# A regex for checking to see if a variable we're trying to\n+# expand is just a single variable name.\n+SINGLE_VAR = re.compile(r\"^{{\\s*(\\w*)\\s*}}$\")\n+\n JINJA2_OVERRIDE = '#jinja2:'\n JINJA2_ALLOWED_OVERRIDES = ['trim_blocks', 'lstrip_blocks', 'newline_sequence', 'keep_trailing_newline']\n \n@@ -109,7 +115,6 @@ def lookup(name, *args, **kwargs):\n def template(basedir, varname, templatevars, lookup_fatal=True, depth=0, expand_lists=True, convert_bare=False, fail_on_undefined=False, filter_fatal=True):\n     ''' templates a data structure by traversing it and substituting for other data structures '''\n     from ansible import utils\n-\n     try:\n         if convert_bare and isinstance(varname, basestring):\n             first_part = varname.split(\".\")[0].split(\"[\")[0]\n@@ -123,10 +128,13 @@ def template(basedir, varname, templatevars, lookup_fatal=True, depth=0, expand_\n                 except errors.AnsibleError, e:\n                     raise errors.AnsibleError(\"Failed to template %s: %s\" % (varname, str(e)))\n \n-                if (varname.startswith(\"{\") and not varname.startswith(\"{{\")) or varname.startswith(\"[\"):\n-                    eval_results = utils.safe_eval(varname, locals=templatevars, include_exceptions=True)\n-                    if eval_results[1] is None:\n-                        varname = eval_results[0]\n+                # template_from_string may return non strings for the case where the var is just\n+                # a reference to a single variable, so we should re_check before we do further evals\n+                if isinstance(varname, basestring):\n+                    if (varname.startswith(\"{\") and not varname.startswith(\"{{\")) or varname.startswith(\"[\"):\n+                        eval_results = utils.safe_eval(varname, locals=templatevars, include_exceptions=True)\n+                        if eval_results[1] is None:\n+                            varname = eval_results[0]\n \n             return varname\n \n@@ -323,10 +331,20 @@ def my_finalize(thing):\n \n def template_from_string(basedir, data, vars, fail_on_undefined=False):\n     ''' run a string through the (Jinja2) templating engine '''\n-\n     try:\n         if type(data) == str:\n             data = unicode(data, 'utf-8')\n+   \n+            # Check to see if the string we are trying to render is just referencing a single\n+            # var.  In this case we don't wont to accidentally change the type of the variable\n+            # to a string by using the jinja template renderer. We just want to pass it. \n+            only_one = SINGLE_VAR.match(data)\n+            if only_one:\n+                var_name = only_one.group(1)\n+                if var_name in vars:\n+                    resolved_val = vars[var_name]\n+                    if isinstance(resolved_val, (bool, Number)):\n+                        return resolved_val\n \n         def my_finalize(thing):\n             return thing if thing is not None else ''"
    },
    {
      "file_path": "test/integration/roles/test_template/files/foo.txt",
      "status": "modified",
      "additions": 7,
      "deletions": 0,
      "file_diff": "diff --git a/test/integration/roles/test_template/files/foo.txt b/test/integration/roles/test_template/files/foo.txt\nindex 3e96db9b3ec01e..edd704da048007 100644\n--- a/test/integration/roles/test_template/files/foo.txt\n+++ b/test/integration/roles/test_template/files/foo.txt\n@@ -1 +1,8 @@\n templated_var_loaded\n+\n+{\n+    \"bool\": true, \n+    \"multi_part\": \"1Foo\", \n+    \"number\": 5, \n+    \"string_num\": \"5\"\n+}"
    },
    {
      "file_path": "test/integration/roles/test_template/templates/foo.j2",
      "status": "modified",
      "additions": 2,
      "deletions": 0,
      "file_diff": "diff --git a/test/integration/roles/test_template/templates/foo.j2 b/test/integration/roles/test_template/templates/foo.j2\nindex 55aab8f1ea1435..22187f913004c3 100644\n--- a/test/integration/roles/test_template/templates/foo.j2\n+++ b/test/integration/roles/test_template/templates/foo.j2\n@@ -1 +1,3 @@\n {{ templated_var }}\n+\n+{{ templated_dict | to_nice_json }}"
    },
    {
      "file_path": "test/integration/roles/test_template/vars/main.yml",
      "status": "modified",
      "additions": 13,
      "deletions": 0,
      "file_diff": "diff --git a/test/integration/roles/test_template/vars/main.yml b/test/integration/roles/test_template/vars/main.yml\nindex 1e8f64ccf4458a..b79f95e6cf16f7 100644\n--- a/test/integration/roles/test_template/vars/main.yml\n+++ b/test/integration/roles/test_template/vars/main.yml\n@@ -1 +1,14 @@\n templated_var: templated_var_loaded\n+\n+number_var: 5\n+string_num: \"5\"\n+bool_var: true\n+part_1: 1\n+part_2: \"Foo\"\n+\n+templated_dict:\n+  number: \"{{ number_var }}\"\n+  string_num: \"{{ string_num }}\"\n+  bool: \"{{ bool_var }}\"\n+  multi_part: \"{{ part_1 }}{{ part_2 }}\"\n+"
    },
    {
      "file_path": "v2/ansible/template/__init__.py",
      "status": "modified",
      "additions": 21,
      "deletions": 0,
      "file_diff": "diff --git a/v2/ansible/template/__init__.py b/v2/ansible/template/__init__.py\nindex 46bbc06a07dd96..0345a750081cdd 100644\n--- a/v2/ansible/template/__init__.py\n+++ b/v2/ansible/template/__init__.py\n@@ -32,8 +32,17 @@\n from ansible.template.vars import AnsibleJ2Vars\n from ansible.utils.debug import debug\n \n+from numbers import Number\n+\n __all__ = ['Templar']\n \n+# A regex for checking to see if a variable we're trying to\n+# expand is just a single variable name.\n+SINGLE_VAR = re.compile(r\"^{{\\s*(\\w*)\\s*}}$\")\n+\n+# Primitive Types which we don't want Jinja to convert to strings.\n+NON_TEMPLATED_TYPES = ( bool, Number )\n+\n JINJA2_OVERRIDE = '#jinja2:'\n JINJA2_ALLOWED_OVERRIDES = ['trim_blocks', 'lstrip_blocks', 'newline_sequence', 'keep_trailing_newline']\n \n@@ -125,6 +134,18 @@ def template(self, variable, convert_bare=False, preserve_trailing_newlines=Fals\n             if isinstance(variable, basestring):\n                 result = variable\n                 if self._contains_vars(variable):\n+\n+                    # Check to see if the string we are trying to render is just referencing a single\n+                    # var.  In this case we don't wont to accidentally change the type of the variable\n+                    # to a string by using the jinja template renderer. We just want to pass it.\n+                    only_one = SINGLE_VAR.match(variable)\n+                    if only_one:\n+                        var_name = only_one.group(1)\n+                        if var_name in self._available_vars:\n+                            resolved_val = self._available_vars[var_name]\n+                            if isinstance(resolved_val, NON_TEMPLATED_TYPES):\n+                                return resolved_val\n+\n                     result = self._do_template(variable, preserve_trailing_newlines=preserve_trailing_newlines)\n \n                     # if this looks like a dictionary or list, convert it to such using the safe_eval method\n"
    }
  ],
  "comments": [
    {
      "author_login": "feanil",
      "body": "FYI @e0d\n"
    },
    {
      "author_login": "feanil",
      "body": "@bcoca I've also updated the template integration test.  Would it be possible to get this merged sooner than v2?  It is the only thing holding us back at v1.5\n\nPlease let me know if there is any additional work that I can do to get this to land sooner.\n"
    },
    {
      "author_login": "abadger",
      "body": "I don't think it will land sooner than v2.  We're prepping for 1.9 final release this week.  This code is unfortunately going to result in a change of behaviour for end users so it's not something we can just sneak in now.\n\nI know it's not much of a consolation but I'm looking at this now to see if we can land it in the new tree right away or if there's more work to do.\n"
    },
    {
      "author_login": "abadger",
      "body": "With this new code, what happens in this case:\n\n```\nvars:\n  - version1: \"5\"\n  - version2: \"{{ version1 }}\"\n```\n\nDoes version2 end up being an int or a string in that case?\n"
    },
    {
      "author_login": "feanil",
      "body": "It would remain a string.\n"
    },
    {
      "author_login": "abadger",
      "body": "Another thing @bcoca mentioned to me yesterday was since this won't hit\nuntil v2 we should target it against the v2/ansible tree instead of the\nlib/ansible tree.\n"
    },
    {
      "author_login": "feanil",
      "body": "Taking a look at doing that now, are v2 tests different?  How can I run them locally?  It looks like I'll need to move these updates to `v2/ansible/template/__init__.py`?  Let me know if that is not the right place.\n"
    },
    {
      "author_login": "feanil",
      "body": "@abadger I made the relevant changes in v2.  I changed it up a bit and made the full change in the `template` function instead of having some of that logic in the `_do_template` function.  This felt a bit cleaner since all the ansible specifc behaviour changes are now in the `template` function.  Let me know what you think.  I'm not sure how to test the v2 change so if you could point me to some docs about that, I'd be happy to test it.  I left the v1 change + tests in for now but let me know if you want me to do something different there.\n"
    },
    {
      "author_login": "feanil",
      "body": "@abadger  @bcoca   Are there any more changes you would want me to make on this?  Should I removed the edits to the v1 code?\n"
    },
    {
      "author_login": "abadger",
      "body": "Great!  Thanks for writing this and iterating on it with us at pycon!\n\n# Merged\n\nHi!\n\nThis has been merged in, and will also be included in the next major release.\n\nIf you or anyone else has any further questions, please let us know by stopping by one of the two mailing lists, as appropriate:\n- https://groups.google.com/forum/#!forum/ansible-project - for user questions, tips, and tricks\n- https://groups.google.com/forum/#!forum/ansible-devel - for strategy, future planning, and questions about writing code\n\nBecause this project is very active, we're unlikely to see comments made on closed tickets, but the mailing list is a great way to ask questions, or post if you don't think this particular\nissue is resolved.\n\nThank you!\n"
    },
    {
      "author_login": "abadger",
      "body": "Is test_eval_results just left over from debugging this?\n",
      "file_path": "lib/ansible/utils/template.py",
      "diff_hunk": "@@ -117,11 +121,15 @@ def template(basedir, varname, templatevars, lookup_fatal=True, depth=0, expand_\n             if '{{' in varname or '{%' in varname:\n                 varname = template_from_string(basedir, varname, templatevars, fail_on_undefined)\n \n-                if (varname.startswith(\"{\") and not varname.startswith(\"{{\")) or varname.startswith(\"[\"):\n-                    eval_results = utils.safe_eval(varname, locals=templatevars, include_exceptions=True)\n-                    if eval_results[1] is None:\n-                        varname = eval_results[0]\n-\n+                # template_from_string may return non strings for the case where the var is just\n+                # a reference to a single variable, so we should re_check before we do further evals\n+                if isinstance(varname, basestring):\n+                    if (varname.startswith(\"{\") and not varname.startswith(\"{{\")) or varname.startswith(\"[\"):\n+                        eval_results = utils.safe_eval(varname, locals=templatevars, include_exceptions=True)\n+                        if eval_results[1] is None:\n+                            varname = eval_results[0]\n+                    \n+            test_eval_results = utils.safe_eval(varname, locals=templatevars, include_exceptions=True)",
      "comment_type": "review_comment"
    },
    {
      "author_login": "abadger",
      "body": "This doesn't seem to handle filters.  Then again, filters are a hard problem because they could change the type of the variable intentionally.\n",
      "file_path": "lib/ansible/utils/template.py",
      "diff_hunk": "@@ -316,10 +324,18 @@ def my_finalize(thing):\n \n def template_from_string(basedir, data, vars, fail_on_undefined=False):\n     ''' run a string through the (Jinja2) templating engine '''\n-\n     try:\n         if type(data) == str:\n             data = unicode(data, 'utf-8')\n+   \n+            # Check to see if the string we are trying to render is just referencing a single\n+            # var.  In this case we don't wont to accidentally change the type of the variable\n+            # to a string by using the jinja template renderer. We just want to pass it. \n+            only_one = SINGLE_VAR.match(data)\n+            if only_one:\n+                var_name = only_one.group(1)\n+                if var_name in vars:\n+                    return vars[var_name]\n ",
      "comment_type": "review_comment"
    },
    {
      "author_login": "feanil",
      "body": "Yea, I intentionally am only handling the use case of wanting to reference vars in a more complex structure and retaining type.  filters or other jinja operations would make it very hard to infer type correctly and seems more error prone without hooking deeper into Jinja's parsing logic.\n",
      "file_path": "lib/ansible/utils/template.py",
      "diff_hunk": "@@ -316,10 +324,18 @@ def my_finalize(thing):\n \n def template_from_string(basedir, data, vars, fail_on_undefined=False):\n     ''' run a string through the (Jinja2) templating engine '''\n-\n     try:\n         if type(data) == str:\n             data = unicode(data, 'utf-8')\n+   \n+            # Check to see if the string we are trying to render is just referencing a single\n+            # var.  In this case we don't wont to accidentally change the type of the variable\n+            # to a string by using the jinja template renderer. We just want to pass it. \n+            only_one = SINGLE_VAR.match(data)\n+            if only_one:\n+                var_name = only_one.group(1)\n+                if var_name in vars:\n+                    return vars[var_name]\n ",
      "comment_type": "review_comment"
    }
  ],
  "reviews": []
}