{
  "pr_number": 11298,
  "url": "https://github.com/ansible/ansible/pull/11298",
  "title": "fixes 11296 where the groups does not have all the groups",
  "author_login": "bennojoy",
  "state": "MERGED",
  "merged_by_login": "bcoca",
  "body": "fixes #11296  where the groups variable  does not have all the groups\n",
  "labels": [
    "P2",
    "bug"
  ],
  "additions": 1,
  "deletions": 0,
  "changed_files_count": 1,
  "changed_files_list": [
    "ansible/vars/__init__.py b/lib/ansible/vars/__init__.py"
  ],
  "files": [
    {
      "file_path": "ansible/vars/__init__.py b/lib/ansible/vars/__init__.py",
      "status": "modified",
      "additions": 1,
      "deletions": 0,
      "file_diff": "diff --git a/lib/ansible/vars/__init__.py b/lib/ansible/vars/__init__.py\nindex 64ad9e3a1435a7..239d77ca658bc4 100644\n--- a/lib/ansible/vars/__init__.py\n+++ b/lib/ansible/vars/__init__.py\n@@ -219,6 +219,7 @@ def get_vars(self, loader, play=None, host=None, task=None, use_cache=True):\n             if self._inventory is not None:\n                 hostvars = HostVars(vars_manager=self, inventory=self._inventory, loader=loader)\n                 all_vars['hostvars'] = hostvars\n+                all_vars['groups']   = self._inventory.groups_list()\n \n         if task:\n             if task._role:\n"
    }
  ],
  "comments": [],
  "reviews": []
}