{
  "pr_number": 10692,
  "url": "https://github.com/ansible/ansible/pull/10692",
  "title": "Import queue from six.moves for python3 compatibility.",
  "author_login": "ianzd",
  "state": "MERGED",
  "merged_by_login": "abadger",
  "body": "",
  "labels": [],
  "additions": 5,
  "deletions": 5,
  "changed_files_count": 2,
  "changed_files_list": [
    "v2/ansible/executor/process/worker.py"
  ],
  "files": [
    {
      "file_path": "v2/ansible/executor/process/worker.py",
      "status": "modified",
      "additions": 2,
      "deletions": 2,
      "file_diff": "diff --git a/v2/ansible/executor/process/worker.py b/v2/ansible/executor/process/worker.py\nindex bf5ee8c93f0480..8e624fe401e6ca 100644\n--- a/v2/ansible/executor/process/worker.py\n+++ b/v2/ansible/executor/process/worker.py\n@@ -19,7 +19,7 @@\n from __future__ import (absolute_import, division, print_function)\n __metaclass__ = type\n \n-import Queue\n+from six.moves import queue\n import multiprocessing\n import os\n import signal\n@@ -130,7 +130,7 @@ def run(self):\n                 else:\n                     time.sleep(0.1)\n \n-            except Queue.Empty:\n+            except queue.Empty:\n                 pass\n             except (IOError, EOFError, KeyboardInterrupt):\n                 break\n"
    }
  ],
  "comments": [
    {
      "author_login": "abadger",
      "body": "Looks good.  Thanks!\n\n# Merged\n\nHi!\n\nThis has been merged in, and will also be included in the next major release.\n\nIf you or anyone else has any further questions, please let us know by stopping by one of the two mailing lists, as appropriate:\n- https://groups.google.com/forum/#!forum/ansible-project - for user questions, tips, and tricks\n- https://groups.google.com/forum/#!forum/ansible-devel - for strategy, future planning, and questions about writing code\n\nBecause this project is very active, we're unlikely to see comments made on closed tickets, but the mailing list is a great way to ask questions, or post if you don't think this particular\nissue is resolved.\n\nThank you!\n"
    }
  ],
  "reviews": []
}