{
  "pr_number": 1027,
  "url": "https://github.com/ansible/ansible/pull/1027",
  "title": "setup not python24 compatible in 0.7",
  "author_login": "mcodd",
  "state": "MERGED",
  "merged_by_login": "mpdehaan",
  "body": "Just pulled 0.7 and got tracebacks on python24 systems because str.format doesn't exist.  This seemed to fix it.\n",
  "labels": [],
  "additions": 2,
  "deletions": 2,
  "changed_files_count": 1,
  "changed_files_list": [
    "library/setup"
  ],
  "files": [
    {
      "file_path": "library/setup",
      "status": "modified",
      "additions": 2,
      "deletions": 2,
      "file_diff": "diff --git a/library/setup b/library/setup\nindex 3083ff56006147..5499c2f8576ff1 100755\n--- a/library/setup\n+++ b/library/setup\n@@ -537,9 +537,9 @@ class LinuxNetwork(Network):\n                     # interface name for each address\n                     if iface in interfaces:\n                         i = 0\n-                        while '{0}_{1}'.format(iface, i) in interfaces:\n+                        while str(iface) + \"_\" + str(i) in interfaces:\n                             i += 1\n-                        iface = '{0}_{1}'.format(iface, i)\n+                        iface = str(iface) + \"_\" + str(i)\n \n                     interfaces[iface] = {}\n                     interfaces[iface]['macaddress'] = macaddress\n"
    }
  ],
  "comments": [
    {
      "author_login": "mpdehaan",
      "body": "merged, thanks, we can cherry-pick this to the release branch shortly.\n"
    }
  ],
  "reviews": []
}