{
  "pr_number": 10719,
  "url": "https://github.com/ansible/ansible/pull/10719",
  "title": "Fix the filename in error message (pylint)",
  "author_login": "mscherer",
  "state": "MERGED",
  "merged_by_login": "abadger",
  "body": "",
  "labels": [],
  "additions": 1,
  "deletions": 1,
  "changed_files_count": 1,
  "changed_files_list": [
    "v2/ansible/plugins/action/__init__.py"
  ],
  "files": [
    {
      "file_path": "v2/ansible/plugins/action/__init__.py",
      "status": "modified",
      "additions": 1,
      "deletions": 1,
      "file_diff": "diff --git a/v2/ansible/plugins/action/__init__.py b/v2/ansible/plugins/action/__init__.py\nindex 30d1641090e964..1ec1da34c7c8a6 100644\n--- a/v2/ansible/plugins/action/__init__.py\n+++ b/v2/ansible/plugins/action/__init__.py\n@@ -190,7 +190,7 @@ def _make_tmp_path(self):\n         # Catch failure conditions, files should never be\n         # written to locations in /.\n         if rc == '/':\n-            raise AnsibleError('failed to resolve remote temporary directory from %s: `%s` returned empty string' % (basetmp, cmd))\n+            raise AnsibleError('failed to resolve remote temporary directory from %s: `%s` returned empty string' % (basefile, cmd))\n \n         return rc\n \n"
    }
  ],
  "comments": [
    {
      "author_login": "abadger",
      "body": "@mscherer you are such a rockstar!  I leave the room for a few minutes and you submit 5 PRs!  Thanks!\n\n# Merged\n\nHi!\n\nThis has been merged in, and will also be included in the next major release.\n\nIf you or anyone else has any further questions, please let us know by stopping by one of the two mailing lists, as appropriate:\n- https://groups.google.com/forum/#!forum/ansible-project - for user questions, tips, and tricks\n- https://groups.google.com/forum/#!forum/ansible-devel - for strategy, future planning, and questions about writing code\n\nBecause this project is very active, we're unlikely to see comments made on closed tickets, but the mailing list is a great way to ask questions, or post if you don't think this particular\nissue is resolved.\n\nThank you!\n"
    }
  ],
  "reviews": []
}