{
  "pr_number": 10899,
  "url": "https://github.com/ansible/ansible/pull/10899",
  "title": "Tweak vault description",
  "author_login": "wenottingham",
  "state": "MERGED",
  "merged_by_login": "bcoca",
  "body": "Vault isn't specifically for source control. Make description a little more generic and descriptive.\n",
  "labels": [
    "docs"
  ],
  "additions": 1,
  "deletions": 1,
  "changed_files_count": 1,
  "changed_files_list": [
    "docsite/rst/playbooks_vault.rst"
  ],
  "files": [
    {
      "file_path": "docsite/rst/playbooks_vault.rst",
      "status": "modified",
      "additions": 1,
      "deletions": 1,
      "file_diff": "diff --git a/docsite/rst/playbooks_vault.rst b/docsite/rst/playbooks_vault.rst\nindex 9ccb5b50f17b01..921a05c50edcd1 100644\n--- a/docsite/rst/playbooks_vault.rst\n+++ b/docsite/rst/playbooks_vault.rst\n@@ -3,7 +3,7 @@ Vault\n \n .. contents:: Topics\n \n-New in Ansible 1.5, \"Vault\" is a feature of ansible that allows keeping encrypted data in source control.\n+New in Ansible 1.5, \"Vault\" is a feature of ansible that allows keeping sensitive data such as passwords or keys in encrypted files, rather than as plaintext in your playbooks or roles. These vault files can then be distributed or placed in source control.\n \n To enable this feature, a command line tool, `ansible-vault` is used to edit files, and a command line flag `--ask-vault-pass` or `--vault-password-file` is used.\n \n"
    }
  ],
  "comments": [
    {
      "author_login": "bcoca",
      "body": "I would not remove the mention of source control, maybe rephrase:\n\"in encrypted files (which can be source controlled and shared) \"\n"
    },
    {
      "author_login": "wenottingham",
      "body": "Updated.\n"
    }
  ],
  "reviews": []
}