{
  "pr_number": 11183,
  "url": "https://github.com/ansible/ansible/pull/11183",
  "title": "Don't empty out become_pass. See #11169",
  "author_login": "sivel",
  "state": "MERGED",
  "merged_by_login": "bcoca",
  "body": "This PR ensures that the `become_pass` supplied via the CLI (prompt) does not get emptied out.\n\nbecome_pass is not part of `options` so we don't need to try to set it in `set_options`, and only set it from the play if it is actually set.\n\nThere is still more work to do to solve #11169, but this is a start.\n",
  "labels": [
    "P1",
    "bug"
  ],
  "additions": 0,
  "deletions": 2,
  "changed_files_count": 1,
  "changed_files_list": [
    "ansible/executor/connection_info.py b/lib/ansible/executor/connection_info.py"
  ],
  "files": [
    {
      "file_path": "ansible/executor/connection_info.py b/lib/ansible/executor/connection_info.py",
      "status": "modified",
      "additions": 0,
      "deletions": 2,
      "file_diff": "diff --git a/lib/ansible/executor/connection_info.py b/lib/ansible/executor/connection_info.py\nindex 424ac062b3da6f..d8881f54ab79f2 100644\n--- a/lib/ansible/executor/connection_info.py\n+++ b/lib/ansible/executor/connection_info.py\n@@ -109,7 +109,6 @@ def set_play(self, play):\n             self.become_method = play.become_method\n         if play.become_user:\n             self.become_user   = play.become_user\n-        self.become_pass   = play.become_pass\n \n         # non connection related\n         self.no_log      = play.no_log\n@@ -132,7 +131,6 @@ def set_options(self, options):\n         self.become        = options.become\n         self.become_method = options.become_method\n         self.become_user   = options.become_user\n-        self.become_pass   = ''\n \n         # general flags (should we move out?)\n         if options.verbosity:\n"
    }
  ],
  "comments": [
    {
      "author_login": "bcoca",
      "body": ".... we should not be allowing people to set passwords in play ....\n"
    },
    {
      "author_login": "bcoca",
      "body": "I think this was a mistake holding over from how vars were passed in v1, become password should only be settable from 2 points, command line or inventory var\n"
    },
    {
      "author_login": "sivel",
      "body": "The last commit, removes the ability to set become_pass in a play.\n"
    },
    {
      "author_login": "jsengla",
      "body": "Following this issue with a need for variable-password based ssh and sudo for a while, I still wonder why not allow setting become_pass in a play?\nI have a use case in a large, secure enterprise environement where we use One-Time Tokens for _some_ ssh logins and _every_ sudo call.\nEvery sudo password is different, even on the same host from one call to the next.  I have this kludged with a local pipe lookup to ssh-askpass set as the ansible_sudo_pass in the inventory group_vars.  While the sudo password gets looked up on _every_ play, even with \"sudo: false\" set (not optimal), this is the only way I've found to be able to use ansible in our environement.\nI understand you may be resolving an issue with broken sudo passwords, but while you do this, please don't overlook this use scenario, where a sudo password can change not just from one play to the next, but even between tasks within a play.\n"
    }
  ],
  "reviews": []
}