{
  "pr_number": 11139,
  "url": "https://github.com/ansible/ansible/pull/11139",
  "title": "Handle when role_dependencies is None.",
  "author_login": "wenottingham",
  "state": "MERGED",
  "merged_by_login": "bcoca",
  "body": "For some roles, role_dependencies will be returned as None instead of an empty list. Coerce it to an empty list.\n",
  "labels": [
    "bug"
  ],
  "additions": 2,
  "deletions": 0,
  "changed_files_count": 1,
  "changed_files_list": [
    "bin/ansible-galaxy"
  ],
  "files": [
    {
      "file_path": "bin/ansible-galaxy",
      "status": "modified",
      "additions": 2,
      "deletions": 0,
      "file_diff": "diff --git a/bin/ansible-galaxy b/bin/ansible-galaxy\nindex f281bf97ae896b..c5ab8f40aff2d3 100755\n--- a/bin/ansible-galaxy\n+++ b/bin/ansible-galaxy\n@@ -845,6 +845,8 @@ def execute_install(args, options, parser):\n                     role_dependencies = role_data['dependencies']\n                 else:\n                     role_dependencies = role_data['summary_fields']['dependencies'] # api_fetch_role_related(api_server, 'dependencies', role_data['id'])\n+                if not role_dependencies:\n+                    role_dependencies = []\n                 for dep in role_dependencies:\n                     if isinstance(dep, basestring):\n                         dep = ansible.utils.role_spec_parse(dep)\n"
    }
  ],
  "comments": [
    {
      "author_login": "bcoca",
      "body": "another approach that has been suggested:\n\n```\n role_dependencies = role_data.get('dependencies', [])\n```\n",
      "file_path": "bin/ansible-galaxy",
      "diff_hunk": "@@ -845,6 +845,8 @@ def execute_install(args, options, parser):\n                     role_dependencies = role_data['dependencies']",
      "comment_type": "review_comment"
    }
  ],
  "reviews": []
}