{
  "pr_number": 11190,
  "url": "https://github.com/ansible/ansible/pull/11190",
  "title": "Add missing import in vault.py",
  "author_login": "edwardjkim",
  "state": "MERGED",
  "merged_by_login": "bcoca",
  "body": "This PR adds a missing import `read_vault_file` to fix the following error:\n\n``` shell\n$ ansible-vault encrypt --vault-password-file vault-password secrets.vault.yml\nTraceback (most recent call last):\n  File \"/home/edward/git/ansible/bin/ansible-vault\", line 66, in <module>\n    sys.exit(cli.run())\n  File \"/home/edward/git/ansible/lib/ansible/cli/vault.py\", line 74, in run\n    self.vault_pass = read_vault_file(self.options.vault_password_file)\nNameError: global name 'read_vault_file' is not defined\n```\n",
  "labels": [
    "P1",
    "bug"
  ],
  "additions": 1,
  "deletions": 0,
  "changed_files_count": 1,
  "changed_files_list": [
    "ansible/cli/vault.py b/lib/ansible/cli/vault.py"
  ],
  "files": [
    {
      "file_path": "ansible/cli/vault.py b/lib/ansible/cli/vault.py",
      "status": "modified",
      "additions": 1,
      "deletions": 0,
      "file_diff": "diff --git a/lib/ansible/cli/vault.py b/lib/ansible/cli/vault.py\nindex 6231f74332acfe..05a48065771c2e 100644\n--- a/lib/ansible/cli/vault.py\n+++ b/lib/ansible/cli/vault.py\n@@ -25,6 +25,7 @@\n from ansible.parsing.vault import VaultEditor\n from ansible.cli import CLI\n from ansible.utils.display import Display\n+from ansible.utils.vault import read_vault_file\n \n class VaultCLI(CLI):\n     \"\"\" Vault command line class \"\"\"\n"
    }
  ],
  "comments": [],
  "reviews": []
}