{
  "pr_number": 10662,
  "url": "https://github.com/ansible/ansible/pull/10662",
  "title": "Improve generation of debian changelog",
  "author_login": "jlaska",
  "state": "MERGED",
  "merged_by_login": "bcoca",
  "body": "Rather than manually maintaining the debian release history in `packaging/debian/changelog`, let's have the `Makefile` handle that for us.\n",
  "labels": [
    "feature"
  ],
  "additions": 6,
  "deletions": 4,
  "changed_files_count": 2,
  "changed_files_list": [
    "packaging/debian/changelog"
  ],
  "files": [
    {
      "file_path": "packaging/debian/changelog",
      "status": "modified",
      "additions": 4,
      "deletions": 3,
      "file_diff": "diff --git a/packaging/debian/changelog b/packaging/debian/changelog\nindex aa03e724d07e3f..84bf7e770336c4 100644\n--- a/packaging/debian/changelog\n+++ b/packaging/debian/changelog\n@@ -1,8 +1,9 @@\n-ansible (2.0.0) unstable; urgency=low\n+ansible (%VERSION%-%RELEASE%~%DIST%) %DIST%; urgency=low\n \n-  * 2.0.0 (in progress)\n+  * %VERSION% release\n \n- -- Ansible, Inc. <support@ansible.com>  Fri, 01 Jan 2016 00:00:00 -0500\n+ -- Ansible, Inc. <support@ansible.com>  %DATE%\n+>>>>>>> Stashed changes\n \n ansible (1.9.0.1) unstable; urgency=low\n \n"
    }
  ],
  "comments": [],
  "reviews": []
}