{
  "pr_number": 11060,
  "url": "https://github.com/ansible/ansible/pull/11060",
  "title": "fix typo in --ask-sudo-pass reference within playbook_intro doc",
  "author_login": "erikdw",
  "state": "MERGED",
  "merged_by_login": "bcoca",
  "body": "",
  "labels": [
    "docs"
  ],
  "additions": 1,
  "deletions": 1,
  "changed_files_count": 1,
  "changed_files_list": [
    "docsite/rst/playbooks_intro.rst"
  ],
  "files": [
    {
      "file_path": "docsite/rst/playbooks_intro.rst",
      "status": "modified",
      "additions": 1,
      "deletions": 1,
      "file_diff": "diff --git a/docsite/rst/playbooks_intro.rst b/docsite/rst/playbooks_intro.rst\nindex 3899502ed475cf..4fe2ab3ec3f2f9 100644\n--- a/docsite/rst/playbooks_intro.rst\n+++ b/docsite/rst/playbooks_intro.rst\n@@ -186,7 +186,7 @@ You can also use other privilege escalation methods, like su::\n       become_method: su\n \n If you need to specify a password to sudo, run `ansible-playbook` with ``--ask-become-pass`` or\n-when using the old sudo syntax ``--ask-sudo--pass`` (`-K`).  If you run a become playbook and the\n+when using the old sudo syntax ``--ask-sudo-pass`` (`-K`).  If you run a become playbook and the\n playbook seems to hang, it's probably stuck at the privilege escalation prompt.\n Just `Control-C` to kill it and run it again adding the appropriate password.\n \n"
    }
  ],
  "comments": [],
  "reviews": []
}