{
  "pr_number": 1006,
  "url": "https://github.com/ansible/ansible/pull/1006",
  "title": "Add an isset(\"$var\") function to only_if",
  "author_login": "dhozac",
  "state": "MERGED",
  "merged_by_login": "mpdehaan",
  "body": "",
  "labels": [],
  "additions": 5,
  "deletions": 1,
  "changed_files_count": 1,
  "changed_files_list": [
    "ansible/runner/__init__.py b/lib/ansible/runner/__init__.py"
  ],
  "files": [
    {
      "file_path": "ansible/runner/__init__.py b/lib/ansible/runner/__init__.py",
      "status": "modified",
      "additions": 5,
      "deletions": 1,
      "file_diff": "diff --git a/lib/ansible/runner/__init__.py b/lib/ansible/runner/__init__.py\nindex 61b191171fb864..f5ae5d8e8f83f0 100644\n--- a/lib/ansible/runner/__init__.py\n+++ b/lib/ansible/runner/__init__.py\n@@ -538,8 +538,12 @@ def _executor_internal_inner(self, host, inject, port, is_chained=False):\n             self.module_args = new_args\n         self.module_args = utils.template(self.module_args, inject)\n \n+        def _check_conditional(conditional):\n+            def isset(var):\n+                return not var.startswith(\"$\")\n+            return eval(conditional)\n         conditional = utils.template(self.conditional, inject)\n-        if not eval(conditional):\n+        if not _check_conditional(conditional):\n             result = utils.jsonify(dict(skipped=True))\n             self.callbacks.on_skipped(host, inject.get('item',None))\n             return ReturnData(host=host, result=result)\n"
    }
  ],
  "comments": [
    {
      "author_login": "mpdehaan",
      "body": "Looks good.   To be consistent with other function/variable usage in ansible, this should probably be \"is_set\".\n\nI'll merge this once 0.8 starts\n"
    },
    {
      "author_login": "mpdehaan",
      "body": "merged, renamed to is_set\n\nthanks!\n"
    },
    {
      "author_login": "cyrusdavid",
      "body": "Hi, is this in the documentation?\n"
    },
    {
      "author_login": "jctanner",
      "body": "@vohof doesn't appear to be. Please open a docs bug, or a pull request if you don't mind.\n"
    }
  ],
  "reviews": []
}