{
  "pr_number": 10415,
  "url": "https://github.com/ansible/ansible/pull/10415",
  "title": "Make the example somewhat more feature complete",
  "author_login": "dagwieers",
  "state": "MERGED",
  "merged_by_login": "bcoca",
  "body": "New users might think that \"state=started\" implies that the service is also started at boot-time, which isn't. By adding it, this change makes a clear distinction between the service state, and whether it is enabled (at boot). And it makes the example more feature-complete as this is what most people would be doing anyway.\n",
  "labels": [
    "docs"
  ],
  "additions": 2,
  "deletions": 2,
  "changed_files_count": 1,
  "changed_files_list": [
    "docsite/rst/playbooks_intro.rst"
  ],
  "files": [
    {
      "file_path": "docsite/rst/playbooks_intro.rst",
      "status": "modified",
      "additions": 2,
      "deletions": 2,
      "file_diff": "diff --git a/docsite/rst/playbooks_intro.rst b/docsite/rst/playbooks_intro.rst\nindex ecf8d46de1eae8..db6dcbcaeba572 100644\n--- a/docsite/rst/playbooks_intro.rst\n+++ b/docsite/rst/playbooks_intro.rst\n@@ -67,8 +67,8 @@ For starters, here's a playbook that contains just one play::\n         template: src=/srv/httpd.j2 dest=/etc/httpd.conf\n         notify:\n         - restart apache\n-      - name: ensure apache is running\n-        service: name=httpd state=started\n+      - name: ensure apache is running (and enable it at boot)\n+        service: name=httpd state=started enabled=yes\n       handlers:\n         - name: restart apache\n           service: name=httpd state=restarted\n"
    }
  ],
  "comments": [],
  "reviews": []
}