{
  "pr_number": 1126,
  "url": "https://github.com/ansible/ansible/pull/1126",
  "title": "Fix to make sure only strings are being joined",
  "author_login": "dagwieers",
  "state": "MERGED",
  "merged_by_login": "mpdehaan",
  "body": "Since BOOLEANS also contains integers, joining the list returns an error. Easy to test by giving a wrong value to a boolean argument:\n\n```\nservice name=httpd enabled=True\n```\n\nSince True is not in the allowed BOOLEANS, it will cause the error, which in its turn bails out because it joins strings and integers.\nWe may want to remove the integers from the choices since '0' and '1' are already in the list as strings. Personally I would expect only strings as arguments, not sure where these could be integers ??\n",
  "labels": [],
  "additions": 1,
  "deletions": 1,
  "changed_files_count": 1,
  "changed_files_list": [
    "ansible/module_common.py b/lib/ansible/module_common.py"
  ],
  "files": [
    {
      "file_path": "ansible/module_common.py b/lib/ansible/module_common.py",
      "status": "modified",
      "additions": 1,
      "deletions": 1,
      "file_diff": "diff --git a/lib/ansible/module_common.py b/lib/ansible/module_common.py\nindex c0b1adb4e1f4dc..69d5392a9802a9 100644\n--- a/lib/ansible/module_common.py\n+++ b/lib/ansible/module_common.py\n@@ -173,7 +173,7 @@ def _check_argument_types(self):\n             if type(choices) == list:\n                 if k in self.params:\n                     if self.params[k] not in choices:\n-                        choices_str=\",\".join(choices)\n+                        choices_str=\",\".join([str(c) for c in choices])\n                         msg=\"value of %s must be one of: %s, got: %s\" % (k, choices_str, self.params[k])\n                         self.fail_json(msg=msg)\n             else:\n"
    }
  ],
  "comments": [
    {
      "author_login": "mpdehaan",
      "body": "merged, thanks!\n"
    }
  ],
  "reviews": []
}