{
  "pr_number": 10959,
  "url": "https://github.com/ansible/ansible/pull/10959",
  "title": "fixed docs on the meaning of -H sudo arg",
  "author_login": "bcoca",
  "state": "MERGED",
  "merged_by_login": "bcoca",
  "body": "fixes #7418\n",
  "labels": [
    "docs"
  ],
  "additions": 1,
  "deletions": 1,
  "changed_files_count": 1,
  "changed_files_list": [
    "docsite/rst/intro_configuration.rst"
  ],
  "files": [
    {
      "file_path": "docsite/rst/intro_configuration.rst",
      "status": "modified",
      "additions": 1,
      "deletions": 1,
      "file_diff": "diff --git a/docsite/rst/intro_configuration.rst b/docsite/rst/intro_configuration.rst\nindex 368013d7f1a415..2ff53c22485d11 100644\n--- a/docsite/rst/intro_configuration.rst\n+++ b/docsite/rst/intro_configuration.rst\n@@ -524,7 +524,7 @@ the sudo implementation is matching CLI flags with the standard sudo::\n sudo_flags\n ==========\n \n-Additional flags to pass to sudo when engaging sudo support.  The default is '-H' which preserves the environment\n+Additional flags to pass to sudo when engaging sudo support.  The default is '-H' which preserves the $HOME environment variable\n of the original user.  In some situations you may wish to add or remove flags, but in general most users\n will not need to change this setting::\n \n"
    }
  ],
  "comments": [],
  "reviews": []
}