{
  "pr_number": 1154,
  "url": "https://github.com/ansible/ansible/pull/1154",
  "title": "Replace lists with a comma-separated join",
  "author_login": "dhozac",
  "state": "MERGED",
  "merged_by_login": "mpdehaan",
  "body": "",
  "labels": [],
  "additions": 15,
  "deletions": 0,
  "changed_files_count": 2,
  "changed_files_list": [
    "test/TestUtils.py"
  ],
  "files": [
    {
      "file_path": "test/TestUtils.py",
      "status": "modified",
      "additions": 13,
      "deletions": 0,
      "file_diff": "diff --git a/test/TestUtils.py b/test/TestUtils.py\nindex 8ce5dacb0c7073..ae9baa0432eca5 100644\n--- a/test/TestUtils.py\n+++ b/test/TestUtils.py\n@@ -225,6 +225,19 @@ def test_varReplace_escape_dot(self):\n         res = ansible.utils.varReplace(template, vars)\n         assert res == 'bar'\n \n+    def test_varReplace_list_join(self):\n+        vars = {\n+            'list': [\n+                'foo',\n+                'bar',\n+                'baz',\n+            ],\n+        }\n+\n+        template = 'yum pkg=${list} state=installed'\n+        res = ansible.utils.varReplace(template, vars)\n+        assert res == 'yum pkg=foo,bar,baz state=installed'\n+\n     def test_template_varReplace_iterated(self):\n         template = 'hello $who'\n         vars = {\n"
    }
  ],
  "comments": [
    {
      "author_login": "mpdehaan",
      "body": "Great, thanks!\n"
    }
  ],
  "reviews": []
}