{
  "pr_number": 10717,
  "url": "https://github.com/ansible/ansible/pull/10717",
  "title": "Fix various pylint issues ( missing import and wrong variable names )",
  "author_login": "mscherer",
  "state": "MERGED",
  "merged_by_login": "abadger",
  "body": "",
  "labels": [],
  "additions": 3,
  "deletions": 3,
  "changed_files_count": 1,
  "changed_files_list": [
    "v2/ansible/executor/connection_info.py"
  ],
  "files": [
    {
      "file_path": "v2/ansible/executor/connection_info.py",
      "status": "modified",
      "additions": 3,
      "deletions": 3,
      "file_diff": "diff --git a/v2/ansible/executor/connection_info.py b/v2/ansible/executor/connection_info.py\nindex ace2252e3ad9aa..d0929d321768a9 100644\n--- a/v2/ansible/executor/connection_info.py\n+++ b/v2/ansible/executor/connection_info.py\n@@ -25,7 +25,7 @@\n from ansible import constants as C\n from ansible.template import Templar\n from ansible.utils.boolean import boolean\n-\n+from ansible.errors import AnsibleError\n \n __all__ = ['ConnectionInformation']\n \n@@ -230,7 +230,7 @@ def make_become_cmd(self, cmd, executable, become_settings=None):\n             elif self.become_method == 'pbrun':\n                 exe = become_settings.get('pbrun_exe', 'pbrun')\n                 flags = become_settings.get('pbrun_flags', '')\n-                becomecmd = '%s -b -l %s -u %s \"%s\"' % (exe, flags, user, success_cmd)\n+                becomecmd = '%s -b -l %s -u %s \"%s\"' % (exe, flags, self.become_user, success_cmd)\n \n             elif self.become_method == 'pfexec':\n                 exe = become_settings.get('pfexec_exe', 'pbrun')\n@@ -239,7 +239,7 @@ def make_become_cmd(self, cmd, executable, become_settings=None):\n                 becomecmd = '%s %s \"%s\"' % (exe, flags, success_cmd)\n \n             else:\n-                raise errors.AnsibleError(\"Privilege escalation method not found: %s\" % method)\n+                raise AnsibleError(\"Privilege escalation method not found: %s\" % self.become_method)\n \n             return (('%s -c ' % executable) + pipes.quote(becomecmd), prompt, success_key)\n \n"
    }
  ],
  "comments": [
    {
      "author_login": "abadger",
      "body": "# Merged\n\nHi!\n\nThis has been merged in, and will also be included in the next major release.\n\nIf you or anyone else has any further questions, please let us know by stopping by one of the two mailing lists, as appropriate:\n- https://groups.google.com/forum/#!forum/ansible-project - for user questions, tips, and tricks\n- https://groups.google.com/forum/#!forum/ansible-devel - for strategy, future planning, and questions about writing code\n\nBecause this project is very active, we're unlikely to see comments made on closed tickets, but the mailing list is a great way to ask questions, or post if you don't think this particular\nissue is resolved.\n\nThank you!\n"
    }
  ],
  "reviews": []
}