{
  "pr_number": 11477,
  "url": "https://github.com/ansible/ansible/pull/11477",
  "title": "Add Landscape inventory plugin",
  "author_login": "msabramo",
  "state": "MERGED",
  "merged_by_login": "bcoca",
  "body": "Dynamic inventory script which lets you use nodes discovered by Canonical's Landscape (http://www.ubuntu.com/management/landscape-features).\n### Requires:\n- `landscape_api` Python module; See:\n  - https://landscape.canonical.com/static/doc/api/api-client-package.html\n  - https://landscape.canonical.com/static/doc/api/python-api.html\n### Environment variables:\n- `LANDSCAPE_API_URI`\n- `LANDSCAPE_API_KEY`\n- `LANDSCAPE_API_SECRET`\n- `LANDSCAPE_API_SSL_CA_FILE` (optional)\n\nCc: @sudarkoff, @aconrad\n",
  "labels": [
    "feature"
  ],
  "additions": 128,
  "deletions": 0,
  "changed_files_count": 1,
  "changed_files_list": [
    "plugins/inventory/landscape.py"
  ],
  "files": [
    {
      "file_path": "plugins/inventory/landscape.py",
      "status": "added",
      "additions": 128,
      "deletions": 0,
      "file_diff": "diff --git a/plugins/inventory/landscape.py b/plugins/inventory/landscape.py\nnew file mode 100755\nindex 00000000000000..4b53171c34eb0f\n--- /dev/null\n+++ b/plugins/inventory/landscape.py\n@@ -0,0 +1,128 @@\n+#!/usr/bin/env python\n+\n+# (c) 2015, Marc Abramowitz <marca@surveymonkey.com>\n+#\n+# This file is part of Ansible.\n+#\n+# Ansible is free software: you can redistribute it and/or modify\n+# it under the terms of the GNU General Public License as published by\n+# the Free Software Foundation, either version 3 of the License, or\n+# (at your option) any later version.\n+#\n+# Ansible is distributed in the hope that it will be useful,\n+# but WITHOUT ANY WARRANTY; without even the implied warranty of\n+# MERCHANTABILITY or FITNESS FOR A PARTICULAR PURPOSE. See the\n+# GNU General Public License for more details.\n+#\n+# You should have received a copy of the GNU General Public License\n+# along with Ansible. If not, see <http://www.gnu.org/licenses/>.\n+\n+# Dynamic inventory script which lets you use nodes discovered by Canonical's\n+# Landscape (http://www.ubuntu.com/management/landscape-features).\n+#\n+# Requires the `landscape_api` Python module\n+# See:\n+#   - https://landscape.canonical.com/static/doc/api/api-client-package.html\n+#   - https://landscape.canonical.com/static/doc/api/python-api.html\n+#\n+# Environment variables\n+# ---------------------\n+#   - `LANDSCAPE_API_URI`\n+#   - `LANDSCAPE_API_KEY`\n+#   - `LANDSCAPE_API_SECRET`\n+#   - `LANDSCAPE_API_SSL_CA_FILE` (optional)\n+\n+\n+import argparse\n+import collections\n+import os\n+import sys\n+\n+from landscape_api.base import API, HTTPError\n+\n+try:\n+    import json\n+except ImportError:\n+    import simplejson as json\n+\n+_key = 'landscape'\n+\n+\n+class EnvironmentConfig(object):\n+    uri = os.getenv('LANDSCAPE_API_URI')\n+    access_key = os.getenv('LANDSCAPE_API_KEY')\n+    secret_key = os.getenv('LANDSCAPE_API_SECRET')\n+    ssl_ca_file = os.getenv('LANDSCAPE_API_SSL_CA_FILE')\n+\n+\n+def _landscape_client():\n+    env = EnvironmentConfig()\n+    return API(\n+        uri=env.uri,\n+        access_key=env.access_key,\n+        secret_key=env.secret_key,\n+        ssl_ca_file=env.ssl_ca_file)\n+\n+\n+def get_landscape_members_data():\n+    return _landscape_client().get_computers()\n+\n+\n+def get_nodes(data):\n+    return [node['hostname'] for node in data]\n+\n+\n+def get_groups(data):\n+    groups = collections.defaultdict(list)\n+\n+    for node in data:\n+        for value in node['tags']:\n+            groups[value].append(node['hostname'])\n+\n+    return groups\n+\n+\n+def get_meta(data):\n+    meta = {'hostvars': {}}\n+    for node in data:\n+        meta['hostvars'][node['hostname']] = {'tags': node['tags']}\n+    return meta\n+\n+\n+def print_list():\n+    data = get_landscape_members_data()\n+    nodes = get_nodes(data)\n+    groups = get_groups(data)\n+    meta = get_meta(data)\n+    inventory_data = {_key: nodes, '_meta': meta}\n+    inventory_data.update(groups)\n+    print(json.dumps(inventory_data))\n+\n+\n+def print_host(host):\n+    data = get_landscape_members_data()\n+    meta = get_meta(data)\n+    print(json.dumps(meta['hostvars'][host]))\n+\n+\n+def get_args(args_list):\n+    parser = argparse.ArgumentParser(\n+        description='ansible inventory script reading from landscape cluster')\n+    mutex_group = parser.add_mutually_exclusive_group(required=True)\n+    help_list = 'list all hosts from landscape cluster'\n+    mutex_group.add_argument('--list', action='store_true', help=help_list)\n+    help_host = 'display variables for a host'\n+    mutex_group.add_argument('--host', help=help_host)\n+    return parser.parse_args(args_list)\n+\n+\n+def main(args_list):\n+    args = get_args(args_list)\n+    if args.list:\n+        print_list()\n+    if args.host:\n+        print_host(args.host)\n+\n+\n+if __name__ == '__main__':\n+    main(sys.argv[1:])\n"
    }
  ],
  "comments": [],
  "reviews": []
}