{
  "pr_number": 10390,
  "url": "https://github.com/ansible/ansible/pull/10390",
  "title": "Update playbooks_vault.rst",
  "author_login": "vincent-io",
  "state": "MERGED",
  "merged_by_login": "bcoca",
  "body": "Typo fix (passwords -> files).\n",
  "labels": [
    "P2",
    "docs"
  ],
  "additions": 1,
  "deletions": 1,
  "changed_files_count": 1,
  "changed_files_list": [
    "docsite/rst/playbooks_vault.rst"
  ],
  "files": [
    {
      "file_path": "docsite/rst/playbooks_vault.rst",
      "status": "modified",
      "additions": 1,
      "deletions": 1,
      "file_diff": "diff --git a/docsite/rst/playbooks_vault.rst b/docsite/rst/playbooks_vault.rst\nindex 268360e3779a57..692c9efb730637 100644\n--- a/docsite/rst/playbooks_vault.rst\n+++ b/docsite/rst/playbooks_vault.rst\n@@ -81,7 +81,7 @@ To run a playbook that contains vault-encrypted data files, you must pass one of\n \n     ansible-playbook site.yml --ask-vault-pass\n \n-This prompt will then be used to decrypt (in memory only) any vault encrypted files that are accessed.  Currently this requires that all passwords be encrypted with the same password.\n+This prompt will then be used to decrypt (in memory only) any vault encrypted files that are accessed.  Currently this requires that all files be encrypted with the same password.\n \n Alternatively, passwords can be specified with a file or a script, the script version will require Ansible 1.7 or later.  When using this flag, ensure permissions on the file are such that no one else can access your key and do not add your key to source control::\n \n"
    }
  ],
  "comments": [],
  "reviews": []
}