{
  "pr_number": 1073,
  "url": "https://github.com/ansible/ansible/pull/1073",
  "title": "Added cases for 'dead but subsys locked' status",
  "author_login": "dcoutu",
  "state": "MERGED",
  "merged_by_login": "mpdehaan",
  "body": "Patched the service module to include the return code for RH based sytems (2) \"dead but subsys locked\" and also the output keywords.\n",
  "labels": [],
  "additions": 4,
  "deletions": 0,
  "changed_files_count": 1,
  "changed_files_list": [
    "library/service"
  ],
  "files": [
    {
      "file_path": "library/service",
      "status": "modified",
      "additions": 4,
      "deletions": 0,
      "file_diff": "diff --git a/library/service b/library/service\nindex 0d918d490351af..8981a7e54f0c36 100755\n--- a/library/service\n+++ b/library/service\n@@ -101,6 +101,8 @@ def _get_service_status(name, pattern):\n     if running == None:\n         if rc == 3:\n             running = False\n+        if rc == 2:\n+            running = False\n         elif rc == 0:\n             running = True\n \n@@ -120,6 +122,8 @@ def _get_service_status(name, pattern):\n             running = False\n         elif 'is dead and pid file exists' in cleanout:\n             running = False\n+        elif 'dead but subsys locked' in cleanout:\n+            running = False\n \n     # if the job status is still not known check it by special conditions\n     if running == None:\n"
    }
  ],
  "comments": [
    {
      "author_login": "mpdehaan",
      "body": "Merged, thx!\n"
    }
  ],
  "reviews": []
}