{
  "pr_number": 10250,
  "url": "https://github.com/ansible/ansible/pull/10250",
  "title": "improve yaml parsing performance by ~25% by using PyYAML's CParser loader",
  "author_login": "cove",
  "state": "MERGED",
  "merged_by_login": "bcoca",
  "body": "This is with PyYAML-3.11, the CParser loader is a good bit faster than the python loader in my tests.\n\nWith SafeParser:\n`% time ansible-playbook -l dummyNonConnectingHost site.yml --vault-password-file=~/.vault_pass > /dev/null\n613.76s user 86.28s system 97% cpu 11:54.65 total`\n\nWith CSafeParser:\n`% time ansible-playbook -l dummyNonConnectingHost site.yml --vault-password-file=~/.vault_pass > /dev/null\n439.21s user 82.81s system 98% cpu 8:52.45 total`\n",
  "labels": [
    "P2",
    "feature"
  ],
  "additions": 6,
  "deletions": 1,
  "changed_files_count": 1,
  "changed_files_list": [
    "ansible/utils/__init__.py b/lib/ansible/utils/__init__.py"
  ],
  "files": [
    {
      "file_path": "ansible/utils/__init__.py b/lib/ansible/utils/__init__.py",
      "status": "modified",
      "additions": 6,
      "deletions": 1,
      "file_diff": "diff --git a/lib/ansible/utils/__init__.py b/lib/ansible/utils/__init__.py\nindex 61cb5f4447ce6a..c9a999357acff0 100644\n--- a/lib/ansible/utils/__init__.py\n+++ b/lib/ansible/utils/__init__.py\n@@ -70,6 +70,11 @@\n except ImportError:\n     import json\n \n+try:\n+    from yaml import CSafeLoader as Loader\n+except ImportError:\n+    from yaml import SafeLoader as Loader\n+\n PASSLIB_AVAILABLE = False\n try:\n     import passlib.hash\n@@ -594,7 +599,7 @@ def parse_yaml(data, path_hint=None):\n                 raise errors.AnsibleError(str(ve))\n     else:\n         # else this is pretty sure to be a YAML document\n-        loaded = yaml.safe_load(data)\n+        loaded = yaml.load(data, Loader=Loader)\n \n     return loaded\n \n"
    }
  ],
  "comments": [
    {
      "author_login": "abadger",
      "body": "Thanks!   I think we had assumed that the yaml library was using the C extension if that was available but your benchmarks and a review of the code show that we have to be explicit about using it.\n"
    },
    {
      "author_login": "cove",
      "body": "Great thanks. ;)\n"
    }
  ],
  "reviews": []
}