{
  "pr_number": 11009,
  "url": "https://github.com/ansible/ansible/pull/11009",
  "title": "Fixed documentation for host pattern portions",
  "author_login": "kustodian",
  "state": "MERGED",
  "merged_by_login": "abadger",
  "body": "The documentation for patterns http://docs.ansible.com/intro_patterns.html says:\n\n> Or a portion of servers in a group:\n\n```\nwebservers[0:25]\n```\n\nBut this doesn't work. Instead of colon, a dash should be used:\n\n```\nwebservers[0-25]\n```\n",
  "labels": [],
  "additions": 1,
  "deletions": 1,
  "changed_files_count": 1,
  "changed_files_list": [
    "docsite/rst/intro_patterns.rst"
  ],
  "files": [
    {
      "file_path": "docsite/rst/intro_patterns.rst",
      "status": "modified",
      "additions": 1,
      "deletions": 1,
      "file_diff": "diff --git a/docsite/rst/intro_patterns.rst b/docsite/rst/intro_patterns.rst\nindex 7830c97c491e67..579276a3af7db7 100644\n--- a/docsite/rst/intro_patterns.rst\n+++ b/docsite/rst/intro_patterns.rst\n@@ -74,7 +74,7 @@ As an advanced usage, you can also select the numbered server in a group::\n \n Or a portion of servers in a group::\n \n-    webservers[0:25]\n+    webservers[0-25]\n \n Most people don't specify patterns as regular expressions, but you can.  Just start the pattern with a '~'::\n \n"
    }
  ],
  "comments": [
    {
      "author_login": "abadger",
      "body": "Thanks @kustodian !\n\n# Merged\n\nHi!\n\nThis has been merged in, and will also be included in the next major release.\n\nIf you or anyone else has any further questions, please let us know by stopping by one of the two mailing lists, as appropriate:\n- https://groups.google.com/forum/#!forum/ansible-project - for user questions, tips, and tricks\n- https://groups.google.com/forum/#!forum/ansible-devel - for strategy, future planning, and questions about writing code\n\nBecause this project is very active, we're unlikely to see comments made on closed tickets, but the mailing list is a great way to ask questions, or post if you don't think this particular\nissue is resolved.\n\nThank you!\n"
    }
  ],
  "reviews": []
}