{
  "pr_number": 11336,
  "url": "https://github.com/ansible/ansible/pull/11336",
  "title": "Update Vault rekey() in vault.py to validate files passed before input",
  "author_login": "saada",
  "state": "MERGED",
  "merged_by_login": "bcoca",
  "body": "…pting for password\n\nUpdate rekey() in vault.py to validate files passed exist before prompting for password.\nWhy enter a password when the files passed don't exist in the first place?\n",
  "labels": [
    "feature"
  ],
  "additions": 3,
  "deletions": 0,
  "changed_files_count": 1,
  "changed_files_list": [
    "ansible/cli/vault.py b/lib/ansible/cli/vault.py"
  ],
  "files": [
    {
      "file_path": "ansible/cli/vault.py b/lib/ansible/cli/vault.py",
      "status": "modified",
      "additions": 3,
      "deletions": 0,
      "file_diff": "diff --git a/lib/ansible/cli/vault.py b/lib/ansible/cli/vault.py\nindex 05a48065771c2e..487212e7d8ceb0 100644\n--- a/lib/ansible/cli/vault.py\n+++ b/lib/ansible/cli/vault.py\n@@ -115,6 +115,9 @@ def execute_encrypt(self):\n         self.display.display(\"Encryption successful\")\n \n     def execute_rekey(self):\n+        for f in self.args:\n+            if not (os.path.isfile(f)):\n+                raise AnsibleError(f + \" does not exist\")\n         __, new_password = self.ask_vault_passwords(ask_vault_pass=False, ask_new_vault_pass=True, confirm_new=True)\n \n         for f in self.args:\n"
    }
  ],
  "comments": [
    {
      "author_login": "amenonsen",
      "body": "Looks fine, though I would have preferred to see this squashed into a single commit rather than have typos fixed one by one. @saada, could you please squash and update this PR with `git push -f`?\n"
    },
    {
      "author_login": "saada",
      "body": "@amenonsen, there you go, thanks!\n"
    }
  ],
  "reviews": []
}