{
  "pr_number": 10513,
  "url": "https://github.com/ansible/ansible/pull/10513",
  "title": "Update add_host example in AWS Guide",
  "author_login": "hjst",
  "state": "MERGED",
  "merged_by_login": "bcoca",
  "body": "The add_host module now uses \"groups\" instead of \"groupname\" to allow for specifying more than one group.\n",
  "labels": [
    "docs"
  ],
  "additions": 1,
  "deletions": 1,
  "changed_files_count": 1,
  "changed_files_list": [
    "docsite/rst/guide_aws.rst"
  ],
  "files": [
    {
      "file_path": "docsite/rst/guide_aws.rst",
      "status": "modified",
      "additions": 1,
      "deletions": 1,
      "file_diff": "diff --git a/docsite/rst/guide_aws.rst b/docsite/rst/guide_aws.rst\nindex 7cfffc218db9f3..97eb0904fe2f98 100644\n--- a/docsite/rst/guide_aws.rst\n+++ b/docsite/rst/guide_aws.rst\n@@ -107,7 +107,7 @@ From this, we'll use the add_host module to dynamically create a host group cons\n           register: ec2\n     \n        - name: Add all instance public IPs to host group\n-         add_host: hostname={{ item.public_ip }} groupname=ec2hosts\n+         add_host: hostname={{ item.public_ip }} groups=ec2hosts\n          with_items: ec2.instances\n \n With the host group now created, a second play at the bottom of the the same provisioning playbook file might now have some configuration steps::\n"
    }
  ],
  "comments": [],
  "reviews": []
}