{
  "pr_number": 10681,
  "url": "https://github.com/ansible/ansible/pull/10681",
  "title": "Add test requirements for working with v2.",
  "author_login": "dorianpula",
  "state": "MERGED",
  "merged_by_login": "abadger",
  "body": "Add a test requirements.txt to simplify working with v2.\n",
  "labels": [],
  "additions": 11,
  "deletions": 0,
  "changed_files_count": 1,
  "changed_files_list": [
    "v2/test-requirements.txt"
  ],
  "files": [
    {
      "file_path": "v2/test-requirements.txt",
      "status": "added",
      "additions": 11,
      "deletions": 0,
      "file_diff": "diff --git a/v2/test-requirements.txt b/v2/test-requirements.txt\nnew file mode 100644\nindex 00000000000000..97a75d3cb5c767\n--- /dev/null\n+++ b/v2/test-requirements.txt\n@@ -0,0 +1,11 @@\n+# Ansible requirementss\n+paramiko\n+PyYAML\n+jinja2\n+httplib2\n+passlib\n+\n+# Test requirements\n+unittest2\n+mock\n+nose\n"
    }
  ],
  "comments": [
    {
      "author_login": "abadger",
      "body": "Looks good.  I'll add six as an extra requirement as discussed in the sprint room at pycon.\n\n# Merged\n\nHi!\n\nThis has been merged in, and will also be included in the next major release.\n\nIf you or anyone else has any further questions, please let us know by stopping by one of the two mailing lists, as appropriate:\n- https://groups.google.com/forum/#!forum/ansible-project - for user questions, tips, and tricks\n- https://groups.google.com/forum/#!forum/ansible-devel - for strategy, future planning, and questions about writing code\n\nBecause this project is very active, we're unlikely to see comments made on closed tickets, but the mailing list is a great way to ask questions, or post if you don't think this particular\nissue is resolved.\n\nThank you!\n"
    }
  ],
  "reviews": []
}