{
  "pr_number": 10222,
  "url": "https://github.com/ansible/ansible/pull/10222",
  "title": "made sure passwords are strings",
  "author_login": "bcoca",
  "state": "MERGED",
  "merged_by_login": "bcoca",
  "body": "Also strip vault input for usage as it is for encryption\nshould fix #10166\n",
  "labels": [
    "P2",
    "bug"
  ],
  "additions": 26,
  "deletions": 33,
  "changed_files_count": 3,
  "changed_files_list": [
    "ansible/utils/__init__.py b/lib/ansible/utils/__init__.py",
    "test/units/TestUtils.py"
  ],
  "files": [
    {
      "file_path": "ansible/utils/__init__.py b/lib/ansible/utils/__init__.py",
      "status": "modified",
      "additions": 17,
      "deletions": 24,
      "file_diff": "diff --git a/lib/ansible/utils/__init__.py b/lib/ansible/utils/__init__.py\nindex 8394a8f4f9654a..76214bee978765 100644\n--- a/lib/ansible/utils/__init__.py\n+++ b/lib/ansible/utils/__init__.py\n@@ -33,6 +33,7 @@\n from ansible.callbacks import display\n from ansible.module_utils.splitter import split_args, unquote\n from ansible.module_utils.basic import heuristic_log_sanitize\n+from ansible.utils.unicode import to_bytes, to_unicode\n import ansible.constants as C\n import ast\n import time\n@@ -1088,9 +1089,9 @@ def ask_vault_passwords(ask_vault_pass=False, ask_new_vault_pass=False, confirm_\n \n     # enforce no newline chars at the end of passwords\n     if vault_pass:\n-        vault_pass = vault_pass.strip()\n+        vault_pass = to_bytes(vault_pass, errors='strict', nonstring='simplerepr').strip()\n     if new_vault_pass:\n-        new_vault_pass = new_vault_pass.strip()\n+        new_vault_pass = to_bytes(new_vault_pass, errors='strict', nonstring='simplerepr').strip()\n \n     return vault_pass, new_vault_pass\n \n@@ -1104,20 +1105,31 @@ def ask_passwords(ask_pass=False, ask_sudo_pass=False, ask_su_pass=False, ask_va\n \n     if ask_pass:\n         sshpass = getpass.getpass(prompt=\"SSH password: \")\n+        if sshpass:\n+            sshpass = to_bytes(sshpass, errors='strict', nonstring='simplerepr')\n         sudo_prompt = \"sudo password [defaults to SSH password]: \"\n+        su_prompt = \"su password [defaults to SSH password]: \"\n \n     if ask_sudo_pass:\n         sudopass = getpass.getpass(prompt=sudo_prompt)\n         if ask_pass and sudopass == '':\n             sudopass = sshpass\n+        if sudopass:\n+            sudopass = to_bytes(sudopass, errors='strict', nonstring='simplerepr')\n \n     if ask_su_pass:\n-        su_pass = getpass.getpass(prompt=su_prompt)\n+        supass = getpass.getpass(prompt=su_prompt)\n+        if ask_pass and supass == '':\n+            supass = sshpass\n+        if supass:\n+            supass = to_bytes(supass, errors='strict', nonstring='simplerepr')\n \n     if ask_vault_pass:\n-        vault_pass = getpass.getpass(prompt=\"Vault password: \")\n+        vaultpass = getpass.getpass(prompt=\"Vault password: \")\n+        if vaultpass:\n+            vaultpass = to_bytes(vault_pass, errors='strict', nonstring='simplerepr').strip()\n \n-    return (sshpass, sudopass, su_pass, vault_pass)\n+    return (sshpass, sudopass, supass, vaultpass)\n \n def do_encrypt(result, encrypt, salt_size=None, salt=None):\n     if PASSLIB_AVAILABLE:\n@@ -1204,25 +1216,6 @@ def make_su_cmd(su_user, executable, cmd):\n     )\n     return ('/bin/sh -c ' + pipes.quote(sudocmd), None, success_key)\n \n-# For v2, consider either using kitchen or copying my code from there for\n-# to_unicode and to_bytes handling (TEK)\n-_TO_UNICODE_TYPES = (unicode, type(None))\n-\n-def to_unicode(value):\n-    # Use with caution -- this function is not encoding safe (non-utf-8 values\n-    # will cause tracebacks if they contain bytes from 0x80-0xff inclusive)\n-    if isinstance(value, _TO_UNICODE_TYPES):\n-        return value\n-    return value.decode(\"utf-8\")\n-\n-def to_bytes(value):\n-    # Note: value is assumed to be a basestring to mirror to_unicode.  Better\n-    # implementations (like kitchen.text.converters.to_bytes) bring that check\n-    # into the function\n-    if isinstance(value, str):\n-        return value\n-    return value.encode('utf-8')\n-\n def get_diff(diff):\n     # called by --diff usage in playbook and runner via callbacks\n     # include names in diffs 'before' and 'after' and do diff -U 10"
    },
    {
      "file_path": "test/units/TestUtils.py",
      "status": "modified",
      "additions": 3,
      "deletions": 3,
      "file_diff": "diff --git a/test/units/TestUtils.py b/test/units/TestUtils.py\nindex 478cfebfd1ebba..286542d5e400e6 100644\n--- a/test/units/TestUtils.py\n+++ b/test/units/TestUtils.py\n@@ -512,15 +512,15 @@ def test_make_su_cmd(self):\n         self.assertTrue('echo SUDO-SUCCESS-' in cmd[0] and cmd[2].startswith('SUDO-SUCCESS-'))\n \n     def test_to_unicode(self):\n-        uni = ansible.utils.to_unicode(u'ansible')\n+        uni = ansible.utils.unicode.to_unicode(u'ansible')\n         self.assertTrue(isinstance(uni, unicode))\n         self.assertEqual(uni, u'ansible')\n \n-        none = ansible.utils.to_unicode(None)\n+        none = ansible.utils.unicode.to_unicode(None, nonstring='passthru')\n         self.assertTrue(isinstance(none, type(None)))\n         self.assertTrue(none is None)\n \n-        utf8 = ansible.utils.to_unicode('ansible')\n+        utf8 = ansible.utils.unicode.to_unicode('ansible')\n         self.assertTrue(isinstance(utf8, unicode))\n         self.assertEqual(utf8, u'ansible')\n \n"
    }
  ],
  "comments": [
    {
      "author_login": "abadger",
      "body": "- Have to import to_bytes from ansible.utils.unicode\n- Probably want to raise an exception if we aren't able to convert the password into a byte string for some reason -- otherwise we could end up with the user encrypting a file and not being able to decrypt it.\n- May want to be explicit about nonstring=simplerepr.  It is the default of the function but it will help future programmers who read the code to realize that one of the purposes of the code is to handle values that aren't strings.\n\nSo the function call will look like this:\n\n``` python\nto_bytes(vault_pass, errors='strict', nonstring='simplerepr').strip()\n```\n"
    },
    {
      "author_login": "bcoca",
      "body": "i was referencing the to_bytes function in the same file, I was not aware of the same named function in unicode.py, do we want to make both functions the same?\n"
    },
    {
      "author_login": "abadger",
      "body": "yes, it would be great to have gotten rid of all other to_bytes() and to_unicode() functions by the time we release the v2 codebase.  Taking a look, the to_bytes() inside of that file won't be able to handle int values like the to_bytes() in ansible/utils/unicode.py can.\n\nSorry for the confusion.\n"
    },
    {
      "author_login": "abadger",
      "body": "+1 to merge\n"
    },
    {
      "author_login": "renard",
      "body": "this returns an error:\n\n```\nTraceback (most recent call last):\n  File \"/home/renard/Developer/ansible/ansible/bin/ansible-playbook\", line 334, in <module>\n    sys.exit(main(sys.argv[1:]))\n  File \"/home/renard/Developer/ansible/ansible/bin/ansible-playbook\", line 135, in main\n    (sshpass, sudopass, su_pass, vault_pass) = utils.ask_passwords(ask_pass=options.ask_pass, ask_sudo_pass=options.ask_sudo_pass, ask_su_pass=options.ask_su_pass, ask_vault_pass=options.ask_vault_pass)\n  File \"/home/renard/Developer/ansible/ansible/lib/ansible/utils/__init__.py\", line 1132, in ask_passwords\n    return (sshpass, sudopass, supass, vaultpass)\nUnboundLocalError: local variable 'supass' referenced before assignment\n```\n\nPlease replace:\n- `supass` by `su_pass`\n- `vaultpass` by `vault_pass`\n\nin `ask_passwords` from `lib/ansible/utils/__init__.py`\n\nDid you test the patch before merge?\n"
    },
    {
      "author_login": "renard",
      "body": "Ok both 932fd2e and 0087816 fixed the issue. Thanks\n"
    },
    {
      "author_login": "abadger",
      "body": "This one will fail with the new to_unicode.   With no arguments, this will return `\"None\"``(the equivalent of``str(none)`` ).  If we want the test to return None, then update like this:\n\n``` python\nnone = ansible.utils.unicode.to_unicode(None, nonstring=passthru)\n```\n",
      "file_path": "test/units/TestUtils.py",
      "diff_hunk": "@@ -512,15 +512,15 @@ def test_make_su_cmd(self):\n         self.assertTrue('echo SUDO-SUCCESS-' in cmd[0] and cmd[2].startswith('SUDO-SUCCESS-'))\n \n     def test_to_unicode(self):\n-        uni = ansible.utils.to_unicode(u'ansible')\n+        uni = ansible.utils.unicode.to_unicode(u'ansible')\n         self.assertTrue(isinstance(uni, unicode))\n         self.assertEqual(uni, u'ansible')\n \n-        none = ansible.utils.to_unicode(None)\n+        none = ansible.utils.unicode.to_unicode(None)\n         self.assertTrue(isinstance(none, type(None)))",
      "comment_type": "review_comment"
    },
    {
      "author_login": "abadger",
      "body": "`su_pass` is used in the getpass but `supass` without the underscore is used here.  Probably needs to be `su_pass` in both places.\n",
      "file_path": "lib/ansible/utils/__init__.py",
      "diff_hunk": "@@ -1104,18 +1105,26 @@ def ask_passwords(ask_pass=False, ask_sudo_pass=False, ask_su_pass=False, ask_va\n \n     if ask_pass:\n         sshpass = getpass.getpass(prompt=\"SSH password: \")\n+        if sshpass:\n+            sshpass = to_bytes(sshpass, errors='strict', nonstring='simplerepr')\n         sudo_prompt = \"sudo password [defaults to SSH password]: \"\n \n     if ask_sudo_pass:\n         sudopass = getpass.getpass(prompt=sudo_prompt)\n         if ask_pass and sudopass == '':\n             sudopass = sshpass\n+        if sudopass:\n+            sudopass = to_bytes(sudopass, errors='strict', nonstring='simplerepr')\n \n     if ask_su_pass:\n         su_pass = getpass.getpass(prompt=su_prompt)\n+        if supass:\n+            supass = to_bytes(supass, errors='strict', nonstring='simplerepr')",
      "comment_type": "review_comment"
    },
    {
      "author_login": "bcoca",
      "body": "changed, though i think it should default to that\n",
      "file_path": "test/units/TestUtils.py",
      "diff_hunk": "@@ -512,15 +512,15 @@ def test_make_su_cmd(self):\n         self.assertTrue('echo SUDO-SUCCESS-' in cmd[0] and cmd[2].startswith('SUDO-SUCCESS-'))\n \n     def test_to_unicode(self):\n-        uni = ansible.utils.to_unicode(u'ansible')\n+        uni = ansible.utils.unicode.to_unicode(u'ansible')\n         self.assertTrue(isinstance(uni, unicode))\n         self.assertEqual(uni, u'ansible')\n \n-        none = ansible.utils.to_unicode(None)\n+        none = ansible.utils.unicode.to_unicode(None)\n         self.assertTrue(isinstance(none, type(None)))",
      "comment_type": "review_comment"
    },
    {
      "author_login": "bcoca",
      "body": "made them all match same convention ... having 2 is what creates typoes!\n",
      "file_path": "lib/ansible/utils/__init__.py",
      "diff_hunk": "@@ -1104,18 +1105,26 @@ def ask_passwords(ask_pass=False, ask_sudo_pass=False, ask_su_pass=False, ask_va\n \n     if ask_pass:\n         sshpass = getpass.getpass(prompt=\"SSH password: \")\n+        if sshpass:\n+            sshpass = to_bytes(sshpass, errors='strict', nonstring='simplerepr')\n         sudo_prompt = \"sudo password [defaults to SSH password]: \"\n \n     if ask_sudo_pass:\n         sudopass = getpass.getpass(prompt=sudo_prompt)\n         if ask_pass and sudopass == '':\n             sudopass = sshpass\n+        if sudopass:\n+            sudopass = to_bytes(sudopass, errors='strict', nonstring='simplerepr')\n \n     if ask_su_pass:\n         su_pass = getpass.getpass(prompt=su_prompt)\n+        if supass:\n+            supass = to_bytes(supass, errors='strict', nonstring='simplerepr')",
      "comment_type": "review_comment"
    }
  ],
  "reviews": []
}