{
  "pr_number": 1083,
  "url": "https://github.com/ansible/ansible/pull/1083",
  "title": "Template the variable prompt to customize the message",
  "author_login": "dagwieers",
  "state": "MERGED",
  "merged_by_login": "mpdehaan",
  "body": "We have a password-prompt for a configurable login name. Since we require to ask the password for this specific login, it is important to indicate what password needs to be prov ided on the prompt. So the prompt needs to be templated. That's what this patch does.\n",
  "labels": [],
  "additions": 1,
  "deletions": 1,
  "changed_files_count": 1,
  "changed_files_list": [
    "ansible/playbook/play.py b/lib/ansible/playbook/play.py"
  ],
  "files": [
    {
      "file_path": "ansible/playbook/play.py b/lib/ansible/playbook/play.py",
      "status": "modified",
      "additions": 1,
      "deletions": 1,
      "file_diff": "diff --git a/lib/ansible/playbook/play.py b/lib/ansible/playbook/play.py\nindex e2b57064e7bc7b..a2b730745ac187 100644\n--- a/lib/ansible/playbook/play.py\n+++ b/lib/ansible/playbook/play.py\n@@ -165,7 +165,7 @@ def _get_vars(self):\n                     raise errors.AnsibleError(\"'vars_prompt' item is missing 'name:'\")\n \n                 vname = var['name']\n-                prompt = \"%s: \" % var.get(\"prompt\", vname)\n+                prompt = util.template(None, \"%s: \" % var.get(\"prompt\", vname), self.vars)\n                 private = var.get(\"private\", True)\n \n                 confirm = var.get(\"confirm\", False)\n"
    }
  ],
  "comments": [
    {
      "author_login": "mpdehaan",
      "body": "merged, thanks!\n"
    },
    {
      "author_login": "dagwieers",
      "body": "After using this in reality, it does not cover all the needs I have. I expected vars to consist of all facts (host_vars, inventory, ...) but it's restricted to vars set in the playbook. Looking into fixing this, it doesn't seem straightforward to get all variables/facts from all places in one shot :-(\n"
    },
    {
      "author_login": "mpdehaan",
      "body": "Right, it's not going to see host specific facts.  However the template\ncall doesn't hurt alot, so we don't neccessarily have to pull it.\n\nPerhaps some facility to make it fail if a variable isn't set is more\nappropriate (using a server side action, probably)\n- action: fail msg='ip address is not set for ${inventory_hostname}, add it\n  to host_vars'\n  only_if:  is_unset($ip_address)\n\nThat's not terribly pretty, but may be sufficient?\n"
    },
    {
      "author_login": "dagwieers",
      "body": "I noticed that the same is true for the TASK output on screen, ironically all variables coming from host_vars are not substituted in the displayed line, however the password provided on the prompt (with hidden: True) in the same playbook is displayed for all to see ;-)\n\nPS Yes, such a \"fail\" facility might be useful too, but not for all cases. I really would like to have the prompt display the login name/hostname for which the password is required, even when the login name and host name are variable (depending on groups).\n"
    },
    {
      "author_login": "mpdehaan",
      "body": "It's not so ironic, really.\n\nTasks are passed to all hosts, so they can't be given host specifics when\nrunning them.\n\nAnd the hidden=True only refers to the way we prompt for it, it's not\nactually annotated in memory as a special field or anything like that.\n\nAnyway, per host prompting is presently not supported -- prompting happens\nin playbook code, not runner, and runner is where the host logic happens.\n(Nor do I think prompting should generally happen in runner either, as it\nwould be pretty annoying)\n\nPersonally I kinda think that prompting is a /bit/ of a hack since it is\nquasi-interactive.\n\nNot many tools really have an answer for this, I think the best answer is\nto have the variables set in inventory/host_vars/etc ... and a mechanism to\nrequire that they be set /may/ be useful.\n\nOn Tue, Sep 25, 2012 at 8:46 AM, Dag Wieers notifications@github.comwrote:\n\n> I noticed that the same is true for the TASK output on screen, ironically\n> all variables coming from host_vars are not substituted in the displayed\n> line, however the password provided on the prompt (with hidden: True) in\n> the same playbook is displayed for all to see ;-)\n> \n> PS Yes, such a \"fail\" facility might be useful too, but not for all cases.\n> I really would like to have the prompt display the login name/hostname for\n> which the password is required, even when the login name and host name are\n> variable (depending on groups).\n> \n> —\n> Reply to this email directly or view it on GitHubhttps://github.com/ansible/ansible/pull/1083#issuecomment-8852794.\n"
    },
    {
      "author_login": "dagwieers",
      "body": "I don't disagree ;-)\n\nI will send a small pull-request to improve on the above, but I won't pursue the grand scheme as I envisioned. The current solution is acceptable and personally I would prefer this password to be on file somewhere too.\n"
    }
  ],
  "reviews": []
}