{
  "pr_number": 10957,
  "url": "https://github.com/ansible/ansible/pull/10957",
  "title": "Don't convert nulls to strings.",
  "author_login": "feanil",
  "state": "MERGED",
  "merged_by_login": "abadger",
  "body": "This change is similar to https://github.com/ansible/ansible/pull/10465\n\nIt extends the logic there to also support none types.  Right now if you have\na '!!null' in yaml, and that var gets passed around, it will get converted to\na string.\n\neg. defaults/main.yml\n\n```\nENABLE_AWESOME_FEATURE: !!null # Yaml Null\nOTHER_CONFIG:\n  secret1: \"so_secret\"\n  secret2: \"even_more_secret\"\n\nCONFIG:\n  hostname: \"some_hostname\"\n  features:\n    awesame_feature: \"{{ ENABLE_AWESOME_FEATURE}}\"\n  secrets: \"{{ OTHER_CONFIG }}\"\n```\n\nIf you output `CONFIG` to json or yaml, the feature flag would get represented in the output\nas a string instead of as a null, but secrets would get represented as a dictionary.  This is\na mis-match in behaviour where some \"types\" are retained and others are not.  This change\nshould fix the issue.\n\nI also updated the template test to test for this and made the changes to v2.\n\nAdded a changelog entry.\n\n@abadger A type we missed when we made the change for numbers and booleans.\n",
  "labels": [
    "bug"
  ],
  "additions": 20,
  "deletions": 2,
  "changed_files_count": 6,
  "changed_files_list": [
    "ansible/constants.py b/lib/ansible/constants.py",
    "ansible/template/__init__.py b/lib/ansible/template/__init__.py",
    "test/integration/roles/test_template/files/foo.txt",
    "test/integration/roles/test_template/vars/main.yml",
    "v1/ansible/utils/template.py"
  ],
  "files": [
    {
      "file_path": "ansible/constants.py b/lib/ansible/constants.py",
      "status": "modified",
      "additions": 5,
      "deletions": 1,
      "file_diff": "diff --git a/lib/ansible/constants.py b/lib/ansible/constants.py\nindex 290274c13e8e2e..8cb3bcb2fb89ff 100644\n--- a/lib/ansible/constants.py\n+++ b/lib/ansible/constants.py\n@@ -40,7 +40,7 @@ def mk_boolean(value):\n     else:\n         return False\n \n-def get_config(p, section, key, env_var, default, boolean=False, integer=False, floating=False, islist=False):\n+def get_config(p, section, key, env_var, default, boolean=False, integer=False, floating=False, islist=False, isnone=False):\n     ''' return a configuration variable with casting '''\n     value = _get_config(p, section, key, env_var, default)\n     if boolean:\n@@ -53,6 +53,9 @@ def get_config(p, section, key, env_var, default, boolean=False, integer=False,\n         elif islist:\n             if isinstance(value, string_types):\n                 value = [x.strip() for x in value.split(',')]\n+        elif isnone:\n+            if value == \"None\":\n+                value = None\n         elif isinstance(value, string_types):\n             value = unquote(value)\n     return value\n@@ -205,6 +208,7 @@ def shell_expand_path(path):\n DEFAULT_CALLBACK_WHITELIST     = get_config(p, DEFAULTS, 'callback_whitelist', 'ANSIBLE_CALLBACK_WHITELIST', [], islist=True)\n RETRY_FILES_ENABLED            = get_config(p, DEFAULTS, 'retry_files_enabled', 'ANSIBLE_RETRY_FILES_ENABLED', True, boolean=True)\n RETRY_FILES_SAVE_PATH          = get_config(p, DEFAULTS, 'retry_files_save_path', 'ANSIBLE_RETRY_FILES_SAVE_PATH', '~/')\n+DEFAULT_NULL_REPRESENTATION    = get_config(p, DEFAULTS, 'null_representation', 'ANSIBLE_NULL_REPRESENTATION', None, isnone=True)\n \n # CONNECTION RELATED\n ANSIBLE_SSH_ARGS               = get_config(p, 'ssh_connection', 'ssh_args', 'ANSIBLE_SSH_ARGS', None)"
    },
    {
      "file_path": "ansible/template/__init__.py b/lib/ansible/template/__init__.py",
      "status": "modified",
      "additions": 3,
      "deletions": 0,
      "file_diff": "diff --git a/lib/ansible/template/__init__.py b/lib/ansible/template/__init__.py\nindex c309e113adccba..1a1465139ac9f8 100644\n--- a/lib/ansible/template/__init__.py\n+++ b/lib/ansible/template/__init__.py\n@@ -37,6 +37,7 @@\n from ansible.utils.debug import debug\n \n from numbers import Number\n+from types import NoneType\n \n __all__ = ['Templar']\n \n@@ -187,6 +188,8 @@ def template(self, variable, convert_bare=False, preserve_trailing_newlines=Fals\n                             resolved_val = self._available_variables[var_name]\n                             if isinstance(resolved_val, NON_TEMPLATED_TYPES):\n                                 return resolved_val\n+                            elif isinstance(resolved_val, NoneType):\n+                                return C.DEFAULT_NULL_REPRESENTATION\n \n                     result = self._do_template(variable, preserve_trailing_newlines=preserve_trailing_newlines, fail_on_undefined=fail_on_undefined, overrides=overrides)\n "
    },
    {
      "file_path": "test/integration/roles/test_template/files/foo.txt",
      "status": "modified",
      "additions": 1,
      "deletions": 0,
      "file_diff": "diff --git a/test/integration/roles/test_template/files/foo.txt b/test/integration/roles/test_template/files/foo.txt\nindex edd704da048007..58af3be81b9e4f 100644\n--- a/test/integration/roles/test_template/files/foo.txt\n+++ b/test/integration/roles/test_template/files/foo.txt\n@@ -3,6 +3,7 @@ templated_var_loaded\n {\n     \"bool\": true, \n     \"multi_part\": \"1Foo\", \n+    \"null_type\": null, \n     \"number\": 5, \n     \"string_num\": \"5\"\n }"
    },
    {
      "file_path": "test/integration/roles/test_template/vars/main.yml",
      "status": "modified",
      "additions": 2,
      "deletions": 0,
      "file_diff": "diff --git a/test/integration/roles/test_template/vars/main.yml b/test/integration/roles/test_template/vars/main.yml\nindex b79f95e6cf16f7..16776cb7e83aab 100644\n--- a/test/integration/roles/test_template/vars/main.yml\n+++ b/test/integration/roles/test_template/vars/main.yml\n@@ -5,10 +5,12 @@ string_num: \"5\"\n bool_var: true\n part_1: 1\n part_2: \"Foo\"\n+null_type: !!null\n \n templated_dict:\n   number: \"{{ number_var }}\"\n   string_num: \"{{ string_num }}\"\n+  null_type: \"{{ null_type }}\"\n   bool: \"{{ bool_var }}\"\n   multi_part: \"{{ part_1 }}{{ part_2 }}\"\n "
    },
    {
      "file_path": "v1/ansible/utils/template.py",
      "status": "modified",
      "additions": 2,
      "deletions": 1,
      "file_diff": "diff --git a/v1/ansible/utils/template.py b/v1/ansible/utils/template.py\nindex fb35924ce1416b..368b2067c35c1a 100644\n--- a/v1/ansible/utils/template.py\n+++ b/v1/ansible/utils/template.py\n@@ -32,6 +32,7 @@\n import ast\n import traceback\n from numbers import Number\n+from types import NoneType\n \n from ansible.utils.string_functions import count_newlines_from_end\n from ansible.utils import to_bytes, to_unicode\n@@ -343,7 +344,7 @@ def template_from_string(basedir, data, vars, fail_on_undefined=False):\n                 var_name = only_one.group(1)\n                 if var_name in vars:\n                     resolved_val = vars[var_name]\n-                    if isinstance(resolved_val, (bool, Number)):\n+                    if isinstance(resolved_val, (bool, Number, NoneType)):\n                         return resolved_val\n \n         def my_finalize(thing):\n"
    }
  ],
  "comments": [
    {
      "author_login": "feanil",
      "body": "@abadger thoughts on this change?\n"
    },
    {
      "author_login": "feanil",
      "body": "@bcoca @abadger is there hesitation about this or just haven't gotten time to look at this yet?\n"
    },
    {
      "author_login": "feanil",
      "body": "@bcoca @abadger checking in on this PR.  Any timeline on when you might have time to look at it?\n"
    },
    {
      "author_login": "bcoca",
      "body": "we might need to reformat this as devel has changed drastically.\n"
    },
    {
      "author_login": "abadger",
      "body": "@bcoca looks like it's been rebased since the switchover to v2 so it's probably okay in that regard.  I've tested and it does work without further rebasing.\n\nOne thing I've noted is that implicit nulls are also changed by this PR:\n\n```\n---\n- hosts: localhost\n  vars:\n    test_null: !!null\n    test_empty:\n    integer: 1\n    string: \"1\"\n    templated_dict:\n      null: \"{{ test_null }}\"\n      empty: \"{{ test_empty }}\"\n      integer: \"{{ integer }}\"\n      string: \"{{ string }}\"\n  tasks:\n    - template:\n        src: null.j2\n        dest: /var/tmp/null.txt\n```\n\nthe variable \"empty\" is also changed from empty string to null.\n\nNot sure if that behaviour change might break some things.  @bcoca suggested that we make this configurable in the config file and set it to empty string by default for backwards compat.\n"
    },
    {
      "author_login": "feanil",
      "body": "@abadger this matches the behaviour of how python generally treats an empty value in yaml.  I would think that we would want to match that.  If it seems like a dangerous change, I'm happy to put it behind a config flag.  Can you point me to an example that I can work from?\n\n```\nfeanil@edx ~/src/test$ cat empty.yml \nfoo:\nbar: \"\"\nfeanil@edx ~/src/test$ python\nPython 2.7.9 (default, Feb 23 2015, 17:11:37) \n[GCC 4.2.1 Compatible Apple LLVM 6.0 (clang-600.0.56)] on darwin\nType \"help\", \"copyright\", \"credits\" or \"license\" for more information.\n>>> import yaml\n>>> yaml.safe_load(open('empty.yml'))\n{'foo': None, 'bar': ''}\n>>> \n```\n"
    },
    {
      "author_login": "abadger",
      "body": "@feanil, yeah... the problem being backwards compatibility :-(  Since empty values have implicitly mapped to an empty string for such a long time there's probably quite a few playbooks that will break from that behaviour changing.  Making it a configurable value would hopefully let us change the default from backwards compatible to more in line with what other things do in the future.\n\n@bcoca do you happpen to know of a good simple config setting that feanil can use as an  example of writing one for this feature?\n"
    },
    {
      "author_login": "bcoca",
      "body": "fail_on_undefined had very similar scope and fix\n"
    },
    {
      "author_login": "amenonsen",
      "body": "@feanil, are you planning to resubmit this with a config-variable guard? (Maybe something like `null_representation` defaulting to an empty string?) The change seems worthwhile.\n"
    },
    {
      "author_login": "feanil",
      "body": "@amenonsen yes, I'm hoping to get some time in the next week or so to work on this.\n"
    },
    {
      "author_login": "feanil",
      "body": "@bcoca @amenonsen Added a commit to make this configurable per your suggestions, please let me know if there is anything more I should do.\n"
    },
    {
      "author_login": "abadger",
      "body": "@feanil cool.  So the ChangeLog and the code don't agree here.  the ChangeLog says that the default has changed to None but the code defaults to returning an empty string.  The core team talked about this for a while this morning and we decided that since there's a need to specify a None in playbooks that consistently propogates out to module parameters that we'd be okay with switching the default for v2 and then documenting it prominently.\n\nSo three changes and then we can merge:\n- Add the new config variable for None to the ChangeLog.  Mention that the none change means that empty variables now equate to None instead of empty string.\n- Change the default in constants.py\n- Add a test for the empty var case in the integration tests.\n"
    },
    {
      "author_login": "feanil",
      "body": "@bcoca @abadger I've addressed all the requested changes.  There is a test currently that tests the new default behavior for yaml nulls.  However I didn't see any way to also test with a different config so right now there is no test that tests that the override is working as expected.\n"
    },
    {
      "author_login": "feanil",
      "body": "@bcoca @abadger rebased to be mergable again.\n"
    },
    {
      "author_login": "feanil",
      "body": "@bcoca @abadger checking in on this again in case there is anything else that needs to be done?\n"
    },
    {
      "author_login": "feanil",
      "body": "Rebased to be mergable again.\n"
    },
    {
      "author_login": "abadger",
      "body": "Thanks @feanil !  Merged.\n\n# Merged\n\nHi!\n\nThis has been merged in, and will also be included in the next major release.\n\nIf you or anyone else has any further questions, please let us know by stopping by one of the two mailing lists, as appropriate:\n- https://groups.google.com/forum/#!forum/ansible-project - for user questions, tips, and tricks\n- https://groups.google.com/forum/#!forum/ansible-devel - for strategy, future planning, and questions about writing code\n\nBecause this project is very active, we're unlikely to see comments made on closed tickets, but the mailing list is a great way to ask questions, or post if you don't think this particular\nissue is resolved.\n\nThank you!\n"
    }
  ],
  "reviews": []
}