{
  "pr_number": 10426,
  "url": "https://github.com/ansible/ansible/pull/10426",
  "title": "use to_unicode() in _jinja2_vars if type is str.",
  "author_login": "shirou",
  "state": "MERGED",
  "merged_by_login": "abadger",
  "body": "if hostvars has unicode value, UnicodeDecodeError occured. This PR will fix it.\n### How to reproduce\n\n```\nlocalhost uni=\"Ă\"\n```\n\n```\n- hosts: localhost\n  connection: local\n  tasks:\n  - debug: msg=\"{{ uni }}\"\n```\n### error\n\n```\nfatal: [localhost] => Traceback (most recent call last):\n  File \"/Users/shirou/Works/VEnvs/ansible/lib/python2.7/site-packages/ansible/runner/__init__.py\", line 590, in _executor\n    exec_rc = self._executor_internal(host, new_stdin)\n  File \"/Users/shirou/Works/VEnvs/ansible/lib/python2.7/site-packages/ansible/runner/__init__.py\", line 792, in _executor_internal\n    return self._executor_internal_inner(host, self.module_name, self.module_args, inject, port, complex_args=complex_args)\n  File \"/Users/shirou/Works/VEnvs/ansible/lib/python2.7/site-packages/ansible/runner/__init__.py\", line 995, in _executor_internal_inner\n    module_args = template.template(self.basedir, module_args, inject, fail_on_undefined=self.error_on_undefined_vars)\n  File \"/Users/shirou/Works/VEnvs/ansible/lib/python2.7/site-packages/ansible/utils/template.py\", line 119, in template\n    varname = template_from_string(basedir, varname, templatevars, fail_on_undefined)\n  File \"/Users/shirou/Works/VEnvs/ansible/lib/python2.7/site-packages/ansible/utils/template.py\", line 365, in template_from_string\n    res = jinja2.utils.concat(rf)\n  File \"<template>\", line 9, in root\nUnicodeDecodeError: 'ascii' codec can't decode byte 0xe3 in position 0: ordinal not in range(128)\n```\n",
  "labels": [
    "bug"
  ],
  "additions": 2,
  "deletions": 1,
  "changed_files_count": 1,
  "changed_files_list": [
    "ansible/utils/template.py b/lib/ansible/utils/template.py"
  ],
  "files": [
    {
      "file_path": "ansible/utils/template.py b/lib/ansible/utils/template.py",
      "status": "modified",
      "additions": 2,
      "deletions": 1,
      "file_diff": "diff --git a/lib/ansible/utils/template.py b/lib/ansible/utils/template.py\nindex 722e33e4c8fa2d..a58b93997157f6 100644\n--- a/lib/ansible/utils/template.py\n+++ b/lib/ansible/utils/template.py\n@@ -33,7 +33,7 @@\n import traceback\n \n from ansible.utils.string_functions import count_newlines_from_end\n-from ansible.utils import to_bytes\n+from ansible.utils import to_bytes, to_unicode\n \n class Globals(object):\n \n@@ -184,6 +184,7 @@ def __getitem__(self, varname):\n         var = self.vars[varname]\n         # HostVars is special, return it as-is, as is the special variable\n         # 'vars', which contains the vars structure\n+        var = to_unicode(var, nonstring=\"passthru\")\n         if isinstance(var, dict) and varname == \"vars\" or isinstance(var, HostVars):\n             return var\n         else:\n"
    }
  ],
  "comments": [
    {
      "author_login": "abadger",
      "body": "Use ansible.utils.unicode.to_unicode instead and then you can discard the type checking.  Read the docstring for that function but I believe the code will look like:\n\n``` python\nvar = to_unicode(var, nonstring=\"passthru\")\n```\n"
    },
    {
      "author_login": "shirou",
      "body": "Thank you for the comment. Now it looks more simple.\n"
    },
    {
      "author_login": "abadger",
      "body": "Merged along with an integration test and equivalent test for v2.  Thanks for the fix!\n\n# Merged \n\nHi!\n\nThis has been merged in, and will also be included in the next major release.\n\nIf you or anyone else has any further questions, please let us know by stopping by one of the two mailing lists, as appropriate:\n- https://groups.google.com/forum/#!forum/ansible-project - for user questions, tips, and tricks\n- https://groups.google.com/forum/#!forum/ansible-devel - for strategy, future planning, and questions about writing code\n\nBecause this project is very active, we're unlikely to see comments made on closed tickets, but the mailing list is a great way to ask questions, or post if you don't think this particular\nissue is resolved.\n\nThank you!\n"
    },
    {
      "author_login": "resmo",
      "body": "I guess this fixes #10302 can this fix be back-ported into 1.9?\n"
    },
    {
      "author_login": "abadger",
      "body": "Pulled in last night with this commit: https://github.com/ansible/ansible/commit/1c09660c4443c22ec642ee6d649a2dc293845401\n"
    }
  ],
  "reviews": []
}