{
  "pr_number": 10534,
  "url": "https://github.com/ansible/ansible/pull/10534",
  "title": "doc: building debian package: 'asciidoc' is a required dependency",
  "author_login": "matthieucan",
  "state": "MERGED",
  "merged_by_login": "bcoca",
  "body": "",
  "labels": [
    "P2",
    "docs"
  ],
  "additions": 1,
  "deletions": 1,
  "changed_files_count": 1,
  "changed_files_list": [
    "packaging/debian/README.md"
  ],
  "files": [
    {
      "file_path": "packaging/debian/README.md",
      "status": "modified",
      "additions": 1,
      "deletions": 1,
      "file_diff": "diff --git a/packaging/debian/README.md b/packaging/debian/README.md\nindex c7538dbf793603..715084380d76aa 100644\n--- a/packaging/debian/README.md\n+++ b/packaging/debian/README.md\n@@ -4,7 +4,7 @@ Ansible Debian Package\n To create an Ansible DEB package:\n \n     sudo apt-get install python-paramiko python-yaml python-jinja2 python-httplib2 python-setuptools sshpass\n-    sudo apt-get install cdbs debhelper dpkg-dev git-core reprepro python-support fakeroot\n+    sudo apt-get install cdbs debhelper dpkg-dev git-core reprepro python-support fakeroot asciidoc\n     git clone git://github.com/ansible/ansible.git\n     cd ansible\n     make deb\n"
    }
  ],
  "comments": [],
  "reviews": []
}