{
  "pr_number": 11094,
  "url": "https://github.com/ansible/ansible/pull/11094",
  "title": "Only run win_feature tests when the host has the ServerManager module.",
  "author_login": "cchurch",
  "state": "MERGED",
  "merged_by_login": "cchurch",
  "body": "Skips remaining win_feature tests on unsupported OS versions (e.g. Windows Server 2008 non-R2).\n",
  "labels": [
    "windows",
    "bug"
  ],
  "additions": 18,
  "deletions": 0,
  "changed_files_count": 1,
  "changed_files_list": [
    "test/integration/roles/test_win_feature/tasks/main.yml"
  ],
  "files": [
    {
      "file_path": "test/integration/roles/test_win_feature/tasks/main.yml",
      "status": "modified",
      "additions": 18,
      "deletions": 0,
      "file_diff": "diff --git a/test/integration/roles/test_win_feature/tasks/main.yml b/test/integration/roles/test_win_feature/tasks/main.yml\nindex a49622c232d347..4b31f8b3581db4 100644\n--- a/test/integration/roles/test_win_feature/tasks/main.yml\n+++ b/test/integration/roles/test_win_feature/tasks/main.yml\n@@ -17,10 +17,16 @@\n # along with Ansible.  If not, see <http://www.gnu.org/licenses/>.\n \n \n+- name: check whether servermanager module is available (windows 2008 r2 or later)\n+  raw: PowerShell -Command Import-Module ServerManager\n+  register: win_feature_has_servermanager\n+  ignore_errors: true\n+\n - name: start with feature absent\n   win_feature:\n     name: \"{{ test_win_feature_name }}\"\n     state: absent\n+  when: win_feature_has_servermanager|success\n \n - name: install feature\n   win_feature:\n@@ -30,6 +36,7 @@\n     include_sub_features: yes\n     include_management_tools: yes\n   register: win_feature_install_result\n+  when: win_feature_has_servermanager|success\n \n - name: check result of installing feature\n   assert:\n@@ -45,6 +52,7 @@\n       - \"win_feature_install_result.feature_result[0].restart_needed is defined\"\n       - \"win_feature_install_result.feature_result[0].skip_reason\"\n       - \"win_feature_install_result.feature_result[0].success is defined\"\n+  when: win_feature_has_servermanager|success\n \n - name: install feature again\n   win_feature:\n@@ -54,6 +62,7 @@\n     include_sub_features: yes\n     include_management_tools: yes\n   register: win_feature_install_again_result\n+  when: win_feature_has_servermanager|success\n \n - name: check result of installing feature again\n   assert:\n@@ -63,12 +72,14 @@\n       - \"win_feature_install_again_result.exitcode == 'NoChangeNeeded'\"\n       - \"not win_feature_install_again_result.restart_needed\"\n       - \"win_feature_install_again_result.feature_result == []\"\n+  when: win_feature_has_servermanager|success\n \n - name: remove feature\n   win_feature:\n     name: \"{{ test_win_feature_name }}\"\n     state: absent\n   register: win_feature_remove_result\n+  when: win_feature_has_servermanager|success\n \n - name: check result of removing feature\n   assert:\n@@ -84,12 +95,14 @@\n       - \"win_feature_remove_result.feature_result[0].restart_needed is defined\"\n       - \"win_feature_remove_result.feature_result[0].skip_reason\"\n       - \"win_feature_remove_result.feature_result[0].success is defined\"\n+  when: win_feature_has_servermanager|success\n \n - name: remove feature again\n   win_feature:\n     name: \"{{ test_win_feature_name }}\"\n     state: absent\n   register: win_feature_remove_again_result\n+  when: win_feature_has_servermanager|success\n \n - name: check result of removing feature again\n   assert:\n@@ -99,6 +112,7 @@\n       - \"win_feature_remove_again_result.exitcode == 'NoChangeNeeded'\"\n       - \"not win_feature_remove_again_result.restart_needed\"\n       - \"win_feature_remove_again_result.feature_result == []\"\n+  when: win_feature_has_servermanager|success\n \n - name: try to install an invalid feature name\n   win_feature:\n@@ -106,6 +120,7 @@\n     state: present\n   register: win_feature_install_invalid_result\n   ignore_errors: true\n+  when: win_feature_has_servermanager|success\n \n - name: check result of installing invalid feature name\n   assert:\n@@ -114,6 +129,7 @@\n       - \"not win_feature_install_invalid_result|changed\"\n       - \"win_feature_install_invalid_result.msg\"\n       - \"win_feature_install_invalid_result.exitcode == 'InvalidArgs'\"\n+  when: win_feature_has_servermanager|success\n \n - name: try to remove an invalid feature name\n   win_feature:\n@@ -121,6 +137,7 @@\n     state: absent\n   register: win_feature_remove_invalid_result\n   ignore_errors: true\n+  when: win_feature_has_servermanager|success\n \n - name: check result of removing invalid feature name\n   assert:\n@@ -129,3 +146,4 @@\n       - \"not win_feature_remove_invalid_result|changed\"\n       - \"win_feature_remove_invalid_result.msg\"\n       - \"win_feature_remove_invalid_result.exitcode == 'InvalidArgs'\"\n+  when: win_feature_has_servermanager|success\n"
    }
  ],
  "comments": [],
  "reviews": []
}