{
  "pr_number": 10120,
  "url": "https://github.com/ansible/ansible/pull/10120",
  "title": "Reference tests/README.ME in the Makefile notes",
  "author_login": "ofir-petrushka",
  "state": "MERGED",
  "merged_by_login": "bcoca",
  "body": "https://github.com/ansible/ansible/issues/6776\n",
  "labels": [
    "docs"
  ],
  "additions": 1,
  "deletions": 1,
  "changed_files_count": 1,
  "changed_files_list": [
    "Makefile"
  ],
  "files": [
    {
      "file_path": "Makefile",
      "status": "modified",
      "additions": 1,
      "deletions": 1,
      "file_diff": "diff --git a/Makefile b/Makefile\nindex 5ac0e26d408463..52fa1b53281d75 100644\n--- a/Makefile\n+++ b/Makefile\n@@ -10,7 +10,7 @@\n #   make deb-src -------------- produce a DEB source\n #   make deb ------------------ produce a DEB\n #   make docs ----------------- rebuild the manpages (results are checked in)\n-#   make tests ---------------- run the tests\n+#   make tests ---------------- run the tests (see test/README.md for requirements)\n #   make pyflakes, make pep8 -- source code checks\n \n ########################################################\n"
    }
  ],
  "comments": [],
  "reviews": []
}