{
  "pr_number": 11124,
  "url": "https://github.com/ansible/ansible/pull/11124",
  "title": "Use a decorator to perform just in time connection",
  "author_login": "sivel",
  "state": "MERGED",
  "merged_by_login": "bcoca",
  "body": "Copy of #11002 now against the devel branch\n\nThis PR adds a new ensure_connect decorator for connection plugins. It's function is to decorate a method requiring a connection to be open. The replaces the explicit call to _connect.\n\nWHY: Calling _connect explicitly as it is, causes the connection plugin to connect to a remote host, sometimes needlessly such as when running an action plugin that does not need a connection, such as set_fact.\n\nThis change will ensure that a connection is not forcefully established when not needed, but still establish it just in time for the operation.\n\nThe following connection plugins have been updated due to them being ready for v2:\n- ssh\n- paramiko\n- winrm\n\nAdditional plugins will need to have this decorator applied to exec_command, put_file and fetch_file.\n\nI've tested a handful of scenarios and did not encounter any issues.\n\nAddresses #10997\n",
  "labels": [
    "P1",
    "feature"
  ],
  "additions": 44,
  "deletions": 3,
  "changed_files_count": 6,
  "changed_files_list": [
    "ansible/plugins/connections/__init__.py b/lib/ansible/plugins/connections/__init__.py",
    "ansible/plugins/connections/local.py b/lib/ansible/plugins/connections/local.py",
    "ansible/plugins/connections/paramiko_ssh.py b/lib/ansible/plugins/connections/paramiko_ssh.py",
    "ansible/plugins/connections/ssh.py b/lib/ansible/plugins/connections/ssh.py",
    "ansible/plugins/connections/winrm.py b/lib/ansible/plugins/connections/winrm.py"
  ],
  "files": [
    {
      "file_path": "ansible/plugins/connections/__init__.py b/lib/ansible/plugins/connections/__init__.py",
      "status": "modified",
      "additions": 14,
      "deletions": 1,
      "file_diff": "diff --git a/lib/ansible/plugins/connections/__init__.py b/lib/ansible/plugins/connections/__init__.py\nindex 897bc58982bfef..1d3a2bdeede1f5 100644\n--- a/lib/ansible/plugins/connections/__init__.py\n+++ b/lib/ansible/plugins/connections/__init__.py\n@@ -22,6 +22,7 @@\n \n from abc import ABCMeta, abstractmethod, abstractproperty\n \n+from functools import wraps\n from six import with_metaclass\n \n from ansible import constants as C\n@@ -32,7 +33,16 @@\n #        which may want to output display/logs too\n from ansible.utils.display import Display\n \n-__all__ = ['ConnectionBase']\n+__all__ = ['ConnectionBase', 'ensure_connect']\n+\n+\n+def ensure_connect(func):\n+    @wraps(func)\n+    def wrapped(self, *args, **kwargs):\n+        self._connect()\n+        return func(self, *args, **kwargs)\n+    return wrapped\n+\n \n class ConnectionBase(with_metaclass(ABCMeta, object)):\n     '''\n@@ -82,16 +92,19 @@ def _connect(self):\n         \"\"\"Connect to the host we've been initialized with\"\"\"\n         pass\n \n+    @ensure_connect\n     @abstractmethod\n     def exec_command(self, cmd, tmp_path, executable=None, in_data=None):\n         \"\"\"Run a command on the remote host\"\"\"\n         pass\n \n+    @ensure_connect\n     @abstractmethod\n     def put_file(self, in_path, out_path):\n         \"\"\"Transfer a file from local to remote\"\"\"\n         pass\n \n+    @ensure_connect\n     @abstractmethod\n     def fetch_file(self, in_path, out_path):\n         \"\"\"Fetch a file from remote to local\"\"\""
    },
    {
      "file_path": "ansible/plugins/connections/local.py b/lib/ansible/plugins/connections/local.py",
      "status": "modified",
      "additions": 7,
      "deletions": 0,
      "file_diff": "diff --git a/lib/ansible/plugins/connections/local.py b/lib/ansible/plugins/connections/local.py\nindex 1dc6076b0db547..85bc51de0aee1b 100644\n--- a/lib/ansible/plugins/connections/local.py\n+++ b/lib/ansible/plugins/connections/local.py\n@@ -49,6 +49,8 @@ def _connect(self, port=None):\n     def exec_command(self, cmd, tmp_path, executable='/bin/sh', in_data=None):\n         ''' run a command on the local host '''\n \n+        super(Connection, self).exec_command(cmd, tmp_path, executable=executable, in_data=in_data)\n+\n         debug(\"in local.exec_command()\")\n         # su requires to be run from a terminal, and therefore isn't supported here (yet?)\n         #if self._connection_info.su:\n@@ -108,6 +110,8 @@ def exec_command(self, cmd, tmp_path, executable='/bin/sh', in_data=None):\n     def put_file(self, in_path, out_path):\n         ''' transfer a file from local to local '''\n \n+        super(Connection, self).put_file(in_path, out_path)\n+\n         #vvv(\"PUT {0} TO {1}\".format(in_path, out_path), host=self.host)\n         self._display.vvv(\"{0} PUT {1} TO {2}\".format(self._connection_info.remote_addr, in_path, out_path))\n         if not os.path.exists(in_path):\n@@ -123,6 +127,9 @@ def put_file(self, in_path, out_path):\n \n     def fetch_file(self, in_path, out_path):\n         ''' fetch a file from local to local -- for copatibility '''\n+\n+        super(Connection, self).fetch_file(in_path, out_path)\n+\n         #vvv(\"FETCH {0} TO {1}\".format(in_path, out_path), host=self.host)\n         self._display.vvv(\"{0} FETCH {1} TO {2}\".format(self._connection_info.remote_addr, in_path, out_path))\n         self.put_file(in_path, out_path)"
    },
    {
      "file_path": "ansible/plugins/connections/paramiko_ssh.py b/lib/ansible/plugins/connections/paramiko_ssh.py",
      "status": "modified",
      "additions": 8,
      "deletions": 1,
      "file_diff": "diff --git a/lib/ansible/plugins/connections/paramiko_ssh.py b/lib/ansible/plugins/connections/paramiko_ssh.py\nindex 0d7a82c34b55c8..5a5259c5fcc80d 100644\n--- a/lib/ansible/plugins/connections/paramiko_ssh.py\n+++ b/lib/ansible/plugins/connections/paramiko_ssh.py\n@@ -61,6 +61,7 @@\n     except ImportError:\n         pass\n \n+\n class MyAddPolicy(object):\n     \"\"\"\n     Based on AutoAddPolicy in paramiko so we can determine when keys are added\n@@ -191,6 +192,8 @@ def _connect_uncached(self):\n     def exec_command(self, cmd, tmp_path, executable='/bin/sh', in_data=None):\n         ''' run a command on the remote host '''\n \n+        super(Connection, self).exec_command(cmd, tmp_path, executable=executable, in_data=in_data)\n+\n         if in_data:\n             raise AnsibleError(\"Internal Error: this module does not support optimized module pipelining\")\n \n@@ -251,6 +254,8 @@ def exec_command(self, cmd, tmp_path, executable='/bin/sh', in_data=None):\n     def put_file(self, in_path, out_path):\n         ''' transfer a file from local to remote '''\n \n+        super(Connection, self).put_file(in_path, out_path)\n+\n         self._display.vvv(\"PUT %s TO %s\" % (in_path, out_path), host=self._connection_info.remote_addr)\n \n         if not os.path.exists(in_path):\n@@ -272,12 +277,14 @@ def _connect_sftp(self):\n         if cache_key in SFTP_CONNECTION_CACHE:\n             return SFTP_CONNECTION_CACHE[cache_key]\n         else:\n-            result = SFTP_CONNECTION_CACHE[cache_key] = self.connect().ssh.open_sftp()\n+            result = SFTP_CONNECTION_CACHE[cache_key] = self._connect().ssh.open_sftp()\n             return result\n \n     def fetch_file(self, in_path, out_path):\n         ''' save a remote file to the specified path '''\n \n+        super(Connection, self).fetch_file(in_path, out_path)\n+\n         self._display.vvv(\"FETCH %s TO %s\" % (in_path, out_path), host=self._connection_info.remote_addr)\n \n         try:"
    },
    {
      "file_path": "ansible/plugins/connections/ssh.py b/lib/ansible/plugins/connections/ssh.py",
      "status": "modified",
      "additions": 9,
      "deletions": 0,
      "file_diff": "diff --git a/lib/ansible/plugins/connections/ssh.py b/lib/ansible/plugins/connections/ssh.py\nindex b3ada343c0454d..e2251ca5b0d816 100644\n--- a/lib/ansible/plugins/connections/ssh.py\n+++ b/lib/ansible/plugins/connections/ssh.py\n@@ -36,6 +36,7 @@\n from ansible.errors import AnsibleError, AnsibleConnectionFailure, AnsibleFileNotFound\n from ansible.plugins.connections import ConnectionBase\n \n+\n class Connection(ConnectionBase):\n     ''' ssh based connections '''\n \n@@ -272,6 +273,8 @@ def not_in_host_file(self, host):\n     def exec_command(self, cmd, tmp_path, executable='/bin/sh', in_data=None):\n         ''' run a command on the remote host '''\n \n+        super(Connection, self).exec_command(cmd, tmp_path, executable=executable, in_data=in_data)\n+\n         ssh_cmd = self._password_cmd()\n         ssh_cmd += (\"ssh\", \"-C\")\n         if not in_data:\n@@ -392,6 +395,9 @@ def exec_command(self, cmd, tmp_path, executable='/bin/sh', in_data=None):\n \n     def put_file(self, in_path, out_path):\n         ''' transfer a file from local to remote '''\n+\n+        super(Connection, self).put_file(in_path, out_path)\n+\n         self._display.vvv(\"PUT {0} TO {1}\".format(in_path, out_path), host=self._connection_info.remote_addr)\n         if not os.path.exists(in_path):\n             raise AnsibleFileNotFound(\"file or module does not exist: {0}\".format(in_path))\n@@ -427,6 +433,9 @@ def put_file(self, in_path, out_path):\n \n     def fetch_file(self, in_path, out_path):\n         ''' fetch a file from remote to local '''\n+\n+        super(Connection, self).fetch_file(in_path, out_path)\n+\n         self._display.vvv(\"FETCH {0} TO {1}\".format(in_path, out_path), host=self._connection_info.remote_addr)\n         cmd = self._password_cmd()\n "
    },
    {
      "file_path": "ansible/plugins/connections/winrm.py b/lib/ansible/plugins/connections/winrm.py",
      "status": "modified",
      "additions": 6,
      "deletions": 0,
      "file_diff": "diff --git a/lib/ansible/plugins/connections/winrm.py b/lib/ansible/plugins/connections/winrm.py\nindex f16da0f6e63a01..2bc1ee00539f9c 100644\n--- a/lib/ansible/plugins/connections/winrm.py\n+++ b/lib/ansible/plugins/connections/winrm.py\n@@ -46,6 +46,7 @@\n from ansible.plugins import shell_loader\n from ansible.utils.path import makedirs_safe\n \n+\n class Connection(ConnectionBase):\n     '''WinRM connections over HTTP/HTTPS.'''\n \n@@ -152,6 +153,7 @@ def _connect(self):\n         return self\n \n     def exec_command(self, cmd, tmp_path, executable='/bin/sh', in_data=None):\n+        super(Connection, self).exec_command(cmd, tmp_path, executable=executable, in_data,in_data)\n \n         cmd = cmd.encode('utf-8')\n         cmd_parts = shlex.split(cmd, posix=False)\n@@ -173,6 +175,8 @@ def exec_command(self, cmd, tmp_path, executable='/bin/sh', in_data=None):\n         return (result.status_code, '', result.std_out.encode('utf-8'), result.std_err.encode('utf-8'))\n \n     def put_file(self, in_path, out_path):\n+        super(Connection, self).put_file(in_path, out_path)\n+\n         self._display.vvv(\"PUT %s TO %s\" % (in_path, out_path), host=self._connection_info.remote_addr)\n         if not os.path.exists(in_path):\n             raise AnsibleFileNotFound(\"file or module does not exist: %s\" % in_path)\n@@ -211,6 +215,8 @@ def put_file(self, in_path, out_path):\n                     raise AnsibleError(\"failed to transfer file to %s\" % out_path)\n \n     def fetch_file(self, in_path, out_path):\n+        super(Connection, self).fetch_file(in_path, out_path)\n+\n         out_path = out_path.replace('\\\\', '/')\n         self._display.vvv(\"FETCH %s TO %s\" % (in_path, out_path), host=self._connection_info.remote_addr)\n         buffer_size = 2**19 # 0.5MB chunks\n"
    }
  ],
  "comments": [
    {
      "author_login": "abadger",
      "body": "Seems like a good direction.  We were wondering if setting the decorator on the base class might be good (or problematic).\n- Could be good just for documentation\n- If people call the base class's method (via super, for instance) at the top of their method then they wouldn't need to put the decorator on their own.\n- Probably should put this on the local plugin as well -- I think that one was updated and it is probably one that people will cargo cult from frequently.\n- We should also make sure that self._connected is used properly in these plugins (although that could be done separately).\n"
    },
    {
      "author_login": "sivel",
      "body": "Totally missed this comment.  I'll look into putting in the base class soonish and the local plugin too.\n"
    },
    {
      "author_login": "sivel",
      "body": "Ok, with the last commit, I have moved the decorator to the `ConnectionBase` methods, have switched to calling super from within the methods of the individual connection classes and implemented this for the local plugin too.\n\nI haven't touched anything in regards to ensuring the plugins use `self._connected` properly, I think that should be addressed separately.\n"
    },
    {
      "author_login": "bcoca",
      "body": "+1\n"
    },
    {
      "author_login": "abadger",
      "body": "+1\n"
    }
  ],
  "reviews": []
}