{
  "pr_number": 10628,
  "url": "https://github.com/ansible/ansible/pull/10628",
  "title": "Fix indentation",
  "author_login": "detiber",
  "state": "MERGED",
  "merged_by_login": "bcoca",
  "body": "Incorrect indentation on line 2455 in lib/ansible/module_utils.facts.py causes any custom modules that import module_utils.facts.py to fail with an error similar to this:\n\n```\nRAW OUTPUT\n\n  File \"/home/jdetiber/.ansible_module_generated\", line 4525\n    if os.path.exists('/proc/self/status'):\n                                          ^\nIndentationError: unindent does not match any outer indentation level\n```\n\nThis was introduced with: https://github.com/ansible/ansible/commit/29cca0191b19b5b4e5d6cc84992dc9a53b19c837\n\nAny 1.9 ansible binaries suffer from this issue currently.\n",
  "labels": [
    "P2",
    "bug"
  ],
  "additions": 1,
  "deletions": 1,
  "changed_files_count": 1,
  "changed_files_list": [
    "ansible/module_utils/facts.py b/lib/ansible/module_utils/facts.py"
  ],
  "files": [
    {
      "file_path": "ansible/module_utils/facts.py b/lib/ansible/module_utils/facts.py",
      "status": "modified",
      "additions": 1,
      "deletions": 1,
      "file_diff": "diff --git a/lib/ansible/module_utils/facts.py b/lib/ansible/module_utils/facts.py\nindex 40be989241f6d2..628d1dd267833c 100644\n--- a/lib/ansible/module_utils/facts.py\n+++ b/lib/ansible/module_utils/facts.py\n@@ -2452,7 +2452,7 @@ def get_virtual_facts(self):\n             self.facts['virtualization_role'] = 'guest'\n             return\n \n-\tif sys_vendor == 'oVirt':\n+        if sys_vendor == 'oVirt':\n             self.facts['virtualization_type'] = 'kvm'\n             self.facts['virtualization_role'] = 'guest'\n             return\n"
    }
  ],
  "comments": [
    {
      "author_login": "detiber",
      "body": "@bcoca This fixes an issue that originated with: https://github.com/ansible/ansible/pull/10409\n\nTest failure is unrelated and looks like it has been affecting all PRs for the past 3 days.\n"
    }
  ],
  "reviews": []
}