{
  "pr_number": 10171,
  "url": "https://github.com/ansible/ansible/pull/10171",
  "title": "Reformat and clarify YAML syntax descriptions",
  "author_login": "brianpeiris",
  "state": "MERGED",
  "merged_by_login": "bcoca",
  "body": "",
  "labels": [
    "docs"
  ],
  "additions": 2,
  "deletions": 2,
  "changed_files_count": 1,
  "changed_files_list": [
    "docsite/rst/YAMLSyntax.rst"
  ],
  "files": [
    {
      "file_path": "docsite/rst/YAMLSyntax.rst",
      "status": "modified",
      "additions": 2,
      "deletions": 2,
      "file_diff": "diff --git a/docsite/rst/YAMLSyntax.rst b/docsite/rst/YAMLSyntax.rst\nindex 4b85ebac30dc02..424db0ad46600b 100644\n--- a/docsite/rst/YAMLSyntax.rst\n+++ b/docsite/rst/YAMLSyntax.rst\n@@ -25,7 +25,7 @@ Ansible or not) should begin with ``---``.  This is part of the YAML\n format and indicates the start of a document.\n \n All members of a list are lines beginning at the same indentation level starting\n-with a ``\"- \"`` (dash and whitespace) character::\n+with a ``\"- \"`` (a dash and a space)::\n \n     ---\n     # A list of tasty fruits\n@@ -34,7 +34,7 @@ with a ``\"- \"`` (dash and whitespace) character::\n     - Strawberry\n     - Mango\n \n-A dictionary is represented in a simple ``key: `` (colon and whitespace) and ``value`` form::\n+A dictionary is represented in a simple ``key: value`` form (the colon must be followed by a space)::\n \n     ---\n     # An employee record\n"
    }
  ],
  "comments": [],
  "reviews": []
}