{
  "pr_number": 10448,
  "url": "https://github.com/ansible/ansible/pull/10448",
  "title": "added test requirements for pip",
  "author_login": "jhermann",
  "state": "MERGED",
  "merged_by_login": "abadger",
  "body": "… as discussed.\n",
  "labels": [],
  "additions": 7,
  "deletions": 0,
  "changed_files_count": 1,
  "changed_files_list": [
    "test-requirements.txt"
  ],
  "files": [
    {
      "file_path": "test-requirements.txt",
      "status": "added",
      "additions": 7,
      "deletions": 0,
      "file_diff": "diff --git a/test-requirements.txt b/test-requirements.txt\nnew file mode 100644\nindex 00000000000000..714b65b7646146\n--- /dev/null\n+++ b/test-requirements.txt\n@@ -0,0 +1,7 @@\n+#\n+# Test requirements\n+#\n+\n+nose\n+mock\n+passlib\n"
    }
  ],
  "comments": [
    {
      "author_login": "abadger",
      "body": "Thanks!\n\n# Merged\n\nHi!\n\nThis has been merged in, and will also be included in the next major release.\n\nIf you or anyone else has any further questions, please let us know by stopping by one of the two mailing lists, as appropriate:\n- https://groups.google.com/forum/#!forum/ansible-project - for user questions, tips, and tricks\n- https://groups.google.com/forum/#!forum/ansible-devel - for strategy, future planning, and questions about writing code\n\nBecause this project is very active, we're unlikely to see comments made on closed tickets, but the mailing list is a great way to ask questions, or post if you don't think this particular\nissue is resolved.\n\nThank you!\n"
    }
  ],
  "reviews": []
}