{
  "pr_number": 110,
  "url": "https://github.com/ansible/ansible/pull/110",
  "title": "Always add vars to a play.",
  "author_login": "jhoekx",
  "state": "MERGED",
  "merged_by_login": "mpdehaan",
  "body": "A play without vars section would fail to use variables given in an include. They would be added to the dict returned by play.get, but the dict would not be added to the play.\n",
  "labels": [],
  "additions": 3,
  "deletions": 2,
  "changed_files_count": 1,
  "changed_files_list": [
    "ansible/playbook.py b/lib/ansible/playbook.py"
  ],
  "files": [
    {
      "file_path": "ansible/playbook.py b/lib/ansible/playbook.py",
      "status": "modified",
      "additions": 3,
      "deletions": 2,
      "file_diff": "diff --git a/lib/ansible/playbook.py b/lib/ansible/playbook.py\nindex aa0e69b828ccf3..029f28c6545213 100755\n--- a/lib/ansible/playbook.py\n+++ b/lib/ansible/playbook.py\n@@ -91,8 +91,9 @@ def __init__(self,\n \n     def _get_vars(self, play, dirname):\n         ''' load the vars section from a play '''\n-\n-        vars = play.get('vars', {})\n+        if play.get('vars') is None:\n+            play['vars'] = {}\n+        vars = play['vars']\n         if type(vars) != dict:\n             raise errors.AnsibleError(\"'vars' section must contain only key/value pairs\")\n         vars_prompt = play.get('vars_prompt', {})\n"
    }
  ],
  "comments": [],
  "reviews": []
}