{
  "pr_number": 10042,
  "url": "https://github.com/ansible/ansible/pull/10042",
  "title": "Revert \"Fix: Add support for SSL protocol version configuration option\"",
  "author_login": "bcoca",
  "state": "MERGED",
  "merged_by_login": "bcoca",
  "body": "Reverts ansible/ansible#9808\n\nThis breaks modules on machines where ansible is not installed (my testing on localhost prevented me from seeing this error)  as reported in https://github.com/ansible/ansible-modules-core/issues/655\n",
  "labels": [],
  "additions": 4,
  "deletions": 15,
  "changed_files_count": 4,
  "changed_files_list": [
    "ansible/constants.py b/lib/ansible/constants.py",
    "ansible/module_utils/urls.py b/lib/ansible/module_utils/urls.py",
    "v2/ansible/constants.py"
  ],
  "files": [
    {
      "file_path": "ansible/constants.py b/lib/ansible/constants.py",
      "status": "modified",
      "additions": 0,
      "deletions": 1,
      "file_diff": "diff --git a/lib/ansible/constants.py b/lib/ansible/constants.py\nindex b4b2ff561888e4..861dd5325c16cf 100644\n--- a/lib/ansible/constants.py\n+++ b/lib/ansible/constants.py\n@@ -166,7 +166,6 @@ def shell_expand_path(path):\n ANSIBLE_SSH_CONTROL_PATH       = get_config(p, 'ssh_connection', 'control_path', 'ANSIBLE_SSH_CONTROL_PATH', \"%(directory)s/ansible-ssh-%%h-%%p-%%r\")\n ANSIBLE_SSH_PIPELINING         = get_config(p, 'ssh_connection', 'pipelining', 'ANSIBLE_SSH_PIPELINING', False, boolean=True)\n PARAMIKO_RECORD_HOST_KEYS      = get_config(p, 'paramiko_connection', 'record_host_keys', 'ANSIBLE_PARAMIKO_RECORD_HOST_KEYS', True, boolean=True)\n-SSL_PROTOCOL                   = get_config(p, 'ssl', 'ssl_protocol', 'SSL_PROTOCOL', 3, integer=True)\n # obsolete -- will be formally removed in 1.6\n ZEROMQ_PORT                    = get_config(p, 'fireball_connection', 'zeromq_port', 'ANSIBLE_ZEROMQ_PORT', 5099, integer=True)\n ACCELERATE_PORT                = get_config(p, 'accelerate', 'accelerate_port', 'ACCELERATE_PORT', 5099, integer=True)"
    },
    {
      "file_path": "ansible/module_utils/urls.py b/lib/ansible/module_utils/urls.py",
      "status": "modified",
      "additions": 4,
      "deletions": 4,
      "file_diff": "diff --git a/lib/ansible/module_utils/urls.py b/lib/ansible/module_utils/urls.py\nindex ba49c9038cfd12..962b868ee0d2b4 100644\n--- a/lib/ansible/module_utils/urls.py\n+++ b/lib/ansible/module_utils/urls.py\n@@ -55,7 +55,7 @@\n import re\n import socket\n import tempfile\n-from ansible import constants as C\n+\n \n # This is a dummy cacert provided for Mac OS since you need at least 1\n # ca cert, regardless of validity, for Python on Mac OS to use the\n@@ -91,7 +91,7 @@ def connect(self):\n         if self._tunnel_host:\n             self.sock = sock\n             self._tunnel()\n-        self.sock = ssl.wrap_socket(sock, keyfile=self.key_file, certfile=self.cert_file, ssl_version=C.SSL_PROTOCOL)\n+        self.sock = ssl.wrap_socket(sock, keyfile=self.key_file, certfile=self.cert_file, ssl_version=ssl.PROTOCOL_TLSv1)\n \n class CustomHTTPSHandler(urllib2.HTTPSHandler):\n \n@@ -292,12 +292,12 @@ def http_request(self, req):\n                     s.sendall('\\r\\n')\n                     connect_result = s.recv(4096)\n                     self.validate_proxy_response(connect_result)\n-                    ssl_s = ssl.wrap_socket(s, ca_certs=tmp_ca_cert_path, cert_reqs=ssl.CERT_REQUIRED, ssl_version=C.SSL_PROTOCOL)\n+                    ssl_s = ssl.wrap_socket(s, ca_certs=tmp_ca_cert_path, cert_reqs=ssl.CERT_REQUIRED)\n                 else:\n                     self.module.fail_json(msg='Unsupported proxy scheme: %s. Currently ansible only supports HTTP proxies.' % proxy_parts.get('scheme'))\n             else:\n                 s.connect((self.hostname, self.port))\n-                ssl_s = ssl.wrap_socket(s, ca_certs=tmp_ca_cert_path, cert_reqs=ssl.CERT_REQUIRED, ssl_version=C.SSL_PROTOCOL)\n+                ssl_s = ssl.wrap_socket(s, ca_certs=tmp_ca_cert_path, cert_reqs=ssl.CERT_REQUIRED)\n             # close the ssl connection\n             #ssl_s.unwrap()\n             s.close()"
    },
    {
      "file_path": "v2/ansible/constants.py",
      "status": "modified",
      "additions": 0,
      "deletions": 1,
      "file_diff": "diff --git a/v2/ansible/constants.py b/v2/ansible/constants.py\nindex 21bf0e299e8e03..6adcdd0a9f75aa 100644\n--- a/v2/ansible/constants.py\n+++ b/v2/ansible/constants.py\n@@ -173,7 +173,6 @@ def shell_expand_path(path):\n ANSIBLE_SSH_CONTROL_PATH       = get_config(p, 'ssh_connection', 'control_path', 'ANSIBLE_SSH_CONTROL_PATH', \"%(directory)s/ansible-ssh-%%h-%%p-%%r\")\n ANSIBLE_SSH_PIPELINING         = get_config(p, 'ssh_connection', 'pipelining', 'ANSIBLE_SSH_PIPELINING', False, boolean=True)\n PARAMIKO_RECORD_HOST_KEYS      = get_config(p, 'paramiko_connection', 'record_host_keys', 'ANSIBLE_PARAMIKO_RECORD_HOST_KEYS', True, boolean=True)\n-SSL_PROTOCOL                   = get_config(p, 'ssl', 'ssl_protocol', 'SSL_PROTOCOL', 3, integer=True)\n # obsolete -- will be formally removed in 1.6\n ZEROMQ_PORT                    = get_config(p, 'fireball_connection', 'zeromq_port', 'ANSIBLE_ZEROMQ_PORT', 5099, integer=True)\n ACCELERATE_PORT                = get_config(p, 'accelerate', 'accelerate_port', 'ACCELERATE_PORT', 5099, integer=True)\n"
    }
  ],
  "comments": [],
  "reviews": []
}