{
  "pr_number": 10467,
  "url": "https://github.com/ansible/ansible/pull/10467",
  "title": "Fix for issue #10422. ",
  "author_login": "sgargan",
  "state": "MERGED",
  "merged_by_login": "abadger",
  "body": "Issue Type:\n\nBugfix Pull Request\n\nAnsible Version:\n\n1.9\n\nSummary:\n\nOutputs informative error message when AWS credentials are not available.\n",
  "labels": [
    "needs_revision",
    "P2",
    "bug"
  ],
  "additions": 49,
  "deletions": 35,
  "changed_files_count": 1,
  "changed_files_list": [
    "plugins/inventory/ec2.py"
  ],
  "files": [
    {
      "file_path": "plugins/inventory/ec2.py",
      "status": "modified",
      "additions": 49,
      "deletions": 35,
      "file_diff": "diff --git a/plugins/inventory/ec2.py b/plugins/inventory/ec2.py\nindex 0f7c19857520d1..5f7bd061d7210d 100755\n--- a/plugins/inventory/ec2.py\n+++ b/plugins/inventory/ec2.py\n@@ -334,23 +334,24 @@ def do_api_calls_update_cache(self):\n         self.write_to_cache(self.inventory, self.cache_path_cache)\n         self.write_to_cache(self.index, self.cache_path_index)\n \n+    def connect(self, region):\n+        ''' create connection to api server'''\n+        if self.eucalyptus:\n+            conn = boto.connect_euca(host=self.eucalyptus_host)\n+            conn.APIVersion = '2010-08-31'\n+        else:\n+            conn = ec2.connect_to_region(region)\n+        # connect_to_region will fail \"silently\" by returning None if the region name is wrong or not supported\n+        if conn is None:\n+            self.fail_with_error(\"region name: %s likely not supported, or AWS is down.  connection to region failed.\" % region)\n+        return conn\n \n     def get_instances_by_region(self, region):\n         ''' Makes an AWS EC2 API call to the list of instances in a particular\n         region '''\n \n         try:\n-            if self.eucalyptus:\n-                conn = boto.connect_euca(host=self.eucalyptus_host)\n-                conn.APIVersion = '2010-08-31'\n-            else:\n-                conn = ec2.connect_to_region(region)\n-\n-            # connect_to_region will fail \"silently\" by returning None if the region name is wrong or not supported\n-            if conn is None:\n-                print(\"region name: %s likely not supported, or AWS is down.  connection to region failed.\" % region)\n-                sys.exit(1)\n-\n+            conn = self.connect(region)\n             reservations = []\n             if self.ec2_instance_filters:\n                 for filter_key, filter_values in self.ec2_instance_filters.iteritems():\n@@ -363,10 +364,12 @@ def get_instances_by_region(self, region):\n                     self.add_instance(instance, region)\n \n         except boto.exception.BotoServerError, e:\n-            if  not self.eucalyptus:\n-                print \"Looks like AWS is down again:\"\n-            print e\n-            sys.exit(1)\n+            if e.error_code == 'AuthFailure':\n+                error = self.get_auth_error_message()\n+            else:\n+                backend = 'Eucalyptus' if self.eucalyptus else 'AWS' \n+                error = \"Error connecting to %s backend.\\n%s\" % (backend, e.message)\n+            self.fail_with_error(error)\n \n     def get_rds_instances_by_region(self, region):\n         ''' Makes an AWS API call to the list of RDS instances in a particular\n@@ -379,23 +382,36 @@ def get_rds_instances_by_region(self, region):\n                 for instance in instances:\n                     self.add_rds_instance(instance, region)\n         except boto.exception.BotoServerError, e:\n+            if e.error_code == 'AuthFailure':\n+                error = self.get_auth_error_message()\n             if not e.reason == \"Forbidden\":\n-                print \"Looks like AWS RDS is down: \"\n-                print e\n-                sys.exit(1)\n+                error = \"Looks like AWS RDS is down:\\n%s\" % e.message\n+            self.fail_with_error(error)\n+\n+    def get_auth_error_message(self):\n+        ''' create an informative error message if there is an issue authenticating'''\n+        errors = [\"Authentication error retrieving ec2 inventory.\"]\n+        if None in [os.environ.get('AWS_ACCESS_KEY_ID'), os.environ.get('AWS_SECRET_ACCESS_KEY')]:\n+            errors.append(' - No AWS_ACCESS_KEY_ID or AWS_SECRET_ACCESS_KEY environment vars found')\n+        else:\n+            errors.append(' - AWS_ACCESS_KEY_ID and AWS_SECRET_ACCESS_KEY environment vars found but may not be correct')\n \n-    def get_instance(self, region, instance_id):\n-        ''' Gets details about a specific instance '''\n-        if self.eucalyptus:\n-            conn = boto.connect_euca(self.eucalyptus_host)\n-            conn.APIVersion = '2010-08-31'\n+        boto_paths = ['/etc/boto.cfg', '~/.boto', '~/.aws/credentials']\n+        boto_config_found = list(p for p in boto_paths if os.path.isfile(os.path.expanduser(p)))\n+        if len(boto_config_found) > 0:\n+            errors.append(\" - Boto configs found at '%s', but the credentials contained may not be correct\" % ', '.join(boto_config_found))\n         else:\n-            conn = ec2.connect_to_region(region)\n+            errors.append(\" - No Boto config found at any expected location '%s'\" % ', '.join(boto_paths))\n \n-        # connect_to_region will fail \"silently\" by returning None if the region name is wrong or not supported\n-        if conn is None:\n-            print(\"region name: %s likely not supported, or AWS is down.  connection to region failed.\" % region)\n-            sys.exit(1)\n+        return '\\n'.join(errors)\n+        \n+    def fail_with_error(self, err_msg):\n+        '''log an error to std err for ansible-playbook to consume and exit'''\n+        sys.stderr.write(err_msg)\n+        sys.exit(1)\n+\n+    def get_instance(self, region, instance_id):\n+        conn = self.connect(region)\n \n         reservations = conn.get_all_instances([instance_id])\n         for reservation in reservations:\n@@ -492,9 +508,8 @@ def add_instance(self, instance, region):\n                     if self.nested_groups:\n                         self.push_group(self.inventory, 'security_groups', key)\n             except AttributeError:\n-                print 'Package boto seems a bit older.'\n-                print 'Please upgrade boto >= 2.3.0.'\n-                sys.exit(1)\n+                self.fail_with_error('\\n'.join(['Package boto seems a bit older.', \n+                                            'Please upgrade boto >= 2.3.0.']))\n \n         # Inventory: Group by tag keys\n         if self.group_by_tag_keys:\n@@ -587,9 +602,9 @@ def add_rds_instance(self, instance, region):\n                         self.push_group(self.inventory, 'security_groups', key)\n \n             except AttributeError:\n-                print 'Package boto seems a bit older.'\n-                print 'Please upgrade boto >= 2.3.0.'\n-                sys.exit(1)\n+                self.fail_with_error('\\n'.join(['Package boto seems a bit older.', \n+                                            'Please upgrade boto >= 2.3.0.']))\n+\n \n         # Inventory: Group by engine\n         if self.group_by_rds_engine:\n@@ -785,4 +800,3 @@ def json_format_dict(self, data, pretty=False):\n \n # Run the script\n Ec2Inventory()\n-\n"
    }
  ],
  "comments": [
    {
      "author_login": "sgargan",
      "body": "This more in the spirit of what you're thinking? Looking through this and the other inventory scripts, there is an opportunity to capture some of the common functionality in a support library.   \n"
    },
    {
      "author_login": "abadger",
      "body": "Yeah, since we hadn't really supported inventory scripts as more than examples (1.9 they'll be in the tarball for the first time but  we still don't take care of installing them) we probably haven't put as much effort into them as they deserve.\n\nYour changes look good now.  Merged!\n\n# Merged\n\nHi!\n\nThis has been merged in, and will also be included in the next major release.\n\nIf you or anyone else has any further questions, please let us know by stopping by one of the two mailing lists, as appropriate:\n- https://groups.google.com/forum/#!forum/ansible-project - for user questions, tips, and tricks\n- https://groups.google.com/forum/#!forum/ansible-devel - for strategy, future planning, and questions about writing code\n\nBecause this project is very active, we're unlikely to see comments made on closed tickets, but the mailing list is a great way to ask questions, or post if you don't think this particular\nissue is resolved.\n\nThank you!\n"
    },
    {
      "author_login": "abadger",
      "body": "Is it intentional that htis isn't being caught anywhere?\n",
      "file_path": "plugins/inventory/ec2.py",
      "diff_hunk": "@@ -334,23 +334,24 @@ def do_api_calls_update_cache(self):\n         self.write_to_cache(self.inventory, self.cache_path_cache)\n         self.write_to_cache(self.index, self.cache_path_index)\n \n+    def connect(self, region):\n+        ''' create connection to api server'''\n+        if self.eucalyptus:\n+            conn = boto.connect_euca(host=self.eucalyptus_host)\n+            conn.APIVersion = '2010-08-31'\n+        else:\n+            conn = ec2.connect_to_region(region)\n+        # connect_to_region will fail \"silently\" by returning None if the region name is wrong or not supported\n+        if conn is None:\n+            raise Exception(\"region name: %s likely not supported, or AWS is down.  connection to region failed.\" % region)",
      "comment_type": "review_comment"
    },
    {
      "author_login": "abadger",
      "body": "It seems like returning this string is the expected path through the function.  So this should probably just be a return instead of raising an exception.  Then the code that's calling it can decide to print it and reraise the exception that got us here if it chooses.\n",
      "file_path": "plugins/inventory/ec2.py",
      "diff_hunk": "@@ -379,23 +383,33 @@ def get_rds_instances_by_region(self, region):\n                 for instance in instances:\n                     self.add_rds_instance(instance, region)\n         except boto.exception.BotoServerError, e:\n+            if e.error_code == 'AuthFailure':\n+                self.display_auth_error()\n+\n             if not e.reason == \"Forbidden\":\n                 print \"Looks like AWS RDS is down: \"\n                 print e\n                 sys.exit(1)\n \n-    def get_instance(self, region, instance_id):\n-        ''' Gets details about a specific instance '''\n-        if self.eucalyptus:\n-            conn = boto.connect_euca(self.eucalyptus_host)\n-            conn.APIVersion = '2010-08-31'\n+    def display_auth_error(self):\n+        ''' Raise an error with an informative message if there is an issue authenticating'''\n+        errors = [\"Authentication error retrieving ec2 inventory.\"]\n+        if None in [os.environ.get('AWS_ACCESS_KEY_ID'), os.environ.get('AWS_SECRET_ACCESS_KEY')]:\n+            errors.append(' - No AWS_ACCESS_KEY_ID or AWS_SECRET_ACCESS_KEY environment vars found')\n         else:\n-            conn = ec2.connect_to_region(region)\n+            errors.append(' - AWS_ACCESS_KEY_ID and AWS_SECRET_ACCESS_KEY environment vars found but may not be correct')\n \n-        # connect_to_region will fail \"silently\" by returning None if the region name is wrong or not supported\n-        if conn is None:\n-            print(\"region name: %s likely not supported, or AWS is down.  connection to region failed.\" % region)\n-            sys.exit(1)\n+        boto_paths = ['/etc/boto.cfg', '~/.boto', '~/.aws/credentials']\n+        boto_config_found = list(p for p in boto_paths if os.path.isfile(os.path.expanduser(p)))\n+        if len(boto_config_found) > 0:\n+            errors.append(\" - Boto configs found at '%s', but the credentials contained may not be correct\" % ', '.join(boto_config_found))\n+        else:\n+            errors.append(\" - No Boto config found at any expected location '%s'\" % ', '.join(boto_paths))\n+\n+        raise Exception('\\n'.join(errors))",
      "comment_type": "review_comment"
    },
    {
      "author_login": "sgargan",
      "body": "Previous to this it was printing the string and exiting with code 1. When used with ansible-playbook the string was being swallowed and not displayed in the console. In both cases raising an exception causes the error to bubble up and be displayed. It might be better named fail_due_to_auth_error as its intended to fail the script.\n",
      "file_path": "plugins/inventory/ec2.py",
      "diff_hunk": "@@ -379,23 +383,33 @@ def get_rds_instances_by_region(self, region):\n                 for instance in instances:\n                     self.add_rds_instance(instance, region)\n         except boto.exception.BotoServerError, e:\n+            if e.error_code == 'AuthFailure':\n+                self.display_auth_error()\n+\n             if not e.reason == \"Forbidden\":\n                 print \"Looks like AWS RDS is down: \"\n                 print e\n                 sys.exit(1)\n \n-    def get_instance(self, region, instance_id):\n-        ''' Gets details about a specific instance '''\n-        if self.eucalyptus:\n-            conn = boto.connect_euca(self.eucalyptus_host)\n-            conn.APIVersion = '2010-08-31'\n+    def display_auth_error(self):\n+        ''' Raise an error with an informative message if there is an issue authenticating'''\n+        errors = [\"Authentication error retrieving ec2 inventory.\"]\n+        if None in [os.environ.get('AWS_ACCESS_KEY_ID'), os.environ.get('AWS_SECRET_ACCESS_KEY')]:\n+            errors.append(' - No AWS_ACCESS_KEY_ID or AWS_SECRET_ACCESS_KEY environment vars found')\n         else:\n-            conn = ec2.connect_to_region(region)\n+            errors.append(' - AWS_ACCESS_KEY_ID and AWS_SECRET_ACCESS_KEY environment vars found but may not be correct')\n \n-        # connect_to_region will fail \"silently\" by returning None if the region name is wrong or not supported\n-        if conn is None:\n-            print(\"region name: %s likely not supported, or AWS is down.  connection to region failed.\" % region)\n-            sys.exit(1)\n+        boto_paths = ['/etc/boto.cfg', '~/.boto', '~/.aws/credentials']\n+        boto_config_found = list(p for p in boto_paths if os.path.isfile(os.path.expanduser(p)))\n+        if len(boto_config_found) > 0:\n+            errors.append(\" - Boto configs found at '%s', but the credentials contained may not be correct\" % ', '.join(boto_config_found))\n+        else:\n+            errors.append(\" - No Boto config found at any expected location '%s'\" % ', '.join(boto_paths))\n+\n+        raise Exception('\\n'.join(errors))",
      "comment_type": "review_comment"
    },
    {
      "author_login": "abadger",
      "body": "Okay... what about using `sys.stderr.write('%s\\n' % ('\\n'.join(errors)))` at the end of this function and then the calling function does sys.exit(1) afterwards?  Almost the same result but it doesn't abuse the exception mechanism to make it happen :-)\n\nProbably should do something similar with the exception raised by the new connect method... maybe make the exception thrown there specific and then in this toplevel exception handler, print the exception message to stderr and sys.exit(1).  The general rule is exceptions should be thrown and unhandled if there are programming errors.  Error messages and sys.exit should be used when there are errors the user can correct without diving into the ansible code.\n",
      "file_path": "plugins/inventory/ec2.py",
      "diff_hunk": "@@ -379,23 +383,33 @@ def get_rds_instances_by_region(self, region):\n                 for instance in instances:\n                     self.add_rds_instance(instance, region)\n         except boto.exception.BotoServerError, e:\n+            if e.error_code == 'AuthFailure':\n+                self.display_auth_error()\n+\n             if not e.reason == \"Forbidden\":\n                 print \"Looks like AWS RDS is down: \"\n                 print e\n                 sys.exit(1)\n \n-    def get_instance(self, region, instance_id):\n-        ''' Gets details about a specific instance '''\n-        if self.eucalyptus:\n-            conn = boto.connect_euca(self.eucalyptus_host)\n-            conn.APIVersion = '2010-08-31'\n+    def display_auth_error(self):\n+        ''' Raise an error with an informative message if there is an issue authenticating'''\n+        errors = [\"Authentication error retrieving ec2 inventory.\"]\n+        if None in [os.environ.get('AWS_ACCESS_KEY_ID'), os.environ.get('AWS_SECRET_ACCESS_KEY')]:\n+            errors.append(' - No AWS_ACCESS_KEY_ID or AWS_SECRET_ACCESS_KEY environment vars found')\n         else:\n-            conn = ec2.connect_to_region(region)\n+            errors.append(' - AWS_ACCESS_KEY_ID and AWS_SECRET_ACCESS_KEY environment vars found but may not be correct')\n \n-        # connect_to_region will fail \"silently\" by returning None if the region name is wrong or not supported\n-        if conn is None:\n-            print(\"region name: %s likely not supported, or AWS is down.  connection to region failed.\" % region)\n-            sys.exit(1)\n+        boto_paths = ['/etc/boto.cfg', '~/.boto', '~/.aws/credentials']\n+        boto_config_found = list(p for p in boto_paths if os.path.isfile(os.path.expanduser(p)))\n+        if len(boto_config_found) > 0:\n+            errors.append(\" - Boto configs found at '%s', but the credentials contained may not be correct\" % ', '.join(boto_config_found))\n+        else:\n+            errors.append(\" - No Boto config found at any expected location '%s'\" % ', '.join(boto_paths))\n+\n+        raise Exception('\\n'.join(errors))",
      "comment_type": "review_comment"
    }
  ],
  "reviews": []
}