{
  "pr_number": 1030,
  "url": "https://github.com/ansible/ansible/pull/1030",
  "title": "Support import of playbooks in other directories",
  "author_login": "lorin",
  "state": "MERGED",
  "merged_by_login": "mpdehaan",
  "body": "Previously, importing a playbook in a different directory didn't\nwork because all of the relative paths were resolved relative to\nthe top-level playbook.\n\nThis patch resolves relative paths on a per-play level instead of\nrelative to the directory of the top-level playbook.\n\nAlso removes the dirname argument from the Play._get_vars method\nsince this argument wasn't used in the metho dbody.\n",
  "labels": [],
  "additions": 22,
  "deletions": 16,
  "changed_files_count": 2,
  "changed_files_list": [
    "ansible/playbook/play.py b/lib/ansible/playbook/play.py"
  ],
  "files": [
    {
      "file_path": "ansible/playbook/play.py b/lib/ansible/playbook/play.py",
      "status": "modified",
      "additions": 9,
      "deletions": 8,
      "file_diff": "diff --git a/lib/ansible/playbook/play.py b/lib/ansible/playbook/play.py\nindex cd927cf5595fbf..1b507df0ecf932 100644\n--- a/lib/ansible/playbook/play.py\n+++ b/lib/ansible/playbook/play.py\n@@ -29,7 +29,8 @@ class Play(object):\n        'hosts', 'name', 'vars', 'vars_prompt', 'vars_files',\n        'handlers', 'remote_user', 'remote_port',\n        'sudo', 'sudo_user', 'transport', 'playbook',\n-       'tags', 'gather_facts', 'serial', '_ds', '_handlers', '_tasks'\n+       'tags', 'gather_facts', 'serial', '_ds', '_handlers', '_tasks',\n+       'basedir'\n     ]\n \n     # to catch typos and so forth -- these are userland names\n@@ -42,7 +43,7 @@ class Play(object):\n \n     # *************************************************\n \n-    def __init__(self, playbook, ds):\n+    def __init__(self, playbook, ds, basedir):\n         ''' constructor loads from a play datastructure '''\n \n         for x in ds.keys():\n@@ -57,15 +58,15 @@ def __init__(self, playbook, ds):\n         elif isinstance(hosts, list):\n             hosts = ';'.join(hosts)\n         hosts = utils.template(hosts, playbook.extra_vars)\n-\n         self._ds          = ds\n         self.playbook     = playbook\n+        self.basedir      = basedir\n         self.hosts        = hosts\n         self.name         = ds.get('name', self.hosts)\n         self.vars         = ds.get('vars', {})\n         self.vars_files   = ds.get('vars_files', [])\n         self.vars_prompt  = ds.get('vars_prompt', {})\n-        self.vars         = self._get_vars(self.playbook.basedir)\n+        self.vars         = self._get_vars()\n         self._tasks       = ds.get('tasks', [])\n         self._handlers    = ds.get('handlers', [])\n         self.remote_user  = utils.template(ds.get('user', self.playbook.remote_user), playbook.extra_vars)\n@@ -107,7 +108,7 @@ def _load_tasks(self, ds, keyname):\n                     (k,v) = t.split(\"=\", 1)\n                     task_vars[k] = utils.template(v, task_vars)\n                 include_file = utils.template(tokens[0], task_vars)\n-                data = utils.parse_yaml_from_file(utils.path_dwim(self.playbook.basedir, include_file))\n+                data = utils.parse_yaml_from_file(utils.path_dwim(self.basedir, include_file))\n             elif type(x) == dict:\n                 data = [x]\n             else:\n@@ -135,7 +136,7 @@ def handlers(self):\n \n     # *************************************************\n \n-    def _get_vars(self, dirname):\n+    def _get_vars(self):\n         ''' load the vars section from a play, accounting for all sorts of variable features\n         including loading from yaml files, prompting, and conditional includes of the first\n         file found in a list. '''\n@@ -264,7 +265,7 @@ def _update_vars_files_for_host(self, host):\n                     filename3 = filename2\n                     if host is not None:\n                         filename3 = utils.template(filename2, self.playbook.SETUP_CACHE[host])\n-                    filename4 = utils.path_dwim(self.playbook.basedir, filename3)\n+                    filename4 = utils.path_dwim(self.basedir, filename3)\n                     sequence.append(filename4)\n                     if os.path.exists(filename4):\n                         found = True\n@@ -297,7 +298,7 @@ def _update_vars_files_for_host(self, host):\n                 filename3 = filename2\n                 if host is not None:\n                     filename3 = utils.template(filename2, self.playbook.SETUP_CACHE[host])\n-                filename4 = utils.path_dwim(self.playbook.basedir, filename3)\n+                filename4 = utils.path_dwim(self.basedir, filename3)\n                 if self._has_vars_in(filename4):\n                     return\n                 new_vars = utils.parse_yaml_from_file(filename4)\n"
    }
  ],
  "comments": [
    {
      "author_login": "mpdehaan",
      "body": "Looks good, in queue for testing this week.\n"
    },
    {
      "author_login": "mpdehaan",
      "body": "merging, thanks!\n"
    }
  ],
  "reviews": []
}