{
  "pr_number": 1025,
  "url": "https://github.com/ansible/ansible/pull/1025",
  "title": "Install action_plugins",
  "author_login": "dhozac",
  "state": "MERGED",
  "merged_by_login": "mpdehaan",
  "body": "",
  "labels": [],
  "additions": 1,
  "deletions": 0,
  "changed_files_count": 1,
  "changed_files_list": [
    "setup.py"
  ],
  "files": [
    {
      "file_path": "setup.py",
      "status": "modified",
      "additions": 1,
      "deletions": 0,
      "file_diff": "diff --git a/setup.py b/setup.py\nindex bd4bee2b420592..685a4bf14833ae 100644\n--- a/setup.py\n+++ b/setup.py\n@@ -29,6 +29,7 @@\n          'ansible.playbook',\n          'ansible.runner',\n          'ansible.runner.connection_plugins',\n+         'ansible.runner.action_plugins',\n          'ansible.callback_plugins',\n       ],\n       scripts=[\n"
    }
  ],
  "comments": [
    {
      "author_login": "mpdehaan",
      "body": "Thought I pushed that already, guess not.  Thanks!\n"
    }
  ],
  "reviews": []
}