{
  "pr_number": 10518,
  "url": "https://github.com/ansible/ansible/pull/10518",
  "title": "Port #10258 to v2",
  "author_login": "pilou-",
  "state": "MERGED",
  "merged_by_login": "abadger",
  "body": "",
  "labels": [],
  "additions": 1,
  "deletions": 1,
  "changed_files_count": 1,
  "changed_files_list": [
    "v2/ansible/module_utils/basic.py"
  ],
  "files": [
    {
      "file_path": "v2/ansible/module_utils/basic.py",
      "status": "modified",
      "additions": 1,
      "deletions": 1,
      "file_diff": "diff --git a/v2/ansible/module_utils/basic.py b/v2/ansible/module_utils/basic.py\nindex 6c7217bd8838f6..79a0fab67b6e4c 100644\n--- a/v2/ansible/module_utils/basic.py\n+++ b/v2/ansible/module_utils/basic.py\n@@ -1376,7 +1376,7 @@ def atomic_move(self, src, dest):\n             # based on the current value of umask\n             umask = os.umask(0)\n             os.umask(umask)\n-            os.chmod(dest, 0666 ^ umask)\n+            os.chmod(dest, 0666 & ~umask)\n             if switched_user:\n                 os.chown(dest, os.getuid(), os.getgid())\n \n"
    }
  ],
  "comments": [
    {
      "author_login": "abadger",
      "body": "Thanks for catching that!\n\n# Merged\n\nHi!\n\nThis has been merged in, and will also be included in the next major release.\n\nIf you or anyone else has any further questions, please let us know by stopping by one of the two mailing lists, as appropriate:\n- https://groups.google.com/forum/#!forum/ansible-project - for user questions, tips, and tricks\n- https://groups.google.com/forum/#!forum/ansible-devel - for strategy, future planning, and questions about writing code\n\nBecause this project is very active, we're unlikely to see comments made on closed tickets, but the mailing list is a great way to ask questions, or post if you don't think this particular\nissue is resolved.\n\nThank you!\n"
    }
  ],
  "reviews": []
}