{
  "pr_number": 11307,
  "url": "https://github.com/ansible/ansible/pull/11307",
  "title": "Change syslog (priority) level from LOG_NOTICE to LOG_INFO",
  "author_login": "dagwieers",
  "state": "MERGED",
  "merged_by_login": "bcoca",
  "body": "If you look at the meaning of the different syslog levels, NOTICE means that the event is unusual and may need someone to look at it. Whereas INFO is pure informational and expected.\n\nSince module invocations are in fact requested (deliberate) actions, they shouldn't need any additional post-processing, and therefore should not be logged as NOTICE.\n\nThis may seem like hairsplitting, but correctly categorizing system events helps weeding through the noise downhill. (e.g. we don't do any specific post-processing of DEBUG or INFO events)\n\nAccording to Wikipedia: https://en.wikipedia.org/wiki/Syslog\n\n5   Notice      notice  Events that are unusual but not error conditions .\n6   Informational   info        Normal operational messages -no action required. Example an application has started, paused or ended successfully.\n",
  "labels": [
    "bug"
  ],
  "additions": 2,
  "deletions": 2,
  "changed_files_count": 1,
  "changed_files_list": [
    "ansible/module_utils/basic.py b/lib/ansible/module_utils/basic.py"
  ],
  "files": [
    {
      "file_path": "ansible/module_utils/basic.py b/lib/ansible/module_utils/basic.py",
      "status": "modified",
      "additions": 2,
      "deletions": 2,
      "file_diff": "diff --git a/lib/ansible/module_utils/basic.py b/lib/ansible/module_utils/basic.py\nindex b521e73f15cefb..1888a7c501eb45 100644\n--- a/lib/ansible/module_utils/basic.py\n+++ b/lib/ansible/module_utils/basic.py\n@@ -1161,10 +1161,10 @@ def _log_invocation(self):\n             except IOError, e:\n                 # fall back to syslog since logging to journal failed\n                 syslog.openlog(str(module), 0, syslog.LOG_USER)\n-                syslog.syslog(syslog.LOG_NOTICE, msg) #1\n+                syslog.syslog(syslog.LOG_INFO, msg) #1\n         else:\n             syslog.openlog(str(module), 0, syslog.LOG_USER)\n-            syslog.syslog(syslog.LOG_NOTICE, msg) #2\n+            syslog.syslog(syslog.LOG_INFO, msg) #2\n \n     def _set_cwd(self):\n         try:\n"
    }
  ],
  "comments": [],
  "reviews": []
}