{
  "pr_number": 10642,
  "url": "https://github.com/ansible/ansible/pull/10642",
  "title": "Remove redundant whitespace.",
  "author_login": "gaomd",
  "state": "MERGED",
  "merged_by_login": "bcoca",
  "body": "",
  "labels": [
    "P2",
    "docs"
  ],
  "additions": 1,
  "deletions": 1,
  "changed_files_count": 1,
  "changed_files_list": [
    "docsite/rst/playbooks_intro.rst"
  ],
  "files": [
    {
      "file_path": "docsite/rst/playbooks_intro.rst",
      "status": "modified",
      "additions": 1,
      "deletions": 1,
      "file_diff": "diff --git a/docsite/rst/playbooks_intro.rst b/docsite/rst/playbooks_intro.rst\nindex 4751467b016857..4e10528b8c65cd 100644\n--- a/docsite/rst/playbooks_intro.rst\n+++ b/docsite/rst/playbooks_intro.rst\n@@ -334,7 +334,7 @@ Here's an example handlers section::\n \n     handlers:\n         - name: restart memcached\n-          service:  name=memcached state=restarted\n+          service: name=memcached state=restarted\n         - name: restart apache\n           service: name=apache state=restarted\n \n"
    }
  ],
  "comments": [],
  "reviews": []
}