{
  "pr_number": 10744,
  "url": "https://github.com/ansible/ansible/pull/10744",
  "title": "made certain flags part of base to make them universally settable",
  "author_login": "bcoca",
  "state": "MERGED",
  "merged_by_login": "bcoca",
  "body": "",
  "labels": [
    "feature"
  ],
  "additions": 11,
  "deletions": 14,
  "changed_files_count": 4,
  "changed_files_list": [
    "v2/ansible/playbook/block.py",
    "v2/ansible/playbook/play.py",
    "v2/ansible/playbook/task.py"
  ],
  "files": [
    {
      "file_path": "v2/ansible/playbook/block.py",
      "status": "modified",
      "additions": 1,
      "deletions": 2,
      "file_diff": "diff --git a/v2/ansible/playbook/block.py b/v2/ansible/playbook/block.py\nindex 9fd3d773600a18..f8fc683694074f 100644\n--- a/v2/ansible/playbook/block.py\n+++ b/v2/ansible/playbook/block.py\n@@ -43,7 +43,6 @@ def __init__(self, parent_block=None, role=None, task_include=None, use_handlers\n         self._task_include = task_include\n         self._use_handlers = use_handlers\n         self._dep_chain    = []\n-        self._vars         = dict()\n \n         super(Block, self).__init__()\n \n@@ -62,7 +61,7 @@ def get_vars(self):\n         if self._task_include:\n             all_vars.update(self._task_include.get_vars())\n \n-        all_vars.update(self._vars)\n+        all_vars.update(self.vars)\n         return all_vars\n \n     @staticmethod"
    },
    {
      "file_path": "v2/ansible/playbook/play.py",
      "status": "modified",
      "additions": 0,
      "deletions": 6,
      "file_diff": "diff --git a/v2/ansible/playbook/play.py b/v2/ansible/playbook/play.py\nindex 01bc275e940e1d..457f23810904f0 100644\n--- a/v2/ansible/playbook/play.py\n+++ b/v2/ansible/playbook/play.py\n@@ -56,15 +56,11 @@ class Play(Base, Taggable, Become):\n     _accelerate_port     = FieldAttribute(isa='int', default=5099) # should be alias of port\n \n     # Connection\n-    _connection          = FieldAttribute(isa='string', default='smart')\n     _gather_facts        = FieldAttribute(isa='string', default='smart')\n     _hosts               = FieldAttribute(isa='list', default=[], required=True)\n     _name                = FieldAttribute(isa='string', default='<no name specified>')\n-    _port                = FieldAttribute(isa='int', default=22)\n-    _remote_user         = FieldAttribute(isa='string')\n \n     # Variable Attributes\n-    _vars                = FieldAttribute(isa='dict', default=dict())\n     _vars_files          = FieldAttribute(isa='list', default=[])\n     _vars_prompt         = FieldAttribute(isa='dict', default=dict())\n     _vault_password      = FieldAttribute(isa='string')\n@@ -80,9 +76,7 @@ class Play(Base, Taggable, Become):\n \n     # Flag/Setting Attributes\n     _any_errors_fatal    = FieldAttribute(isa='bool', default=False)\n-    _environment         = FieldAttribute(isa='dict', default=dict())\n     _max_fail_percentage = FieldAttribute(isa='string', default='0')\n-    _no_log              = FieldAttribute(isa='bool', default=False)\n     _serial              = FieldAttribute(isa='int', default=0)\n     _strategy            = FieldAttribute(isa='string', default='linear')\n "
    },
    {
      "file_path": "v2/ansible/playbook/task.py",
      "status": "modified",
      "additions": 0,
      "deletions": 6,
      "file_diff": "diff --git a/v2/ansible/playbook/task.py b/v2/ansible/playbook/task.py\nindex 7c9478837d7de7..2c92dd4674ae42 100644\n--- a/v2/ansible/playbook/task.py\n+++ b/v2/ansible/playbook/task.py\n@@ -63,10 +63,8 @@ class Task(Base, Conditional, Taggable, Become):\n     _any_errors_fatal     = FieldAttribute(isa='bool')\n     _async                = FieldAttribute(isa='int', default=0)\n     _changed_when         = FieldAttribute(isa='string')\n-    _connection           = FieldAttribute(isa='string')\n     _delay                = FieldAttribute(isa='int', default=5)\n     _delegate_to          = FieldAttribute(isa='string')\n-    _environment          = FieldAttribute(isa='dict')\n     _failed_when          = FieldAttribute(isa='string')\n     _first_available_file = FieldAttribute(isa='list')\n     _ignore_errors        = FieldAttribute(isa='bool')\n@@ -80,16 +78,12 @@ class Task(Base, Conditional, Taggable, Become):\n \n     _name                 = FieldAttribute(isa='string', default='')\n \n-    _no_log               = FieldAttribute(isa='bool')\n     _notify               = FieldAttribute(isa='list')\n     _poll                 = FieldAttribute(isa='int')\n     _register             = FieldAttribute(isa='string')\n-    _remote_user          = FieldAttribute(isa='string')\n     _retries              = FieldAttribute(isa='int', default=1)\n     _run_once             = FieldAttribute(isa='bool')\n-    _transport            = FieldAttribute(isa='string')\n     _until                = FieldAttribute(isa='list') # ?\n-    _vars                 = FieldAttribute(isa='dict', default=dict())\n \n     def __init__(self, block=None, role=None, task_include=None):\n         ''' constructors a task, without the Task.load classmethod, it will be pretty blank '''\n"
    }
  ],
  "comments": [],
  "reviews": []
}