{
  "pr_number": 1052,
  "url": "https://github.com/ansible/ansible/pull/1052",
  "title": "Adding SunOSVirtual facts",
  "author_login": "rrtj3",
  "state": "MERGED",
  "merged_by_login": "mpdehaan",
  "body": "Hi, I added some support to the setup module to detect a few different ways that solaris can be virtualized. I also added the 'container' key to the facts as we talked about on the mailing list. Let me know if there's anything you'd like to see changed before merging.\n\nThanks\n",
  "labels": [],
  "additions": 58,
  "deletions": 0,
  "changed_files_count": 1,
  "changed_files_list": [
    "library/setup"
  ],
  "files": [
    {
      "file_path": "library/setup",
      "status": "modified",
      "additions": 58,
      "deletions": 0,
      "file_diff": "diff --git a/library/setup b/library/setup\nindex 5499c2f8576ff1..477d9bd9290c58 100755\n--- a/library/setup\n+++ b/library/setup\n@@ -599,6 +599,7 @@ class Virtual(Facts):\n     you should define:\n     - virtualization_type\n     - virtualization_role\n+    - container (e.g. solaris zones, freebsd jails, linux containers)\n \n     All subclasses MUST define platform.\n     \"\"\"\n@@ -673,6 +674,63 @@ class LinuxVirtual(Virtual):\n                 self.facts['virtualization_type'] = 'virtualbox'\n                 self.facts['virtualization_role'] = 'guest'\n \n+class SunOSVirtual(Virtual):\n+    \"\"\"\n+    This is a SunOS-specific subclass of Virtual.  It defines\n+    - virtualization_type\n+    - virtualization_role\n+    - container\n+    \"\"\"\n+    platform = 'SunOS'\n+\n+    def __init__(self):\n+        Virtual.__init__(self)\n+\n+    def populate(self):\n+        self.get_virtual_facts()\n+        return self.facts\n+\n+    def get_virtual_facts(self):\n+        cmd = subprocess.Popen(\"/usr/sbin/prtdiag\", shell=True,\n+                               stdout=subprocess.PIPE, stderr=subprocess.PIPE)\n+        out, err = cmd.communicate()\n+        for line in out.split('\\n'):\n+            if 'VMware' in line:\n+                self.facts['virtualization_type'] = 'vmware'\n+                self.facts['virtualization_role'] = 'guest'\n+            if 'Parallels' in line:\n+                self.facts['virtualization_type'] = 'parallels'\n+                self.facts['virtualization_role'] = 'guest'\n+            if 'VirtualBox' in line:\n+                self.facts['virtualization_type'] = 'virtualbox'\n+                self.facts['virtualization_role'] = 'guest'\n+            if 'HVM domU' in line:\n+                self.facts['virtualization_type'] = 'xen'\n+                self.facts['virtualization_role'] = 'guest'\n+        # Check if it's a zone\n+        if os.path.exists(\"/usr/bin/zonename\"):\n+            cmd = subprocess.Popen(\"/usr/bin/zonename\", shell=True,\n+                stdout=subprocess.PIPE, stderr=subprocess.PIPE)\n+            out, err = cmd.communicate()\n+            if out.rstrip() != \"global\":\n+                self.facts['container'] = 'zone'\n+        # Check if it's a branded zone (i.e. Solaris 8/9 zone)\n+        if os.path.isdir('/.SUNWnative'):\n+            self.facts['container'] = 'zone'\n+        # If it's a zone check if we can detect if our global zone is itself virtualized.\n+        # Relies on the \"guest tools\" (e.g. vmware tools) to be installed\n+        if 'container' in self.facts and self.facts['container'] == 'zone':\n+            cmd = subprocess.Popen(\"/usr/sbin/modinfo\", shell=True,\n+                 stdout=subprocess.PIPE, stderr=subprocess.PIPE)\n+            out, err = cmd.communicate()\n+            for line in out.split('\\n'):\n+                if 'VMware' in line:\n+                    self.facts['virtualization_type'] = 'vmware'\n+                    self.facts['virtualization_role'] = 'guest'\n+                if 'VirtualBox' in line:\n+                    self.facts['virtualization_type'] = 'virtualbox'\n+                    self.facts['virtualization_role'] = 'guest'\n+\n def get_file_content(path):\n     data = None\n     if os.path.exists(path) and os.access(path, os.R_OK):\n"
    }
  ],
  "comments": [
    {
      "author_login": "mpdehaan",
      "body": "merged, thanks!\n"
    }
  ],
  "reviews": []
}