{
  "pr_number": 10835,
  "url": "https://github.com/ansible/ansible/pull/10835",
  "title": "Make ec2 inventory plugin Python 3 compatible",
  "author_login": "logston",
  "state": "MERGED",
  "merged_by_login": "bcoca",
  "body": "",
  "labels": [
    "feature"
  ],
  "additions": 16,
  "deletions": 12,
  "changed_files_count": 1,
  "changed_files_list": [
    "plugins/inventory/ec2.py"
  ],
  "files": [
    {
      "file_path": "plugins/inventory/ec2.py",
      "status": "modified",
      "additions": 16,
      "deletions": 12,
      "file_diff": "diff --git a/plugins/inventory/ec2.py b/plugins/inventory/ec2.py\nindex 76871b0266dba0..16ac93f5ee4827 100755\n--- a/plugins/inventory/ec2.py\n+++ b/plugins/inventory/ec2.py\n@@ -122,7 +122,9 @@\n from boto import ec2\n from boto import rds\n from boto import route53\n-import ConfigParser\n+import six\n+\n+from six.moves import configparser\n from collections import defaultdict\n \n try:\n@@ -166,7 +168,7 @@ def __init__(self):\n             else:\n                 data_to_print = self.json_format_dict(self.inventory, True)\n \n-        print data_to_print\n+        print(data_to_print)\n \n \n     def is_cache_valid(self):\n@@ -184,8 +186,10 @@ def is_cache_valid(self):\n \n     def read_settings(self):\n         ''' Reads the settings from the ec2.ini file '''\n-\n-        config = ConfigParser.SafeConfigParser()\n+        if six.PY2:\n+            config = configparser.SafeConfigParser()\n+        else:\n+            config = configparser.ConfigParser()\n         ec2_default_ini_path = os.path.join(os.path.dirname(os.path.realpath(__file__)), 'ec2.ini')\n         ec2_ini_path = os.environ.get('EC2_INI_PATH', ec2_default_ini_path)\n         config.read(ec2_ini_path)\n@@ -282,7 +286,7 @@ def read_settings(self):\n                 self.pattern_include = re.compile(pattern_include)\n             else:\n                 self.pattern_include = None\n-        except ConfigParser.NoOptionError, e:\n+        except configparser.NoOptionError as e:\n             self.pattern_include = None\n \n         # Do we need to exclude hosts that match a pattern?\n@@ -292,7 +296,7 @@ def read_settings(self):\n                 self.pattern_exclude = re.compile(pattern_exclude)\n             else:\n                 self.pattern_exclude = None\n-        except ConfigParser.NoOptionError, e:\n+        except configparser.NoOptionError as e:\n             self.pattern_exclude = None\n \n         # Instance filters (see boto and EC2 API docs). Ignore invalid filters.\n@@ -354,7 +358,7 @@ def get_instances_by_region(self, region):\n             conn = self.connect(region)\n             reservations = []\n             if self.ec2_instance_filters:\n-                for filter_key, filter_values in self.ec2_instance_filters.iteritems():\n+                for filter_key, filter_values in self.ec2_instance_filters.items():\n                     reservations.extend(conn.get_all_instances(filters = { filter_key : filter_values }))\n             else:\n                 reservations = conn.get_all_instances()\n@@ -363,7 +367,7 @@ def get_instances_by_region(self, region):\n                 for instance in reservation.instances:\n                     self.add_instance(instance, region)\n \n-        except boto.exception.BotoServerError, e:\n+        except boto.exception.BotoServerError as e:\n             if e.error_code == 'AuthFailure':\n                 error = self.get_auth_error_message()\n             else:\n@@ -381,7 +385,7 @@ def get_rds_instances_by_region(self, region):\n                 instances = conn.get_all_dbinstances()\n                 for instance in instances:\n                     self.add_rds_instance(instance, region)\n-        except boto.exception.BotoServerError, e:\n+        except boto.exception.BotoServerError as e:\n             error = e.reason\n             \n             if e.error_code == 'AuthFailure':\n@@ -515,7 +519,7 @@ def add_instance(self, instance, region):\n \n         # Inventory: Group by tag keys\n         if self.group_by_tag_keys:\n-            for k, v in instance.tags.iteritems():\n+            for k, v in instance.tags.items():\n                 key = self.to_safe(\"tag_\" + k + \"=\" + v)\n                 self.push(self.inventory, key, dest)\n                 if self.nested_groups:\n@@ -690,7 +694,7 @@ def get_host_info_dict_from_instance(self, instance):\n                 instance_vars['ec2_previous_state_code'] = instance.previous_state_code\n             elif type(value) in [int, bool]:\n                 instance_vars[key] = value\n-            elif type(value) in [str, unicode]:\n+            elif isinstance(value, six.string_types):\n                 instance_vars[key] = value.strip()\n             elif type(value) == type(None):\n                 instance_vars[key] = ''\n@@ -699,7 +703,7 @@ def get_host_info_dict_from_instance(self, instance):\n             elif key == 'ec2__placement':\n                 instance_vars['ec2_placement'] = value.zone\n             elif key == 'ec2_tags':\n-                for k, v in value.iteritems():\n+                for k, v in value.items():\n                     key = self.to_safe('ec2_tag_' + k)\n                     instance_vars[key] = v\n             elif key == 'ec2_groups':\n"
    }
  ],
  "comments": [
    {
      "author_login": "abadger",
      "body": "I hadn't remembered the inventory scripts.  They do run on the local\nmachine so I think it's fair game to modify them.  However we don't have a\nseparate copy of them for v2 yet.  So I'm not sure if we want to merge a\nchange before we make the v2 tree the default.\n\nFor the changes themselves, the iteritems => items changes look good.  The\nexception syntax update looks good.\n\nFor configparser I think that six has a six.moves module that could handle\nthat a little more transparently.\n\nFor the type checking I think switching to isinstance and making use of\nsix.text_types would work better.\n"
    },
    {
      "author_login": "logston",
      "body": "Thanks so much for your review! I have changed the import for `configparser`. \n\nUnfortunately, if I used `six.text_types` for type checking we would not capture all of the paths that this script is currently capturing. Currently we are checking whether or not the `type` of `value` is either `str` or `unicode`. If we were to use `six.text_types`, in Python 2, we would only capture the case where `value` was of `type` `unicode`. \n\nhttps://pythonhosted.org/six/#constants\n"
    },
    {
      "author_login": "logston",
      "body": "Also, totally understand if this does not get merged in due to a v2 on the way. Would you rather I rebase these changes off of the v2 branch?\n"
    },
    {
      "author_login": "abadger",
      "body": "Oops, sorry.  Wrong constant. Six.string_types.\n\nv2 is actually just a separate directory in the devel branch so no need to\nrebase.\n"
    },
    {
      "author_login": "logston",
      "body": "Not sure where you would like me to place this file.\n\nWould `ansible/v2/ansible/plugins/inventory/ec2.py` work?\n"
    },
    {
      "author_login": "abadger",
      "body": "> Not sure where you would like me to place this file.\n\nThis is really what I was getting at when I said maybe we should wait to\nmerge it until after v2 gets moved over.  We didn't make a parallel copy of\nthe inventory scripts for v2 so there's not really a place to put an\nalternate version right now.\n\nOtoh, this should still be compatible with python 2.6 so we probably could\nmerge it now with no repercussions...\n"
    },
    {
      "author_login": "logston",
      "body": "I'm pretty biased in terms of this code getting merged in so I'm not sure if I should chime in with the pros and cons of merging this PR in. \n"
    }
  ],
  "reviews": []
}