{
  "pr_number": 11449,
  "url": "https://github.com/ansible/ansible/pull/11449",
  "title": "Make test module work in v2",
  "author_login": "msabramo",
  "state": "MERGED",
  "merged_by_login": "bcoca",
  "body": "Wasn't working because some utility functions have moved around:\n- `jsonify` moved from `ansible.utils` to `ansible.parsing.utils.jsonify`\n- I don't see `ansible.utils.parse_json` anymore so I used `json.loads`.\n\n```\n$ hacking/test-module -m lib/ansible/modules/core/packaging/os/apt_repository.py\n* including generated source, if any, saving to: /Users/marca/.ansible_module_generated\n* this may offset any line numbers in tracebacks/debuggers!\n***********************************\nRAW OUTPUT\n{\"msg\": \"missing required arguments: repo\", \"failed\": true}\n\n\n***********************************\nPARSED OUTPUT\n{\n    \"failed\": true,\n    \"msg\": \"missing required arguments: repo\"\n}\n```\n",
  "labels": [
    "needs_revision",
    "bug"
  ],
  "additions": 7,
  "deletions": 5,
  "changed_files_count": 1,
  "changed_files_list": [
    "hacking/test-module"
  ],
  "files": [
    {
      "file_path": "hacking/test-module",
      "status": "modified",
      "additions": 7,
      "deletions": 5,
      "file_diff": "diff --git a/hacking/test-module b/hacking/test-module\nindex c226f32e889906..953f834aad0653 100755\n--- a/hacking/test-module\n+++ b/hacking/test-module\n@@ -35,6 +35,8 @@ import subprocess\n import traceback\n import optparse\n import ansible.utils as utils\n+from ansible.parsing.utils.jsonify import jsonify\n+from ansible.parsing.splitter import parse_kv\n import ansible.module_common as module_common\n import ansible.constants as C\n \n@@ -74,8 +76,8 @@ def write_argsfile(argstring, json=False):\n     argspath = os.path.expanduser(\"~/.ansible_test_module_arguments\")\n     argsfile = open(argspath, 'w')\n     if json:\n-        args = utils.parse_kv(argstring)\n-        argstring = utils.jsonify(args)\n+        args = parse_kv(argstring)\n+        argstring = jsonify(args)\n     argsfile.write(argstring)\n     argsfile.close()\n     return argspath\n@@ -150,7 +152,7 @@ def runtest( modfile, argspath):\n         print \"RAW OUTPUT\"\n         print out\n         print err\n-        results = utils.parse_json(out)\n+        results = json.loads(out)\n     except:\n         print \"***********************************\"\n         print \"INVALID OUTPUT FORMAT\"\n@@ -160,7 +162,7 @@ def runtest( modfile, argspath):\n \n     print \"***********************************\"\n     print \"PARSED OUTPUT\"\n-    print utils.jsonify(results,format=True)\n+    print jsonify(results,format=True)\n \n def rundebug(debugger, modfile, argspath):\n     \"\"\"Run interactively with console debugger.\"\"\"\n@@ -175,7 +177,7 @@ def main():\n     options, args = parse()\n     (modfile, module_style) = boilerplate_module(options.module_path, options.module_args, options.interpreter, options.check)\n \n-    argspath=None\n+    argspath = None\n     if module_style != 'new':\n         if module_style == 'non_native_want_json':\n             argspath = write_argsfile(options.module_args, json=True)\n"
    }
  ],
  "comments": [
    {
      "author_login": "sivel",
      "body": "That file isn't missing, it has been moved to `ansible.executor.module_common`\n\nAlso if you are going to switch to using the print function you should also copy in the `__future__` imports that all files now have in v2\n"
    },
    {
      "author_login": "msabramo",
      "body": "OK, revised. It's simpler now because the file isn't missing and I don't try to change the `print` statements to keep the PR smaller and more focused.\n"
    },
    {
      "author_login": "msabramo",
      "body": "Hmmm why doesn't this work?\n\n```\nvagrant@localmonkey:~/dev/ansible$ hacking/test-module -m lib/ansible/modules/core/packaging/os/apt_repository.py -a repo=\\\"ppa:fkrull/deadsnakes\\\"\n* including generated source, if any, saving to: /home/vagrant/.ansible_module_generated\n* this may offset any line numbers in tracebacks/debuggers!\n***********************************\nRAW OUTPUT\n{\"msg\": \"missing required arguments: repo\", \"failed\": true}\n\n\n***********************************\nPARSED OUTPUT\n{\n    \"failed\": true,\n    \"msg\": \"missing required arguments: repo\"\n}\n```\n\nI'm trying to follow along with what http://docs.ansible.com/developing_modules.html#reading-input shows.\n"
    },
    {
      "author_login": "msabramo",
      "body": "Hmmm.\n\n``` pytb\nvagrant@localmonkey:~/dev/ansible$ hacking/test-module -m lib/ansible/modules/core/packaging/os/apt_repository.py -a repo=\\\"ppa:fkrull/deadsnakes\\\"\n...\n> /home/vagrant/dev/ansible/hacking/test-module(142)runtest()\n-> invoke = \"%s\" % (modfile)\n(Pdb) l\n137     def runtest( modfile, argspath):\n138         \"\"\"Test run a module, piping it's output for reporting.\"\"\"\n139\n140         os.system(\"chmod +x %s\" % modfile)\n141\n142  ->     invoke = \"%s\" % (modfile)\n143         if argspath is not None:\n144             invoke = \"%s %s\" % (modfile, argspath)\n145\n146         cmd = subprocess.Popen(invoke, shell=True, stdout=subprocess.PIPE, stderr=subprocess.PIPE)\n147         (out, err) = cmd.communicate()\n(Pdb) argspath\n(Pdb) p argspath\nNone\n```\n\nLooks like there is some new module style where the arguments are passed differently? And maybe that isn't quite working yet?\n\nhttps://github.com/ansible/ansible/blob/devel/hacking/test-module#L179\n\n``` pytb\n> /home/vagrant/dev/ansible/hacking/test-module(188)main()\n-> if options.debugger:\n(Pdb) module_style\n'new'\n(Pdb) l\n183                 argspath = write_argsfile(options.module_args, json=True)\n184             elif module_style == 'old':\n185                 argspath = write_argsfile(options.module_args, json=False)\n186             else:\n187                 raise Exception(\"internal error, unexpected module style: %s\" % module_style)\n188  ->     if options.debugger:\n189             rundebug(options.debugger, modfile, argspath)\n190         else:\n191             runtest(modfile, argspath)\n192\n193     if __name__ == \"__main__\":\n(Pdb) modfile\n'/home/vagrant/.ansible_module_generated'\n(Pdb) p argspath\nNone\n```\n"
    }
  ],
  "reviews": []
}