{
  "pr_number": 11254,
  "url": "https://github.com/ansible/ansible/pull/11254",
  "title": "Update index.rst",
  "author_login": "smarvin",
  "state": "MERGED",
  "merged_by_login": "bcoca",
  "body": "Adding some copy edits. Feel free to disregard.\n",
  "labels": [
    "docs"
  ],
  "additions": 6,
  "deletions": 4,
  "changed_files_count": 1,
  "changed_files_list": [
    "docsite/rst/index.rst"
  ],
  "files": [
    {
      "file_path": "docsite/rst/index.rst",
      "status": "modified",
      "additions": 6,
      "deletions": 4,
      "file_diff": "diff --git a/docsite/rst/index.rst b/docsite/rst/index.rst\nindex a0da19cca29f81..26db29ab82f43c 100644\n--- a/docsite/rst/index.rst\n+++ b/docsite/rst/index.rst\n@@ -9,14 +9,16 @@ Welcome to the Ansible documentation!\n Ansible is an IT automation tool.  It can configure systems, deploy software, and orchestrate more advanced IT tasks\n such as continuous deployments or zero downtime rolling updates.  \n \n-Ansible's goals are foremost those of simplicity and maximum ease of use. It also has a strong focus on security and reliability, featuring a minimum of moving parts, usage of OpenSSH for transport (with an accelerated socket mode and pull modes as alternatives), and a language that is designed around auditability by humans -- even those not familiar with the program.\n+Ansible's main goals are simplicity and ease-of-use. It also has a strong focus on security and reliability, featuring a minimum of moving parts, usage of OpenSSH for transport (with an accelerated socket mode and pull modes as alternatives), and a language that is designed around auditability by humans--even those not familiar with the program.\n \n-We believe simplicity is relevant to all sizes of environments and design for busy users of all types -- whether this means developers, sysadmins, release engineers, IT managers, and everywhere in between. Ansible is appropriate for managing small setups with a handful of instances as well as enterprise environments with many thousands.\n+We believe simplicity is relevant to all sizes of environments, so we design for busy users of all types: developers, sysadmins, release engineers, IT managers, and everyone in between. Ansible is appropriate for managing all ennvironements, from small setups with a handful of instances to enterprise environments with many thousands of instances.\n \n Ansible manages machines in an agentless manner. There is never a question of how to\n-upgrade remote daemons or the problem of not being able to manage systems because daemons are uninstalled.  As OpenSSH is one of the most peer reviewed open source components, the security exposure of using the tool is greatly reduced.  Ansible is decentralized -- it relies on your existing OS credentials to control access to remote machines; if needed it can easily connect with Kerberos, LDAP, and other centralized authentication management systems.\n+upgrade remote daemons or the problem of not being able to manage systems because daemons are uninstalled.  Because OpenSSH is one of the most peer-reviewed open source components, security exposure is greatly reduced. Ansible is decentralized--it relies on your existing OS credentials to control access to remote machines. If needed, Ansible can easily connect with Kerberos, LDAP, and other centralized authentication management systems.\n \n-This documentation covers the current released version of Ansible (1.9.1) and also some development version features (2.0).  For recent features, in each section, the version of Ansible where the feature is added is indicated.  Ansible, Inc releases a new major release of Ansible approximately every 2 months.  The core application evolves somewhat conservatively, valuing simplicity in language design and setup, while the community around new modules and plugins being developed and contributed moves very very quickly, typically adding 20 or so new modules in each release.\n+This documentation covers the current released version of Ansible (1.9.1) and also some development version features (2.0).  For recent features, we note in each section the version of Ansible where the feature was added.  \n+\n+Ansible, Inc. releases a new major release of Ansible approximately every two months.  The core application evolves somewhat conservatively, valuing simplicity in language design and setup. However, the community around new modules and plugins being developed and contributed moves very quickly, typically adding 20 or so new modules in each release.\n \n .. _an_introduction:\n \n"
    }
  ],
  "comments": [],
  "reviews": []
}