{
  "pr_number": 1038,
  "url": "https://github.com/ansible/ansible/pull/1038",
  "title": "Atomic copy2",
  "author_login": "bcoca",
  "state": "MERGED",
  "merged_by_login": "mpdehaan",
  "body": "Now it should all work as intended and not leave temp files behind unless it fails\n",
  "labels": [],
  "additions": 6,
  "deletions": 1,
  "changed_files_count": 1,
  "changed_files_list": [
    "library/copy"
  ],
  "files": [
    {
      "file_path": "library/copy",
      "status": "modified",
      "additions": 6,
      "deletions": 1,
      "file_diff": "diff --git a/library/copy b/library/copy\nindex b4da56c9797621..6491f6ea5e7764 100755\n--- a/library/copy\n+++ b/library/copy\n@@ -20,6 +20,7 @@\n \n import os\n import shutil\n+import time\n \n def main():\n \n@@ -64,7 +65,11 @@ def main():\n             if backup:\n                 if os.path.exists(dest):\n                     backup_file = module.backup_local(dest)\n-            shutil.copyfile(src, dest)\n+            #TODO:pid + epoch should avoid most collisions, hostname/mac for those using nfs?\n+            # might be an issue with exceeding path length\n+            dest_tmp = \"%s.%s.%s.tmp\" % (dest,os.getpid(),time.time())\n+            shutil.copyfile(src, dest_tmp)\n+            shutil.move(dest_tmp, dest)\n         except shutil.Error:\n             module.fail_json(msg=\"failed to copy: %s and %s are the same\" % (src, dest))\n         except IOError:\n"
    }
  ],
  "comments": [
    {
      "author_login": "mpdehaan",
      "body": "Looks good, merging, thanks!\n"
    }
  ],
  "reviews": []
}