{
  "pr_number": 11208,
  "url": "https://github.com/ansible/ansible/pull/11208",
  "title": "add an example of multiple plays in a single playbook",
  "author_login": "tgerla",
  "state": "MERGED",
  "merged_by_login": "bcoca",
  "body": "A lot of people are surprised to find that a playbook can contain multiple plays. This adds an explicit section to the playbook intro describing the idea, with an example.\n",
  "labels": [
    "docs"
  ],
  "additions": 27,
  "deletions": 0,
  "changed_files_count": 1,
  "changed_files_list": [
    "docsite/rst/playbooks_intro.rst"
  ],
  "files": [
    {
      "file_path": "docsite/rst/playbooks_intro.rst",
      "status": "modified",
      "additions": 27,
      "deletions": 0,
      "file_diff": "diff --git a/docsite/rst/playbooks_intro.rst b/docsite/rst/playbooks_intro.rst\nindex 4fe2ab3ec3f2f9..c5b2aebe108078 100644\n--- a/docsite/rst/playbooks_intro.rst\n+++ b/docsite/rst/playbooks_intro.rst\n@@ -106,6 +106,33 @@ YAML dictionaries to supply the modules with their key=value arguments.::\n             name: httpd\n             state: restarted\n \n+Playbooks can contain multiple plays. You may have a playbook that targets first\n+the web servers, and then the database servers. For example::\n+\n+    ---\n+    - hosts: webservers\n+      remote_user: root\n+\n+      tasks:\n+      - name: ensure apache is at the latest version\n+        yum: pkg=httpd state=latest\n+      - name: write the apache config file\n+        template: src=/srv/httpd.j2 dest=/etc/httpd.conf\n+\n+    - hosts: databases\n+      remote_user: root\n+\n+      tasks:\n+      - name: ensure postgresql is at the latest version\n+        yum: name=postgresql state=latest\n+      - name: ensure that postgresql is started\n+        service: name=postgresql state=running\n+\n+You can use this method to switch between the host group you're targeting,\n+the username logging into the remote servers, whether to sudo or not, and so\n+forth. Plays, like tasks, run in the order specified in the playbook: top to\n+bottom.\n+\n Below, we'll break down what the various features of the playbook language are.\n \n .. _playbook_basics:\n"
    }
  ],
  "comments": [],
  "reviews": []
}