{
  "pr_number": 11084,
  "url": "https://github.com/ansible/ansible/pull/11084",
  "title": "More complex example of using test-module",
  "author_login": "echiu64",
  "state": "MERGED",
  "merged_by_login": "bcoca",
  "body": "",
  "labels": [
    "docs"
  ],
  "additions": 16,
  "deletions": 0,
  "changed_files_count": 1,
  "changed_files_list": [
    "hacking/README.md"
  ],
  "files": [
    {
      "file_path": "hacking/README.md",
      "status": "modified",
      "additions": 16,
      "deletions": 0,
      "file_diff": "diff --git a/hacking/README.md b/hacking/README.md\nindex ae8db7e3a9b952..be19249519204b 100644\n--- a/hacking/README.md\n+++ b/hacking/README.md\n@@ -33,6 +33,22 @@ Example:\n \n This is a good way to insert a breakpoint into a module, for instance.\n \n+For more complex arguments such as the following yaml:\n+\n+```yaml\n+parent:\n+  child:\n+    - item: first\n+      val: foo\n+    - item: second\n+      val: boo\n+```\n+\n+Use:\n+\n+    $ ./hacking/test-module -m module \\\n+        -a \"{\"parent\": {\"child\": [{\"item\": \"first\", \"val\": \"foo\"}, {\"item\": \"second\", \"val\": \"bar\"}]}}\"\n+\n Module-formatter\n ----------------\n \n"
    }
  ],
  "comments": [
    {
      "author_login": "amenonsen",
      "body": "Looks good.\n"
    }
  ],
  "reviews": []
}