{
  "pr_number": 10146,
  "url": "https://github.com/ansible/ansible/pull/10146",
  "title": "Fix documentation on hostfile vs inventory , follow up of #10130",
  "author_login": "mscherer",
  "state": "MERGED",
  "merged_by_login": "abadger",
  "body": "",
  "labels": [],
  "additions": 13,
  "deletions": 4,
  "changed_files_count": 1,
  "changed_files_list": [
    "docsite/rst/intro_configuration.rst"
  ],
  "files": [
    {
      "file_path": "docsite/rst/intro_configuration.rst",
      "status": "modified",
      "additions": 13,
      "deletions": 4,
      "file_diff": "diff --git a/docsite/rst/intro_configuration.rst b/docsite/rst/intro_configuration.rst\nindex c361de1190abba..a857ec90cdd9e4 100644\n--- a/docsite/rst/intro_configuration.rst\n+++ b/docsite/rst/intro_configuration.rst\n@@ -289,10 +289,7 @@ The valid values are either 'replace' (the default) or 'merge'.\n hostfile\n ========\n \n-This is the default location of the inventory file, script, or directory that Ansible will use to determine what hosts it has available\n-to talk to::\n-\n-    hostfile = /etc/ansible/hosts\n+This is a deprecated setting since 1.9, please look at :ref:`inventory` for the new setting.\n \n .. _host_key_checking:\n \n@@ -304,6 +301,18 @@ implications and wish to disable it, you may do so here by setting the value to\n \n     host_key_checking=True\n \n+.. _inventory:\n+\n+inventory\n+=========\n+\n+This is the default location of the inventory file, script, or directory that Ansible will use to determine what hosts it has available\n+to talk to::\n+\n+    inventory = /etc/ansible/hosts\n+\n+It used to be called hostfile in Ansible before 1.9\n+\n .. _jinja2_extensions:\n \n jinja2_extensions\n"
    }
  ],
  "comments": [
    {
      "author_login": "abadger",
      "body": "Thanks @mscherer!\n\n# Merged\n\nHi!\n\nThis has been merged in, and will also be included in the next major release.\n\nIf you or anyone else has any further questions, please let us know by stopping by one of the two mailing lists, as appropriate:\n- https://groups.google.com/forum/#!forum/ansible-project - for user questions, tips, and tricks\n- https://groups.google.com/forum/#!forum/ansible-devel - for strategy, future planning, and questions about writing code\n\nBecause this project is very active, we're unlikely to see comments made on closed tickets, but the mailing list is a great way to ask questions, or post if you don't think this particular\nissue is resolved.\n\nThank you!\n"
    },
    {
      "author_login": "Gerst20051",
      "body": ":+1: \n"
    }
  ],
  "reviews": []
}