{
  "pr_number": 11497,
  "url": "https://github.com/ansible/ansible/pull/11497",
  "title": "Typos",
  "author_login": "hugovk",
  "state": "MERGED",
  "merged_by_login": "bcoca",
  "body": "",
  "labels": [
    "docs"
  ],
  "additions": 2,
  "deletions": 2,
  "changed_files_count": 1,
  "changed_files_list": [
    "docsite/rst/intro_installation.rst"
  ],
  "files": [
    {
      "file_path": "docsite/rst/intro_installation.rst",
      "status": "modified",
      "additions": 2,
      "deletions": 2,
      "file_diff": "diff --git a/docsite/rst/intro_installation.rst b/docsite/rst/intro_installation.rst\nindex 53abad4fc1e385..1bb0f49a08e5bc 100644\n--- a/docsite/rst/intro_installation.rst\n+++ b/docsite/rst/intro_installation.rst\n@@ -8,8 +8,8 @@ Installation\n Getting Ansible\n ```````````````\n \n-You may also wish to follow the `Github project <https://github.com/ansible/ansible>`_ if\n-you have a github account.  This is also where we keep the issue tracker for sharing\n+You may also wish to follow the `GitHub project <https://github.com/ansible/ansible>`_ if\n+you have a GitHub account.  This is also where we keep the issue tracker for sharing\n bugs and feature ideas.\n \n .. _what_will_be_installed:\n"
    }
  ],
  "comments": [],
  "reviews": []
}