{
  "pr_number": 10270,
  "url": "https://github.com/ansible/ansible/pull/10270",
  "title": "added cleaning pyc files",
  "author_login": "bcoca",
  "state": "MERGED",
  "merged_by_login": "bcoca",
  "body": "to prevent python using the pyc when the py is gone\n",
  "labels": [
    "feature"
  ],
  "additions": 1,
  "deletions": 0,
  "changed_files_count": 1,
  "changed_files_list": [
    "Makefile"
  ],
  "files": [
    {
      "file_path": "Makefile",
      "status": "modified",
      "additions": 1,
      "deletions": 0,
      "file_diff": "diff --git a/Makefile b/Makefile\nindex 52fa1b53281d75..f688bd73bf607b 100644\n--- a/Makefile\n+++ b/Makefile\n@@ -151,6 +151,7 @@ clean:\n \trm -rf docs/js\n \t@echo \"Cleaning up authors file\"\n \trm -f AUTHORS.TXT\n+\tfind . -type f -name '*.pyc' -delete\n \n python:\n \t$(PYTHON) setup.py build\n"
    }
  ],
  "comments": [
    {
      "author_login": "abadger",
      "body": "+1\n"
    }
  ],
  "reviews": []
}