{
  "pr_number": 10129,
  "url": "https://github.com/ansible/ansible/pull/10129",
  "title": "Fix for memory fact gathering",
  "author_login": "RadishTheHut",
  "state": "MERGED",
  "merged_by_login": "abadger",
  "body": "I have a host which started to fail while gathering facts after the addition\nof expanded memory facts in PR #9839:\n\nTraceback (most recent call last):\n  File \"/home/ansible/.ansible/tmp/ansible-tmp-1422536976.05-133253824703289/setup\", line 4278, in <module>\n    main()\n  File \"/home/ansible/.ansible/tmp/ansible-tmp-1422536976.05-133253824703289/setup\", line 137, in main\n    data = run_setup(module)\n  File \"/home/ansible/.ansible/tmp/ansible-tmp-1422536976.05-133253824703289/setup\", line 81, in run_setup\n    facts = ansible_facts(module)\n  File \"/home/ansible/.ansible/tmp/ansible-tmp-1422536976.05-133253824703289/setup\", line 4217, in ansible_facts\n    facts.update(Hardware().populate())\n  File \"/home/ansible/.ansible/tmp/ansible-tmp-1422536976.05-133253824703289/setup\", line 2339, in populate\n    self.get_memory_facts()\n  File \"/home/ansible/.ansible/tmp/ansible-tmp-1422536976.05-133253824703289/setup\", line 2375, in get_memory_facts\n    'cached': memstats['swapcached']\nKeyError: 'swapcached'\n\nMy problem host doesn't have SwapCached in /proc/meminfo. It may be better to\nset defaults for these keys, since the values provided by /proc/meminfo can\nchange from version to version.\n",
  "labels": [
    "P2",
    "bug"
  ],
  "additions": 29,
  "deletions": 15,
  "changed_files_count": 1,
  "changed_files_list": [
    "ansible/module_utils/facts.py b/lib/ansible/module_utils/facts.py"
  ],
  "files": [
    {
      "file_path": "ansible/module_utils/facts.py b/lib/ansible/module_utils/facts.py",
      "status": "modified",
      "additions": 29,
      "deletions": 15,
      "file_diff": "diff --git a/lib/ansible/module_utils/facts.py b/lib/ansible/module_utils/facts.py\nindex 0ce3ced5072111..1995d21ed87d15 100644\n--- a/lib/ansible/module_utils/facts.py\n+++ b/lib/ansible/module_utils/facts.py\n@@ -602,9 +602,11 @@ class LinuxHardware(Hardware):\n     \"\"\"\n \n     platform = 'Linux'\n-    MEMORY_FACTS = ['MemTotal', 'SwapTotal', 'MemFree', 'SwapFree']\n-    EXTRA_MEMORY_FACTS = ['Buffers', 'Cached', 'SwapCached']\n \n+    # Originally only had these four as toplevelfacts\n+    ORIGINAL_MEMORY_FACTS = frozenset(('MemTotal', 'SwapTotal', 'MemFree', 'SwapFree'))\n+    # Now we have all of these in a dict structure\n+    MEMORY_FACTS = ORIGINAL_MEMORY_FACTS.union(('Buffers', 'Cached', 'SwapCached'))\n \n     def __init__(self):\n         Hardware.__init__(self)\n@@ -621,34 +623,46 @@ def populate(self):\n         return self.facts\n \n     def get_memory_facts(self):\n-        memstats = {}\n         if not os.access(\"/proc/meminfo\", os.R_OK):\n             return\n+\n+        memstats = {}\n         for line in open(\"/proc/meminfo\").readlines():\n             data = line.split(\":\", 1)\n             key = data[0]\n-            if key in LinuxHardware.MEMORY_FACTS:\n+            if key in self.ORIGINAL_MEMORY_FACTS:\n                 val = data[1].strip().split(' ')[0]\n                 self.facts[\"%s_mb\" % key.lower()] = long(val) / 1024\n-            if key in LinuxHardware.MEMORY_FACTS or key in LinuxHardware.EXTRA_MEMORY_FACTS:\n+\n+            if key in self.MEMORY_FACTS:\n                  val = data[1].strip().split(' ')[0]\n                  memstats[key.lower()] = long(val) / 1024\n+\n+        if None not in (memstats.get('memtotal'), memstats.get('memfree')):\n+            memstats['real:used'] = memstats['memtotal'] - memstats['memfree']\n+        if None not in (memstats.get('cached'), memstats.get('memfree'), memstats.get('buffers')):\n+            memstats['nocache:free'] = memstats['cached'] + memstats['memfree'] + memstats['buffers']\n+        if None not in (memstats.get('memtotal'), memstats.get('nocache:free')):\n+            memstats['nocache:used'] = memstats['memtotal'] - memstats['nocache:free']\n+        if None not in (memstats.get('swaptotal'), memstats.get('swapfree')):\n+            memstats['swap:used'] = memstats['swaptotal'] - memstats['swapfree']\n+\n         self.facts['memory_mb'] = {\n                      'real' : {\n-                         'total': memstats['memtotal'],\n-                         'used': (memstats['memtotal'] - memstats['memfree']),\n-                         'free': memstats['memfree']\n+                         'total': memstats.get('memtotal'),\n+                         'used': memstats.get('real:used'),\n+                         'free': memstats.get('memfree'),\n                      },\n                      'nocache' : {\n-                         'free': memstats['cached'] + memstats['memfree'] + memstats['buffers'],\n-                         'used': memstats['memtotal'] - (memstats['cached'] + memstats['memfree'] + memstats['buffers'])\n+                         'free': memstats.get('nocache:free'),\n+                         'used': memstats.get('nocache:used'),\n                      },\n                      'swap' : {\n-                         'total': memstats['swaptotal'],\n-                         'free': memstats['swapfree'],\n-                         'used': memstats['swaptotal'] - memstats['swapfree'],\n-                         'cached': memstats['swapcached']\n-                     }\n+                         'total': memstats.get('swaptotal'),\n+                         'free': memstats.get('swapfree'),\n+                         'used': memstats.get('swap:used'),\n+                         'cached': memstats.get('swapcached'),\n+                     },\n                  }\n \n     def get_cpu_facts(self):\n"
    }
  ],
  "comments": [
    {
      "author_login": "bcoca",
      "body": "I agree we should have defaults, but 0 seems to be a deceptive one, shouldn't it be None or N/A?\n"
    },
    {
      "author_login": "RadishTheHut",
      "body": "True, None would be better, but then there would need to be more logic around the arithmetic. Maybe we could have the direct values default to None, and the derived values default to 0. Or add some if blocks to set the derived values to None if any of the values are not present.\n"
    },
    {
      "author_login": "abadger",
      "body": "+1 to None.  if we're going to shield against any of these values being left out it's probably easier to first create the memstats dict with with all of the keys we are going to use and values set to None and then overwrite the values if we find relevant data in /proc/meminfo.\n\nFor the calculated values I'd do as you're suggesting in your last sentence: a few conditional blocks to check whether any of the needed values are None and set the calculated value to None if so (otherwise do the calculation).\n"
    },
    {
      "author_login": "abadger",
      "body": "@RadishTheHut what do you think?  If that set of changes ( https://github.com/ansible/ansible/commit/f20967078ebaa5c5bcb88e6ad12d50da28f761b5 ) looks good to you I'll push it to devel.\n"
    },
    {
      "author_login": "RadishTheHut",
      "body": "@abadger I still got a KeyError for memstats['swapcached'], because that key hadn't been initialized. I've updated my pull request with an adjustment to your commit that uses memfacts.get(), setting any missing values to None. Please see what you think.\n"
    },
    {
      "author_login": "abadger",
      "body": "<nod>  I see the problem with my change -- I forgot to lower the keys when I pre-filled the dict at the top.\n\nYour revised PR looks like it will do the job too.  So merged, thanks!\n\n# Merged\n\nHi!\n\nThis has been merged in, and will also be included in the next major release.\n\nIf you or anyone else has any further questions, please let us know by stopping by one of the two mailing lists, as appropriate:\n- https://groups.google.com/forum/#!forum/ansible-project - for user questions, tips, and tricks\n- https://groups.google.com/forum/#!forum/ansible-devel - for strategy, future planning, and questions about writing code\n\nBecause this project is very active, we're unlikely to see comments made on closed tickets, but the mailing list is a great way to ask questions, or post if you don't think this particular\nissue is resolved.\n\nThank you!\n"
    }
  ],
  "reviews": []
}