{
  "pr_number": 10298,
  "url": "https://github.com/ansible/ansible/pull/10298",
  "title": "Allow requesting a list to lookup plugins instead of , delimited string",
  "author_login": "bcoca",
  "state": "MERGED",
  "merged_by_login": "bcoca",
  "body": "so now you can do something like:\n\n```\n{% for k in lookup('items',\"['one','two','three']\",wantlist=True) %}\n{{k}}\n{% endfor %}\n```\n\nshould fix #10291 \n",
  "labels": [
    "bug"
  ],
  "additions": 7,
  "deletions": 3,
  "changed_files_count": 2,
  "changed_files_list": [
    "ansible/utils/template.py b/lib/ansible/utils/template.py"
  ],
  "files": [
    {
      "file_path": "ansible/utils/template.py b/lib/ansible/utils/template.py",
      "status": "modified",
      "additions": 3,
      "deletions": 1,
      "file_diff": "diff --git a/lib/ansible/utils/template.py b/lib/ansible/utils/template.py\nindex 9556b8fcea8902..722e33e4c8fa2d 100644\n--- a/lib/ansible/utils/template.py\n+++ b/lib/ansible/utils/template.py\n@@ -89,6 +89,8 @@ def lookup(name, *args, **kwargs):\n     instance = utils.plugins.lookup_loader.get(name.lower(), basedir=kwargs.get('basedir',None))\n     tvars = kwargs.get('vars', None)\n \n+    wantlist = kwargs.pop('wantlist', False)\n+\n     if instance is not None:\n         try:\n             ran = instance.run(*args, inject=tvars, **kwargs)\n@@ -98,7 +100,7 @@ def lookup(name, *args, **kwargs):\n             raise errors.AnsibleUndefinedVariable(\"One or more undefined variables: %s\" % str(e))\n         except Exception, e:\n             raise errors.AnsibleError('Unexpected error in during lookup: %s' % e)\n-        if ran:\n+        if ran and not wantlist:\n             ran = \",\".join(ran)\n         return ran\n     else:\n"
    }
  ],
  "comments": [
    {
      "author_login": "sivel",
      "body": "+1, I like this approach better than some of the other recommendations.\n"
    },
    {
      "author_login": "jpmens",
      "body": "@bcoca `'msg': \"UnboundLocalError: local variable 'wantlist' referenced before assignment\", 'failed': True}` \n"
    },
    {
      "author_login": "jpmens",
      "body": "Other than \n\n`wantlist = False`\nbefore\n\n``` python\nif 'wantlist' in kwargs:\n```\n\nSHIP IT!\n\n;-)\n"
    },
    {
      "author_login": "sivel",
      "body": "might be easier to use:\n\n```\nwantlist = kwargs.pop('wantlist', False)\n```\n"
    },
    {
      "author_login": "bcoca",
      "body": "i did not know pop could also use the same default values as get ... something new every day\n"
    },
    {
      "author_login": "jpmens",
      "body": "Thank you, Brian!\n"
    },
    {
      "author_login": "sivel",
      "body": "Is the added whitespace here on purpose?\n",
      "file_path": "lib/ansible/utils/template.py",
      "diff_hunk": "@@ -217,7 +218,7 @@ def template_from_file(basedir, path, vars, vault_password=None):\n \n     def my_lookup(*args, **kwargs):\n         kwargs['vars'] = vars\n-        return lookup(*args, basedir=basedir, **kwargs)\n+        return lookup( *args, basedir=basedir, **kwargs)",
      "comment_type": "review_comment"
    },
    {
      "author_login": "sivel",
      "body": "Would it be beneficial to pop this off as to not pass it into `.run()`?\n",
      "file_path": "lib/ansible/utils/template.py",
      "diff_hunk": "@@ -87,6 +87,7 @@ class Flags:\n def lookup(name, *args, **kwargs):\n     from ansible import utils\n     instance = utils.plugins.lookup_loader.get(name.lower(), basedir=kwargs.get('basedir',None))\n+    wantlist = kwargs.get('wantlist', False)",
      "comment_type": "review_comment"
    },
    {
      "author_login": "bcoca",
      "body": "nope\n",
      "file_path": "lib/ansible/utils/template.py",
      "diff_hunk": "@@ -217,7 +218,7 @@ def template_from_file(basedir, path, vars, vault_password=None):\n \n     def my_lookup(*args, **kwargs):\n         kwargs['vars'] = vars\n-        return lookup(*args, basedir=basedir, **kwargs)\n+        return lookup( *args, basedir=basedir, **kwargs)",
      "comment_type": "review_comment"
    },
    {
      "author_login": "bcoca",
      "body": "yes\n",
      "file_path": "lib/ansible/utils/template.py",
      "diff_hunk": "@@ -87,6 +87,7 @@ class Flags:\n def lookup(name, *args, **kwargs):\n     from ansible import utils\n     instance = utils.plugins.lookup_loader.get(name.lower(), basedir=kwargs.get('basedir',None))\n+    wantlist = kwargs.get('wantlist', False)",
      "comment_type": "review_comment"
    }
  ],
  "reviews": []
}