{
  "pr_number": 10142,
  "url": "https://github.com/ansible/ansible/pull/10142",
  "title": "v2 added retry configs, pending is actual functionality to make it conditional",
  "author_login": "bcoca",
  "state": "MERGED",
  "merged_by_login": "jimi-c",
  "body": "",
  "labels": [
    "feature"
  ],
  "additions": 2,
  "deletions": 0,
  "changed_files_count": 1,
  "changed_files_list": [
    "v2/ansible/constants.py"
  ],
  "files": [
    {
      "file_path": "v2/ansible/constants.py",
      "status": "modified",
      "additions": 2,
      "deletions": 0,
      "file_diff": "diff --git a/v2/ansible/constants.py b/v2/ansible/constants.py\nindex 1c2bc092b23cbc..4b51f1f1b1d1d2 100644\n--- a/v2/ansible/constants.py\n+++ b/v2/ansible/constants.py\n@@ -167,6 +167,8 @@ def shell_expand_path(path):\n DEFAULT_CALLABLE_WHITELIST     = get_config(p, DEFAULTS, 'callable_whitelist', 'ANSIBLE_CALLABLE_WHITELIST', [], islist=True)\n COMMAND_WARNINGS               = get_config(p, DEFAULTS, 'command_warnings', 'ANSIBLE_COMMAND_WARNINGS', False, boolean=True)\n DEFAULT_LOAD_CALLBACK_PLUGINS  = get_config(p, DEFAULTS, 'bin_ansible_callbacks', 'ANSIBLE_LOAD_CALLBACK_PLUGINS', False, boolean=True)\n+RETRY_FILES_ENABLED            = get_config(p, DEFAULTS, 'retry_files_enabled', 'ANSIBLE_RETRY_FILES_ENABLED', True, boolean=True)\n+RETRY_FILES_SAVE_PATH          = get_config(p, DEFAULTS, 'retry_files_save_path', 'ANSIBLE_RETRY_FILES_SAVE_PATH', '~/')\n \n # CONNECTION RELATED\n ANSIBLE_SSH_ARGS               = get_config(p, 'ssh_connection', 'ssh_args', 'ANSIBLE_SSH_ARGS', None)\n"
    }
  ],
  "comments": [],
  "reviews": []
}