{
  "pr_number": 10943,
  "url": "https://github.com/ansible/ansible/pull/10943",
  "title": "Add ability to specify using ssh_args in synchronize for v2",
  "author_login": "sivel",
  "state": "MERGED",
  "merged_by_login": "jimi-c",
  "body": "This PR brings the changes from #10612 into the v2_final branch.\n\nIn addition to the changes needed to get `use_ssh_args` to work, there is an additional commit to just get the synchronize action plugin to work at all.\n\nOf important note.  Automatically delegating to localhost is _not_ fixed in this PR.  I did not have the time to get that functionality working.\n",
  "labels": [],
  "additions": 19,
  "deletions": 9,
  "changed_files_count": 1,
  "changed_files_list": [
    "ansible/plugins/action/synchronize.py b/lib/ansible/plugins/action/synchronize.py"
  ],
  "files": [
    {
      "file_path": "ansible/plugins/action/synchronize.py b/lib/ansible/plugins/action/synchronize.py",
      "status": "modified",
      "additions": 19,
      "deletions": 9,
      "file_diff": "diff --git a/lib/ansible/plugins/action/synchronize.py b/lib/ansible/plugins/action/synchronize.py\nindex 1bc64ff4d5bcfb..c1b2f60e7f0700 100644\n--- a/lib/ansible/plugins/action/synchronize.py\n+++ b/lib/ansible/plugins/action/synchronize.py\n@@ -22,6 +22,8 @@\n \n from ansible.plugins.action import ActionBase\n from ansible.utils.boolean import boolean\n+from ansible import constants\n+\n \n class ActionModule(ActionBase):\n \n@@ -49,7 +51,7 @@ def _process_origin(self, host, path, user):\n                     path = self._get_absolute_path(path=path)\n             return path\n \n-    def _process_remote(self, host, task, path, user):\n+    def _process_remote(self, host, path, user):\n         transport = self._connection_info.connection\n         return_data = None\n         if not host in ['127.0.0.1', 'localhost'] or transport != \"local\":\n@@ -69,7 +71,7 @@ def _process_remote(self, host, task, path, user):\n     def run(self, tmp=None, task_vars=dict()):\n         ''' generates params and passes them on to the rsync module '''\n \n-        original_transport   = task_vars.get('ansible_connection', self._connection_info.connection)\n+        original_transport = task_vars.get('ansible_connection') or self._connection_info.connection\n         transport_overridden = False\n         if task_vars.get('delegate_to') is None:\n             task_vars['delegate_to'] = '127.0.0.1'\n@@ -77,24 +79,25 @@ def run(self, tmp=None, task_vars=dict()):\n             if original_transport != 'local':\n                 task_vars['ansible_connection'] = 'local'\n                 transport_overridden = True\n-                self.runner.sudo = False\n+                self._connection_info.become = False\n \n         src  = self._task.args.get('src', None)\n         dest = self._task.args.get('dest', None)\n+        use_ssh_args = self._task.args.pop('use_ssh_args', None)\n \n         # FIXME: this doesn't appear to be used anywhere?\n         local_rsync_path = task_vars.get('ansible_rsync_path')\n \n         # from the perspective of the rsync call the delegate is the localhost\n         src_host  = '127.0.0.1'\n-        dest_host = task_vars.get('ansible_ssh_host', task_vars.get('inventory_hostname'))\n+        dest_host = task_vars.get('ansible_ssh_host') or task_vars.get('inventory_hostname')\n \n         # allow ansible_ssh_host to be templated\n         dest_is_local = dest_host in ['127.0.0.1', 'localhost']\n \n         # CHECK FOR NON-DEFAULT SSH PORT\n         dest_port = self._task.args.get('dest_port')\n-        inv_port  = task_vars.get('ansible_ssh_port', task_vars.get('inventory_hostname'))\n+        inv_port  = task_vars.get('ansible_ssh_port') or task_vars.get('inventory_hostname')\n         if inv_port != dest_port and inv_port != task_vars.get('inventory_hostname'):\n             dest_port = inv_port\n \n@@ -130,17 +133,18 @@ def run(self, tmp=None, task_vars=dict()):\n                     user = task_vars['hostvars'][conn.delegate].get('ansible_ssh_user')\n \n                 if not use_delegate or not user:\n-                    user = task_vars.get('ansible_ssh_user', self.runner.remote_user)\n+                    user = task_vars.get('ansible_ssh_user') or self._connection_info.remote_user\n                 \n             if use_delegate:\n                 # FIXME\n-                private_key = task_vars.get('ansible_ssh_private_key_file', self.runner.private_key_file)\n+                private_key = task_vars.get('ansible_ssh_private_key_file') or self._connection_info.private_key_file\n             else:\n-                private_key = task_vars.get('ansible_ssh_private_key_file', self.runner.private_key_file)\n+                private_key = task_vars.get('ansible_ssh_private_key_file') or self._connection_info.private_key_file\n \n             if private_key is not None:\n                 private_key = os.path.expanduser(private_key)\n-                \n+                self._task.args['private_key'] = private_key\n+\n             # use the mode to define src and dest's url\n             if self._task.args.get('mode', 'push') == 'pull':\n                 # src is a remote path: <user>@<host>, dest is a local path\n@@ -151,6 +155,9 @@ def run(self, tmp=None, task_vars=dict()):\n                 src  = self._process_origin(src_host, src, user)\n                 dest = self._process_remote(dest_host, dest, user)\n \n+            self._task.args['src'] = src\n+            self._task.args['dest'] = dest\n+\n         # Allow custom rsync path argument.\n         rsync_path = self._task.args.get('rsync_path', None)\n \n@@ -162,6 +169,9 @@ def run(self, tmp=None, task_vars=dict()):\n         if rsync_path:\n             self._task.args['rsync_path'] = '\"%s\"' % rsync_path\n \n+        if use_ssh_args:\n+            self._task.args['ssh_args'] = constants.ANSIBLE_SSH_ARGS\n+\n         # run the module and store the result\n         result = self._execute_module('synchronize')\n \n"
    }
  ],
  "comments": [
    {
      "author_login": "jimi-c",
      "body": "Merged, thanks!\n"
    }
  ],
  "reviews": []
}