{
  "pr_number": 1042,
  "url": "https://github.com/ansible/ansible/pull/1042",
  "title": "Invoke is_installed correctly from rpm path",
  "author_login": "dhozac",
  "state": "MERGED",
  "merged_by_login": "mpdehaan",
  "body": "",
  "labels": [],
  "additions": 1,
  "deletions": 1,
  "changed_files_count": 1,
  "changed_files_list": [
    "library/yum"
  ],
  "files": [
    {
      "file_path": "library/yum",
      "status": "modified",
      "additions": 1,
      "deletions": 1,
      "file_diff": "diff --git a/library/yum b/library/yum\nindex e2e4b149c95ae3..20b7770c4abe78 100755\n--- a/library/yum\n+++ b/library/yum\n@@ -291,7 +291,7 @@ def install(module, items, repoq, yum_basecmd, conf_file):\n \n             nvra = local_nvra(spec)\n             # look for them in the rpmdb\n-            if is_installed(repoq, nvra, conf_file):\n+            if is_installed(module, repoq, nvra, conf_file):\n                 # if they are there, skip it\n                 continue\n             pkg = spec\n"
    }
  ],
  "comments": [
    {
      "author_login": "mpdehaan",
      "body": "Merged, thanks!\n"
    }
  ],
  "reviews": []
}