{
  "pr_number": 11135,
  "url": "https://github.com/ansible/ansible/pull/11135",
  "title": "If remote_addr isn't set, set to ipv4_address",
  "author_login": "sivel",
  "state": "MERGED",
  "merged_by_login": "jimi-c",
  "body": "I wasn't able to previously determine what exactly the re-assignment to the `ipv4_address` was needed for.\n\nAfter more playing, it seems there are some circumstances where `remote_addr` is not set, and should be set to the `ipv4_address`.\n\nThis PR adds the line back in, but under an if statement to first check if it is not set.\n",
  "labels": [],
  "additions": 3,
  "deletions": 0,
  "changed_files_count": 1,
  "changed_files_list": [
    "ansible/executor/task_executor.py b/lib/ansible/executor/task_executor.py"
  ],
  "files": [
    {
      "file_path": "ansible/executor/task_executor.py b/lib/ansible/executor/task_executor.py",
      "status": "modified",
      "additions": 3,
      "deletions": 0,
      "file_diff": "diff --git a/lib/ansible/executor/task_executor.py b/lib/ansible/executor/task_executor.py\nindex 23cc880bceb696..9ba2b6bca51dd1 100644\n--- a/lib/ansible/executor/task_executor.py\n+++ b/lib/ansible/executor/task_executor.py\n@@ -371,6 +371,9 @@ def _get_connection(self, variables):\n         # FIXME: delegate_to calculation should be done here\n         # FIXME: calculation of connection params/auth stuff should be done here\n \n+        if not self._connection_info.remote_addr:\n+            self._connection_info.remote_addr = self._host.ipv4_address\n+\n         if self._task.delegate_to is not None:\n             self._compute_delegate(variables)\n \n"
    }
  ],
  "comments": [
    {
      "author_login": "jimi-c",
      "body": "Merged, thanks!\n"
    }
  ],
  "reviews": []
}