{
  "pr_number": 1068,
  "url": "https://github.com/ansible/ansible/pull/1068",
  "title": "Pass module arguments as argument instead of keeping it in runner",
  "author_login": "dhozac",
  "state": "MERGED",
  "merged_by_login": "mpdehaan",
  "body": "This cleans up self.runner.module_args by making it an argument to the functions that need it. In doing so, it also fixes running playbooks with -f 1, as they would previously run with whatever arguments the first node had.\n\nIt breaks the action_plugin API, but I think this is better to do now than later, and there's not really any good alternative. If backwards compatability is an issue, we could perhaps catch that exception and retry without it, but that seems ugly...\n\nThis will need to rebased on top of #1064 once that gets merged, but I figured I should get comments on the plugin API first.\n",
  "labels": [],
  "additions": 48,
  "deletions": 66,
  "changed_files_count": 9,
  "changed_files_list": [
    "ansible/runner/action_plugins/assemble.py b/lib/ansible/runner/action_plugins/assemble.py",
    "ansible/runner/action_plugins/async.py b/lib/ansible/runner/action_plugins/async.py",
    "ansible/runner/action_plugins/copy.py b/lib/ansible/runner/action_plugins/copy.py",
    "ansible/runner/action_plugins/fetch.py b/lib/ansible/runner/action_plugins/fetch.py",
    "ansible/runner/action_plugins/normal.py b/lib/ansible/runner/action_plugins/normal.py",
    "ansible/runner/action_plugins/raw.py b/lib/ansible/runner/action_plugins/raw.py",
    "ansible/runner/action_plugins/template.py b/lib/ansible/runner/action_plugins/template.py",
    "ansible/runner/return_data.py b/lib/ansible/runner/return_data.py"
  ],
  "files": [
    {
      "file_path": "ansible/runner/action_plugins/assemble.py b/lib/ansible/runner/action_plugins/assemble.py",
      "status": "modified",
      "additions": 2,
      "deletions": 2,
      "file_diff": "diff --git a/lib/ansible/runner/action_plugins/assemble.py b/lib/ansible/runner/action_plugins/assemble.py\nindex d529caf4dfeb07..f0e26ad4871555 100644\n--- a/lib/ansible/runner/action_plugins/assemble.py\n+++ b/lib/ansible/runner/action_plugins/assemble.py\n@@ -32,12 +32,12 @@ class ActionModule(object):\n     def __init__(self, runner):\n         self.runner = runner\n \n-    def run(self, conn, tmp, module_name, inject=None):\n+    def run(self, conn, tmp, module_name, module_args, inject=None):\n         ''' handler for assemble operations '''\n \n         # FIXME: since assemble is ported over to the use the new common logic, this method\n         # is actually unneccessary as it can decide to daisychain via it's own module returns.\n         # make assemble return daisychain_args and this will go away.\n \n-        return self.runner._execute_module(conn, tmp, 'assemble', self.runner.module_args, inject=inject).daisychain('file')\n+        return self.runner._execute_module(conn, tmp, 'assemble', module_args, inject=inject).daisychain('file', module_args)\n "
    },
    {
      "file_path": "ansible/runner/action_plugins/async.py b/lib/ansible/runner/action_plugins/async.py",
      "status": "modified",
      "additions": 2,
      "deletions": 3,
      "file_diff": "diff --git a/lib/ansible/runner/action_plugins/async.py b/lib/ansible/runner/action_plugins/async.py\nindex 19a5a186fdc112..d1bf6ab76c297a 100644\n--- a/lib/ansible/runner/action_plugins/async.py\n+++ b/lib/ansible/runner/action_plugins/async.py\n@@ -32,16 +32,15 @@ class ActionModule(object):\n     def __init__(self, runner):\n         self.runner = runner\n \n-    def run(self, conn, tmp, module_name, inject):\n+    def run(self, conn, tmp, module_name, module_args, inject):\n         ''' transfer the given module name, plus the async module, then run it '''\n \n         # shell and command module are the same\n-        module_args = self.runner.module_args\n         if module_name == 'shell':\n             module_name = 'command'\n             module_args += \" #USE_SHELL\"\n \n-        (module_path, is_new_style) = self.runner._copy_module(conn, tmp, module_name, inject)\n+        (module_path, is_new_style) = self.runner._copy_module(conn, tmp, module_name, module_args, inject)\n         self.runner._low_level_exec_command(conn, \"chmod a+rx %s\" % module_path, tmp)\n \n         return self.runner._execute_module(conn, tmp, 'async_wrapper', module_args,"
    },
    {
      "file_path": "ansible/runner/action_plugins/copy.py b/lib/ansible/runner/action_plugins/copy.py",
      "status": "modified",
      "additions": 5,
      "deletions": 5,
      "file_diff": "diff --git a/lib/ansible/runner/action_plugins/copy.py b/lib/ansible/runner/action_plugins/copy.py\nindex 812a2484c86d40..c85de1442ed451 100644\n--- a/lib/ansible/runner/action_plugins/copy.py\n+++ b/lib/ansible/runner/action_plugins/copy.py\n@@ -32,11 +32,11 @@ class ActionModule(object):\n     def __init__(self, runner):\n         self.runner = runner\n \n-    def run(self, conn, tmp, module_name, inject):\n+    def run(self, conn, tmp, module_name, module_args, inject):\n         ''' handler for file transfer operations '''\n \n         # load up options\n-        options = utils.parse_kv(self.runner.module_args)\n+        options = utils.parse_kv(module_args)\n         source  = options.get('src', None)\n         dest    = options.get('dest', None)\n         if (source is None and not 'first_available_file' in inject) or dest is None:\n@@ -77,11 +77,11 @@ def run(self, conn, tmp, module_name, inject):\n                 self.runner._low_level_exec_command(conn, \"chmod a+r %s\" % tmp_src, tmp)\n \n             # run the copy module\n-            self.runner.module_args = \"%s src=%s\" % (self.runner.module_args, tmp_src)\n-            return self.runner._execute_module(conn, tmp, 'copy', self.runner.module_args, inject=inject).daisychain('file')\n+            module_args = \"%s src=%s\" % (module_args, tmp_src)\n+            return self.runner._execute_module(conn, tmp, 'copy', module_args, inject=inject).daisychain('file', module_args)\n \n         else:\n             # no need to transfer the file, already correct md5\n             result = dict(changed=False, md5sum=remote_md5, transferred=False)\n-            return ReturnData(conn=conn, result=result).daisychain('file')\n+            return ReturnData(conn=conn, result=result).daisychain('file', module_args)\n "
    },
    {
      "file_path": "ansible/runner/action_plugins/fetch.py b/lib/ansible/runner/action_plugins/fetch.py",
      "status": "modified",
      "additions": 2,
      "deletions": 2,
      "file_diff": "diff --git a/lib/ansible/runner/action_plugins/fetch.py b/lib/ansible/runner/action_plugins/fetch.py\nindex b0c81614515807..48de29495919fb 100644\n--- a/lib/ansible/runner/action_plugins/fetch.py\n+++ b/lib/ansible/runner/action_plugins/fetch.py\n@@ -32,11 +32,11 @@ class ActionModule(object):\n     def __init__(self, runner):\n         self.runner = runner\n \n-    def run(self, conn, tmp, module_name, inject):\n+    def run(self, conn, tmp, module_name, module_args, inject):\n         ''' handler for fetch operations '''\n \n         # load up options\n-        options = utils.parse_kv(self.runner.module_args)\n+        options = utils.parse_kv(module_args)\n         source = options.get('src', None)\n         dest = options.get('dest', None)\n         if source is None or dest is None:"
    },
    {
      "file_path": "ansible/runner/action_plugins/normal.py b/lib/ansible/runner/action_plugins/normal.py",
      "status": "modified",
      "additions": 4,
      "deletions": 4,
      "file_diff": "diff --git a/lib/ansible/runner/action_plugins/normal.py b/lib/ansible/runner/action_plugins/normal.py\nindex b5130a3d55f347..a93553b20b9a44 100644\n--- a/lib/ansible/runner/action_plugins/normal.py\n+++ b/lib/ansible/runner/action_plugins/normal.py\n@@ -33,15 +33,15 @@ class ActionModule(object):\n     def __init__(self, runner):\n         self.runner = runner\n \n-    def run(self, conn, tmp, module_name, inject):\n+    def run(self, conn, tmp, module_name, module_args, inject):\n         ''' transfer & execute a module that is not 'copy' or 'template' '''\n \n         # shell and command are the same module\n         if module_name == 'shell':\n             module_name = 'command'\n-            self.runner.module_args += \" #USE_SHELL\"\n+            module_args += \" #USE_SHELL\"\n \n-        vv(\"REMOTE_MODULE %s %s\" % (module_name, self.runner.module_args), host=conn.host)\n-        return self.runner._execute_module(conn, tmp, module_name, self.runner.module_args, inject=inject)\n+        vv(\"REMOTE_MODULE %s %s\" % (module_name, module_args), host=conn.host)\n+        return self.runner._execute_module(conn, tmp, module_name, module_args, inject=inject)\n \n "
    },
    {
      "file_path": "ansible/runner/action_plugins/raw.py b/lib/ansible/runner/action_plugins/raw.py",
      "status": "modified",
      "additions": 2,
      "deletions": 2,
      "file_diff": "diff --git a/lib/ansible/runner/action_plugins/raw.py b/lib/ansible/runner/action_plugins/raw.py\nindex ba52809e174709..64eaefdaa27b62 100644\n--- a/lib/ansible/runner/action_plugins/raw.py\n+++ b/lib/ansible/runner/action_plugins/raw.py\n@@ -32,8 +32,8 @@ class ActionModule(object):\n     def __init__(self, runner):\n         self.runner = runner\n \n-    def run(self, conn, tmp, module_name, inject):\n+    def run(self, conn, tmp, module_name, module_args, inject):\n         return ReturnData(conn=conn, result=dict(\n-            stdout=self.runner._low_level_exec_command(conn, self.runner.module_args.encode('utf-8'), tmp, sudoable=True)\n+            stdout=self.runner._low_level_exec_command(conn, module_args.encode('utf-8'), tmp, sudoable=True)\n         ))\n "
    },
    {
      "file_path": "ansible/runner/action_plugins/template.py b/lib/ansible/runner/action_plugins/template.py",
      "status": "modified",
      "additions": 4,
      "deletions": 4,
      "file_diff": "diff --git a/lib/ansible/runner/action_plugins/template.py b/lib/ansible/runner/action_plugins/template.py\nindex 91a50bdede5f5e..60fcba3f5a99a3 100644\n--- a/lib/ansible/runner/action_plugins/template.py\n+++ b/lib/ansible/runner/action_plugins/template.py\n@@ -32,14 +32,14 @@ class ActionModule(object):\n     def __init__(self, runner):\n         self.runner = runner\n \n-    def run(self, conn, tmp, module_name, inject):\n+    def run(self, conn, tmp, module_name, module_args, inject):\n         ''' handler for template operations '''\n \n         if not self.runner.is_playbook:\n             raise errors.AnsibleError(\"in current versions of ansible, templates are only usable in playbooks\")\n \n         # load up options\n-        options  = utils.parse_kv(self.runner.module_args)\n+        options  = utils.parse_kv(module_args)\n         source   = options.get('src', None)\n         dest     = options.get('dest', None)\n         if (source is None and 'first_available_file' not in inject) or dest is None:\n@@ -75,7 +75,7 @@ def run(self, conn, tmp, module_name, inject):\n             self.runner._low_level_exec_command(conn, \"chmod a+r %s\" % xfered, \n                 tmp)\n         # run the copy module, queue the file module\n-        self.runner.module_args = \"%s src=%s dest=%s\" % (self.runner.module_args, xfered, dest)\n-        return self.runner._execute_module(conn, tmp, 'copy', self.runner.module_args, inject=inject).daisychain('file')\n+        module_args = \"%s src=%s dest=%s\" % (module_args, xfered, dest)\n+        return self.runner._execute_module(conn, tmp, 'copy', module_args, inject=inject).daisychain('file', module_args)\n \n "
    },
    {
      "file_path": "ansible/runner/return_data.py b/lib/ansible/runner/return_data.py",
      "status": "modified",
      "additions": 2,
      "deletions": 1,
      "file_diff": "diff --git a/lib/ansible/runner/return_data.py b/lib/ansible/runner/return_data.py\nindex 0dcdb4aeb8a0ef..9fdc77b96789ef 100644\n--- a/lib/ansible/runner/return_data.py\n+++ b/lib/ansible/runner/return_data.py\n@@ -51,9 +51,10 @@ def communicated_ok(self):\n     def is_successful(self):\n         return self.comm_ok and ('failed' not in self.result) and (self.result.get('rc',0) == 0)\n \n-    def daisychain(self, module_name):\n+    def daisychain(self, module_name, module_args):\n         ''' request a module call follow this one '''\n         if self.is_successful():\n             self.result['daisychain'] = module_name\n+            self.result['daisychain_args'] = module_args\n         return self\n \n"
    }
  ],
  "comments": [
    {
      "author_login": "mpdehaan",
      "body": "As action plugins are new for 0.8 I am not concerned with the API compat yet since it is not yet released.  Will look at this in a few days.  Thanks!\n\n-- Michael\n\nOn Sep 21, 2012, at 4:56 AM, Daniel Hokka Zakrisson notifications@github.com wrote:\n\n> This cleans up self.runner.module_args by making it an argument to the functions that need it. In doing so, it also fixes running playbooks with -f 1, as they would previously run with whatever arguments the first node had.\n> \n> It breaks the action_plugin API, but I think this is better to do now than later, and there's not really any good alternative. If backwards compatability is an issue, we could perhaps catch that exception and retry without it, but that seems ugly...\n> \n> This will need to rebased on top of #1064 once that gets merged, but I figured I should get comments on the plugin API first.\n> \n> You can merge this Pull Request by running:\n> \n>   git pull https://github.com/dhozac/ansible module_args-argument\n> Or view, comment on, or merge it at:\n> \n>   https://github.com/ansible/ansible/pull/1068\n> \n> Commit Summary\n> \n> Pass module arguments as argument instead of keeping it in runner\n> File Changes\n> \n> M lib/ansible/runner/**init**.py (45)\n> M lib/ansible/runner/action_plugins/assemble.py (4)\n> M lib/ansible/runner/action_plugins/async.py (3)\n> M lib/ansible/runner/action_plugins/copy.py (8)\n> M lib/ansible/runner/action_plugins/fetch.py (4)\n> M lib/ansible/runner/action_plugins/normal.py (8)\n> M lib/ansible/runner/action_plugins/raw.py (4)\n> M lib/ansible/runner/action_plugins/template.py (8)\n> Patch Links\n> \n> https://github.com/ansible/ansible/pull/1068.patch\n> https://github.com/ansible/ansible/pull/1068.diff\n> —\n> Reply to this email directly or view it on GitHub.\n"
    },
    {
      "author_login": "dhozac",
      "body": "Okay, I have rebased this on top of devel, and I've also fixed some issues I found with daisychaining. As far as I can tell, this now works as intended.\n"
    },
    {
      "author_login": "mpdehaan",
      "body": "Definitely much much cleaner too, merged, thanks!\n"
    },
    {
      "author_login": "mpdehaan",
      "body": "(manually merged, pushed)\n"
    }
  ],
  "reviews": []
}