{
  "pr_number": 11623,
  "url": "https://github.com/ansible/ansible/pull/11623",
  "title": "hacking/test-module updated to use new loader",
  "author_login": "halberom",
  "state": "MERGED",
  "merged_by_login": "bcoca",
  "body": "associated with #11619 \n\nsuccessfully runs through with more complex module and args either directly\n\n```\n$  hacking/test-module -m ~/dev/ansible-modules-core/cloud/amazon/ec2.py -a '{ \"region\":\"eu-west-1\", \"key_name\":\"ec2\", \"image\":\"ami-3c5f5748\"}'\n* including generated source, if any, saving to: /Users/glynch/.ansible_module_generated\n* this may offset any line numbers in tracebacks/debuggers!\n***********************************\nRAW OUTPUT\n{\"instances\": [{\"kernel\": \"aki-71665e05\", \"root_device_type\": \"ebs\", \"private_dns_name\": \"\", \"public_ip\": null, \"private_ip\": null, \"id\": \"i-445f79e9\", \"ebs_optimized\": false, \"state\": \"pending\", \"virtualization_type\": \"paravirtual\", \"architecture\": \"x86_64\", \"ramdisk\": null, \"tags\": {}, \"key_name\": \"ec2\", \"block_device_mapping\": {}, \"image_id\": \"ami-3c5f5748\", \"tenancy\": \"default\", \"groups\": {\"sg-5aa27b2d\": \"default\"}, \"public_dns_name\": \"\", \"state_code\": 0, \"placement\": \"eu-west-1a\", \"ami_launch_index\": \"0\", \"dns_name\": \"\", \"region\": \"eu-west-1\", \"launch_time\": \"2015-07-17T10:41:29.000Z\", \"instance_type\": \"m1.small\", \"root_device_name\": \"/dev/sda1\", \"hypervisor\": \"xen\"}], \"changed\": true, \"tagged_instances\": [], \"instance_ids\": [\"i-445f79e9\"]}\n\n\n***********************************\nPARSED OUTPUT\n{\n    \"changed\": true, \n    \"instance_ids\": [\n        \"i-445f79e9\"\n    ], \n    \"instances\": [\n        {\n            \"ami_launch_index\": \"0\", \n            \"architecture\": \"x86_64\", \n            \"block_device_mapping\": {}, \n            \"dns_name\": \"\", \n            \"ebs_optimized\": false, \n            \"groups\": {\n                \"sg-5aa27b2d\": \"default\"\n            }, \n            \"hypervisor\": \"xen\", \n            \"id\": \"i-445f79e9\", \n            \"image_id\": \"ami-3c5f5748\", \n            \"instance_type\": \"m1.small\", \n            \"kernel\": \"aki-71665e05\", \n            \"key_name\": \"ec2\", \n            \"launch_time\": \"2015-07-17T10:41:29.000Z\", \n            \"placement\": \"eu-west-1a\", \n            \"private_dns_name\": \"\", \n            \"private_ip\": null, \n            \"public_dns_name\": \"\", \n            \"public_ip\": null, \n            \"ramdisk\": null, \n            \"region\": \"eu-west-1\", \n            \"root_device_name\": \"/dev/sda1\", \n            \"root_device_type\": \"ebs\", \n            \"state\": \"pending\", \n            \"state_code\": 0, \n            \"tags\": {}, \n            \"tenancy\": \"default\", \n            \"virtualization_type\": \"paravirtual\"\n        }\n    ], \n    \"tagged_instances\": []\n}\n```\n\nor from a file\n\n```\n$ cat /tmp/test.json\n{ \"region\":\"eu-west-1\", \"key_name\":\"ec2\", \"image\":\"ami-3c5f5748\"}\n$  hacking/test-module -m ~/dev/ansible-modules-core/cloud/amazon/ec2.py -a '@/tmp/test.json'\n* including generated source, if any, saving to: /Users/glynch/.ansible_module_generated\n* this may offset any line numbers in tracebacks/debuggers!\n***********************************\nRAW OUTPUT\n{\"instances\": [{\"kernel\": \"aki-71665e05\", \"root_device_type\": \"ebs\", \"private_dns_name\": \"\", \"public_ip\": null, \"private_ip\": null, \"id\": \"i-3e5b7d93\", \"ebs_optimized\": false, \"state\": \"pending\", \"virtualization_type\": \"paravirtual\", \"architecture\": \"x86_64\", \"ramdisk\": null, \"tags\": {}, \"key_name\": \"ec2\", \"block_device_mapping\": {}, \"image_id\": \"ami-3c5f5748\", \"tenancy\": \"default\", \"groups\": {\"sg-5aa27b2d\": \"default\"}, \"public_dns_name\": \"\", \"state_code\": 0, \"placement\": \"eu-west-1a\", \"ami_launch_index\": \"0\", \"dns_name\": \"\", \"region\": \"eu-west-1\", \"launch_time\": \"2015-07-17T10:48:02.000Z\", \"instance_type\": \"m1.small\", \"root_device_name\": \"/dev/sda1\", \"hypervisor\": \"xen\"}], \"changed\": true, \"tagged_instances\": [], \"instance_ids\": [\"i-3e5b7d93\"]}\n\n\n***********************************\nPARSED OUTPUT\n{\n    \"changed\": true, \n    \"instance_ids\": [\n        \"i-3e5b7d93\"\n    ], \n    \"instances\": [\n        {\n            \"ami_launch_index\": \"0\", \n            \"architecture\": \"x86_64\", \n            \"block_device_mapping\": {}, \n            \"dns_name\": \"\", \n            \"ebs_optimized\": false, \n            \"groups\": {\n                \"sg-5aa27b2d\": \"default\"\n            }, \n            \"hypervisor\": \"xen\", \n            \"id\": \"i-3e5b7d93\", \n            \"image_id\": \"ami-3c5f5748\", \n            \"instance_type\": \"m1.small\", \n            \"kernel\": \"aki-71665e05\", \n            \"key_name\": \"ec2\", \n            \"launch_time\": \"2015-07-17T10:48:02.000Z\", \n            \"placement\": \"eu-west-1a\", \n            \"private_dns_name\": \"\", \n            \"private_ip\": null, \n            \"public_dns_name\": \"\", \n            \"public_ip\": null, \n            \"ramdisk\": null, \n            \"region\": \"eu-west-1\", \n            \"root_device_name\": \"/dev/sda1\", \n            \"root_device_type\": \"ebs\", \n            \"state\": \"pending\", \n            \"state_code\": 0, \n            \"tags\": {}, \n            \"tenancy\": \"default\", \n            \"virtualization_type\": \"paravirtual\"\n        }\n    ], \n    \"tagged_instances\": []\n}\n```\n",
  "labels": [
    "bug"
  ],
  "additions": 5,
  "deletions": 3,
  "changed_files_count": 1,
  "changed_files_list": [
    "hacking/test-module"
  ],
  "files": [
    {
      "file_path": "hacking/test-module",
      "status": "modified",
      "additions": 5,
      "deletions": 3,
      "file_diff": "diff --git a/hacking/test-module b/hacking/test-module\nindex 0cbddf60735d06..daa6edf6e2e8c0 100755\n--- a/hacking/test-module\n+++ b/hacking/test-module\n@@ -34,7 +34,8 @@ import os\n import subprocess\n import traceback\n import optparse\n-import ansible.utils as utils\n+import ansible.utils.vars as utils_vars\n+from ansible.parsing import DataLoader\n from ansible.parsing.utils.jsonify import jsonify\n from ansible.parsing.splitter import parse_kv\n import ansible.executor.module_common as module_common\n@@ -91,17 +92,18 @@ def boilerplate_module(modfile, args, interpreter, check):\n     #module_fh.close()\n \n     #replacer = module_common.ModuleReplacer()\n+    loader = DataLoader()\n \n     #included_boilerplate = module_data.find(module_common.REPLACER) != -1 or module_data.find(\"import ansible.module_utils\") != -1\n \n     complex_args = {}\n     if args.startswith(\"@\"):\n         # Argument is a YAML file (JSON is a subset of YAML)\n-        complex_args = utils.combine_vars(complex_args, utils.parse_yaml_from_file(args[1:]))\n+        complex_args = utils_vars.combine_vars(complex_args, loader.load_from_file(args[1:]))\n         args=''\n     elif args.startswith(\"{\"):\n         # Argument is a YAML document (not a file)\n-        complex_args = utils.combine_vars(complex_args, utils.parse_yaml(args))\n+        complex_args = utils_vars.combine_vars(complex_args, loader.load(args))\n         args=''\n \n     inject = {}\n"
    }
  ],
  "comments": [],
  "reviews": []
}