{
  "pr_number": 10029,
  "url": "https://github.com/ansible/ansible/pull/10029",
  "title": "Add filter to turn a string into a UUID",
  "author_login": "gaqzi",
  "state": "MERGED",
  "merged_by_login": "bcoca",
  "body": "This filter was made because I needed to create idempotent UUIDs when\ninstalling the agent for Go (http://go.cd), which uses UUIds to\ndistinguish the agents from each other.\n\nThe filter doesn't do anything special when the string is empty, would this be a good idea to add an assert for?\n\nI hope this would be useful for inclusion in core. :)\n",
  "labels": [
    "feature"
  ],
  "additions": 18,
  "deletions": 0,
  "changed_files_count": 3,
  "changed_files_list": [
    "ansible/runner/filter_plugins/core.py b/lib/ansible/runner/filter_plugins/core.py",
    "test/units/TestFilters.py"
  ],
  "files": [
    {
      "file_path": "ansible/runner/filter_plugins/core.py b/lib/ansible/runner/filter_plugins/core.py",
      "status": "modified",
      "additions": 9,
      "deletions": 0,
      "file_diff": "diff --git a/lib/ansible/runner/filter_plugins/core.py b/lib/ansible/runner/filter_plugins/core.py\nindex 98e9d0ef42143a..9330bbc5391fc4 100644\n--- a/lib/ansible/runner/filter_plugins/core.py\n+++ b/lib/ansible/runner/filter_plugins/core.py\n@@ -29,6 +29,7 @@\n import string\n import operator as py_operator\n from random import SystemRandom, shuffle\n+import uuid\n \n import yaml\n from jinja2.filters import environmentfilter\n@@ -38,6 +39,9 @@\n from ansible.utils import md5s, checksum_s\n \n \n+UUID_NAMESPACE_ANSIBLE = uuid.UUID('361E6D51-FAEC-444A-9079-341386DA8E2E')\n+\n+\n def to_nice_yaml(*a, **kw):\n     '''Make verbose, human readable yaml'''\n     return yaml.safe_dump(*a, indent=4, allow_unicode=True, default_flow_style=False, **kw)\n@@ -297,6 +301,8 @@ def get_encrypted_password(password, hashtype='sha512', salt=None):\n \n     return None\n \n+def to_uuid(string):\n+    return str(uuid.uuid5(UUID_NAMESPACE_ANSIBLE, str(string)))\n \n class FilterModule(object):\n     ''' Ansible core jinja2 filters '''\n@@ -307,6 +313,9 @@ def filters(self):\n             'b64decode': base64.b64decode,\n             'b64encode': base64.b64encode,\n \n+            # uuid\n+            'to_uuid': to_uuid,\n+\n             # json\n             'to_json': to_json,\n             'to_nice_json': to_nice_json,"
    },
    {
      "file_path": "test/units/TestFilters.py",
      "status": "modified",
      "additions": 5,
      "deletions": 0,
      "file_diff": "diff --git a/test/units/TestFilters.py b/test/units/TestFilters.py\nindex 7d921a7e375f22..d15147b098235b 100644\n--- a/test/units/TestFilters.py\n+++ b/test/units/TestFilters.py\n@@ -131,6 +131,11 @@ def test_regex_replace_no_match(self):\n                                                       'a\\\\1')\n         assert a == 'ansible'\n \n+    def test_to_uuid(self):\n+        a = ansible.runner.filter_plugins.core.to_uuid('example.com')\n+\n+        assert a == 'ae780c3a-a3ab-53c2-bfb4-098da300b3fe'\n+\n     #def test_filters(self):\n \n         # this test is pretty low level using a playbook, hence I am disabling it for now -- MPD.\n"
    }
  ],
  "comments": [
    {
      "author_login": "sivel",
      "body": "I'd recommend a few changes. Such as not naming the function or the filter `uuid`, but perhaps name it something more specific to its function since the uuid provided functions all do something different and the namespace you chose is specifically for FQDN hostnames.\n"
    },
    {
      "author_login": "gaqzi",
      "body": "@sivel: What do you think of me doing this:\n\n1) Create an Ansible namespace and use that (it's just a UUID anyway)\n2) Rename `uuid` to `uuid_from_string` ?\n"
    },
    {
      "author_login": "bcoca",
      "body": "to_uuid?\n"
    },
    {
      "author_login": "gaqzi",
      "body": "`to_uuid` is a lot clearer, and to the point, thanks @bcoca. I've updated the pull request to use `to_uuid` instead. I've also created an Ansible UUID namespace that is now used instead of the DNS namespace.\n"
    },
    {
      "author_login": "bcoca",
      "body": "this is adding the recently remove sha1 doc\n",
      "file_path": "docsite/rst/playbooks_variables.rst",
      "diff_hunk": "@@ -409,6 +409,16 @@ To work with Base64 encoded strings::\n     {{ encoded | b64decode }}\n     {{ decoded | b64encode }}\n ",
      "comment_type": "review_comment"
    },
    {
      "author_login": "gaqzi",
      "body": "oops, sorry about that, unsuccessful merge rebase on my end. Fixed now!\n\nAlso noticed the format for when a filter was introduced is added in the docs, so updated to match that. :)\n",
      "file_path": "docsite/rst/playbooks_variables.rst",
      "diff_hunk": "@@ -409,6 +409,16 @@ To work with Base64 encoded strings::\n     {{ encoded | b64decode }}\n     {{ decoded | b64encode }}\n ",
      "comment_type": "review_comment"
    }
  ],
  "reviews": []
}