{
  "pr_number": 10857,
  "url": "https://github.com/ansible/ansible/pull/10857",
  "title": "Add test for https://github.com/ansible/ansible/issues/9851",
  "author_login": "jeffb-stell",
  "state": "MERGED",
  "merged_by_login": "bcoca",
  "body": "A test case for https://github.com/ansible/ansible/issues/9851\n\nI don't have a solution for the filter problem to commit\n",
  "labels": [
    "feature"
  ],
  "additions": 22,
  "deletions": 0,
  "changed_files_count": 2,
  "changed_files_list": [
    "test/integration/roles/test_filters/tasks/main.yml"
  ],
  "files": [
    {
      "file_path": "test/integration/roles/test_filters/tasks/main.yml",
      "status": "modified",
      "additions": 19,
      "deletions": 0,
      "file_diff": "diff --git a/test/integration/roles/test_filters/tasks/main.yml b/test/integration/roles/test_filters/tasks/main.yml\nindex 3d1ee322e30e96..c4872b50375981 100644\n--- a/test/integration/roles/test_filters/tasks/main.yml\n+++ b/test/integration/roles/test_filters/tasks/main.yml\n@@ -25,6 +25,25 @@\n - name: Verify that we workaround a py26 json bug\n   template: src=py26json.j2 dest={{output_dir}}/py26json.templated mode=0644\n \n+- name: 9851 - Verify that we don't trigger https://github.com/ansible/ansible/issues/9851\n+  copy:\n+    content: \" [{{item|to_nice_json}}]\"\n+    dest: \"{{output_dir}}/9851.out\"\n+  with_items:\n+  - {\"k\": \"Quotes \\\"'\\n\"}\n+\n+- name: 9851 - copy known good output into place\n+  copy: src=9851.txt dest={{output_dir}}/9851.txt\n+\n+- name: 9851 - Compare generated json to known good\n+  shell: diff {{output_dir}}/9851.out {{output_dir}}/9851.txt\n+  register: 9851_diff_result\n+\n+- name: 9851 - verify generated file matches known good\n+  assert:  \n+    that: \n+        - '9851_diff_result.stdout == \"\"' \n+\n - name: fill in a basic template\n   template: src=foo.j2 dest={{output_dir}}/foo.templated mode=0644\n   register: template_result\n"
    }
  ],
  "comments": [
    {
      "author_login": "amenonsen",
      "body": "Just a note to say that #9851 is fixed in devel. It may be a good idea to include the test too.\n"
    }
  ],
  "reviews": []
}