{
  "pr_number": 11576,
  "url": "https://github.com/ansible/ansible/pull/11576",
  "title": "Do not combine group_vars with an empty file",
  "author_login": "srgvg",
  "state": "MERGED",
  "merged_by_login": "bcoca",
  "body": "This addresses a specific case with multiple vars files\nin a group_vars/${groupname}/ directory where one of those files\nis empty, which returns None instead of an empty dict.\n\nThis then triggers an error in the combine_vars utility function.\n",
  "labels": [
    "P2",
    "bug"
  ],
  "additions": 2,
  "deletions": 1,
  "changed_files_count": 1,
  "changed_files_list": [
    "ansible/vars/__init__.py b/lib/ansible/vars/__init__.py"
  ],
  "files": [
    {
      "file_path": "ansible/vars/__init__.py b/lib/ansible/vars/__init__.py",
      "status": "modified",
      "additions": 2,
      "deletions": 1,
      "file_diff": "diff --git a/lib/ansible/vars/__init__.py b/lib/ansible/vars/__init__.py\nindex 13c9cc8f08baac..96313ef4f4326b 100644\n--- a/lib/ansible/vars/__init__.py\n+++ b/lib/ansible/vars/__init__.py\n@@ -308,7 +308,8 @@ def _load_inventory_file(self, path, loader):\n             paths = [os.path.join(path, name) for name in names if not name.startswith('.')]\n             for p in paths:\n                 _found, results = self._load_inventory_file(path=p, loader=loader)\n-                data = self._combine_vars(data, results)\n+                if results is not None:\n+                    data = self._combine_vars(data, results)\n \n         else:\n             file_name, ext = os.path.splitext(path)\n"
    }
  ],
  "comments": [
    {
      "author_login": "srgvg",
      "body": "partly discussed with @jimi-c \n"
    }
  ],
  "reviews": []
}