{
  "pr_number": 10427,
  "url": "https://github.com/ansible/ansible/pull/10427",
  "title": "Typo: lead --> led",
  "author_login": "jeffwidman",
  "state": "MERGED",
  "merged_by_login": "bcoca",
  "body": "",
  "labels": [
    "docs"
  ],
  "additions": 1,
  "deletions": 1,
  "changed_files_count": 1,
  "changed_files_list": [
    "docsite/rst/intro_dynamic_inventory.rst"
  ],
  "files": [
    {
      "file_path": "docsite/rst/intro_dynamic_inventory.rst",
      "status": "modified",
      "additions": 1,
      "deletions": 1,
      "file_diff": "diff --git a/docsite/rst/intro_dynamic_inventory.rst b/docsite/rst/intro_dynamic_inventory.rst\nindex ddb452e7756779..6734efca1905d4 100644\n--- a/docsite/rst/intro_dynamic_inventory.rst\n+++ b/docsite/rst/intro_dynamic_inventory.rst\n@@ -24,7 +24,7 @@ For information about writing your own dynamic inventory source, see :doc:`devel\n Example: The Cobbler External Inventory Script\n ``````````````````````````````````````````````\n \n-It is expected that many Ansible users with a reasonable amount of physical hardware may also be `Cobbler <http://cobbler.github.com>`_ users.  (note: Cobbler was originally written by Michael DeHaan and is now lead by James Cammarata, who also works for Ansible, Inc).\n+It is expected that many Ansible users with a reasonable amount of physical hardware may also be `Cobbler <http://cobbler.github.com>`_ users.  (note: Cobbler was originally written by Michael DeHaan and is now led by James Cammarata, who also works for Ansible, Inc).\n \n While primarily used to kickoff OS installations and manage DHCP and DNS, Cobbler has a generic\n layer that allows it to represent data for multiple configuration management systems (even at the same time), and has\n"
    }
  ],
  "comments": [],
  "reviews": []
}