{
  "pr_number": 11609,
  "url": "https://github.com/ansible/ansible/pull/11609",
  "title": "Fix #11369 A result is skipped when all it's children are skipped. Th…",
  "author_login": "ofpiyush",
  "state": "MERGED",
  "merged_by_login": "jimi-c",
  "body": "…is makes it fundamentally different from a result that was changed/failed/unreachable\n",
  "labels": [],
  "additions": 8,
  "deletions": 1,
  "changed_files_count": 1,
  "changed_files_list": [
    "ansible/executor/task_result.py b/lib/ansible/executor/task_result.py"
  ],
  "files": [
    {
      "file_path": "ansible/executor/task_result.py b/lib/ansible/executor/task_result.py",
      "status": "modified",
      "additions": 8,
      "deletions": 1,
      "file_diff": "diff --git a/lib/ansible/executor/task_result.py b/lib/ansible/executor/task_result.py\nindex ad209a036cd998..d633f20736be45 100644\n--- a/lib/ansible/executor/task_result.py\n+++ b/lib/ansible/executor/task_result.py\n@@ -40,7 +40,14 @@ def is_changed(self):\n         return self._check_key('changed')\n \n     def is_skipped(self):\n-        return self._check_key('skipped')\n+        if 'results' in self._result:\n+            flag = True\n+            for res in self._result.get('results', []):\n+                if isinstance(res, dict):\n+                    flag &= res.get('skipped', False)\n+            return flag\n+        else:\n+            return self._result.get('skipped', False)\n \n     def is_failed(self):\n         if 'failed_when_result' in self._result or \\\n"
    }
  ],
  "comments": [
    {
      "author_login": "sheldonh",
      "body": "Fixes #11369.\n"
    },
    {
      "author_login": "jimi-c",
      "body": "Merged, thanks!\n"
    }
  ],
  "reviews": []
}