{
  "pr_number": 10563,
  "url": "https://github.com/ansible/ansible/pull/10563",
  "title": "egg_info is now written directly to lib",
  "author_login": "sivel",
  "state": "MERGED",
  "merged_by_login": "bcoca",
  "body": "Due to the changes made in  https://github.com/ansible/ansible/commit/597c0f48f53067fa6bce785b86d934d903dd4d1d `ansible.egg_info` is now directly written to `lib`.\n\nAs a result, the directory is written, removed, and then the `mv` fails.\n\nThis PR, moves the `python setup.py egg_info` after the removal, and eliminates the `mv`.\n",
  "labels": [
    "bug"
  ],
  "additions": 1,
  "deletions": 2,
  "changed_files_count": 1,
  "changed_files_list": [
    "hacking/env-setup"
  ],
  "files": [
    {
      "file_path": "hacking/env-setup",
      "status": "modified",
      "additions": 1,
      "deletions": 2,
      "file_diff": "diff --git a/hacking/env-setup b/hacking/env-setup\nindex f52c91a8b9cf8c..49390dfe5e0964 100644\n--- a/hacking/env-setup\n+++ b/hacking/env-setup\n@@ -42,11 +42,10 @@ expr \"$MANPATH\" : \"${PREFIX_MANPATH}.*\" > /dev/null || export MANPATH=\"$PREFIX_M\n # Do the work in a function so we don't repeat ourselves later\n gen_egg_info()\n {\n-    python setup.py egg_info\n     if [ -e \"$PREFIX_PYTHONPATH/ansible.egg-info\" ] ; then\n         rm -r \"$PREFIX_PYTHONPATH/ansible.egg-info\"\n     fi\n-    mv \"ansible.egg-info\" \"$PREFIX_PYTHONPATH\"\n+    python setup.py egg_info\n }\n \n if [ \"$ANSIBLE_HOME\" != \"$PWD\" ] ; then\n"
    }
  ],
  "comments": [],
  "reviews": []
}