{
  "pr_number": 11058,
  "url": "https://github.com/ansible/ansible/pull/11058",
  "title": "limit extensions for files in group/host_vars dir",
  "author_login": "srgvg",
  "state": "MERGED",
  "merged_by_login": "bcoca",
  "body": "inventory vars: make loading from a directory obey the same rules as\nwhen checking the base paths, looking at the file name extensions\nas defined in CONSTANTS.YAML_FILENAME_EXTENSIONS\n\nFixes #11017\n",
  "labels": [
    "bug"
  ],
  "additions": 21,
  "deletions": 2,
  "changed_files_count": 6,
  "changed_files_list": [
    "test/units/TestInventory.py",
    "test/units/inventory_test_data/group_vars/noparse/all.yml~",
    "test/units/inventory_test_data/group_vars/noparse/file.txt",
    "test/units/inventory_test_data/group_vars/parse/all.yml",
    "test/units/inventory_test_data/simple_hosts"
  ],
  "files": [
    {
      "file_path": "test/units/TestInventory.py",
      "status": "modified",
      "additions": 6,
      "deletions": 1,
      "file_diff": "diff --git a/test/units/TestInventory.py b/test/units/TestInventory.py\nindex dc3a0ce6d6edce..b4bee4300ef4d5 100644\n--- a/test/units/TestInventory.py\n+++ b/test/units/TestInventory.py\n@@ -56,7 +56,7 @@ def dir_inventory(self):\n             'thrudgelmir0', 'thrudgelmir1', 'thrudgelmir2',\n             'thrudgelmir3', 'thrudgelmir4', 'thrudgelmir5',\n             'Hotep-a', 'Hotep-b', 'Hotep-c',\n-            'BastC', 'BastD', 'neptun', ]\n+            'BastC', 'BastD', 'neptun', 'goldorak', ]\n \n     #####################################\n     ### Empty inventory format tests\n@@ -222,6 +222,11 @@ def test_subset_filename(self):\n         inventory.subset('@' + os.path.join(self.test_dir, 'restrict_pattern'))\n         self.assertEqual(sorted(inventory.list_hosts()),  sorted(['thor','odin']))\n \n+    def test_vars_yaml_extension(self):\n+        inventory = self.simple_inventory()\n+        vars = inventory.get_variables('goldorak')\n+        assert vars['YAML_FILENAME_EXTENSIONS_TEST']\n+\n     @raises(errors.AnsibleError)\n     def testinvalid_entry(self):\n        Inventory('1234')"
    },
    {
      "file_path": "test/units/inventory_test_data/group_vars/noparse/all.yml~",
      "status": "added",
      "additions": 2,
      "deletions": 0,
      "file_diff": "diff --git a/test/units/inventory_test_data/group_vars/noparse/all.yml~ b/test/units/inventory_test_data/group_vars/noparse/all.yml~\nnew file mode 100644\nindex 00000000000000..6f52f114b13b34\n--- /dev/null\n+++ b/test/units/inventory_test_data/group_vars/noparse/all.yml~\n@@ -0,0 +1,2 @@\n+---\n+YAML_FILENAME_EXTENSIONS_TEST: False"
    },
    {
      "file_path": "test/units/inventory_test_data/group_vars/noparse/file.txt",
      "status": "added",
      "additions": 2,
      "deletions": 0,
      "file_diff": "diff --git a/test/units/inventory_test_data/group_vars/noparse/file.txt b/test/units/inventory_test_data/group_vars/noparse/file.txt\nnew file mode 100644\nindex 00000000000000..6f52f114b13b34\n--- /dev/null\n+++ b/test/units/inventory_test_data/group_vars/noparse/file.txt\n@@ -0,0 +1,2 @@\n+---\n+YAML_FILENAME_EXTENSIONS_TEST: False"
    },
    {
      "file_path": "test/units/inventory_test_data/group_vars/parse/all.yml",
      "status": "added",
      "additions": 2,
      "deletions": 0,
      "file_diff": "diff --git a/test/units/inventory_test_data/group_vars/parse/all.yml b/test/units/inventory_test_data/group_vars/parse/all.yml\nnew file mode 100644\nindex 00000000000000..8687c86c7c38a3\n--- /dev/null\n+++ b/test/units/inventory_test_data/group_vars/parse/all.yml\n@@ -0,0 +1,2 @@\n+---\n+YAML_FILENAME_EXTENSIONS_TEST: True"
    },
    {
      "file_path": "test/units/inventory_test_data/simple_hosts",
      "status": "modified",
      "additions": 6,
      "deletions": 0,
      "file_diff": "diff --git a/test/units/inventory_test_data/simple_hosts b/test/units/inventory_test_data/simple_hosts\nindex 4625b3dbabe97a..08c62b45376836 100644\n--- a/test/units/inventory_test_data/simple_hosts\n+++ b/test/units/inventory_test_data/simple_hosts\n@@ -20,3 +20,9 @@ Bast[C:D]\n \n [auth]\n neptun auth=\"YWRtaW46YWRtaW4=\"\n+\n+[parse:children]\n+noparse\n+\n+[noparse]\n+goldorak\n"
    }
  ],
  "comments": [
    {
      "author_login": "bcoca",
      "body": "would -1 not be better as the array index, JIC someone names.their.files.yml this way.\n",
      "file_path": "lib/ansible/utils/__init__.py",
      "diff_hunk": "@@ -1617,7 +1617,9 @@ def _load_vars_from_folder(folder_path, results, vault_password=None):\n     names.sort()\n \n     # do not parse hidden files or dirs, e.g. .svn/\n-    paths = [os.path.join(folder_path, name) for name in names if not name.startswith('.')]\n+    paths = [os.path.join(folder_path, name) for name in names\n+            if not name.startswith('.')\n+            and os.path.splitext(name)[1] in C.YAML_FILENAME_EXTENSIONS]",
      "comment_type": "review_comment"
    },
    {
      "author_login": "srgvg",
      "body": "This is `os.path.splitext` which always returns 2 items. So [1] and [-1] would always be the same.\n\nhttps://docs.python.org/2/library/os.path.html#os.path.splitext\nSplit the pathname path into a pair (root, ext) such that root + ext == path, and ext is empty or begins with a period and contains at most one period. Leading periods on the basename are ignored; splitext('.cshrc') returns ('.cshrc', '').\n\n```\nIn [1]: import os\n\nIn [2]: os.path.splitext('names.their.files.yml')\nOut[2]: ('names.their.files', '.yml')\n```\n",
      "file_path": "lib/ansible/utils/__init__.py",
      "diff_hunk": "@@ -1617,7 +1617,9 @@ def _load_vars_from_folder(folder_path, results, vault_password=None):\n     names.sort()\n \n     # do not parse hidden files or dirs, e.g. .svn/\n-    paths = [os.path.join(folder_path, name) for name in names if not name.startswith('.')]\n+    paths = [os.path.join(folder_path, name) for name in names\n+            if not name.startswith('.')\n+            and os.path.splitext(name)[1] in C.YAML_FILENAME_EXTENSIONS]",
      "comment_type": "review_comment"
    }
  ],
  "reviews": []
}