{
  "pr_number": 1021,
  "url": "https://github.com/ansible/ansible/pull/1021",
  "title": "Have ansible respect private_key_file option",
  "author_login": "lorin",
  "state": "MERGED",
  "merged_by_login": "mpdehaan",
  "body": "The ansible command-line tool was ignoring the private_key_file option. This patch passes it as the default value if not overridden by command-line argument.\n\nAlso fixes a typo in the comment of the example ansible.cfg file.\n",
  "labels": [],
  "additions": 3,
  "deletions": 3,
  "changed_files_count": 2,
  "changed_files_list": [
    "ansible/utils.py b/lib/ansible/utils.py"
  ],
  "files": [
    {
      "file_path": "ansible/utils.py b/lib/ansible/utils.py",
      "status": "modified",
      "additions": 1,
      "deletions": 1,
      "file_diff": "diff --git a/lib/ansible/utils.py b/lib/ansible/utils.py\nindex 20dfea3c87bbcb..107d7061f92ff2 100644\n--- a/lib/ansible/utils.py\n+++ b/lib/ansible/utils.py\n@@ -394,7 +394,7 @@ def base_parser(constants=C, usage=\"\", output_opts=False, runas_opts=False,\n         default=constants.DEFAULT_HOST_LIST)\n     parser.add_option('-k', '--ask-pass', default=False, dest='ask_pass', action='store_true',\n         help='ask for SSH password')\n-    parser.add_option('--private-key', default=None, dest='private_key_file',\n+    parser.add_option('--private-key', default=C.DEFAULT_PRIVATE_KEY_FILE, dest='private_key_file',\n         help='use this file to authenticate the connection')\n     parser.add_option('-K', '--ask-sudo-pass', default=False, dest='ask_sudo_pass', action='store_true',\n         help='ask for sudo password')\n"
    }
  ],
  "comments": [
    {
      "author_login": "lorin",
      "body": "Note: I was thrown off by the fact that the Runner.**init** method sets C.DEFAULT_PRIVATE_KEY_FILE as a default argument, but it's never used because that argument is set explicitly by the caller.\n"
    },
    {
      "author_login": "mpdehaan",
      "body": "merged, thanks\n"
    }
  ],
  "reviews": []
}