{
  "pr_number": 103,
  "url": "https://github.com/ansible/ansible/pull/103",
  "title": "Remove shebang from callbacks.py",
  "author_login": "jeckersb",
  "state": "MERGED",
  "merged_by_login": "mpdehaan",
  "body": "It is not +x, and has no **main**.  It draws ire of rpmlint.\n",
  "labels": [],
  "additions": 0,
  "deletions": 1,
  "changed_files_count": 1,
  "changed_files_list": [
    "ansible/callbacks.py b/lib/ansible/callbacks.py"
  ],
  "files": [
    {
      "file_path": "ansible/callbacks.py b/lib/ansible/callbacks.py",
      "status": "modified",
      "additions": 0,
      "deletions": 1,
      "file_diff": "diff --git a/lib/ansible/callbacks.py b/lib/ansible/callbacks.py\nindex fe2c8f4b1bded4..df78cd912d63b8 100755\n--- a/lib/ansible/callbacks.py\n+++ b/lib/ansible/callbacks.py\n@@ -1,4 +1,3 @@\n-#!/usr/bin/python -tt\n # (C) 2012, Michael DeHaan, <michael.dehaan@gmail.com>\n \n # This file is part of Ansible\n"
    }
  ],
  "comments": [],
  "reviews": []
}