{
  "pr_number": 10802,
  "url": "https://github.com/ansible/ansible/pull/10802",
  "title": "Python 3 compatible `except` statment",
  "author_login": "pahaz",
  "state": "MERGED",
  "merged_by_login": "bcoca",
  "body": "",
  "labels": [
    "bug"
  ],
  "additions": 1,
  "deletions": 1,
  "changed_files_count": 1,
  "changed_files_list": [
    "v2/ansible/executor/task_queue_manager.py"
  ],
  "files": [
    {
      "file_path": "v2/ansible/executor/task_queue_manager.py",
      "status": "modified",
      "additions": 1,
      "deletions": 1,
      "file_diff": "diff --git a/v2/ansible/executor/task_queue_manager.py b/v2/ansible/executor/task_queue_manager.py\nindex a1fa01e1865f98..a5c2920aec5e88 100644\n--- a/v2/ansible/executor/task_queue_manager.py\n+++ b/v2/ansible/executor/task_queue_manager.py\n@@ -92,7 +92,7 @@ def __init__(self, inventory, callback, variable_manager, loader, display, optio\n             if fileno is not None:\n                 try:\n                     new_stdin = os.fdopen(os.dup(fileno))\n-                except OSError, e:\n+                except OSError:\n                     # couldn't dupe stdin, most likely because it's\n                     # not a valid file descriptor, so we just rely on\n                     # using the one that was passed in\n"
    }
  ],
  "comments": [],
  "reviews": []
}