{
  "pr_number": 10524,
  "url": "https://github.com/ansible/ansible/pull/10524",
  "title": "Added installation instructions for Arch Linux.",
  "author_login": "TwoD",
  "state": "MERGED",
  "merged_by_login": "bcoca",
  "body": "Hi, thought I'd make a small contribution to the documentation.\nI've built the docs and it looks good but I'd be happy to make any adjustments if deemed necessary.\n\nCheers,\nHenrik\n",
  "labels": [
    "docs"
  ],
  "additions": 18,
  "deletions": 0,
  "changed_files_count": 1,
  "changed_files_list": [
    "docsite/rst/intro_installation.rst"
  ],
  "files": [
    {
      "file_path": "docsite/rst/intro_installation.rst",
      "status": "modified",
      "additions": 17,
      "deletions": 0,
      "file_diff": "diff --git a/docsite/rst/intro_installation.rst b/docsite/rst/intro_installation.rst\nindex 303880cac11f84..c6148e5b64170f 100644\n--- a/docsite/rst/intro_installation.rst\n+++ b/docsite/rst/intro_installation.rst\n@@ -261,6 +261,24 @@ Ansible is available for Solaris as `SysV package from OpenCSW <https://www.open\n     # pkgadd -d http://get.opencsw.org/now\n     # /opt/csw/bin/pkgutil -i ansible\n \n+.. _from_pacman:\n+\n+Latest Releases Via Pacman (Arch Linux)\n++++++++++++++++++++++++++++++++++++++++\n+\n+Ansible is available in the Community repository::\n+\n+    $ pacman -S ansible\n+\n+The AUR has a PKGBUILD for pulling directly from Github called `ansible-git <https://aur.archlinux.org/packages/ansible-git>`_.\n+\n+Also see the `Ansible <https://wiki.archlinux.org/index.php/Ansible>`_ page on the ArchWiki.\n+\n+.. note::\n+\n+   If you have Python 3 as a default Python slot on your Arch nodes (default setting), then you\n+   must set ``ansible_python_interpreter = /usr/bin/python2`` in your group or inventory variables.\n+\n .. _from_pip:\n \n Latest Releases Via Pip\n"
    }
  ],
  "comments": [
    {
      "author_login": "bcoca",
      "body": "We might want to add a note about ansible_python_interpreter for localhost on archlinux.\n"
    },
    {
      "author_login": "amenonsen",
      "body": "The change looks good, and the URL it links to is still valid. It can be merged. I don't know where Python lives on ArchLinux, so I can't say what we should say about ansible_python_interpreter, if anything. @bcoca?\n"
    },
    {
      "author_login": "jody-frankowski",
      "body": "@bcoca @amenonsen On archlinux, from the official packages, python is installed in /usr/bin as:\n/usr/bin/python -> python3\n/usr/bin/python2 -> python2.7\n"
    },
    {
      "author_login": "amenonsen",
      "body": "So we should recommend setting `ansible_python_interpreter=/usr/bin/python2`. @TwoD, feel like adding that to the commit?\n"
    },
    {
      "author_login": "TwoD",
      "body": "I added the same note Gentoo has, and included a link to the ArchWiki in case someone stumbles across something else and notes it there.\n"
    }
  ],
  "reviews": []
}