{
  "pr_number": 1012,
  "url": "https://github.com/ansible/ansible/pull/1012",
  "title": "Add support for RSA/DSA SSH host key detection in setup module for OS/X",
  "author_login": "jpmens",
  "state": "MERGED",
  "merged_by_login": "mpdehaan",
  "body": "Tested on 10.6.8\n",
  "labels": [],
  "additions": 8,
  "deletions": 2,
  "changed_files_count": 1,
  "changed_files_list": [
    "library/setup"
  ],
  "files": [
    {
      "file_path": "library/setup",
      "status": "modified",
      "additions": 8,
      "deletions": 2,
      "file_diff": "diff --git a/library/setup b/library/setup\nindex 8cb4e49eafce4f..995f0b7b8358ef 100755\n--- a/library/setup\n+++ b/library/setup\n@@ -104,8 +104,14 @@ class Facts(object):\n                     self.facts['distribution'] = name\n \n     def get_public_ssh_host_keys(self):\n-        dsa = get_file_content('/etc/ssh/ssh_host_dsa_key.pub')\n-        rsa = get_file_content('/etc/ssh/ssh_host_rsa_key.pub')\n+        dsa_filename = '/etc/ssh/ssh_host_dsa_key.pub'\n+        rsa_filename = '/etc/ssh/ssh_host_rsa_key.pub'\n+\n+        if self.facts['system'] == 'Darwin':\n+            dsa_filename = '/etc/ssh_host_dsa_key.pub'\n+            rsa_filename = '/etc/ssh_host_rsa_key.pub'\n+        dsa = get_file_content(dsa_filename)\n+        rsa = get_file_content(rsa_filename)\n         if dsa is None:\n             dsa = 'NA'\n         else:\n"
    }
  ],
  "comments": [
    {
      "author_login": "mpdehaan",
      "body": "queued for 0.8, that wouldn't be a tab or non-four space indent, would it?  :)\n"
    },
    {
      "author_login": "jpmens",
      "body": "I swear it ain't a TAB!!!\n"
    },
    {
      "author_login": "jpmens",
      "body": "I may have broken this pull request... (replaced 8spaces by 4, rebased, squashed, and pushed -f). I see things ok here, but I don't know if I've broken the pull request.\n"
    },
    {
      "author_login": "mpdehaan",
      "body": "looks fine to me, merged, thanks!\n"
    }
  ],
  "reviews": []
}