{
  "pr_number": 1145,
  "url": "https://github.com/ansible/ansible/pull/1145",
  "title": "Added DOCUMENTATION to supervisorctl module.",
  "author_login": "mavimo",
  "state": "MERGED",
  "merged_by_login": "mpdehaan",
  "body": "",
  "labels": [],
  "additions": 26,
  "deletions": 0,
  "changed_files_count": 1,
  "changed_files_list": [
    "library/supervisorctl"
  ],
  "files": [
    {
      "file_path": "library/supervisorctl",
      "status": "modified",
      "additions": 26,
      "deletions": 0,
      "file_diff": "diff --git a/library/supervisorctl b/library/supervisorctl\nindex 880388abd5ac19..ff45af8496b73d 100755\n--- a/library/supervisorctl\n+++ b/library/supervisorctl\n@@ -19,6 +19,32 @@\n # along with Ansible.  If not, see <http://www.gnu.org/licenses/>.\n #\n \n+DOCUMENTATION = '''\n+---\n+module: supervisorctl\n+short_description: Manage the state of a program or group of programs running via Supervisord\n+description:\n+     - Manage the state of a program or group of programs running via Supervisord\n+version_added: \"0.7\"\n+options:\n+  name:\n+    description:\n+      - The name of the supervisord program/process to manage\n+    required: true\n+    default: null\n+  state:\n+    description:\n+      - The state of service\n+    required: true\n+    default: null\n+    choices: [ \"started\", \"stopped\", \"restarted\" ]\n+examples:\n+   - code: supervisorctl name=my_app state=started\n+     description: Manage the state of program I(my_app) to be in I(started) state.\n+requirements: [ ]\n+author: Matt Wright\n+'''\n+\n def _is_present(name, supervisorctl):\n     rc, out, err = _run('%s status' % supervisorctl)\n     return name in out\n"
    }
  ],
  "comments": [],
  "reviews": []
}