{
  "pr_number": 11370,
  "url": "https://github.com/ansible/ansible/pull/11370",
  "title": "added role_path to magic var section",
  "author_login": "halberom",
  "state": "MERGED",
  "merged_by_login": "bcoca",
  "body": "Discovered that it's possible to use role_path today, it's not mentioned in the docs, so here's a brief comment.\n",
  "labels": [
    "docs"
  ],
  "additions": 2,
  "deletions": 0,
  "changed_files_count": 1,
  "changed_files_list": [
    "docsite/rst/playbooks_variables.rst"
  ],
  "files": [
    {
      "file_path": "docsite/rst/playbooks_variables.rst",
      "status": "modified",
      "additions": 2,
      "deletions": 0,
      "file_diff": "diff --git a/docsite/rst/playbooks_variables.rst b/docsite/rst/playbooks_variables.rst\nindex 7bf006cf75d0e6..905ef10e2ba78f 100644\n--- a/docsite/rst/playbooks_variables.rst\n+++ b/docsite/rst/playbooks_variables.rst\n@@ -614,6 +614,8 @@ Don't worry about any of this unless you think you need it.  You'll know when yo\n \n Also available, *inventory_dir* is the pathname of the directory holding Ansible's inventory host file, *inventory_file* is the pathname and the filename pointing to the Ansible's inventory host file.\n \n+And finally, *role_path* will return the current role's pathname (since 1.8). This will only work inside a role.\n+\n .. _variable_file_separation_details:\n \n Variable File Separation\n"
    }
  ],
  "comments": [
    {
      "author_login": "tersmitten",
      "body": "Nice to know\n"
    }
  ],
  "reviews": []
}