{
  "pr_number": 11425,
  "url": "https://github.com/ansible/ansible/pull/11425",
  "title": "Make the wait_timeout for rax tests a configurable default",
  "author_login": "sivel",
  "state": "MERGED",
  "merged_by_login": "sivel",
  "body": "I've started trying to run the integration tests for the rax modules on a regular basis.  While the default values for `wait_timeout` in each module are sane values, I am seeing some timeouts in my integration tests on an infrequent basis.\n\nThis PR sets a default of 600 seconds, which can be overridden to allow for the tests to successfully complete.\n",
  "labels": [
    "cloud",
    "feature"
  ],
  "additions": 109,
  "deletions": 0,
  "changed_files_count": 11,
  "changed_files_list": [
    "test/integration/roles/test_rax/tasks/main.yml",
    "test/integration/roles/test_rax_cbs/tasks/main.yml",
    "test/integration/roles/test_rax_cbs_attachments/tasks/main.yml",
    "tasks/main.yml b/test/integration/roles/test_rax_cdb/tasks/main.yml",
    "test/integration/roles/test_rax_cdb_database/tasks/main.yml",
    "tasks/main.yml b/test/integration/roles/test_rax_clb/tasks/main.yml",
    "test/integration/roles/test_rax_clb_nodes/tasks/main.yml",
    "test/integration/roles/test_rax_facts/tasks/main.yml",
    "test/integration/roles/test_rax_meta/tasks/main.yml",
    "test/integration/roles/test_rax_scaling_group/tasks/main.yml"
  ],
  "files": [
    {
      "file_path": "test/integration/roles/test_rax/tasks/main.yml",
      "status": "modified",
      "additions": 30,
      "deletions": 0,
      "file_diff": "diff --git a/test/integration/roles/test_rax/tasks/main.yml b/test/integration/roles/test_rax/tasks/main.yml\nindex e91c0a949feefd..6f64cbc9bf3cf0 100644\n--- a/test/integration/roles/test_rax/tasks/main.yml\n+++ b/test/integration/roles/test_rax/tasks/main.yml\n@@ -119,6 +119,7 @@\n     name: \"{{ resource_prefix }}-1\"\n     state: absent\n     wait: true\n+    wait_timeout: \"{{ rackspace_wait_timeout }}\"\n   register: rax\n \n - name: \"Validate delete integration 1\"\n@@ -141,6 +142,7 @@\n     flavor: \"{{ rackspace_flavor }}\"\n     name: \"{{ resource_prefix }}-2\"\n     wait: true\n+    wait_timeout: \"{{ rackspace_wait_timeout }}\"\n   register: rax\n \n - name: Validate rax basic idepmpotency 1\n@@ -163,6 +165,7 @@\n     flavor: \"{{ rackspace_flavor }}\"\n     name: \"{{ resource_prefix }}-2\"\n     wait: true\n+    wait_timeout: \"{{ rackspace_wait_timeout }}\"\n   register: rax\n \n - name: Validate rax basic idempotency 2\n@@ -185,6 +188,7 @@\n     name: \"{{ resource_prefix }}-2\"\n     state: absent\n     wait: true\n+    wait_timeout: \"{{ rackspace_wait_timeout }}\"\n   register: rax\n \n - name: \"Validate delete integration 2\"\n@@ -211,6 +215,7 @@\n     meta:\n       foo: bar\n     wait: true\n+    wait_timeout: \"{{ rackspace_wait_timeout }}\"\n   register: rax\n \n - name: Validate rax basic idepmpotency with meta 1\n@@ -236,6 +241,7 @@\n     meta:\n       foo: bar\n     wait: true\n+    wait_timeout: \"{{ rackspace_wait_timeout }}\"\n   register: rax\n \n - name: Validate rax basic idempotency with meta 2\n@@ -260,6 +266,7 @@\n     meta:\n       foo: bar\n     wait: true\n+    wait_timeout: \"{{ rackspace_wait_timeout }}\"\n   register: rax\n \n - name: \"Validate delete integration 3\"\n@@ -285,6 +292,7 @@\n     name: \"{{ resource_prefix }}-4\"\n     count: 2\n     wait: true\n+    wait_timeout: \"{{ rackspace_wait_timeout }}\"\n   register: rax\n \n - name: Validate rax basic idepmpotency multi server 1\n@@ -306,6 +314,7 @@\n     name: \"{{ resource_prefix }}-4\"\n     count: 2\n     wait: true\n+    wait_timeout: \"{{ rackspace_wait_timeout }}\"\n   register: rax\n \n - name: Validate rax basic idempotency multi server 2\n@@ -327,6 +336,7 @@\n     name: \"{{ resource_prefix }}-4\"\n     count: 3\n     wait: true\n+    wait_timeout: \"{{ rackspace_wait_timeout }}\"\n   register: rax\n \n - name: Validate rax basic idempotency multi server 3\n@@ -349,6 +359,7 @@\n     count: 3\n     state: absent\n     wait: true\n+    wait_timeout: \"{{ rackspace_wait_timeout }}\"\n   register: rax\n \n - name: \"Validate delete integration 4\"\n@@ -375,6 +386,7 @@\n     count: 2\n     group: \"{{ resource_prefix }}-5\"\n     wait: true\n+    wait_timeout: \"{{ rackspace_wait_timeout }}\"\n   register: rax\n \n - name: Validate rax multi server group without exact_count 1\n@@ -398,6 +410,7 @@\n     count: 2\n     group: \"{{ resource_prefix }}-5\"\n     wait: true\n+    wait_timeout: \"{{ rackspace_wait_timeout }}\"\n     state: absent\n   register: rax\n \n@@ -425,6 +438,7 @@\n     count: 2\n     group: \"{{ resource_prefix }}-6\"\n     wait: true\n+    wait_timeout: \"{{ rackspace_wait_timeout }}\"\n   register: rax\n \n - name: Validate rax multi server group without exact_count non-idempotency 1\n@@ -448,6 +462,7 @@\n     count: 2\n     group: \"{{ resource_prefix }}-6\"\n     wait: true\n+    wait_timeout: \"{{ rackspace_wait_timeout }}\"\n   register: rax\n \n - name: Validate rax multi server group without exact_count non-idempotency 2\n@@ -470,6 +485,7 @@\n     count: 4\n     group: \"{{ resource_prefix }}-6\"\n     wait: true\n+    wait_timeout: \"{{ rackspace_wait_timeout }}\"\n     state: absent\n   register: rax\n \n@@ -498,6 +514,7 @@\n     exact_count: true\n     group: \"{{ resource_prefix }}-7\"\n     wait: true\n+    wait_timeout: \"{{ rackspace_wait_timeout }}\"\n   register: rax\n \n - name: Validate rax multi server group with exact_count 1\n@@ -522,6 +539,7 @@\n     exact_count: true\n     group: \"{{ resource_prefix }}-7\"\n     wait: true\n+    wait_timeout: \"{{ rackspace_wait_timeout }}\"\n   register: rax\n \n - name: Validate rax multi server group with exact_count 2\n@@ -545,6 +563,7 @@\n     exact_count: true\n     group: \"{{ resource_prefix }}-7\"\n     wait: true\n+    wait_timeout: \"{{ rackspace_wait_timeout }}\"\n   register: rax\n \n - name: Validate rax multi server group with exact_count 3\n@@ -570,6 +589,7 @@\n     exact_count: true\n     group: \"{{ resource_prefix }}-7\"\n     wait: true\n+    wait_timeout: \"{{ rackspace_wait_timeout }}\"\n   register: rax\n \n - name: \"Validate delete integration 7\"\n@@ -597,6 +617,7 @@\n     group: \"{{ resource_prefix }}-8\"\n     auto_increment: false\n     wait: true\n+    wait_timeout: \"{{ rackspace_wait_timeout }}\"\n   register: rax\n \n - name: Validate rax multi server group without exact_count and disabled auto_increment 1\n@@ -621,6 +642,7 @@\n     group: \"{{ resource_prefix }}-8\"\n     auto_increment: false\n     wait: true\n+    wait_timeout: \"{{ rackspace_wait_timeout }}\"\n     state: absent\n   register: rax\n \n@@ -649,6 +671,7 @@\n     exact_count: true\n     group: \"{{ resource_prefix }}-9\"\n     wait: true\n+    wait_timeout: \"{{ rackspace_wait_timeout }}\"\n   register: rax\n \n - name: Validate rax multi server group with exact_count and no printf 1\n@@ -673,6 +696,7 @@\n     exact_count: true\n     group: \"{{ resource_prefix }}-9\"\n     wait: true\n+    wait_timeout: \"{{ rackspace_wait_timeout }}\"\n   register: rax\n \n - name: \"Validate delete integration 9\"\n@@ -701,6 +725,7 @@\n     exact_count: true\n     group: \"{{ resource_prefix }}-10\"\n     wait: true\n+    wait_timeout: \"{{ rackspace_wait_timeout }}\"\n   register: rax\n \n - name: Validate rax multi server group with exact_count and offset 1\n@@ -726,6 +751,7 @@\n     exact_count: true\n     group: \"{{ resource_prefix }}-10\"\n     wait: true\n+    wait_timeout: \"{{ rackspace_wait_timeout }}\"\n   register: rax\n \n - name: \"Validate delete integration 10\"\n@@ -754,6 +780,7 @@\n     exact_count: true\n     group: \"{{ resource_prefix }}-11\"\n     wait: true\n+    wait_timeout: \"{{ rackspace_wait_timeout }}\"\n   register: rax\n \n - name: Validate rax multi server group with exact_count and offset 1\n@@ -779,6 +806,7 @@\n     exact_count: true\n     group: \"{{ resource_prefix }}-11\"\n     wait: true\n+    wait_timeout: \"{{ rackspace_wait_timeout }}\"\n   register: rax\n \n - name: \"Validate delete integration 11\"\n@@ -803,6 +831,7 @@\n     flavor: \"{{ rackspace_flavor }}\"\n     name: \"{{ resource_prefix }}-12\"\n     wait: true\n+    wait_timeout: \"{{ rackspace_wait_timeout }}\"\n   register: rax\n \n - name: Validate rax instance_ids absent 1 (create)\n@@ -827,6 +856,7 @@\n       - \"{{ rax.success.0.rax_id }}\"\n     state: absent\n     wait: true\n+    wait_timeout: \"{{ rackspace_wait_timeout }}\"\n   register: rax2\n \n - name: Validate rax instance_ids absent 2 (delete)"
    },
    {
      "file_path": "test/integration/roles/test_rax_cbs/tasks/main.yml",
      "status": "modified",
      "additions": 6,
      "deletions": 0,
      "file_diff": "diff --git a/test/integration/roles/test_rax_cbs/tasks/main.yml b/test/integration/roles/test_rax_cbs/tasks/main.yml\nindex de810c654052f2..ae6f5c68e35084 100644\n--- a/test/integration/roles/test_rax_cbs/tasks/main.yml\n+++ b/test/integration/roles/test_rax_cbs/tasks/main.yml\n@@ -55,6 +55,7 @@\n     region: \"{{ rackspace_region }}\"\n     name: \"{{ resource_prefix }}-1\"\n     wait: true\n+    wait_timeout: \"{{ rackspace_wait_timeout }}\"\n   register: rax_cbs\n \n - name: Validate rax_cbs creds, region and name\n@@ -116,6 +117,7 @@\n     name: \"{{ resource_prefix }}-2\"\n     size: 150\n     wait: true\n+    wait_timeout: \"{{ rackspace_wait_timeout }}\"\n   register: rax_cbs\n \n - name: Validate rax_cbs creds, region and valid size\n@@ -177,6 +179,7 @@\n     name: \"{{ resource_prefix }}-3\"\n     volume_type: SSD\n     wait: true\n+    wait_timeout: \"{{ rackspace_wait_timeout }}\"\n   register: rax_cbs\n \n - name: Validate rax_cbs creds, region and valid volume_size\n@@ -218,6 +221,7 @@\n     name: \"{{ resource_prefix }}-4\"\n     description: \"{{ resource_prefix }}-4 description\"\n     wait: true\n+    wait_timeout: \"{{ rackspace_wait_timeout }}\"\n   register: rax_cbs\n \n - name: Validate rax_cbs creds, region and description\n@@ -261,6 +265,7 @@\n     meta:\n       foo: bar\n     wait: true\n+    wait_timeout: \"{{ rackspace_wait_timeout }}\"\n   register: rax_cbs\n \n - name: Validate rax_cbs creds, region and meta\n@@ -302,6 +307,7 @@\n     region: \"{{ rackspace_region }}\"\n     name: \"{{ resource_prefix }}-6\"\n     wait: true\n+    wait_timeout: \"{{ rackspace_wait_timeout }}\"\n   register: rax_cbs_1\n \n - name: Validate rax_cbs with idempotency 1"
    },
    {
      "file_path": "test/integration/roles/test_rax_cbs_attachments/tasks/main.yml",
      "status": "modified",
      "additions": 7,
      "deletions": 0,
      "file_diff": "diff --git a/test/integration/roles/test_rax_cbs_attachments/tasks/main.yml b/test/integration/roles/test_rax_cbs_attachments/tasks/main.yml\nindex 6750105c1e60ce..0321fe10e17652 100644\n--- a/test/integration/roles/test_rax_cbs_attachments/tasks/main.yml\n+++ b/test/integration/roles/test_rax_cbs_attachments/tasks/main.yml\n@@ -80,6 +80,7 @@\n     region: \"{{ rackspace_region }}\"\n     name: \"{{ resource_prefix }}-rax_cbs_attachments\"\n     wait: true\n+    wait_timeout: \"{{ rackspace_wait_timeout }}\"\n   register: rax_cbs\n \n - name: Validate volume build\n@@ -102,6 +103,7 @@\n     flavor: \"{{ rackspace_flavor }}\"\n     name: \"{{ resource_prefix }}-rax_cbs_attachments\"\n     wait: true\n+    wait_timeout: \"{{ rackspace_wait_timeout }}\"\n   register: rax\n \n - name: Validate CloudServer build\n@@ -147,6 +149,7 @@\n     volume: \"{{ rax_cbs.volume.id }}\"\n     device: /dev/xvde\n     wait: true\n+    wait_timeout: \"{{ rackspace_wait_timeout }}\"\n   register: rax_cbs_attachments\n \n - name: Validate rax_cbs_attachments creds, region, server, volume and device (valid)\n@@ -166,6 +169,7 @@\n     volume: \"{{ rax_cbs.volume.id }}\"\n     device: /dev/xvde\n     wait: true\n+    wait_timeout: \"{{ rackspace_wait_timeout }}\"\n   register: rax_cbs_attachments\n \n - name: Validate idempotent present test\n@@ -183,6 +187,7 @@\n     volume: \"{{ rax_cbs.volume.id }}\"\n     device: /dev/xvde\n     wait: true\n+    wait_timeout: \"{{ rackspace_wait_timeout }}\"\n     state: absent\n   register: rax_cbs_attachments\n \n@@ -202,6 +207,7 @@\n     volume: \"{{ rax_cbs.volume.id }}\"\n     device: /dev/xvde\n     wait: true\n+    wait_timeout: \"{{ rackspace_wait_timeout }}\"\n     state: absent\n   register: rax_cbs_attachments\n \n@@ -242,6 +248,7 @@\n     instance_ids: \"{{ rax.instances[0].id }}\"\n     state: absent\n     wait: true\n+    wait_timeout: \"{{ rackspace_wait_timeout }}\"\n   register: rax\n \n - name: \"Validate delete\""
    },
    {
      "file_path": "tasks/main.yml b/test/integration/roles/test_rax_cdb/tasks/main.yml",
      "status": "modified",
      "additions": 11,
      "deletions": 0,
      "file_diff": "diff --git a/test/integration/roles/test_rax_cdb/tasks/main.yml b/test/integration/roles/test_rax_cdb/tasks/main.yml\nindex fe4bdd9c0d99ac..f5336e54d0156b 100644\n--- a/test/integration/roles/test_rax_cdb/tasks/main.yml\n+++ b/test/integration/roles/test_rax_cdb/tasks/main.yml\n@@ -73,6 +73,7 @@\n     region: \"{{ rackspace_region }}\"\n     name: \"{{ resource_prefix }}-1\"\n     wait: true\n+    wait_timeout: \"{{ rackspace_wait_timeout }}\"\n   register: rax_cdb\n \n - name: Validate rax_cdb with creds, region and name\n@@ -92,6 +93,7 @@\n     name: \"{{ resource_prefix }}-1\"\n     state: absent\n     wait: true\n+    wait_timeout: \"{{ rackspace_wait_timeout }}\"\n   register: rax_cdb\n \n - name: \"Validate delete integration 1\"\n@@ -113,6 +115,7 @@\n     region: \"{{ rackspace_region }}\"\n     name: \"{{ resource_prefix }}-2\"\n     wait: true\n+    wait_timeout: \"{{ rackspace_wait_timeout }}\"\n   register: rax_cdb\n \n - name: Validate rax_cdb idempotent test 1\n@@ -130,6 +133,7 @@\n     region: \"{{ rackspace_region }}\"\n     name: \"{{ resource_prefix }}-2\"\n     wait: true\n+    wait_timeout: \"{{ rackspace_wait_timeout }}\"\n   register: rax_cdb\n \n - name: Validate rax_cdb idempotent test 2\n@@ -148,6 +152,7 @@\n     name: \"{{ resource_prefix }}-2\"\n     state: absent\n     wait: true\n+    wait_timeout: \"{{ rackspace_wait_timeout }}\"\n   register: rax_cdb\n \n - name: \"Validate delete integration 2\"\n@@ -167,6 +172,7 @@\n     region: \"{{ rackspace_region }}\"\n     name: \"{{ resource_prefix }}-3\"\n     wait: true\n+    wait_timeout: \"{{ rackspace_wait_timeout }}\"\n   register: rax_cdb\n \n - name: Validate rax_cdb resize volume 1\n@@ -185,6 +191,7 @@\n     name: \"{{ resource_prefix }}-3\"\n     volume: 3\n     wait: true\n+    wait_timeout: \"{{ rackspace_wait_timeout }}\"\n     wait_timeout: 600\n   register: rax_cdb\n \n@@ -204,6 +211,7 @@\n     name: \"{{ resource_prefix }}-3\"\n     state: absent\n     wait: true\n+    wait_timeout: \"{{ rackspace_wait_timeout }}\"\n   register: rax_cdb\n \n - name: \"Validate delete integration 3\"\n@@ -223,6 +231,7 @@\n     region: \"{{ rackspace_region }}\"\n     name: \"{{ resource_prefix }}-4\"\n     wait: true\n+    wait_timeout: \"{{ rackspace_wait_timeout }}\"\n   register: rax_cdb\n \n - name: Validate rax_cdb resize flavor 1\n@@ -241,6 +250,7 @@\n     name: \"{{ resource_prefix }}-4\"\n     flavor: 2\n     wait: true\n+    wait_timeout: \"{{ rackspace_wait_timeout }}\"\n     wait_timeout: 600\n   register: rax_cdb\n \n@@ -260,6 +270,7 @@\n     name: \"{{ resource_prefix }}-4\"\n     state: absent\n     wait: true\n+    wait_timeout: \"{{ rackspace_wait_timeout }}\"\n   register: rax_cdb\n \n - name: \"Validate delete integration 4\""
    },
    {
      "file_path": "test/integration/roles/test_rax_cdb_database/tasks/main.yml",
      "status": "modified",
      "additions": 2,
      "deletions": 0,
      "file_diff": "diff --git a/test/integration/roles/test_rax_cdb_database/tasks/main.yml b/test/integration/roles/test_rax_cdb_database/tasks/main.yml\nindex a8f5caa335d60b..548641b6ebf4e7 100644\n--- a/test/integration/roles/test_rax_cdb_database/tasks/main.yml\n+++ b/test/integration/roles/test_rax_cdb_database/tasks/main.yml\n@@ -92,6 +92,7 @@\n     region: \"{{ rackspace_region }}\"\n     name: \"{{ resource_prefix }}-rax_cdb_database\"\n     wait: true\n+    wait_timeout: \"{{ rackspace_wait_timeout }}\"\n   register: rax_cdb\n \n - name: Validate build\n@@ -204,6 +205,7 @@\n     name: \"{{ resource_prefix }}-rax_cdb_database\"\n     state: absent\n     wait: true\n+    wait_timeout: \"{{ rackspace_wait_timeout }}\"\n   register: rax_cdb\n \n - name: Validate Delete"
    },
    {
      "file_path": "tasks/main.yml b/test/integration/roles/test_rax_clb/tasks/main.yml",
      "status": "modified",
      "additions": 40,
      "deletions": 0,
      "file_diff": "diff --git a/test/integration/roles/test_rax_clb/tasks/main.yml b/test/integration/roles/test_rax_clb/tasks/main.yml\nindex 2426fa3ae5944a..ae6776b56f42a5 100644\n--- a/test/integration/roles/test_rax_clb/tasks/main.yml\n+++ b/test/integration/roles/test_rax_clb/tasks/main.yml\n@@ -73,6 +73,7 @@\n     region: \"{{ rackspace_region }}\"\n     name: \"{{ resource_prefix }}-1\"\n     wait: true\n+    wait_timeout: \"{{ rackspace_wait_timeout }}\"\n   register: rax_clb\n \n - name: Validate rax_clb with creds, region and name\n@@ -95,6 +96,7 @@\n     name: \"{{ resource_prefix }}-1\"\n     state: absent\n     wait: true\n+    wait_timeout: \"{{ rackspace_wait_timeout }}\"\n   register: rax_clb\n \n - name: \"Validate delete integration 1\"\n@@ -116,6 +118,7 @@\n     name: \"{{ resource_prefix }}-2\"\n     protocol: TCP\n     wait: true\n+    wait_timeout: \"{{ rackspace_wait_timeout }}\"\n   register: rax_clb\n \n - name: Validate rax_clb with creds, region, name and protocol\n@@ -137,6 +140,7 @@\n     name: \"{{ resource_prefix }}-2\"\n     state: absent\n     wait: true\n+    wait_timeout: \"{{ rackspace_wait_timeout }}\"\n   register: rax_clb\n \n - name: \"Validate delete integration 2\"\n@@ -158,6 +162,7 @@\n     protocol: TCP\n     port: 8080\n     wait: true\n+    wait_timeout: \"{{ rackspace_wait_timeout }}\"\n   register: rax_clb\n \n - name: Validate rax_clb with creds, region, name, protocol and port\n@@ -179,6 +184,7 @@\n     name: \"{{ resource_prefix }}-3\"\n     state: absent\n     wait: true\n+    wait_timeout: \"{{ rackspace_wait_timeout }}\"\n   register: rax_clb\n \n - name: \"Validate delete integration 3\"\n@@ -201,6 +207,7 @@\n     port: 8080\n     type: SERVICENET\n     wait: true\n+    wait_timeout: \"{{ rackspace_wait_timeout }}\"\n   register: rax_clb\n \n - name: Validate rax_clb with creds, region, name, protocol and type\n@@ -222,6 +229,7 @@\n     name: \"{{ resource_prefix }}-4\"\n     state: absent\n     wait: true\n+    wait_timeout: \"{{ rackspace_wait_timeout }}\"\n   register: rax_clb\n \n - name: \"Validate delete integration 4\"\n@@ -245,6 +253,7 @@\n     type: SERVICENET\n     timeout: 1\n     wait: true\n+    wait_timeout: \"{{ rackspace_wait_timeout }}\"\n   ignore_errors: true\n   register: rax_clb\n \n@@ -269,6 +278,7 @@\n     type: SERVICENET\n     timeout: 60\n     wait: true\n+    wait_timeout: \"{{ rackspace_wait_timeout }}\"\n   register: rax_clb\n \n - name: Validate rax_clb with creds, region, name, protocol, type and timeout\n@@ -290,6 +300,7 @@\n     name: \"{{ resource_prefix }}-5\"\n     state: absent\n     wait: true\n+    wait_timeout: \"{{ rackspace_wait_timeout }}\"\n   register: rax_clb\n \n - name: \"Validate delete integration 5\"\n@@ -314,6 +325,7 @@\n     timeout: 60\n     algorithm: RANDOM\n     wait: true\n+    wait_timeout: \"{{ rackspace_wait_timeout }}\"\n   register: rax_clb\n \n - name: Validate rax_clb with creds, region, name, protocol, type, timeout and algorithm\n@@ -336,6 +348,7 @@\n     name: \"{{ resource_prefix }}-6\"\n     state: absent\n     wait: true\n+    wait_timeout: \"{{ rackspace_wait_timeout }}\"\n   register: rax_clb\n \n - name: \"Validate delete integration 6\"\n@@ -357,6 +370,7 @@\n     type: BAD\n     timeout: 1\n     wait: true\n+    wait_timeout: \"{{ rackspace_wait_timeout }}\"\n   ignore_errors: true\n   register: rax_clb\n \n@@ -379,6 +393,7 @@\n     protocol: BAD\n     timeout: 1\n     wait: true\n+    wait_timeout: \"{{ rackspace_wait_timeout }}\"\n   ignore_errors: true\n   register: rax_clb\n \n@@ -401,6 +416,7 @@\n     algorithm: BAD\n     timeout: 1\n     wait: true\n+    wait_timeout: \"{{ rackspace_wait_timeout }}\"\n   ignore_errors: true\n   register: rax_clb\n \n@@ -428,6 +444,7 @@\n     meta:\n       foo: bar\n     wait: true\n+    wait_timeout: \"{{ rackspace_wait_timeout }}\"\n   register: rax_clb\n \n - name: Validate rax_clb with creds, region, name, protocol, type, timeout, algorithm and metadata\n@@ -451,6 +468,7 @@\n     name: \"{{ resource_prefix }}-7\"\n     state: absent\n     wait: true\n+    wait_timeout: \"{{ rackspace_wait_timeout }}\"\n   register: rax_clb\n \n - name: \"Validate delete integration 7\"\n@@ -470,6 +488,7 @@\n     region: \"{{ rackspace_region }}\"\n     name: \"{{ resource_prefix }}-8-HTTP\"\n     wait: true\n+    wait_timeout: \"{{ rackspace_wait_timeout }}\"\n   register: rax_clb_http\n \n - name: Validate rax_clb with shared VIP HTTP\n@@ -489,6 +508,7 @@\n     protocol: HTTPS\n     port: 443\n     wait: true\n+    wait_timeout: \"{{ rackspace_wait_timeout }}\"\n     vip_id: \"{{ (rax_clb_http.balancer.virtual_ips|first).id }}\"\n   register: rax_clb_https\n \n@@ -508,6 +528,7 @@\n     name: \"{{ resource_prefix }}-8-HTTP\"\n     state: absent\n     wait: true\n+    wait_timeout: \"{{ rackspace_wait_timeout }}\"\n   register: rax_clb_http\n \n - name: \"Delete integration 8 HTTPS\"\n@@ -518,6 +539,7 @@\n     name: \"{{ resource_prefix }}-8-HTTPS\"\n     state: absent\n     wait: true\n+    wait_timeout: \"{{ rackspace_wait_timeout }}\"\n   register: rax_clb_http\n \n - name: \"Validate delete integration 8\"\n@@ -537,6 +559,7 @@\n     region: \"{{ rackspace_region }}\"\n     name: \"{{ resource_prefix }}-9\"\n     wait: true\n+    wait_timeout: \"{{ rackspace_wait_timeout }}\"\n   register: rax_clb_p1\n \n - name: Validate rax_clb with updated protocol 1\n@@ -555,6 +578,7 @@\n     name: \"{{ resource_prefix }}-9\"\n     protocol: TCP\n     wait: true\n+    wait_timeout: \"{{ rackspace_wait_timeout }}\"\n   register: rax_clb_p2\n \n - name: Validate rax_clb with updated protocol 2\n@@ -574,6 +598,7 @@\n     name: \"{{ resource_prefix }}-9\"\n     state: absent\n     wait: true\n+    wait_timeout: \"{{ rackspace_wait_timeout }}\"\n   register: rax_clb\n \n - name: \"Validate delete integration 9\"\n@@ -592,6 +617,7 @@\n     region: \"{{ rackspace_region }}\"\n     name: \"{{ resource_prefix }}-10\"\n     wait: true\n+    wait_timeout: \"{{ rackspace_wait_timeout }}\"\n   register: rax_clb_a1\n \n - name: Validate rax_clb with updated algorithm 1\n@@ -609,6 +635,7 @@\n     name: \"{{ resource_prefix }}-10\"\n     algorithm: RANDOM\n     wait: true\n+    wait_timeout: \"{{ rackspace_wait_timeout }}\"\n   register: rax_clb_a2\n \n - name: Validate rax_clb with updated algorithm 2\n@@ -628,6 +655,7 @@\n     name: \"{{ resource_prefix }}-10\"\n     state: absent\n     wait: true\n+    wait_timeout: \"{{ rackspace_wait_timeout }}\"\n   register: rax_clb\n \n - name: \"Validate delete integration 10\"\n@@ -647,6 +675,7 @@\n     region: \"{{ rackspace_region }}\"\n     name: \"{{ resource_prefix }}-11\"\n     wait: true\n+    wait_timeout: \"{{ rackspace_wait_timeout }}\"\n   register: rax_clb_1\n \n - name: Validate rax_clb with updated port 1\n@@ -664,6 +693,7 @@\n     name: \"{{ resource_prefix }}-11\"\n     port: 8080\n     wait: true\n+    wait_timeout: \"{{ rackspace_wait_timeout }}\"\n   register: rax_clb_2\n \n - name: Validate rax_clb with updated port 2\n@@ -683,6 +713,7 @@\n     name: \"{{ resource_prefix }}-11\"\n     state: absent\n     wait: true\n+    wait_timeout: \"{{ rackspace_wait_timeout }}\"\n   register: rax_clb\n \n - name: \"Validate delete integration 11\"\n@@ -702,6 +733,7 @@\n     region: \"{{ rackspace_region }}\"\n     name: \"{{ resource_prefix }}-12\"\n     wait: true\n+    wait_timeout: \"{{ rackspace_wait_timeout }}\"\n   register: rax_clb_1\n \n - name: Validate rax_clb with updated timeout 1\n@@ -719,6 +751,7 @@\n     name: \"{{ resource_prefix }}-12\"\n     timeout: 60\n     wait: true\n+    wait_timeout: \"{{ rackspace_wait_timeout }}\"\n   register: rax_clb_2\n \n - name: Validate rax_clb with updated timeout 2\n@@ -738,6 +771,7 @@\n     name: \"{{ resource_prefix }}-12\"\n     state: absent\n     wait: true\n+    wait_timeout: \"{{ rackspace_wait_timeout }}\"\n   register: rax_clb\n \n - name: \"Validate delete integration 12\"\n@@ -757,6 +791,7 @@\n     region: \"{{ rackspace_region }}\"\n     name: \"{{ resource_prefix }}-13\"\n     wait: true\n+    wait_timeout: \"{{ rackspace_wait_timeout }}\"\n   register: rax_clb_1\n \n - name: Validate rax_clb with invalid updated type 1\n@@ -773,6 +808,7 @@\n     name: \"{{ resource_prefix }}-13\"\n     type: SERVICENET\n     wait: true\n+    wait_timeout: \"{{ rackspace_wait_timeout }}\"\n   register: rax_clb_2\n   ignore_errors: true\n \n@@ -790,6 +826,7 @@\n     name: \"{{ resource_prefix }}-13\"\n     state: absent\n     wait: true\n+    wait_timeout: \"{{ rackspace_wait_timeout }}\"\n   register: rax_clb\n \n - name: \"Validate delete integration 13\"\n@@ -809,6 +846,7 @@\n     region: \"{{ rackspace_region }}\"\n     name: \"{{ resource_prefix }}-14\"\n     wait: true\n+    wait_timeout: \"{{ rackspace_wait_timeout }}\"\n   register: rax_clb_1\n \n - name: Validate rax_clb with updated meta 1\n@@ -827,6 +865,7 @@\n     meta:\n       foo: bar\n     wait: true\n+    wait_timeout: \"{{ rackspace_wait_timeout }}\"\n   register: rax_clb_2\n \n - name: Validate rax_clb with updated meta 2\n@@ -847,6 +886,7 @@\n     name: \"{{ resource_prefix }}-14\"\n     state: absent\n     wait: true\n+    wait_timeout: \"{{ rackspace_wait_timeout }}\"\n   register: rax_clb\n \n - name: \"Validate delete integration 14\""
    },
    {
      "file_path": "test/integration/roles/test_rax_clb_nodes/tasks/main.yml",
      "status": "modified",
      "additions": 5,
      "deletions": 0,
      "file_diff": "diff --git a/test/integration/roles/test_rax_clb_nodes/tasks/main.yml b/test/integration/roles/test_rax_clb_nodes/tasks/main.yml\nindex 01bbf9dd9a3659..05bc269e64a7f0 100644\n--- a/test/integration/roles/test_rax_clb_nodes/tasks/main.yml\n+++ b/test/integration/roles/test_rax_clb_nodes/tasks/main.yml\n@@ -74,6 +74,7 @@\n     region: \"{{ rackspace_region }}\"\n     name: \"{{ resource_prefix }}-clb\"\n     wait: true\n+    wait_timeout: \"{{ rackspace_wait_timeout }}\"\n   register: rax_clb\n \n - name: Validate rax_clb creation\n@@ -158,6 +159,7 @@\n     address: '172.16.0.1'\n     port: 80\n     wait: true\n+    wait_timeout: \"{{ rackspace_wait_timeout }}\"\n   register: rax_clb_nodes\n \n - name: Validate rax_clb_nodes creds, region, load_balancer_id, address and port\n@@ -180,6 +182,7 @@\n     node_id: \"{{ rax_clb_nodes.node.id }}\"\n     state: absent\n     wait: true\n+    wait_timeout: \"{{ rackspace_wait_timeout }}\"\n   register: rax_clb_nodes\n \n - name: Validate delete integration 1\n@@ -201,6 +204,7 @@\n     port: 80\n     type: secondary\n     wait: true\n+    wait_timeout: \"{{ rackspace_wait_timeout }}\"\n   ignore_errors: true\n   register: rax_clb_nodes\n \n@@ -222,6 +226,7 @@\n     name: \"{{ rax_clb.balancer.name }}\"\n     state: absent\n     wait: true\n+    wait_timeout: \"{{ rackspace_wait_timeout }}\"\n   register: rax_clb\n \n - name: \"Validate delete integration 3\""
    },
    {
      "file_path": "test/integration/roles/test_rax_facts/tasks/main.yml",
      "status": "modified",
      "additions": 2,
      "deletions": 0,
      "file_diff": "diff --git a/test/integration/roles/test_rax_facts/tasks/main.yml b/test/integration/roles/test_rax_facts/tasks/main.yml\nindex 374fd8c7c033ab..2627f83e5b06d1 100644\n--- a/test/integration/roles/test_rax_facts/tasks/main.yml\n+++ b/test/integration/roles/test_rax_facts/tasks/main.yml\n@@ -122,6 +122,7 @@\n     flavor: \"{{ rackspace_flavor }}\"\n     name: \"{{ resource_prefix }}-rax_facts\"\n     wait: true\n+    wait_timeout: \"{{ rackspace_wait_timeout }}\"\n   register: rax\n \n - name: Validate build\n@@ -267,6 +268,7 @@\n     name: \"{{ resource_prefix }}-rax_facts\"\n     state: absent\n     wait: true\n+    wait_timeout: \"{{ rackspace_wait_timeout }}\"\n   register: rax\n \n - name: \"Validate delete\""
    },
    {
      "file_path": "test/integration/roles/test_rax_meta/tasks/main.yml",
      "status": "modified",
      "additions": 2,
      "deletions": 0,
      "file_diff": "diff --git a/test/integration/roles/test_rax_meta/tasks/main.yml b/test/integration/roles/test_rax_meta/tasks/main.yml\nindex b31336fc54a472..fe1ae3f65b5a8a 100644\n--- a/test/integration/roles/test_rax_meta/tasks/main.yml\n+++ b/test/integration/roles/test_rax_meta/tasks/main.yml\n@@ -119,6 +119,7 @@\n     meta:\n       foo: bar\n     wait: true\n+    wait_timeout: \"{{ rackspace_wait_timeout }}\"\n   register: rax\n \n - name: Validate build\n@@ -322,6 +323,7 @@\n       - \"{{ rax.success.0.rax_id }}\"\n     state: absent\n     wait: true\n+    wait_timeout: \"{{ rackspace_wait_timeout }}\"\n   register: rax\n \n - name: \"Validate delete\""
    },
    {
      "file_path": "test/integration/roles/test_rax_scaling_group/tasks/main.yml",
      "status": "modified",
      "additions": 2,
      "deletions": 0,
      "file_diff": "diff --git a/test/integration/roles/test_rax_scaling_group/tasks/main.yml b/test/integration/roles/test_rax_scaling_group/tasks/main.yml\nindex f9189b5ba51451..42ba1c32069bdf 100644\n--- a/test/integration/roles/test_rax_scaling_group/tasks/main.yml\n+++ b/test/integration/roles/test_rax_scaling_group/tasks/main.yml\n@@ -269,6 +269,7 @@\n     region: \"{{ rackspace_region }}\"\n     name: \"{{ resource_prefix }}-clb\"\n     wait: true\n+    wait_timeout: \"{{ rackspace_wait_timeout }}\"\n   register: rax_clb\n \n - name: Validate rax_clb creation\n@@ -867,6 +868,7 @@\n     name: \"{{ rax_clb.balancer.name }}\"\n     state: absent\n     wait: true\n+    wait_timeout: \"{{ rackspace_wait_timeout }}\"\n   register: rax_clb\n \n - name: \"Validate delete integration 3\"\n"
    }
  ],
  "comments": [],
  "reviews": []
}