{
  "pr_number": 1061,
  "url": "https://github.com/ansible/ansible/pull/1061",
  "title": "fix Makefile date command error on OSX",
  "author_login": "copperlight",
  "state": "MERGED",
  "merged_by_login": "mpdehaan",
  "body": "```\n$ echo $GIT_DATE\n2012-09-18 21:34:55 -0400\n\n# broken form #1 -- \"--date\" option not supported\n\n$ date --date=\"$(GIT_DATE)\" +%Y%m%d%H%M\n-bash: GIT_DATE: command not found\ndate: illegal option -- -\nusage: date [-jnu] [-d dst] [-r seconds] [-t west] [-v[+|-]val[ymwdHMS]] ... \n            [-f fmt date | [[[mm]dd]HH]MM[[cc]yy][.ss]] [+format]\n\n# broken form #2 -- lowercase \"s\", unintended output\n\n$ date -j -f \"%Y-%m-%d %H:%M:%s\" \"$GIT_DATE\" +%Y%m%d%H%M\nWarning: Ignoring 6 extraneous characters in date string ( -0400)\n196912311900\n\n# correct form, with extra character warning\n\n$ date -j -f \"%Y-%m-%d %H:%M:%S\" \"$GIT_DATE\" +%Y%m%d%H%M\nWarning: Ignoring 6 extraneous characters in date string ( -0400)\n201209182134\n```\n",
  "labels": [],
  "additions": 4,
  "deletions": 0,
  "changed_files_count": 1,
  "changed_files_list": [
    "Makefile"
  ],
  "files": [
    {
      "file_path": "Makefile",
      "status": "modified",
      "additions": 4,
      "deletions": 0,
      "file_diff": "diff --git a/Makefile b/Makefile\nindex a8aa8250bb2155..80faa51342d4c2 100644\n--- a/Makefile\n+++ b/Makefile\n@@ -37,8 +37,12 @@ endif\n ifeq ($(OS), FreeBSD)\n DATE := $(shell date -j -f \"%Y-%m-%d %H:%M:%s\"  \"$(GIT_DATE)\" +%Y%m%d%H%M)\n else\n+ifeq ($(OS), Darwin)\n+DATE := $(shell date -j -f \"%Y-%m-%d %H:%M:%S\"  \"$(GIT_DATE)\" +%Y%m%d%H%M)\n+else\n DATE := $(shell date --date=\"$(GIT_DATE)\" +%Y%m%d%H%M)\n endif\n+endif\n \n # RPM build parameters\n RPMSPECDIR= packaging/rpm\n"
    }
  ],
  "comments": [
    {
      "author_login": "mpdehaan",
      "body": "merged, thanks\n"
    }
  ],
  "reviews": []
}