{
  "pr_number": 10200,
  "url": "https://github.com/ansible/ansible/pull/10200",
  "title": "small fixes to syslog callback",
  "author_login": "bcoca",
  "state": "MERGED",
  "merged_by_login": "bcoca",
  "body": "- renamed to syslog_json (leaving it open to other syslogs in future)\n- moved logger to be part of callback object\n- made logger configurable through env variables\n",
  "labels": [],
  "additions": 89,
  "deletions": 0,
  "changed_files_count": 1,
  "changed_files_list": [
    "plugins/callbacks/syslog_json.py"
  ],
  "files": [
    {
      "file_path": "plugins/callbacks/syslog_json.py",
      "status": "added",
      "additions": 89,
      "deletions": 0,
      "file_diff": "diff --git a/plugins/callbacks/syslog_json.py b/plugins/callbacks/syslog_json.py\nnew file mode 100644\nindex 00000000000000..5ab764acfe754b\n--- /dev/null\n+++ b/plugins/callbacks/syslog_json.py\n@@ -0,0 +1,89 @@\n+import os\n+import json\n+\n+import logging\n+import logging.handlers\n+\n+\n+class CallbackModule(object):\n+    \"\"\"\n+    logs ansible-playbook and ansible runs to a syslog server in json format\n+    make sure you have in ansible.cfg:\n+        callback_plugins   = <path_to_callback_plugins_folder>\n+    and put the plugin in <path_to_callback_plugins_folder>\n+    \n+    This plugin makes use of the following environment variables:\n+        SYSLOG_SERVER   (optional): defaults to localhost\n+        SYSLOG_PORT     (optional): defaults to 514\n+    \"\"\"\n+\n+    def __init__(self):\n+        self.logger =  logging.getLogger('ansible logger')\n+        self.logger.setLevel(logging.DEBUG)\n+\n+        self.handler = logging.handlers.SysLogHandler(\n+            address = (os.getenv('SYSLOG_SERVER','locahost'),\n+                       os.getenv('SYSLOG_PORT',514)), \n+            facility=logging.handlers.SysLogHandler.LOG_USER\n+        )\n+        self.logger.addHandler(handler)\n+\n+    def on_any(self, *args, **kwargs):\n+        pass\n+\n+    def runner_on_failed(self, host, res, ignore_errors=False):\n+        self.logger.info('RUNNER_ON_FAILED ' + host + ' ' + json.dumps(res, sort_keys=True))\n+\n+    def runner_on_ok(self, host, res):\n+        self.logger.info('RUNNER_ON_OK ' + host + ' ' + json.dumps(res, sort_keys=True))\n+\n+    def runner_on_skipped(self, host, item=None):\n+        self.logger.info('RUNNER_ON_SKIPPED ' + host + ' ...')\n+\n+    def runner_on_unreachable(self, host, res):\n+        self.logger.info('RUNNER_UNREACHABLE ' + host + ' ' + json.dumps(res, sort_keys=True))\n+\n+    def runner_on_no_hosts(self):\n+        pass\n+\n+    def runner_on_async_poll(self, host, res):\n+        pass\n+\n+    def runner_on_async_ok(self, host, res):\n+        pass\n+\n+    def runner_on_async_failed(self, host, res):\n+        self.logger.info('RUNNER_SYNC_FAILED ' + host + ' ' + json.dumps(res, sort_keys=True))\n+\n+    def playbook_on_start(self):\n+        pass\n+\n+    def playbook_on_notify(self, host, handler):\n+        pass\n+\n+    def playbook_on_no_hosts_matched(self):\n+        pass\n+\n+    def playbook_on_no_hosts_remaining(self):\n+        pass\n+\n+    def playbook_on_task_start(self, name, is_conditional):\n+        pass\n+\n+    def playbook_on_vars_prompt(self, varname, private=True, prompt=None, encrypt=None, confirm=False, salt_size=None, salt=None, default=None):\n+        pass\n+\n+    def playbook_on_setup(self):\n+        pass\n+\n+    def playbook_on_import_for_host(self, host, imported_file):\n+        self.logger.info('PLAYBOOK_ON_IMPORTED ' + host + ' ' + json.dumps(res, sort_keys=True))\n+\n+    def playbook_on_not_import_for_host(self, host, missing_file):\n+        self.logger.info('PLAYBOOK_ON_NOTIMPORTED ' + host + ' ' + json.dumps(res, sort_keys=True))\n+\n+    def playbook_on_play_start(self, name):\n+        pass\n+\n+    def playbook_on_stats(self, stats):\n+        pass\n"
    }
  ],
  "comments": [],
  "reviews": []
}