{
  "pr_number": 10708,
  "url": "https://github.com/ansible/ansible/pull/10708",
  "title": "Missing import for ansible.errors (pylint)",
  "author_login": "mscherer",
  "state": "MERGED",
  "merged_by_login": "bcoca",
  "body": "",
  "labels": [
    "bug"
  ],
  "additions": 2,
  "deletions": 1,
  "changed_files_count": 1,
  "changed_files_list": [
    "v2/ansible/utils/hashing.py"
  ],
  "files": [
    {
      "file_path": "v2/ansible/utils/hashing.py",
      "status": "modified",
      "additions": 2,
      "deletions": 1,
      "file_diff": "diff --git a/v2/ansible/utils/hashing.py b/v2/ansible/utils/hashing.py\nindex 2c7dd534fcb28c..5e378db79f49c5 100644\n--- a/v2/ansible/utils/hashing.py\n+++ b/v2/ansible/utils/hashing.py\n@@ -20,6 +20,7 @@\n __metaclass__ = type\n \n import os\n+from ansible.errors import AnsibleError\n \n # Note, sha1 is the only hash algorithm compatible with python2.4 and with\n # FIPS-140 mode (as of 11-2014)\n@@ -65,7 +66,7 @@ def secure_hash(filename, hash_func=sha1):\n             block = infile.read(blocksize)\n         infile.close()\n     except IOError as e:\n-        raise errors.AnsibleError(\"error while accessing the file %s, error was: %s\" % (filename, e))\n+        raise AnsibleError(\"error while accessing the file %s, error was: %s\" % (filename, e))\n     return digest.hexdigest()\n \n # The checksum algorithm must match with the algorithm in ShellModule.checksum() method\n"
    }
  ],
  "comments": [],
  "reviews": []
}