{
  "pr_number": 11408,
  "url": "https://github.com/ansible/ansible/pull/11408",
  "title": "fix typo in module-development comment: by -> but",
  "author_login": "erikdw",
  "state": "MERGED",
  "merged_by_login": "abadger",
  "body": "",
  "labels": [
    "docs"
  ],
  "additions": 1,
  "deletions": 1,
  "changed_files_count": 1,
  "changed_files_list": [
    "docsite/rst/developing_modules.rst"
  ],
  "files": [
    {
      "file_path": "docsite/rst/developing_modules.rst",
      "status": "modified",
      "additions": 1,
      "deletions": 1,
      "file_diff": "diff --git a/docsite/rst/developing_modules.rst b/docsite/rst/developing_modules.rst\nindex f08cda8e68dcc8..74daba60d44aa9 100644\n--- a/docsite/rst/developing_modules.rst\n+++ b/docsite/rst/developing_modules.rst\n@@ -292,7 +292,7 @@ will evaluate to True when check mode is enabled. For example::\n     )\n \n     if module.check_mode:\n-        # Check if any changes would be made by don't actually make those changes\n+        # Check if any changes would be made but don't actually make those changes\n         module.exit_json(changed=check_if_system_state_would_be_changed())\n \n Remember that, as module developer, you are responsible for ensuring that no\n"
    }
  ],
  "comments": [
    {
      "author_login": "abadger",
      "body": "Thanks for cleaning that up!\n\n# Merged\n\nHi!\n\nThis has been merged in, and will also be included in the next major release.\n\nIf you or anyone else has any further questions, please let us know by stopping by one of the two mailing lists, as appropriate:\n- https://groups.google.com/forum/#!forum/ansible-project - for user questions, tips, and tricks\n- https://groups.google.com/forum/#!forum/ansible-devel - for strategy, future planning, and questions about writing code\n\nBecause this project is very active, we're unlikely to see comments made on closed tickets, but the mailing list is a great way to ask questions, or post if you don't think this particular\nissue is resolved.\n\nThank you!\n"
    }
  ],
  "reviews": []
}