{
  "pr_number": 11604,
  "url": "https://github.com/ansible/ansible/pull/11604",
  "title": "fixed first_available_found for template",
  "author_login": "bcoca",
  "state": "MERGED",
  "merged_by_login": "bcoca",
  "body": "refactored into common function\nadded deprecation warning\nfixed display.deprecated to make version optional (code already assumed this)\nturned warning + 'deprecated' in plugin loader into actual call to deprecated()\n",
  "labels": [
    "bug"
  ],
  "additions": 30,
  "deletions": 34,
  "changed_files_count": 5,
  "changed_files_list": [
    "ansible/plugins/action/__init__.py b/lib/ansible/plugins/action/__init__.py",
    "ansible/plugins/action/copy.py b/lib/ansible/plugins/action/copy.py",
    "ansible/plugins/action/template.py b/lib/ansible/plugins/action/template.py",
    "ansible/utils/display.py b/lib/ansible/utils/display.py"
  ],
  "files": [
    {
      "file_path": "ansible/plugins/action/__init__.py b/lib/ansible/plugins/action/__init__.py",
      "status": "modified",
      "additions": 24,
      "deletions": 0,
      "file_diff": "diff --git a/lib/ansible/plugins/action/__init__.py b/lib/ansible/plugins/action/__init__.py\nindex 49038b29c9136a..5ef52a44f01618 100644\n--- a/lib/ansible/plugins/action/__init__.py\n+++ b/lib/ansible/plugins/action/__init__.py\n@@ -448,3 +448,27 @@ def _low_level_execute_command(self, cmd, tmp, sudoable=True, in_data=None, exec\n             rc = 0\n \n         return dict(rc=rc, stdout=out, stderr=err)\n+\n+    def _get_first_available_file(self, faf, of=None, searchdir='files'):\n+\n+        self._connection._display.deprecated(\"first_available_file, use with_first_found or lookup('first_found',...) instead\")\n+        for fn in faf:\n+            fn_orig = fn\n+            fnt = self._templar.template(fn)\n+            if self._task._role is not None:\n+                lead = self._task._role._role_path\n+            else:\n+                lead = fnt\n+            fnd = self._loader.path_dwim_relative(lead, searchdir, fnt)\n+\n+            if not os.path.exists(fnd) and of is not None:\n+                if self._task._role is not None:\n+                    lead = self._task._role._role_path\n+                else:\n+                    lead = of\n+                fnd = self._loader.path_dwim_relative(lead, searchdir, of)\n+\n+            if os.path.exists(fnd):\n+                return fnd\n+\n+        return None"
    },
    {
      "file_path": "ansible/plugins/action/copy.py b/lib/ansible/plugins/action/copy.py",
      "status": "modified",
      "additions": 2,
      "deletions": 14,
      "file_diff": "diff --git a/lib/ansible/plugins/action/copy.py b/lib/ansible/plugins/action/copy.py\nindex 7f11dfda2f303e..b97981015043cb 100644\n--- a/lib/ansible/plugins/action/copy.py\n+++ b/lib/ansible/plugins/action/copy.py\n@@ -74,20 +74,8 @@ def run(self, tmp=None, task_vars=dict()):\n         # if we have first_available_file in our vars\n         # look up the files and use the first one we find as src\n         elif faf:\n-            #FIXME: issue deprecation warning for first_available_file, use with_first_found or lookup('first_found',...) instead\n-            found = False\n-            for fn in faf:\n-                fn_orig = fn\n-                fnt = self._templar.template(fn)\n-                fnd = self._loader.path_dwim_relative(self._task._role._role_path, 'files', fnt)\n-                of = task_vars.get('_original_file', None)\n-                if not os.path.exists(fnd) and of is not None:\n-                    fnd = self._loader.path_dwim_relative(of, 'files', of)\n-                if os.path.exists(fnd):\n-                    source = fnd\n-                    found = True\n-                    break\n-            if not found:\n+            source = self._get_first_available_file(faf, task_vars.get('_original_file', None))\n+            if source is None:\n                 return  dict(failed=True, msg=\"could not find src in first_available_file list\")\n         else:\n             if self._task._role is not None:"
    },
    {
      "file_path": "ansible/plugins/action/template.py b/lib/ansible/plugins/action/template.py",
      "status": "modified",
      "additions": 2,
      "deletions": 17,
      "file_diff": "diff --git a/lib/ansible/plugins/action/template.py b/lib/ansible/plugins/action/template.py\nindex c13dc32b8a7613..09523967504e8f 100644\n--- a/lib/ansible/plugins/action/template.py\n+++ b/lib/ansible/plugins/action/template.py\n@@ -64,23 +64,8 @@ def run(self, tmp=None, task_vars=dict()):\n             tmp = self._make_tmp_path()\n \n         if faf:\n-            #FIXME: issue deprecation warning for first_available_file, use with_first_found or lookup('first_found',...) instead\n-            found = False\n-            for fn in faf:\n-                fn_orig = fn\n-                fnt = self._templar.template(fn)\n-                fnd = self._loader.path_dwim(self._task._role_._role_path, 'templates', fnt)\n-\n-                if not os.path.exists(fnd):\n-                    of = task_vars.get('_original_file', None)\n-                    if of is not None:\n-                        fnd = self._loader.path_dwim(self._task._role_._role_path, 'templates', of)\n-\n-                if os.path.exists(fnd):\n-                    source = fnd\n-                    found = True\n-                    break\n-            if not found:\n+            source = self._get_first_available_file(faf, task_vars.get('_original_file', None, 'templates'))\n+            if source is None:\n                 return dict(failed=True, msg=\"could not find src in first_available_file list\")\n         else:\n             if self._task._role is not None:"
    },
    {
      "file_path": "ansible/utils/display.py b/lib/ansible/utils/display.py",
      "status": "modified",
      "additions": 1,
      "deletions": 1,
      "file_diff": "diff --git a/lib/ansible/utils/display.py b/lib/ansible/utils/display.py\nindex a9a4f8bb50a520..ede2b29b8051a5 100644\n--- a/lib/ansible/utils/display.py\n+++ b/lib/ansible/utils/display.py\n@@ -111,7 +111,7 @@ def verbose(self, msg, host=None, caplevel=2):\n             else:\n                 self.display(\"<%s> %s\" % (host, msg), color='blue', screen_only=True)\n \n-    def deprecated(self, msg, version, removed=False):\n+    def deprecated(self, msg, version=None, removed=False):\n         ''' used to print out a deprecation message.'''\n \n         if not removed and not C.DEPRECATION_WARNINGS:\n"
    }
  ],
  "comments": [],
  "reviews": []
}