{
  "pr_number": 10690,
  "url": "https://github.com/ansible/ansible/pull/10690",
  "title": "Print function",
  "author_login": "momandine",
  "state": "MERGED",
  "merged_by_login": "abadger",
  "body": "Add python3 compatibility boilerplate to the tops of files, convert print statements to print function.\n",
  "labels": [],
  "additions": 182,
  "deletions": 19,
  "changed_files_count": 76,
  "changed_files_list": [
    "v2/ansible/inventory/__init__.py",
    "v2/ansible/inventory/dir.py",
    "v2/ansible/inventory/expand_hosts.py",
    "v2/ansible/inventory/group.py",
    "v2/ansible/inventory/ini.py",
    "v2/ansible/inventory/script.py",
    "v2/ansible/inventory/vars_plugins/noop.py",
    "v2/ansible/parsing/utils/jsonify.py",
    "v2/ansible/playbook/helpers.py",
    "v2/ansible/playbook/play.py",
    "v2/ansible/plugins/action/assemble.py",
    "v2/ansible/plugins/action/assert.py",
    "v2/ansible/plugins/action/async.py",
    "v2/ansible/plugins/action/debug.py",
    "v2/ansible/plugins/action/fail.py",
    "v2/ansible/plugins/action/fetch.py",
    "v2/ansible/plugins/action/group_by.py",
    "v2/ansible/plugins/action/include_vars.py",
    "v2/ansible/plugins/action/normal.py",
    "v2/ansible/plugins/action/pause.py",
    "v2/ansible/plugins/action/raw.py",
    "v2/ansible/plugins/action/script.py",
    "v2/ansible/plugins/action/set_fact.py",
    "v2/ansible/plugins/action/synchronize.py",
    "v2/ansible/plugins/action/template.py",
    "v2/ansible/plugins/action/unarchive.py",
    "v2/ansible/plugins/cache/__init__.py",
    "v2/ansible/plugins/cache/base.py",
    "v2/ansible/plugins/cache/memcached.py",
    "v2/ansible/plugins/cache/memory.py",
    "v2/ansible/plugins/cache/redis.py",
    "v2/ansible/plugins/connections/accelerate.py",
    "v2/ansible/plugins/connections/chroot.py",
    "v2/ansible/plugins/connections/funcd.py",
    "v2/ansible/plugins/connections/jail.py",
    "v2/ansible/plugins/connections/libvirt_lxc.py",
    "v2/ansible/plugins/connections/local.py",
    "v2/ansible/plugins/connections/paramiko_ssh.py",
    "v2/ansible/plugins/connections/ssh.py",
    "v2/ansible/plugins/connections/winrm.py",
    "v2/ansible/plugins/inventory/directory.py",
    "v2/ansible/plugins/lookup/cartesian.py",
    "v2/ansible/plugins/lookup/csvfile.py",
    "v2/ansible/plugins/lookup/dict.py",
    "v2/ansible/plugins/lookup/dnstxt.py",
    "v2/ansible/plugins/lookup/env.py",
    "v2/ansible/plugins/lookup/etcd.py",
    "v2/ansible/plugins/lookup/file.py",
    "v2/ansible/plugins/lookup/fileglob.py",
    "v2/ansible/plugins/lookup/first_found.py",
    "v2/ansible/plugins/lookup/flattened.py",
    "v2/ansible/plugins/lookup/indexed_items.py",
    "v2/ansible/plugins/lookup/inventory_hostnames.py",
    "v2/ansible/plugins/lookup/items.py",
    "v2/ansible/plugins/lookup/lines.py",
    "v2/ansible/plugins/lookup/nested.py",
    "v2/ansible/plugins/lookup/password.py",
    "v2/ansible/plugins/lookup/pipe.py",
    "v2/ansible/plugins/lookup/random_choice.py",
    "v2/ansible/plugins/lookup/redis_kv.py",
    "v2/ansible/plugins/lookup/sequence.py",
    "v2/ansible/plugins/lookup/subelements.py",
    "v2/ansible/plugins/lookup/template.py",
    "v2/ansible/plugins/lookup/together.py",
    "v2/ansible/plugins/lookup/url.py",
    "v2/ansible/plugins/shell/csh.py",
    "v2/ansible/plugins/shell/fish.py",
    "v2/ansible/plugins/shell/powershell.py",
    "v2/ansible/plugins/shell/sh.py",
    "v2/ansible/template/safe_eval.py",
    "v2/ansible/utils/color.py",
    "v2/ansible/utils/debug.py",
    "v2/ansible/utils/display.py",
    "v2/ansible/utils/encrypt.py",
    "v2/ansible/utils/path.py"
  ],
  "files": [
    {
      "file_path": "v2/ansible/inventory/__init__.py",
      "status": "modified",
      "additions": 3,
      "deletions": 0,
      "file_diff": "diff --git a/v2/ansible/inventory/__init__.py b/v2/ansible/inventory/__init__.py\nindex c8e3cddebaad53..063398f17f9cdf 100644\n--- a/v2/ansible/inventory/__init__.py\n+++ b/v2/ansible/inventory/__init__.py\n@@ -16,6 +16,9 @@\n # along with Ansible.  If not, see <http://www.gnu.org/licenses/>.\n \n #############################################\n+from __future__ import (absolute_import, division, print_function)\n+__metaclass__ = type\n+\n import fnmatch\n import os\n import sys"
    },
    {
      "file_path": "v2/ansible/inventory/dir.py",
      "status": "modified",
      "additions": 2,
      "deletions": 0,
      "file_diff": "diff --git a/v2/ansible/inventory/dir.py b/v2/ansible/inventory/dir.py\nindex 52f7af8b53f794..73c882f288fb25 100644\n--- a/v2/ansible/inventory/dir.py\n+++ b/v2/ansible/inventory/dir.py\n@@ -17,6 +17,8 @@\n # along with Ansible.  If not, see <http://www.gnu.org/licenses/>.\n \n #############################################\n+from __future__ import (absolute_import, division, print_function)\n+__metaclass__ = type\n \n import os\n "
    },
    {
      "file_path": "v2/ansible/inventory/expand_hosts.py",
      "status": "modified",
      "additions": 3,
      "deletions": 0,
      "file_diff": "diff --git a/v2/ansible/inventory/expand_hosts.py b/v2/ansible/inventory/expand_hosts.py\nindex f1297409355c22..b5a957c53fe89b 100644\n--- a/v2/ansible/inventory/expand_hosts.py\n+++ b/v2/ansible/inventory/expand_hosts.py\n@@ -30,6 +30,9 @@\n Note that when beg is specified with left zero padding, then the length of\n end must be the same as that of beg, else an exception is raised.\n '''\n+from __future__ import (absolute_import, division, print_function)\n+__metaclass__ = type\n+\n import string\n \n from ansible import errors"
    },
    {
      "file_path": "v2/ansible/inventory/group.py",
      "status": "modified",
      "additions": 2,
      "deletions": 0,
      "file_diff": "diff --git a/v2/ansible/inventory/group.py b/v2/ansible/inventory/group.py\nindex 87d6f64dfc65cd..6525e69b466bd1 100644\n--- a/v2/ansible/inventory/group.py\n+++ b/v2/ansible/inventory/group.py\n@@ -14,6 +14,8 @@\n #\n # You should have received a copy of the GNU General Public License\n # along with Ansible.  If not, see <http://www.gnu.org/licenses/>.\n+from __future__ import (absolute_import, division, print_function)\n+__metaclass__ = type\n \n from ansible.utils.debug import debug\n "
    },
    {
      "file_path": "v2/ansible/inventory/ini.py",
      "status": "modified",
      "additions": 2,
      "deletions": 0,
      "file_diff": "diff --git a/v2/ansible/inventory/ini.py b/v2/ansible/inventory/ini.py\nindex 4236140ac88486..e004ee8bb7584d 100644\n--- a/v2/ansible/inventory/ini.py\n+++ b/v2/ansible/inventory/ini.py\n@@ -16,6 +16,8 @@\n # along with Ansible.  If not, see <http://www.gnu.org/licenses/>.\n \n #############################################\n+from __future__ import (absolute_import, division, print_function)\n+__metaclass__ = type\n \n import ast\n import shlex"
    },
    {
      "file_path": "v2/ansible/inventory/script.py",
      "status": "modified",
      "additions": 2,
      "deletions": 0,
      "file_diff": "diff --git a/v2/ansible/inventory/script.py b/v2/ansible/inventory/script.py\nindex 13b53a24f5e89a..9675d70f690910 100644\n--- a/v2/ansible/inventory/script.py\n+++ b/v2/ansible/inventory/script.py\n@@ -16,6 +16,8 @@\n # along with Ansible.  If not, see <http://www.gnu.org/licenses/>.\n \n #############################################\n+from __future__ import (absolute_import, division, print_function)\n+__metaclass__ = type\n \n import os\n import subprocess"
    },
    {
      "file_path": "v2/ansible/inventory/vars_plugins/noop.py",
      "status": "modified",
      "additions": 2,
      "deletions": 0,
      "file_diff": "diff --git a/v2/ansible/inventory/vars_plugins/noop.py b/v2/ansible/inventory/vars_plugins/noop.py\nindex 5d4b4b6658c985..8f0c98cad56d35 100644\n--- a/v2/ansible/inventory/vars_plugins/noop.py\n+++ b/v2/ansible/inventory/vars_plugins/noop.py\n@@ -15,6 +15,8 @@\n #\n # You should have received a copy of the GNU General Public License\n # along with Ansible.  If not, see <http://www.gnu.org/licenses/>.\n+from __future__ import (absolute_import, division, print_function)\n+__metaclass__ = type\n \n class VarsModule(object):\n "
    },
    {
      "file_path": "v2/ansible/parsing/utils/jsonify.py",
      "status": "modified",
      "additions": 20,
      "deletions": 1,
      "file_diff": "diff --git a/v2/ansible/parsing/utils/jsonify.py b/v2/ansible/parsing/utils/jsonify.py\nindex 37c97d0195fc4e..59dbf9f8c4ce65 100644\n--- a/v2/ansible/parsing/utils/jsonify.py\n+++ b/v2/ansible/parsing/utils/jsonify.py\n@@ -1,4 +1,23 @@\n-# FIXME: header\n+# (c) 2012-2014, Michael DeHaan <michael.dehaan@gmail.com>\n+#\n+# This file is part of Ansible\n+#\n+# Ansible is free software: you can redistribute it and/or modify\n+# it under the terms of the GNU General Public License as published by\n+# the Free Software Foundation, either version 3 of the License, or\n+# (at your option) any later version.\n+#\n+# Ansible is distributed in the hope that it will be useful,\n+# but WITHOUT ANY WARRANTY; without even the implied warranty of\n+# MERCHANTABILITY or FITNESS FOR A PARTICULAR PURPOSE.  See the\n+# GNU General Public License for more details.\n+#\n+# You should have received a copy of the GNU General Public License\n+# along with Ansible.  If not, see <http://www.gnu.org/licenses/>.\n+\n+# Make coding more python3-ish\n+from __future__ import (absolute_import, division, print_function)\n+__metaclass__ = type\n \n try:\n     import json"
    },
    {
      "file_path": "v2/ansible/playbook/helpers.py",
      "status": "modified",
      "additions": 2,
      "deletions": 0,
      "file_diff": "diff --git a/v2/ansible/playbook/helpers.py b/v2/ansible/playbook/helpers.py\nindex 7242322b88faf2..92f1c64c83e8fa 100644\n--- a/v2/ansible/playbook/helpers.py\n+++ b/v2/ansible/playbook/helpers.py\n@@ -15,6 +15,8 @@\n # You should have received a copy of the GNU General Public License\n # along with Ansible.  If not, see <http://www.gnu.org/licenses/>.\n \n+from __future__ import (absolute_import, division, print_function)\n+__metaclass__ = type\n \n import os\n "
    },
    {
      "file_path": "v2/ansible/playbook/play.py",
      "status": "modified",
      "additions": 1,
      "deletions": 1,
      "file_diff": "diff --git a/v2/ansible/playbook/play.py b/v2/ansible/playbook/play.py\nindex 33fd5efd9fa417..c7f89888b87e7a 100644\n--- a/v2/ansible/playbook/play.py\n+++ b/v2/ansible/playbook/play.py\n@@ -16,7 +16,7 @@\n # along with Ansible.  If not, see <http://www.gnu.org/licenses/>.\n \n # Make coding more python3-ish\n-from __future__ import (absolute_import, division)\n+from __future__ import (absolute_import, division, print_function)\n __metaclass__ = type\n \n from ansible.errors import AnsibleError, AnsibleParserError"
    },
    {
      "file_path": "v2/ansible/plugins/action/assemble.py",
      "status": "modified",
      "additions": 2,
      "deletions": 0,
      "file_diff": "diff --git a/v2/ansible/plugins/action/assemble.py b/v2/ansible/plugins/action/assemble.py\nindex 638d4b92bb5568..4e796bddb6f013 100644\n--- a/v2/ansible/plugins/action/assemble.py\n+++ b/v2/ansible/plugins/action/assemble.py\n@@ -15,6 +15,8 @@\n # GNU General Public License for more details.\n #\n # You should have received a copy of the GNU General Public License\n+from __future__ import (absolute_import, division, print_function)\n+__metaclass__ = type\n \n import os\n import os.path"
    },
    {
      "file_path": "v2/ansible/plugins/action/assert.py",
      "status": "modified",
      "additions": 2,
      "deletions": 0,
      "file_diff": "diff --git a/v2/ansible/plugins/action/assert.py b/v2/ansible/plugins/action/assert.py\nindex 7204d93875eaac..5c4fdd7b89c222 100644\n--- a/v2/ansible/plugins/action/assert.py\n+++ b/v2/ansible/plugins/action/assert.py\n@@ -14,6 +14,8 @@\n #\n # You should have received a copy of the GNU General Public License\n # along with Ansible.  If not, see <http://www.gnu.org/licenses/>.\n+from __future__ import (absolute_import, division, print_function)\n+__metaclass__ = type\n \n from ansible.errors import AnsibleError\n from ansible.playbook.conditional import Conditional"
    },
    {
      "file_path": "v2/ansible/plugins/action/async.py",
      "status": "modified",
      "additions": 2,
      "deletions": 0,
      "file_diff": "diff --git a/v2/ansible/plugins/action/async.py b/v2/ansible/plugins/action/async.py\nindex 6fbf93d61fecd7..7c02e09757eac1 100644\n--- a/v2/ansible/plugins/action/async.py\n+++ b/v2/ansible/plugins/action/async.py\n@@ -14,6 +14,8 @@\n #\n # You should have received a copy of the GNU General Public License\n # along with Ansible.  If not, see <http://www.gnu.org/licenses/>.\n+from __future__ import (absolute_import, division, print_function)\n+__metaclass__ = type\n \n import json\n import random"
    },
    {
      "file_path": "v2/ansible/plugins/action/debug.py",
      "status": "modified",
      "additions": 2,
      "deletions": 0,
      "file_diff": "diff --git a/v2/ansible/plugins/action/debug.py b/v2/ansible/plugins/action/debug.py\nindex dcee3e6347d1ec..dc80dfc1795aa1 100644\n--- a/v2/ansible/plugins/action/debug.py\n+++ b/v2/ansible/plugins/action/debug.py\n@@ -14,6 +14,8 @@\n #\n # You should have received a copy of the GNU General Public License\n # along with Ansible.  If not, see <http://www.gnu.org/licenses/>.\n+from __future__ import (absolute_import, division, print_function)\n+__metaclass__ = type\n \n from ansible.plugins.action import ActionBase\n from ansible.utils.boolean import boolean"
    },
    {
      "file_path": "v2/ansible/plugins/action/fail.py",
      "status": "modified",
      "additions": 2,
      "deletions": 0,
      "file_diff": "diff --git a/v2/ansible/plugins/action/fail.py b/v2/ansible/plugins/action/fail.py\nindex a95ccb32f74ffc..b7845c95c5cb2a 100644\n--- a/v2/ansible/plugins/action/fail.py\n+++ b/v2/ansible/plugins/action/fail.py\n@@ -15,6 +15,8 @@\n #\n # You should have received a copy of the GNU General Public License\n # along with Ansible.  If not, see <http://www.gnu.org/licenses/>.\n+from __future__ import (absolute_import, division, print_function)\n+__metaclass__ = type\n \n from ansible.plugins.action import ActionBase\n "
    },
    {
      "file_path": "v2/ansible/plugins/action/fetch.py",
      "status": "modified",
      "additions": 2,
      "deletions": 0,
      "file_diff": "diff --git a/v2/ansible/plugins/action/fetch.py b/v2/ansible/plugins/action/fetch.py\nindex 7b549f5ecbce48..58e7cebb8d2d6b 100644\n--- a/v2/ansible/plugins/action/fetch.py\n+++ b/v2/ansible/plugins/action/fetch.py\n@@ -14,6 +14,8 @@\n #\n # You should have received a copy of the GNU General Public License\n # along with Ansible.  If not, see <http://www.gnu.org/licenses/>.\n+from __future__ import (absolute_import, division, print_function)\n+__metaclass__ = type\n \n import os\n import pwd"
    },
    {
      "file_path": "v2/ansible/plugins/action/group_by.py",
      "status": "modified",
      "additions": 2,
      "deletions": 0,
      "file_diff": "diff --git a/v2/ansible/plugins/action/group_by.py b/v2/ansible/plugins/action/group_by.py\nindex 50e0cc09c43fc2..95db33aa43f901 100644\n--- a/v2/ansible/plugins/action/group_by.py\n+++ b/v2/ansible/plugins/action/group_by.py\n@@ -14,6 +14,8 @@\n #\n # You should have received a copy of the GNU General Public License\n # along with Ansible.  If not, see <http://www.gnu.org/licenses/>.\n+from __future__ import (absolute_import, division, print_function)\n+__metaclass__ = type\n \n from ansible.errors import *\n from ansible.plugins.action import ActionBase"
    },
    {
      "file_path": "v2/ansible/plugins/action/include_vars.py",
      "status": "modified",
      "additions": 2,
      "deletions": 0,
      "file_diff": "diff --git a/v2/ansible/plugins/action/include_vars.py b/v2/ansible/plugins/action/include_vars.py\nindex 345e0edc0e9aff..8a7a74d8705029 100644\n--- a/v2/ansible/plugins/action/include_vars.py\n+++ b/v2/ansible/plugins/action/include_vars.py\n@@ -14,6 +14,8 @@\n #\n # You should have received a copy of the GNU General Public License\n # along with Ansible.  If not, see <http://www.gnu.org/licenses/>.\n+from __future__ import (absolute_import, division, print_function)\n+__metaclass__ = type\n \n import os\n "
    },
    {
      "file_path": "v2/ansible/plugins/action/normal.py",
      "status": "modified",
      "additions": 2,
      "deletions": 0,
      "file_diff": "diff --git a/v2/ansible/plugins/action/normal.py b/v2/ansible/plugins/action/normal.py\nindex 66721b4eb25452..431d9b0eebebc4 100644\n--- a/v2/ansible/plugins/action/normal.py\n+++ b/v2/ansible/plugins/action/normal.py\n@@ -14,6 +14,8 @@\n #\n # You should have received a copy of the GNU General Public License\n # along with Ansible.  If not, see <http://www.gnu.org/licenses/>.\n+from __future__ import (absolute_import, division, print_function)\n+__metaclass__ = type\n \n from ansible.plugins.action import ActionBase\n "
    },
    {
      "file_path": "v2/ansible/plugins/action/pause.py",
      "status": "modified",
      "additions": 4,
      "deletions": 2,
      "file_diff": "diff --git a/v2/ansible/plugins/action/pause.py b/v2/ansible/plugins/action/pause.py\nindex 9c6075e1011fa2..fb35e9601ff4b3 100644\n--- a/v2/ansible/plugins/action/pause.py\n+++ b/v2/ansible/plugins/action/pause.py\n@@ -14,6 +14,8 @@\n #\n # You should have received a copy of the GNU General Public License\n # along with Ansible.  If not, see <http://www.gnu.org/licenses/>.\n+from __future__ import (absolute_import, division, print_function)\n+__metaclass__ = type\n \n import datetime\n import sys\n@@ -99,7 +101,7 @@ def run(self, tmp=None, task_vars=dict()):\n \n         try:\n             if not pause_type == 'prompt':\n-                print \"(^C-c = continue early, ^C-a = abort)\"\n+                print(\"(^C-c = continue early, ^C-a = abort)\")\n                 #print(\"[%s]\\nPausing for %s seconds\" % (hosts, seconds))\n                 print(\"[%s]\\nPausing for %s seconds\" % (self._task.get_name().strip(), seconds))\n                 time.sleep(seconds)\n@@ -110,7 +112,7 @@ def run(self, tmp=None, task_vars=dict()):\n                 result['user_input'] = raw_input(prompt.encode(sys.stdout.encoding))\n         except KeyboardInterrupt:\n             while True:\n-                print '\\nAction? (a)bort/(c)ontinue: '\n+                print('\\nAction? (a)bort/(c)ontinue: ')\n                 c = getch()\n                 if c == 'c':\n                     # continue playbook evaluation"
    },
    {
      "file_path": "v2/ansible/plugins/action/raw.py",
      "status": "modified",
      "additions": 2,
      "deletions": 0,
      "file_diff": "diff --git a/v2/ansible/plugins/action/raw.py b/v2/ansible/plugins/action/raw.py\nindex d1d1b280561ac9..f9cd56572b1ba5 100644\n--- a/v2/ansible/plugins/action/raw.py\n+++ b/v2/ansible/plugins/action/raw.py\n@@ -14,6 +14,8 @@\n #\n # You should have received a copy of the GNU General Public License\n # along with Ansible.  If not, see <http://www.gnu.org/licenses/>.\n+from __future__ import (absolute_import, division, print_function)\n+__metaclass__ = type\n \n from ansible.plugins.action import ActionBase\n "
    },
    {
      "file_path": "v2/ansible/plugins/action/script.py",
      "status": "modified",
      "additions": 2,
      "deletions": 0,
      "file_diff": "diff --git a/v2/ansible/plugins/action/script.py b/v2/ansible/plugins/action/script.py\nindex 21a9f41c59bfd1..3ca7dc6a342795 100644\n--- a/v2/ansible/plugins/action/script.py\n+++ b/v2/ansible/plugins/action/script.py\n@@ -14,6 +14,8 @@\n #\n # You should have received a copy of the GNU General Public License\n # along with Ansible.  If not, see <http://www.gnu.org/licenses/>.\n+from __future__ import (absolute_import, division, print_function)\n+__metaclass__ = type\n \n import os\n "
    },
    {
      "file_path": "v2/ansible/plugins/action/set_fact.py",
      "status": "modified",
      "additions": 2,
      "deletions": 0,
      "file_diff": "diff --git a/v2/ansible/plugins/action/set_fact.py b/v2/ansible/plugins/action/set_fact.py\nindex bf89e7ec51707b..a7ddf10b474a44 100644\n--- a/v2/ansible/plugins/action/set_fact.py\n+++ b/v2/ansible/plugins/action/set_fact.py\n@@ -14,6 +14,8 @@\n #\n # You should have received a copy of the GNU General Public License\n # along with Ansible.  If not, see <http://www.gnu.org/licenses/>.\n+from __future__ import (absolute_import, division, print_function)\n+__metaclass__ = type\n \n from ansible.errors import AnsibleError\n from ansible.plugins.action import ActionBase"
    },
    {
      "file_path": "v2/ansible/plugins/action/synchronize.py",
      "status": "modified",
      "additions": 2,
      "deletions": 0,
      "file_diff": "diff --git a/v2/ansible/plugins/action/synchronize.py b/v2/ansible/plugins/action/synchronize.py\nindex 81e335b0098414..1bc64ff4d5bcfb 100644\n--- a/v2/ansible/plugins/action/synchronize.py\n+++ b/v2/ansible/plugins/action/synchronize.py\n@@ -15,6 +15,8 @@\n #\n # You should have received a copy of the GNU General Public License\n # along with Ansible.  If not, see <http://www.gnu.org/licenses/>.\n+from __future__ import (absolute_import, division, print_function)\n+__metaclass__ = type\n \n import os.path\n "
    },
    {
      "file_path": "v2/ansible/plugins/action/template.py",
      "status": "modified",
      "additions": 2,
      "deletions": 0,
      "file_diff": "diff --git a/v2/ansible/plugins/action/template.py b/v2/ansible/plugins/action/template.py\nindex 76b2e78a737d62..07b406f2beb9e2 100644\n--- a/v2/ansible/plugins/action/template.py\n+++ b/v2/ansible/plugins/action/template.py\n@@ -14,6 +14,8 @@\n #\n # You should have received a copy of the GNU General Public License\n # along with Ansible.  If not, see <http://www.gnu.org/licenses/>.\n+from __future__ import (absolute_import, division, print_function)\n+__metaclass__ = type\n \n import base64\n import os"
    },
    {
      "file_path": "v2/ansible/plugins/action/unarchive.py",
      "status": "modified",
      "additions": 2,
      "deletions": 0,
      "file_diff": "diff --git a/v2/ansible/plugins/action/unarchive.py b/v2/ansible/plugins/action/unarchive.py\nindex 1b6cb354f0fdf7..b7601ed9107e39 100644\n--- a/v2/ansible/plugins/action/unarchive.py\n+++ b/v2/ansible/plugins/action/unarchive.py\n@@ -15,6 +15,8 @@\n #\n # You should have received a copy of the GNU General Public License\n # along with Ansible.  If not, see <http://www.gnu.org/licenses/>.\n+from __future__ import (absolute_import, division, print_function)\n+__metaclass__ = type\n \n import os\n import pipes"
    },
    {
      "file_path": "v2/ansible/plugins/cache/__init__.py",
      "status": "modified",
      "additions": 2,
      "deletions": 0,
      "file_diff": "diff --git a/v2/ansible/plugins/cache/__init__.py b/v2/ansible/plugins/cache/__init__.py\nindex deed7f3ecde83c..4aa8fda8bbbfff 100644\n--- a/v2/ansible/plugins/cache/__init__.py\n+++ b/v2/ansible/plugins/cache/__init__.py\n@@ -14,6 +14,8 @@\n #\n # You should have received a copy of the GNU General Public License\n # along with Ansible.  If not, see <http://www.gnu.org/licenses/>.\n+from __future__ import (absolute_import, division, print_function)\n+__metaclass__ = type\n \n from collections import MutableMapping\n "
    },
    {
      "file_path": "v2/ansible/plugins/cache/base.py",
      "status": "modified",
      "additions": 2,
      "deletions": 0,
      "file_diff": "diff --git a/v2/ansible/plugins/cache/base.py b/v2/ansible/plugins/cache/base.py\nindex b6254cdfd48298..6ff3d5ed1e2b2c 100644\n--- a/v2/ansible/plugins/cache/base.py\n+++ b/v2/ansible/plugins/cache/base.py\n@@ -14,6 +14,8 @@\n #\n # You should have received a copy of the GNU General Public License\n # along with Ansible.  If not, see <http://www.gnu.org/licenses/>.\n+from __future__ import (absolute_import, division, print_function)\n+__metaclass__ = type\n \n import exceptions\n "
    },
    {
      "file_path": "v2/ansible/plugins/cache/memcached.py",
      "status": "modified",
      "additions": 3,
      "deletions": 1,
      "file_diff": "diff --git a/v2/ansible/plugins/cache/memcached.py b/v2/ansible/plugins/cache/memcached.py\nindex deaf07fe2e2695..e7321a5a6b5c87 100644\n--- a/v2/ansible/plugins/cache/memcached.py\n+++ b/v2/ansible/plugins/cache/memcached.py\n@@ -14,6 +14,8 @@\n #\n # You should have received a copy of the GNU General Public License\n # along with Ansible.  If not, see <http://www.gnu.org/licenses/>.\n+from __future__ import (absolute_import, division, print_function)\n+__metaclass__ = type\n \n import collections\n import os\n@@ -28,7 +30,7 @@\n try:\n     import memcache\n except ImportError:\n-    print 'python-memcached is required for the memcached fact cache'\n+    print('python-memcached is required for the memcached fact cache')\n     sys.exit(1)\n \n "
    },
    {
      "file_path": "v2/ansible/plugins/cache/memory.py",
      "status": "modified",
      "additions": 2,
      "deletions": 0,
      "file_diff": "diff --git a/v2/ansible/plugins/cache/memory.py b/v2/ansible/plugins/cache/memory.py\nindex 007719a6477673..15628361513121 100644\n--- a/v2/ansible/plugins/cache/memory.py\n+++ b/v2/ansible/plugins/cache/memory.py\n@@ -14,6 +14,8 @@\n #\n # You should have received a copy of the GNU General Public License\n # along with Ansible.  If not, see <http://www.gnu.org/licenses/>.\n+from __future__ import (absolute_import, division, print_function)\n+__metaclass__ = type\n \n from ansible.plugins.cache.base import BaseCacheModule\n "
    },
    {
      "file_path": "v2/ansible/plugins/cache/redis.py",
      "status": "modified",
      "additions": 3,
      "deletions": 3,
      "file_diff": "diff --git a/v2/ansible/plugins/cache/redis.py b/v2/ansible/plugins/cache/redis.py\nindex 7f126de64bb73f..287c14bd2a2bf4 100644\n--- a/v2/ansible/plugins/cache/redis.py\n+++ b/v2/ansible/plugins/cache/redis.py\n@@ -14,9 +14,9 @@\n #\n # You should have received a copy of the GNU General Public License\n # along with Ansible.  If not, see <http://www.gnu.org/licenses/>.\n+from __future__ import (absolute_import, division, print_function)\n+__metaclass__ = type\n \n-from __future__ import absolute_import\n-import collections\n # FIXME: can we store these as something else before we ship it?\n import sys\n import time\n@@ -28,7 +28,7 @@\n try:\n     from redis import StrictRedis\n except ImportError:\n-    print \"The 'redis' python module is required, 'pip install redis'\"\n+    print(\"The 'redis' python module is required, 'pip install redis'\")\n     sys.exit(1)\n \n class CacheModule(BaseCacheModule):"
    },
    {
      "file_path": "v2/ansible/plugins/connections/accelerate.py",
      "status": "modified",
      "additions": 2,
      "deletions": 0,
      "file_diff": "diff --git a/v2/ansible/plugins/connections/accelerate.py b/v2/ansible/plugins/connections/accelerate.py\nindex a31124e119f655..925136ecce2c6f 100644\n--- a/v2/ansible/plugins/connections/accelerate.py\n+++ b/v2/ansible/plugins/connections/accelerate.py\n@@ -14,6 +14,8 @@\n #\n # You should have received a copy of the GNU General Public License\n # along with Ansible.  If not, see <http://www.gnu.org/licenses/>.\n+from __future__ import (absolute_import, division, print_function)\n+__metaclass__ = type\n \n import json\n import os"
    },
    {
      "file_path": "v2/ansible/plugins/connections/chroot.py",
      "status": "modified",
      "additions": 2,
      "deletions": 0,
      "file_diff": "diff --git a/v2/ansible/plugins/connections/chroot.py b/v2/ansible/plugins/connections/chroot.py\nindex 38c8af7a69096c..4e61f4ea559e01 100644\n--- a/v2/ansible/plugins/connections/chroot.py\n+++ b/v2/ansible/plugins/connections/chroot.py\n@@ -15,6 +15,8 @@\n #\n # You should have received a copy of the GNU General Public License\n # along with Ansible.  If not, see <http://www.gnu.org/licenses/>.\n+from __future__ import (absolute_import, division, print_function)\n+__metaclass__ = type\n \n import distutils.spawn\n import traceback"
    },
    {
      "file_path": "v2/ansible/plugins/connections/funcd.py",
      "status": "modified",
      "additions": 3,
      "deletions": 0,
      "file_diff": "diff --git a/v2/ansible/plugins/connections/funcd.py b/v2/ansible/plugins/connections/funcd.py\nindex 7244abcbe9a65b..83a0c9b01d302f 100644\n--- a/v2/ansible/plugins/connections/funcd.py\n+++ b/v2/ansible/plugins/connections/funcd.py\n@@ -18,6 +18,9 @@\n # along with Ansible.  If not, see <http://www.gnu.org/licenses/>.\n \n # ---\n+from __future__ import (absolute_import, division, print_function)\n+__metaclass__ = type\n+\n # The func transport permit to use ansible over func. For people who have already setup\n # func and that wish to play with ansible, this permit to move gradually to ansible\n # without having to redo completely the setup of the network."
    },
    {
      "file_path": "v2/ansible/plugins/connections/jail.py",
      "status": "modified",
      "additions": 2,
      "deletions": 0,
      "file_diff": "diff --git a/v2/ansible/plugins/connections/jail.py b/v2/ansible/plugins/connections/jail.py\nindex b721ad62b50ab1..a81f587bfd06de 100644\n--- a/v2/ansible/plugins/connections/jail.py\n+++ b/v2/ansible/plugins/connections/jail.py\n@@ -16,6 +16,8 @@\n #\n # You should have received a copy of the GNU General Public License\n # along with Ansible.  If not, see <http://www.gnu.org/licenses/>.\n+from __future__ import (absolute_import, division, print_function)\n+__metaclass__ = type\n \n import distutils.spawn\n import traceback"
    },
    {
      "file_path": "v2/ansible/plugins/connections/libvirt_lxc.py",
      "status": "modified",
      "additions": 2,
      "deletions": 0,
      "file_diff": "diff --git a/v2/ansible/plugins/connections/libvirt_lxc.py b/v2/ansible/plugins/connections/libvirt_lxc.py\nindex c6cf11f2667fb2..ee824554a0212d 100644\n--- a/v2/ansible/plugins/connections/libvirt_lxc.py\n+++ b/v2/ansible/plugins/connections/libvirt_lxc.py\n@@ -16,6 +16,8 @@\n #\n # You should have received a copy of the GNU General Public License\n # along with Ansible.  If not, see <http://www.gnu.org/licenses/>.\n+from __future__ import (absolute_import, division, print_function)\n+__metaclass__ = type\n \n import distutils.spawn\n import os"
    },
    {
      "file_path": "v2/ansible/plugins/connections/local.py",
      "status": "modified",
      "additions": 2,
      "deletions": 0,
      "file_diff": "diff --git a/v2/ansible/plugins/connections/local.py b/v2/ansible/plugins/connections/local.py\nindex 31d0b296e4aee1..73583974bf025c 100644\n--- a/v2/ansible/plugins/connections/local.py\n+++ b/v2/ansible/plugins/connections/local.py\n@@ -14,6 +14,8 @@\n #\n # You should have received a copy of the GNU General Public License\n # along with Ansible.  If not, see <http://www.gnu.org/licenses/>.\n+from __future__ import (absolute_import, division, print_function)\n+__metaclass__ = type\n \n import traceback\n import os"
    },
    {
      "file_path": "v2/ansible/plugins/connections/paramiko_ssh.py",
      "status": "modified",
      "additions": 2,
      "deletions": 1,
      "file_diff": "diff --git a/v2/ansible/plugins/connections/paramiko_ssh.py b/v2/ansible/plugins/connections/paramiko_ssh.py\nindex 4bb06e01c36147..4562eaa86e3390 100644\n--- a/v2/ansible/plugins/connections/paramiko_ssh.py\n+++ b/v2/ansible/plugins/connections/paramiko_ssh.py\n@@ -14,7 +14,8 @@\n #\n # You should have received a copy of the GNU General Public License\n # along with Ansible.  If not, see <http://www.gnu.org/licenses/>.\n-\n+from __future__ import (absolute_import, division, print_function)\n+__metaclass__ = type\n \n # ---\n # The paramiko transport is provided because many distributions, in particular EL6 and before"
    },
    {
      "file_path": "v2/ansible/plugins/connections/ssh.py",
      "status": "modified",
      "additions": 2,
      "deletions": 0,
      "file_diff": "diff --git a/v2/ansible/plugins/connections/ssh.py b/v2/ansible/plugins/connections/ssh.py\nindex e59311ead96df6..2c8f8de8135abb 100644\n--- a/v2/ansible/plugins/connections/ssh.py\n+++ b/v2/ansible/plugins/connections/ssh.py\n@@ -15,6 +15,8 @@\n # You should have received a copy of the GNU General Public License\n # along with Ansible.  If not, see <http://www.gnu.org/licenses/>.\n #\n+from __future__ import (absolute_import, division, print_function)\n+__metaclass__ = type\n \n import os\n import re"
    },
    {
      "file_path": "v2/ansible/plugins/connections/winrm.py",
      "status": "modified",
      "additions": 2,
      "deletions": 2,
      "file_diff": "diff --git a/v2/ansible/plugins/connections/winrm.py b/v2/ansible/plugins/connections/winrm.py\nindex d6e51710b5f27a..bb704d405c7d1c 100644\n--- a/v2/ansible/plugins/connections/winrm.py\n+++ b/v2/ansible/plugins/connections/winrm.py\n@@ -14,8 +14,8 @@\n #\n # You should have received a copy of the GNU General Public License\n # along with Ansible.  If not, see <http://www.gnu.org/licenses/>.\n-\n-from __future__ import absolute_import\n+from __future__ import (absolute_import, division, print_function)\n+__metaclass__ = type\n \n import base64\n import hashlib"
    },
    {
      "file_path": "v2/ansible/plugins/inventory/directory.py",
      "status": "modified",
      "additions": 1,
      "deletions": 1,
      "file_diff": "diff --git a/v2/ansible/plugins/inventory/directory.py b/v2/ansible/plugins/inventory/directory.py\nindex d340ed753870c9..a75ad44ea6cfb7 100644\n--- a/v2/ansible/plugins/inventory/directory.py\n+++ b/v2/ansible/plugins/inventory/directory.py\n@@ -18,7 +18,7 @@\n #############################################\n \n # Make coding more python3-ish\n-from __future__ import (division, print_function)\n+from __future__ import (absolute_import, division, print_function)\n __metaclass__ = type\n \n import os"
    },
    {
      "file_path": "v2/ansible/plugins/lookup/cartesian.py",
      "status": "modified",
      "additions": 2,
      "deletions": 0,
      "file_diff": "diff --git a/v2/ansible/plugins/lookup/cartesian.py b/v2/ansible/plugins/lookup/cartesian.py\nindex cc74240826a74b..c50d53e7f80aa2 100644\n--- a/v2/ansible/plugins/lookup/cartesian.py\n+++ b/v2/ansible/plugins/lookup/cartesian.py\n@@ -14,6 +14,8 @@\n #\n # You should have received a copy of the GNU General Public License\n # along with Ansible.  If not, see <http://www.gnu.org/licenses/>.\n+from __future__ import (absolute_import, division, print_function)\n+__metaclass__ = type\n \n from itertools import product\n "
    },
    {
      "file_path": "v2/ansible/plugins/lookup/csvfile.py",
      "status": "modified",
      "additions": 2,
      "deletions": 0,
      "file_diff": "diff --git a/v2/ansible/plugins/lookup/csvfile.py b/v2/ansible/plugins/lookup/csvfile.py\nindex 87757399ce5b79..b67b6bcd1c45b3 100644\n--- a/v2/ansible/plugins/lookup/csvfile.py\n+++ b/v2/ansible/plugins/lookup/csvfile.py\n@@ -14,6 +14,8 @@\n #\n # You should have received a copy of the GNU General Public License\n # along with Ansible.  If not, see <http://www.gnu.org/licenses/>.\n+from __future__ import (absolute_import, division, print_function)\n+__metaclass__ = type\n \n import os\n import codecs"
    },
    {
      "file_path": "v2/ansible/plugins/lookup/dict.py",
      "status": "modified",
      "additions": 2,
      "deletions": 0,
      "file_diff": "diff --git a/v2/ansible/plugins/lookup/dict.py b/v2/ansible/plugins/lookup/dict.py\nindex 61389df7c2e26d..cc7975ae499993 100644\n--- a/v2/ansible/plugins/lookup/dict.py\n+++ b/v2/ansible/plugins/lookup/dict.py\n@@ -14,6 +14,8 @@\n #\n # You should have received a copy of the GNU General Public License\n # along with Ansible.  If not, see <http://www.gnu.org/licenses/>.\n+from __future__ import (absolute_import, division, print_function)\n+__metaclass__ = type\n \n from ansible.plugins.lookup import LookupBase\n "
    },
    {
      "file_path": "v2/ansible/plugins/lookup/dnstxt.py",
      "status": "modified",
      "additions": 2,
      "deletions": 0,
      "file_diff": "diff --git a/v2/ansible/plugins/lookup/dnstxt.py b/v2/ansible/plugins/lookup/dnstxt.py\nindex 7100f8d96dfc39..07451079fece31 100644\n--- a/v2/ansible/plugins/lookup/dnstxt.py\n+++ b/v2/ansible/plugins/lookup/dnstxt.py\n@@ -14,6 +14,8 @@\n #\n # You should have received a copy of the GNU General Public License\n # along with Ansible.  If not, see <http://www.gnu.org/licenses/>.\n+from __future__ import (absolute_import, division, print_function)\n+__metaclass__ = type\n \n import os\n "
    },
    {
      "file_path": "v2/ansible/plugins/lookup/env.py",
      "status": "modified",
      "additions": 2,
      "deletions": 0,
      "file_diff": "diff --git a/v2/ansible/plugins/lookup/env.py b/v2/ansible/plugins/lookup/env.py\nindex 896f95e13a96d2..55847dd7779fb4 100644\n--- a/v2/ansible/plugins/lookup/env.py\n+++ b/v2/ansible/plugins/lookup/env.py\n@@ -14,6 +14,8 @@\n #\n # You should have received a copy of the GNU General Public License\n # along with Ansible.  If not, see <http://www.gnu.org/licenses/>.\n+from __future__ import (absolute_import, division, print_function)\n+__metaclass__ = type\n \n import os\n "
    },
    {
      "file_path": "v2/ansible/plugins/lookup/etcd.py",
      "status": "modified",
      "additions": 2,
      "deletions": 0,
      "file_diff": "diff --git a/v2/ansible/plugins/lookup/etcd.py b/v2/ansible/plugins/lookup/etcd.py\nindex 5b54788985b07a..002068389f8357 100644\n--- a/v2/ansible/plugins/lookup/etcd.py\n+++ b/v2/ansible/plugins/lookup/etcd.py\n@@ -14,6 +14,8 @@\n #\n # You should have received a copy of the GNU General Public License\n # along with Ansible.  If not, see <http://www.gnu.org/licenses/>.\n+from __future__ import (absolute_import, division, print_function)\n+__metaclass__ = type\n \n import os\n import urllib2"
    },
    {
      "file_path": "v2/ansible/plugins/lookup/file.py",
      "status": "modified",
      "additions": 2,
      "deletions": 0,
      "file_diff": "diff --git a/v2/ansible/plugins/lookup/file.py b/v2/ansible/plugins/lookup/file.py\nindex add4da7f47b5d7..efb039497dd89b 100644\n--- a/v2/ansible/plugins/lookup/file.py\n+++ b/v2/ansible/plugins/lookup/file.py\n@@ -14,6 +14,8 @@\n #\n # You should have received a copy of the GNU General Public License\n # along with Ansible.  If not, see <http://www.gnu.org/licenses/>.\n+from __future__ import (absolute_import, division, print_function)\n+__metaclass__ = type\n \n import os\n import codecs"
    },
    {
      "file_path": "v2/ansible/plugins/lookup/fileglob.py",
      "status": "modified",
      "additions": 2,
      "deletions": 0,
      "file_diff": "diff --git a/v2/ansible/plugins/lookup/fileglob.py b/v2/ansible/plugins/lookup/fileglob.py\nindex bde016af9e40f2..898590671503b1 100644\n--- a/v2/ansible/plugins/lookup/fileglob.py\n+++ b/v2/ansible/plugins/lookup/fileglob.py\n@@ -14,6 +14,8 @@\n #\n # You should have received a copy of the GNU General Public License\n # along with Ansible.  If not, see <http://www.gnu.org/licenses/>.\n+from __future__ import (absolute_import, division, print_function)\n+__metaclass__ = type\n \n import os\n import glob"
    },
    {
      "file_path": "v2/ansible/plugins/lookup/first_found.py",
      "status": "modified",
      "additions": 2,
      "deletions": 0,
      "file_diff": "diff --git a/v2/ansible/plugins/lookup/first_found.py b/v2/ansible/plugins/lookup/first_found.py\nindex 0ed268801508e2..e2ae2eb214c502 100644\n--- a/v2/ansible/plugins/lookup/first_found.py\n+++ b/v2/ansible/plugins/lookup/first_found.py\n@@ -14,6 +14,8 @@\n #\n # You should have received a copy of the GNU General Public License\n # along with Ansible.  If not, see <http://www.gnu.org/licenses/>.\n+from __future__ import (absolute_import, division, print_function)\n+__metaclass__ = type\n \n # take a list of files and (optionally) a list of paths\n # return the first existing file found in the paths"
    },
    {
      "file_path": "v2/ansible/plugins/lookup/flattened.py",
      "status": "modified",
      "additions": 2,
      "deletions": 1,
      "file_diff": "diff --git a/v2/ansible/plugins/lookup/flattened.py b/v2/ansible/plugins/lookup/flattened.py\nindex 24f1a9ac950e4b..f0a8adaf5e65ac 100644\n--- a/v2/ansible/plugins/lookup/flattened.py\n+++ b/v2/ansible/plugins/lookup/flattened.py\n@@ -14,7 +14,8 @@\n #\n # You should have received a copy of the GNU General Public License\n # along with Ansible.  If not, see <http://www.gnu.org/licenses/>.\n-\n+from __future__ import (absolute_import, division, print_function)\n+__metaclass__ = type\n \n from ansible.errors import *\n from ansible.plugins.lookup import LookupBase"
    },
    {
      "file_path": "v2/ansible/plugins/lookup/indexed_items.py",
      "status": "modified",
      "additions": 2,
      "deletions": 0,
      "file_diff": "diff --git a/v2/ansible/plugins/lookup/indexed_items.py b/v2/ansible/plugins/lookup/indexed_items.py\nindex 1731dc0e847b10..4f1dd199471e50 100644\n--- a/v2/ansible/plugins/lookup/indexed_items.py\n+++ b/v2/ansible/plugins/lookup/indexed_items.py\n@@ -14,6 +14,8 @@\n #\n # You should have received a copy of the GNU General Public License\n # along with Ansible.  If not, see <http://www.gnu.org/licenses/>.\n+from __future__ import (absolute_import, division, print_function)\n+__metaclass__ = type\n \n from ansible.plugins.lookup import LookupBase\n "
    },
    {
      "file_path": "v2/ansible/plugins/lookup/inventory_hostnames.py",
      "status": "modified",
      "additions": 3,
      "deletions": 0,
      "file_diff": "diff --git a/v2/ansible/plugins/lookup/inventory_hostnames.py b/v2/ansible/plugins/lookup/inventory_hostnames.py\nindex faffe47eb85c8f..d09dec0c7b5ae3 100644\n--- a/v2/ansible/plugins/lookup/inventory_hostnames.py\n+++ b/v2/ansible/plugins/lookup/inventory_hostnames.py\n@@ -16,6 +16,9 @@\n # You should have received a copy of the GNU General Public License\n # along with Ansible.  If not, see <http://www.gnu.org/licenses/>.\n \n+from __future__ import (absolute_import, division, print_function)\n+__metaclass__ = type\n+\n from ansible.errors import *\n from ansible.plugins.lookup import LookupBase\n "
    },
    {
      "file_path": "v2/ansible/plugins/lookup/items.py",
      "status": "modified",
      "additions": 2,
      "deletions": 0,
      "file_diff": "diff --git a/v2/ansible/plugins/lookup/items.py b/v2/ansible/plugins/lookup/items.py\nindex 46925d2a8ba71b..65ff66d854a3a7 100644\n--- a/v2/ansible/plugins/lookup/items.py\n+++ b/v2/ansible/plugins/lookup/items.py\n@@ -14,6 +14,8 @@\n #\n # You should have received a copy of the GNU General Public License\n # along with Ansible.  If not, see <http://www.gnu.org/licenses/>.\n+from __future__ import (absolute_import, division, print_function)\n+__metaclass__ = type\n \n from ansible.plugins.lookup import LookupBase\n "
    },
    {
      "file_path": "v2/ansible/plugins/lookup/lines.py",
      "status": "modified",
      "additions": 3,
      "deletions": 1,
      "file_diff": "diff --git a/v2/ansible/plugins/lookup/lines.py b/v2/ansible/plugins/lookup/lines.py\nindex 507793b18e9711..0d842bf148ff0d 100644\n--- a/v2/ansible/plugins/lookup/lines.py\n+++ b/v2/ansible/plugins/lookup/lines.py\n@@ -15,8 +15,10 @@\n # You should have received a copy of the GNU General Public License\n # along with Ansible.  If not, see <http://www.gnu.org/licenses/>.\n \n-import subprocess\n+from __future__ import (absolute_import, division, print_function)\n+__metaclass__ = type\n \n+import subprocess\n from ansible.errors import *\n from ansible.plugins.lookup import LookupBase\n "
    },
    {
      "file_path": "v2/ansible/plugins/lookup/nested.py",
      "status": "modified",
      "additions": 2,
      "deletions": 0,
      "file_diff": "diff --git a/v2/ansible/plugins/lookup/nested.py b/v2/ansible/plugins/lookup/nested.py\nindex 0f2d146b4780b7..52f4bed1d52410 100644\n--- a/v2/ansible/plugins/lookup/nested.py\n+++ b/v2/ansible/plugins/lookup/nested.py\n@@ -14,6 +14,8 @@\n #\n # You should have received a copy of the GNU General Public License\n # along with Ansible.  If not, see <http://www.gnu.org/licenses/>.\n+from __future__ import (absolute_import, division, print_function)\n+__metaclass__ = type\n \n from ansible.errors import AnsibleError\n from ansible.plugins.lookup import LookupBase"
    },
    {
      "file_path": "v2/ansible/plugins/lookup/password.py",
      "status": "modified",
      "additions": 2,
      "deletions": 0,
      "file_diff": "diff --git a/v2/ansible/plugins/lookup/password.py b/v2/ansible/plugins/lookup/password.py\nindex 6e13410e1ab67e..d262ed79c44458 100644\n--- a/v2/ansible/plugins/lookup/password.py\n+++ b/v2/ansible/plugins/lookup/password.py\n@@ -16,6 +16,8 @@\n #\n # You should have received a copy of the GNU General Public License\n # along with Ansible.  If not, see <http://www.gnu.org/licenses/>.\n+from __future__ import (absolute_import, division, print_function)\n+__metaclass__ = type\n \n import os\n import errno"
    },
    {
      "file_path": "v2/ansible/plugins/lookup/pipe.py",
      "status": "modified",
      "additions": 2,
      "deletions": 0,
      "file_diff": "diff --git a/v2/ansible/plugins/lookup/pipe.py b/v2/ansible/plugins/lookup/pipe.py\nindex 0a7e5cb31ae97e..d9f74708b28510 100644\n--- a/v2/ansible/plugins/lookup/pipe.py\n+++ b/v2/ansible/plugins/lookup/pipe.py\n@@ -14,6 +14,8 @@\n #\n # You should have received a copy of the GNU General Public License\n # along with Ansible.  If not, see <http://www.gnu.org/licenses/>.\n+from __future__ import (absolute_import, division, print_function)\n+__metaclass__ = type\n \n import subprocess\n "
    },
    {
      "file_path": "v2/ansible/plugins/lookup/random_choice.py",
      "status": "modified",
      "additions": 2,
      "deletions": 0,
      "file_diff": "diff --git a/v2/ansible/plugins/lookup/random_choice.py b/v2/ansible/plugins/lookup/random_choice.py\nindex e899a2dbe3c56c..de4f31cd0eb134 100644\n--- a/v2/ansible/plugins/lookup/random_choice.py\n+++ b/v2/ansible/plugins/lookup/random_choice.py\n@@ -14,6 +14,8 @@\n #\n # You should have received a copy of the GNU General Public License\n # along with Ansible.  If not, see <http://www.gnu.org/licenses/>.\n+from __future__ import (absolute_import, division, print_function)\n+__metaclass__ = type\n \n import random\n "
    },
    {
      "file_path": "v2/ansible/plugins/lookup/redis_kv.py",
      "status": "modified",
      "additions": 2,
      "deletions": 0,
      "file_diff": "diff --git a/v2/ansible/plugins/lookup/redis_kv.py b/v2/ansible/plugins/lookup/redis_kv.py\nindex 08895d4c4ec254..e499e83f9383d3 100644\n--- a/v2/ansible/plugins/lookup/redis_kv.py\n+++ b/v2/ansible/plugins/lookup/redis_kv.py\n@@ -14,6 +14,8 @@\n #\n # You should have received a copy of the GNU General Public License\n # along with Ansible.  If not, see <http://www.gnu.org/licenses/>.\n+from __future__ import (absolute_import, division, print_function)\n+__metaclass__ = type\n \n import os\n import re"
    },
    {
      "file_path": "v2/ansible/plugins/lookup/sequence.py",
      "status": "modified",
      "additions": 2,
      "deletions": 0,
      "file_diff": "diff --git a/v2/ansible/plugins/lookup/sequence.py b/v2/ansible/plugins/lookup/sequence.py\nindex 99783cf566b778..1ddeba932f8523 100644\n--- a/v2/ansible/plugins/lookup/sequence.py\n+++ b/v2/ansible/plugins/lookup/sequence.py\n@@ -14,6 +14,8 @@\n #\n # You should have received a copy of the GNU General Public License\n # along with Ansible.  If not, see <http://www.gnu.org/licenses/>.\n+from __future__ import (absolute_import, division, print_function)\n+__metaclass__ = type\n \n from re import compile as re_compile, IGNORECASE\n "
    },
    {
      "file_path": "v2/ansible/plugins/lookup/subelements.py",
      "status": "modified",
      "additions": 2,
      "deletions": 0,
      "file_diff": "diff --git a/v2/ansible/plugins/lookup/subelements.py b/v2/ansible/plugins/lookup/subelements.py\nindex 93e9e570c41ed5..09a2ca306a11ee 100644\n--- a/v2/ansible/plugins/lookup/subelements.py\n+++ b/v2/ansible/plugins/lookup/subelements.py\n@@ -14,6 +14,8 @@\n #\n # You should have received a copy of the GNU General Public License\n # along with Ansible.  If not, see <http://www.gnu.org/licenses/>.\n+from __future__ import (absolute_import, division, print_function)\n+__metaclass__ = type\n \n from ansible.errors import *\n from ansible.plugins.lookup import LookupBase"
    },
    {
      "file_path": "v2/ansible/plugins/lookup/template.py",
      "status": "modified",
      "additions": 2,
      "deletions": 0,
      "file_diff": "diff --git a/v2/ansible/plugins/lookup/template.py b/v2/ansible/plugins/lookup/template.py\nindex 74406f64458c1a..e53e1990a0dfcb 100644\n--- a/v2/ansible/plugins/lookup/template.py\n+++ b/v2/ansible/plugins/lookup/template.py\n@@ -14,6 +14,8 @@\n #\n # You should have received a copy of the GNU General Public License\n # along with Ansible.  If not, see <http://www.gnu.org/licenses/>.\n+from __future__ import (absolute_import, division, print_function)\n+__metaclass__ = type\n \n import os\n "
    },
    {
      "file_path": "v2/ansible/plugins/lookup/together.py",
      "status": "modified",
      "additions": 2,
      "deletions": 0,
      "file_diff": "diff --git a/v2/ansible/plugins/lookup/together.py b/v2/ansible/plugins/lookup/together.py\nindex 8b5ff5c89193af..2f53121cc8bb33 100644\n--- a/v2/ansible/plugins/lookup/together.py\n+++ b/v2/ansible/plugins/lookup/together.py\n@@ -14,6 +14,8 @@\n #\n # You should have received a copy of the GNU General Public License\n # along with Ansible.  If not, see <http://www.gnu.org/licenses/>.\n+from __future__ import (absolute_import, division, print_function)\n+__metaclass__ = type\n \n from itertools import izip_longest\n "
    },
    {
      "file_path": "v2/ansible/plugins/lookup/url.py",
      "status": "modified",
      "additions": 2,
      "deletions": 0,
      "file_diff": "diff --git a/v2/ansible/plugins/lookup/url.py b/v2/ansible/plugins/lookup/url.py\nindex c907bfbce3965a..59a26ae5413f01 100644\n--- a/v2/ansible/plugins/lookup/url.py\n+++ b/v2/ansible/plugins/lookup/url.py\n@@ -14,6 +14,8 @@\n #\n # You should have received a copy of the GNU General Public License\n # along with Ansible.  If not, see <http://www.gnu.org/licenses/>.\n+from __future__ import (absolute_import, division, print_function)\n+__metaclass__ = type\n \n from ansible.plugins.lookup import LookupBase\n import urllib2"
    },
    {
      "file_path": "v2/ansible/plugins/shell/csh.py",
      "status": "modified",
      "additions": 2,
      "deletions": 0,
      "file_diff": "diff --git a/v2/ansible/plugins/shell/csh.py b/v2/ansible/plugins/shell/csh.py\nindex 4e9f8c8af742f0..96ec84c5bf833b 100644\n--- a/v2/ansible/plugins/shell/csh.py\n+++ b/v2/ansible/plugins/shell/csh.py\n@@ -14,6 +14,8 @@\n #\n # You should have received a copy of the GNU General Public License\n # along with Ansible.  If not, see <http://www.gnu.org/licenses/>.\n+from __future__ import (absolute_import, division, print_function)\n+__metaclass__ = type\n \n from ansible.runner.shell_plugins.sh import ShellModule as ShModule\n "
    },
    {
      "file_path": "v2/ansible/plugins/shell/fish.py",
      "status": "modified",
      "additions": 2,
      "deletions": 0,
      "file_diff": "diff --git a/v2/ansible/plugins/shell/fish.py b/v2/ansible/plugins/shell/fish.py\nindex 137c013c12fa3e..53fa9abada6297 100644\n--- a/v2/ansible/plugins/shell/fish.py\n+++ b/v2/ansible/plugins/shell/fish.py\n@@ -14,6 +14,8 @@\n #\n # You should have received a copy of the GNU General Public License\n # along with Ansible.  If not, see <http://www.gnu.org/licenses/>.\n+from __future__ import (absolute_import, division, print_function)\n+__metaclass__ = type\n \n from ansible.runner.shell_plugins.sh import ShellModule as ShModule\n "
    },
    {
      "file_path": "v2/ansible/plugins/shell/powershell.py",
      "status": "modified",
      "additions": 2,
      "deletions": 0,
      "file_diff": "diff --git a/v2/ansible/plugins/shell/powershell.py b/v2/ansible/plugins/shell/powershell.py\nindex 7254df6f7ea63c..9f3825c3b0f9a1 100644\n--- a/v2/ansible/plugins/shell/powershell.py\n+++ b/v2/ansible/plugins/shell/powershell.py\n@@ -14,6 +14,8 @@\n #\n # You should have received a copy of the GNU General Public License\n # along with Ansible.  If not, see <http://www.gnu.org/licenses/>.\n+from __future__ import (absolute_import, division, print_function)\n+__metaclass__ = type\n \n import base64\n import os"
    },
    {
      "file_path": "v2/ansible/plugins/shell/sh.py",
      "status": "modified",
      "additions": 2,
      "deletions": 0,
      "file_diff": "diff --git a/v2/ansible/plugins/shell/sh.py b/v2/ansible/plugins/shell/sh.py\nindex 5fb0dc3add3f76..497d45eace2ea4 100644\n--- a/v2/ansible/plugins/shell/sh.py\n+++ b/v2/ansible/plugins/shell/sh.py\n@@ -14,6 +14,8 @@\n #\n # You should have received a copy of the GNU General Public License\n # along with Ansible.  If not, see <http://www.gnu.org/licenses/>.\n+from __future__ import (absolute_import, division, print_function)\n+__metaclass__ = type\n \n import os\n import re"
    },
    {
      "file_path": "v2/ansible/template/safe_eval.py",
      "status": "modified",
      "additions": 2,
      "deletions": 0,
      "file_diff": "diff --git a/v2/ansible/template/safe_eval.py b/v2/ansible/template/safe_eval.py\nindex ba377054d7ad2e..8dafa433878483 100644\n--- a/v2/ansible/template/safe_eval.py\n+++ b/v2/ansible/template/safe_eval.py\n@@ -14,6 +14,8 @@\n #\n # You should have received a copy of the GNU General Public License\n # along with Ansible.  If not, see <http://www.gnu.org/licenses/>.\n+from __future__ import (absolute_import, division, print_function)\n+__metaclass__ = type\n \n import ast\n import sys"
    },
    {
      "file_path": "v2/ansible/utils/color.py",
      "status": "modified",
      "additions": 2,
      "deletions": 0,
      "file_diff": "diff --git a/v2/ansible/utils/color.py b/v2/ansible/utils/color.py\nindex a87717073ebf67..37d0466d2d199a 100644\n--- a/v2/ansible/utils/color.py\n+++ b/v2/ansible/utils/color.py\n@@ -14,6 +14,8 @@\n #\n # You should have received a copy of the GNU General Public License\n # along with Ansible.  If not, see <http://www.gnu.org/licenses/>.\n+from __future__ import (absolute_import, division, print_function)\n+__metaclass__ = type\n \n import sys\n "
    },
    {
      "file_path": "v2/ansible/utils/debug.py",
      "status": "modified",
      "additions": 3,
      "deletions": 0,
      "file_diff": "diff --git a/v2/ansible/utils/debug.py b/v2/ansible/utils/debug.py\nindex 3b37ac50a78003..5b04ac05726d4e 100644\n--- a/v2/ansible/utils/debug.py\n+++ b/v2/ansible/utils/debug.py\n@@ -1,3 +1,6 @@\n+from __future__ import (absolute_import, division, print_function)\n+__metaclass__ = type\n+\n import os\n import time\n import sys"
    },
    {
      "file_path": "v2/ansible/utils/display.py",
      "status": "modified",
      "additions": 6,
      "deletions": 4,
      "file_diff": "diff --git a/v2/ansible/utils/display.py b/v2/ansible/utils/display.py\nindex 62dbeabca51f69..f132d4383f9b48 100644\n--- a/v2/ansible/utils/display.py\n+++ b/v2/ansible/utils/display.py\n@@ -16,6 +16,8 @@\n # along with Ansible.  If not, see <http://www.gnu.org/licenses/>.\n \n # FIXME: copied mostly from old code, needs py3 improvements\n+from __future__ import (absolute_import, division, print_function)\n+__metaclass__ = type\n \n import textwrap\n import sys\n@@ -41,14 +43,14 @@ def display(self, msg, color=None, stderr=False, screen_only=False, log_only=Fal\n         if not log_only:\n             if not stderr:\n                 try:\n-                    print msg2\n+                    print(msg2)\n                 except UnicodeEncodeError:\n-                    print msg2.encode('utf-8')\n+                    print(msg2.encode('utf-8'))\n             else:\n                 try:\n-                    print >>sys.stderr, msg2\n+                    print(msg2, file=sys.stderr)\n                 except UnicodeEncodeError:\n-                    print >>sys.stderr, msg2.encode('utf-8')\n+                    print(msg2.encode('utf-8'), file=sys.stderr)\n         if C.DEFAULT_LOG_PATH != '':\n             while msg.startswith(\"\\n\"):\n                 msg = msg.replace(\"\\n\",\"\")"
    },
    {
      "file_path": "v2/ansible/utils/encrypt.py",
      "status": "modified",
      "additions": 3,
      "deletions": 0,
      "file_diff": "diff --git a/v2/ansible/utils/encrypt.py b/v2/ansible/utils/encrypt.py\nindex 878b461c86d9d5..5138dbef70570f 100644\n--- a/v2/ansible/utils/encrypt.py\n+++ b/v2/ansible/utils/encrypt.py\n@@ -14,6 +14,9 @@\n #\n # You should have received a copy of the GNU General Public License\n # along with Ansible.  If not, see <http://www.gnu.org/licenses/>.\n+from __future__ import (absolute_import, division, print_function)\n+__metaclass__ = type\n+\n \n PASSLIB_AVAILABLE = False\n try:"
    },
    {
      "file_path": "v2/ansible/utils/path.py",
      "status": "modified",
      "additions": 2,
      "deletions": 0,
      "file_diff": "diff --git a/v2/ansible/utils/path.py b/v2/ansible/utils/path.py\nindex ea7fc201a891e4..e49a2f7d5533d1 100644\n--- a/v2/ansible/utils/path.py\n+++ b/v2/ansible/utils/path.py\n@@ -14,6 +14,8 @@\n #\n # You should have received a copy of the GNU General Public License\n # along with Ansible.  If not, see <http://www.gnu.org/licenses/>.\n+from __future__ import (absolute_import, division, print_function)\n+__metaclass__ = type\n \n import os\n import stat\n"
    }
  ],
  "comments": [
    {
      "author_login": "abadger",
      "body": "Yay!  Thanks!\n\n# Merged\n\nHi!\n\nThis has been merged in, and will also be included in the next major release.\n\nIf you or anyone else has any further questions, please let us know by stopping by one of the two mailing lists, as appropriate:\n- https://groups.google.com/forum/#!forum/ansible-project - for user questions, tips, and tricks\n- https://groups.google.com/forum/#!forum/ansible-devel - for strategy, future planning, and questions about writing code\n\nBecause this project is very active, we're unlikely to see comments made on closed tickets, but the mailing list is a great way to ask questions, or post if you don't think this particular\nissue is resolved.\n\nThank you!\n"
    }
  ],
  "reviews": []
}