{
  "pr_number": 10629,
  "url": "https://github.com/ansible/ansible/pull/10629",
  "title": "backup_local now only tries to back up exising files, returns '' otherwise",
  "author_login": "bcoca",
  "state": "MERGED",
  "merged_by_login": "bcoca",
  "body": "fixes https://github.com/ansible/ansible-modules-core/issues/1096\n",
  "labels": [
    "P2",
    "bug"
  ],
  "additions": 11,
  "deletions": 7,
  "changed_files_count": 1,
  "changed_files_list": [
    "ansible/module_utils/basic.py b/lib/ansible/module_utils/basic.py"
  ],
  "files": [
    {
      "file_path": "ansible/module_utils/basic.py b/lib/ansible/module_utils/basic.py",
      "status": "modified",
      "additions": 11,
      "deletions": 7,
      "file_diff": "diff --git a/lib/ansible/module_utils/basic.py b/lib/ansible/module_utils/basic.py\nindex aaaf85e5e057e5..54a1a9cfff7f88 100644\n--- a/lib/ansible/module_utils/basic.py\n+++ b/lib/ansible/module_utils/basic.py\n@@ -1297,14 +1297,18 @@ def sha256(self, filename):\n \n     def backup_local(self, fn):\n         '''make a date-marked backup of the specified file, return True or False on success or failure'''\n-        # backups named basename-YYYY-MM-DD@HH:MM:SS~\n-        ext = time.strftime(\"%Y-%m-%d@%H:%M:%S~\", time.localtime(time.time()))\n-        backupdest = '%s.%s' % (fn, ext)\n \n-        try:\n-            shutil.copy2(fn, backupdest)\n-        except (shutil.Error, IOError), e:\n-            self.fail_json(msg='Could not make backup of %s to %s: %s' % (fn, backupdest, e))\n+        backupdest = ''\n+        if os.path.exists(fn):\n+            # backups named basename-YYYY-MM-DD@HH:MM:SS~\n+            ext = time.strftime(\"%Y-%m-%d@%H:%M:%S~\", time.localtime(time.time()))\n+            backupdest = '%s.%s' % (fn, ext)\n+\n+            try:\n+                shutil.copy2(fn, backupdest)\n+            except (shutil.Error, IOError), e:\n+                self.fail_json(msg='Could not make backup of %s to %s: %s' % (fn, backupdest, e))\n+\n         return backupdest\n \n     def cleanup(self, tmpfile):\n"
    }
  ],
  "comments": [],
  "reviews": []
}