{
  "pr_number": 11129,
  "url": "https://github.com/ansible/ansible/pull/11129",
  "title": "Fix command building for scp if ssh",
  "author_login": "sivel",
  "state": "MERGED",
  "merged_by_login": "jimi-c",
  "body": "Currently with `scp_if_ssh` set to `True` you will get the following traceback:\n\n```\nTraceback (most recent call last):\n  File \"/Users/matt/python_venvs/ansibledev/ansible/lib/ansible/executor/process/worker.py\", line 118, in run\n    executor_result = TaskExecutor(host, task, job_vars, new_connection_info, self._new_stdin, self._loader, shared_loader_obj).run()\n  File \"/Users/matt/python_venvs/ansibledev/ansible/lib/ansible/executor/task_executor.py\", line 107, in run\n    res = self._execute()\n  File \"/Users/matt/python_venvs/ansibledev/ansible/lib/ansible/executor/task_executor.py\", line 263, in _execute\n    result = self._handler.run(task_vars=variables)\n  File \"/Users/matt/python_venvs/ansibledev/ansible/lib/ansible/plugins/action/normal.py\", line 27, in run\n    return self._execute_module(tmp)\n  File \"/Users/matt/python_venvs/ansibledev/ansible/lib/ansible/plugins/action/__init__.py\", line 355, in _execute_module\n    self._transfer_data(remote_module_path, module_data)\n  File \"/Users/matt/python_venvs/ansibledev/ansible/lib/ansible/plugins/action/__init__.py\", line 221, in _transfer_data\n    self._connection.put_file(afile, remote_path)\n  File \"/Users/matt/python_venvs/ansibledev/ansible/lib/ansible/plugins/connections/ssh.py\", line 411, in put_file\n    cmd.append(in_path,host + \":\" + pipes.quote(out_path))\nTypeError: append() takes exactly one argument (2 given)\n```\n\nThis PR fixes this by error and additionally, normalizes \"appending\" to the command.\n",
  "labels": [
    "P2",
    "bug"
  ],
  "additions": 6,
  "deletions": 6,
  "changed_files_count": 1,
  "changed_files_list": [
    "ansible/plugins/connections/ssh.py b/lib/ansible/plugins/connections/ssh.py"
  ],
  "files": [
    {
      "file_path": "ansible/plugins/connections/ssh.py b/lib/ansible/plugins/connections/ssh.py",
      "status": "modified",
      "additions": 6,
      "deletions": 6,
      "file_diff": "diff --git a/lib/ansible/plugins/connections/ssh.py b/lib/ansible/plugins/connections/ssh.py\nindex 426dc6b49d06ae..b3ada343c0454d 100644\n--- a/lib/ansible/plugins/connections/ssh.py\n+++ b/lib/ansible/plugins/connections/ssh.py\n@@ -407,12 +407,12 @@ def put_file(self, in_path, out_path):\n \n         if C.DEFAULT_SCP_IF_SSH:\n             cmd.append('scp')\n-            cmd += self._common_args\n-            cmd.append(in_path,host + \":\" + pipes.quote(out_path))\n+            cmd.extend(self._common_args)\n+            cmd.extend([in_path, '{0}:{1}'.format(host, pipes.quote(out_path))])\n             indata = None\n         else:\n             cmd.append('sftp')\n-            cmd += self._common_args\n+            cmd.extend(self._common_args)\n             cmd.append(host)\n             indata = \"put {0} {1}\\n\".format(pipes.quote(in_path), pipes.quote(out_path))\n \n@@ -440,12 +440,12 @@ def fetch_file(self, in_path, out_path):\n \n         if C.DEFAULT_SCP_IF_SSH:\n             cmd.append('scp')\n-            cmd += self._common_args\n-            cmd += ('{0}:{1}'.format(host, in_path), out_path)\n+            cmd.extend(self._common_args)\n+            cmd.extend(['{0}:{1}'.format(host, in_path), out_path])\n             indata = None\n         else:\n             cmd.append('sftp')\n-            cmd += self._common_args\n+            cmd.extend(self._common_args)\n             cmd.append(host)\n             indata = \"get {0} {1}\\n\".format(in_path, out_path)\n \n"
    }
  ],
  "comments": [
    {
      "author_login": "jimi-c",
      "body": "Merged, thanks!\n"
    }
  ],
  "reviews": []
}