{
  "pr_number": 11194,
  "url": "https://github.com/ansible/ansible/pull/11194",
  "title": "Fix confusing wording about aliases",
  "author_login": "edunham",
  "state": "MERGED",
  "merged_by_login": "bcoca",
  "body": "I'm new to Ansible. When reading through this section of the install docs, I was confused about what file the `jumper ansible_ssh_port=5555 ansible_ssh_host=192.168.1.50` line was supposed to be an example of, because the \"aliases that don't live in your host file\" wording made it sound like the aliases were supposed to live elsewhere. I tried putting an equivalent line in the hosts file of the toy project I'm playing with, and it worked, so I'm pretty sure it actually does go there? \n\nPlease double check that the new wording is factually accurate; all I did was test that the code runs. \n",
  "labels": [
    "docs"
  ],
  "additions": 1,
  "deletions": 1,
  "changed_files_count": 1,
  "changed_files_list": [
    "docsite/rst/intro_inventory.rst"
  ],
  "files": [
    {
      "file_path": "docsite/rst/intro_inventory.rst",
      "status": "modified",
      "additions": 1,
      "deletions": 1,
      "file_diff": "diff --git a/docsite/rst/intro_inventory.rst b/docsite/rst/intro_inventory.rst\nindex 5c38372e76b0dc..6dcaff008b5a07 100644\n--- a/docsite/rst/intro_inventory.rst\n+++ b/docsite/rst/intro_inventory.rst\n@@ -46,7 +46,7 @@ To make things explicit, it is suggested that you set them if things are not run\n \n     badwolf.example.com:5309\n \n-Suppose you have just static IPs and want to set up some aliases that don't live in your host file, or you are connecting through tunnels.  You can do things like this::\n+Suppose you have just static IPs and want to set up some aliases that live in your host file, or you are connecting through tunnels.  You can also describe hosts like this::\n \n     jumper ansible_ssh_port=5555 ansible_ssh_host=192.168.1.50\n \n"
    }
  ],
  "comments": [],
  "reviews": []
}