{
  "pr_number": 1144,
  "url": "https://github.com/ansible/ansible/pull/1144",
  "title": "Added DOCUMENTATION to pip module.",
  "author_login": "mavimo",
  "state": "MERGED",
  "merged_by_login": "mpdehaan",
  "body": "",
  "labels": [],
  "additions": 50,
  "deletions": 0,
  "changed_files_count": 1,
  "changed_files_list": [
    "library/pip"
  ],
  "files": [
    {
      "file_path": "library/pip",
      "status": "modified",
      "additions": 50,
      "deletions": 0,
      "file_diff": "diff --git a/library/pip b/library/pip\nindex 7ff047082fabd0..27cd98a40bdbcc 100755\n--- a/library/pip\n+++ b/library/pip\n@@ -19,6 +19,56 @@\n # along with Ansible.  If not, see <http://www.gnu.org/licenses/>.\n #\n \n+DOCUMENTATION = '''\n+---\n+module: pip\n+short_description: Manages Python library dependencies.\n+description:\n+     - Manage Python library dependencies.\n+version_added: \"0.7\"\n+options:\n+  name:\n+    description:\n+      - The name of a Python library to install\n+    required: true\n+    default: null\n+  version:\n+    description:\n+      - The version number to install of the Python library specified in the 'name' parameter\n+    required: false\n+    default: null\n+  requirements:\n+    description:\n+      - The path to a pip requirements file\n+    required: false\n+    default: null\n+  virtualenv:\n+    description:\n+      - An optional path to a virtualenv directory to install into\n+    required: false\n+    default: null\n+  state:\n+    description:\n+      - The state of module\n+    required: false\n+    default: present\n+    choices: [ \"present\", \"absent\", \"latest\" ]\n+examples:\n+   - code: pip name=flask\n+     description: Install I(flask) python package.\n+   - code: pip name=flask version=0.8\n+     description: Install I(flask) python package on version 0.8.\n+   - code: pip name=flask virtualenv=/srv/webapps/my_app/venv\n+     description: Install I(flask) python package in specified virtualenv.\n+   - code: pip requirements=/srv/webapps/my_app/src/requirements.txt\n+     description: Install specified python requirements.\n+   - code: pip requirements=/srv/webapps/my_app/src/requirements.txt virtualenv=/srv/webapps/my_app/venv\n+     description: Install specified python requirements in indicated virtualenv.\n+notes:\n+   - Please note that U(http://www.virtualenv.org/, virtualenv) must be installed on the remote host if the virtualenv parameter is specified.\n+requirements: [ ]\n+author: Matt Wright\n+'''\n \n def _get_full_name(name, version=None):\n     if version is None:\n"
    }
  ],
  "comments": [],
  "reviews": []
}