{
  "pr_number": 11557,
  "url": "https://github.com/ansible/ansible/pull/11557",
  "title": "Misspell in mail.py callback.",
  "author_login": "jotes",
  "state": "MERGED",
  "merged_by_login": "bcoca",
  "body": "Looks like little misspell.\n",
  "labels": [
    "bug"
  ],
  "additions": 1,
  "deletions": 1,
  "changed_files_count": 1,
  "changed_files_list": [
    "ansible/plugins/callback/mail.py b/lib/ansible/plugins/callback/mail.py"
  ],
  "files": [
    {
      "file_path": "ansible/plugins/callback/mail.py b/lib/ansible/plugins/callback/mail.py",
      "status": "modified",
      "additions": 1,
      "deletions": 1,
      "file_diff": "diff --git a/lib/ansible/plugins/callback/mail.py b/lib/ansible/plugins/callback/mail.py\nindex 46b2409130742a..c82acdf2fcb714 100644\n--- a/lib/ansible/plugins/callback/mail.py\n+++ b/lib/ansible/plugins/callback/mail.py\n@@ -81,7 +81,7 @@ def v2_runner_on_failed(self, res, ignore_errors=False):\n         body += 'A complete dump of the error:\\n\\n' + str(res._result['msg'])\n         mail(sender=sender, subject=subject, body=body)\n \n-    def v2_runner_on_unreachable(self, ressult):\n+    def v2_runner_on_unreachable(self, result):\n \n         host = result._host.get_name()\n         res = result._result\n"
    }
  ],
  "comments": [],
  "reviews": []
}