{
  "pr_number": 11642,
  "url": "https://github.com/ansible/ansible/pull/11642",
  "title": "Modifications to ignored files in inventory directories (v2)",
  "author_login": "quentinsf",
  "state": "MERGED",
  "merged_by_login": "amenonsen",
  "body": "_A replacement for the old pull request #8830._\n\nThis adds README\\* to the list of file patterns ignored in inventory directories, and adds an 'ignored_inventory_files' configuration option which can be used to override the list.  \n\nThe environment variable ANSIBLE_IGNORED_INVENTORY_FILES can also be used.\n\nI've tested this by hand, but I didn't know if there's a good place to test this yet in the new v2 test system.\n\nAll the best, \nQuentin\n",
  "labels": [
    "docs"
  ],
  "additions": 10,
  "deletions": 2,
  "changed_files_count": 1,
  "changed_files_list": [
    "docsite/rst/intro_dynamic_inventory.rst"
  ],
  "files": [
    {
      "file_path": "docsite/rst/intro_dynamic_inventory.rst",
      "status": "modified",
      "additions": 10,
      "deletions": 2,
      "file_diff": "diff --git a/docsite/rst/intro_dynamic_inventory.rst b/docsite/rst/intro_dynamic_inventory.rst\nindex 5b634d86cd9a83..729a6ba5172a4c 100644\n--- a/docsite/rst/intro_dynamic_inventory.rst\n+++ b/docsite/rst/intro_dynamic_inventory.rst\n@@ -218,13 +218,21 @@ to include it in the project.\n \n .. _using_multiple_sources:\n \n-Using Multiple Inventory Sources\n-````````````````````````````````\n+Using Inventory Directories and Multiple Inventory Sources\n+``````````````````````````````````````````````````````````\n \n If the location given to -i in Ansible is a directory (or as so configured in ansible.cfg), Ansible can use multiple inventory sources\n at the same time.  When doing so, it is possible to mix both dynamic and statically managed inventory sources in the same ansible run.  Instant\n hybrid cloud!\n \n+In an inventory directory, executable files will be treated as dynamic inventory sources and most other files as static sources. Files which end with any of the following will be ignored::\n+\n+    ~, .orig, .bak, .ini, .retry, .pyc, .pyo\n+\n+You can replace this list with your own selection by configuring an ``inventory_ignore_extensions`` list in ansible.cfg, or setting the ANSIBLE_INVENTORY_IGNORE environment variable. The value in either case should be a comma-separated list of patterns, as shown above.\n+\n+Any ``group_vars`` and ``host_vars`` subdirectories in an inventory directory will be interpreted as expected, making inventory directories a powerful way to organize different sets of configurations.\n+\n .. _static_groups_of_dynamic:\n \n Static Groups of Dynamic Groups\n"
    }
  ],
  "comments": [
    {
      "author_login": "bcoca",
      "body": "just saw this, i had incorporated similar changes based on your old PR to #11643\n"
    },
    {
      "author_login": "quentinsf",
      "body": "Ah - too bad I didn't know - I bet you did it rather more quickly than I did :-)\n\nGlad it's in there, anyway- many thanks!\n\nQ\n"
    },
    {
      "author_login": "quentinsf",
      "body": "Hi Brian - just wondered - is it worth incorporating my documentation changes?  Or do these configurable options get documented elsewhere?\n\nQ\n"
    },
    {
      "author_login": "bcoca",
      "body": "documentation I did not write and would be very nice to have\n"
    },
    {
      "author_login": "bcoca",
      "body": "update pr to only be the doc part\n"
    },
    {
      "author_login": "quentinsf",
      "body": "Sorry, Brian, I didn't manage to do that very cleanly!    No idea of the right way to remove just a couple of changed files from a pull request.  It would have been much easier to close this one too and start yet another one :-)\n\nBut I think you should find that, after all my rebasing etc, docsite/rst/intro_dynamic_inventory.rst contains what you need.\n"
    },
    {
      "author_login": "bcoca",
      "body": "actually its a mess now, lots of unrelated commits, seems like you merged and not rebased\n"
    },
    {
      "author_login": "quentinsf",
      "body": "I rebased, but a merge slipped in!  Simple PRs I can do, but when it involves deleting, rebasing against multiple branches from different repos... I should probably just email you the file :-)    OK - will scrap this and do one more PR.\n"
    },
    {
      "author_login": "bcoca",
      "body": "if you put the single commit in a new branch, you can force push to the shared branch\n"
    },
    {
      "author_login": "quentinsf",
      "body": "Should I branch from devel or from your meta_inventory_and_fixes?\n"
    },
    {
      "author_login": "quentinsf",
      "body": "Ah - ignore that - I think I understand\n"
    },
    {
      "author_login": "quentinsf",
      "body": "OK - let's see if this works.\n"
    },
    {
      "author_login": "quentinsf",
      "body": "Great - looks happy now (though the force push doesn't show up on the web).  Thanks - I learned something :-)\n"
    },
    {
      "author_login": "amenonsen",
      "body": "OK, this looks fine now (they could have been squashed into one commit, but I guess it's not important).\n"
    },
    {
      "author_login": "amenonsen",
      "body": "Thanks, merged.\n"
    }
  ],
  "reviews": []
}