{
  "pr_number": 10722,
  "url": "https://github.com/ansible/ansible/pull/10722",
  "title": "Do add a unused named argument using a variable that was removed",
  "author_login": "mscherer",
  "state": "MERGED",
  "merged_by_login": "abadger",
  "body": "Found by pylint.\n",
  "labels": [],
  "additions": 2,
  "deletions": 2,
  "changed_files_count": 1,
  "changed_files_list": [
    "v2/ansible/playbook/role/__init__.py"
  ],
  "files": [
    {
      "file_path": "v2/ansible/playbook/role/__init__.py",
      "status": "modified",
      "additions": 2,
      "deletions": 2,
      "file_diff": "diff --git a/v2/ansible/playbook/role/__init__.py b/v2/ansible/playbook/role/__init__.py\nindex 72dd2a27d3f311..bc4d4262eb17c5 100644\n--- a/v2/ansible/playbook/role/__init__.py\n+++ b/v2/ansible/playbook/role/__init__.py\n@@ -172,13 +172,13 @@ def _load_role_data(self, role_include, parent_role=None):\n         # vars and default vars are regular dictionaries\n         self._role_vars  = self._load_role_yaml('vars')\n         if not isinstance(self._role_vars, (dict, NoneType)):\n-            raise AnsibleParserError(\"The vars/main.yml file for role '%s' must contain a dictionary of variables\" % self._role_name, obj=ds)\n+            raise AnsibleParserError(\"The vars/main.yml file for role '%s' must contain a dictionary of variables\" % self._role_name)\n         elif self._role_vars is None:\n             self._role_vars = dict()\n \n         self._default_vars = self._load_role_yaml('defaults')\n         if not isinstance(self._default_vars, (dict, NoneType)):\n-            raise AnsibleParserError(\"The default/main.yml file for role '%s' must contain a dictionary of variables\" % self._role_name, obj=ds)\n+            raise AnsibleParserError(\"The default/main.yml file for role '%s' must contain a dictionary of variables\" % self._role_name)\n         elif self._default_vars is None:\n             self._default_vars = dict()\n \n"
    }
  ],
  "comments": [
    {
      "author_login": "abadger",
      "body": "Thanks for the detective work on that.\n\n# Merged\n\nHi!\n\nThis has been merged in, and will also be included in the next major release.\n\nIf you or anyone else has any further questions, please let us know by stopping by one of the two mailing lists, as appropriate:\n- https://groups.google.com/forum/#!forum/ansible-project - for user questions, tips, and tricks\n- https://groups.google.com/forum/#!forum/ansible-devel - for strategy, future planning, and questions about writing code\n\nBecause this project is very active, we're unlikely to see comments made on closed tickets, but the mailing list is a great way to ask questions, or post if you don't think this particular\nissue is resolved.\n\nThank you!\n"
    }
  ],
  "reviews": []
}