{
  "pr_number": 10259,
  "url": "https://github.com/ansible/ansible/pull/10259",
  "title": "Add new rax_find_bootable_volume to assist with boot from volume",
  "author_login": "sivel",
  "state": "MERGED",
  "merged_by_login": "bcoca",
  "body": "This PR:\n1. Adds a new `rax_find_bootable_volume` shared function to assist with boot from volume functionality\n2. extends `rax_to_dict` to include info about the boot source\n3. Changes `rax_find_image` to prevent it from calling `fail_json` if required\n4. Add/update some docstrings\n",
  "labels": [
    "feature"
  ],
  "additions": 50,
  "deletions": 3,
  "changed_files_count": 1,
  "changed_files_list": [
    "ansible/module_utils/rax.py b/lib/ansible/module_utils/rax.py"
  ],
  "files": [
    {
      "file_path": "ansible/module_utils/rax.py b/lib/ansible/module_utils/rax.py",
      "status": "modified",
      "additions": 50,
      "deletions": 3,
      "file_diff": "diff --git a/lib/ansible/module_utils/rax.py b/lib/ansible/module_utils/rax.py\nindex 75363b1aacbbdc..e92754a947f301 100644\n--- a/lib/ansible/module_utils/rax.py\n+++ b/lib/ansible/module_utils/rax.py\n@@ -84,6 +84,11 @@ def rax_to_dict(obj, obj_type='standard'):\n                 instance[key].append(rax_to_dict(item))\n         elif (isinstance(value, NON_CALLABLES) and not key.startswith('_')):\n             if obj_type == 'server':\n+                if key == 'image':\n+                    if not value:\n+                        instance['rax_boot_source'] = 'volume'\n+                    else:\n+                        instance['rax_boot_source'] = 'local'\n                 key = rax_slugify(key)\n             instance[key] = value\n \n@@ -94,7 +99,35 @@ def rax_to_dict(obj, obj_type='standard'):\n     return instance\n \n \n-def rax_find_image(module, rax_module, image):\n+def rax_find_bootable_volume(module, rax_module, server, exit=True):\n+    \"\"\"Find a servers bootable volume\"\"\"\n+    cs = rax_module.cloudservers\n+    cbs = rax_module.cloud_blockstorage\n+    server_id = rax_module.utils.get_id(server)\n+    volumes = cs.volumes.get_server_volumes(server_id)\n+    bootable_volumes = []\n+    for volume in volumes:\n+        vol = cbs.get(volume)\n+        if module.boolean(vol.bootable):\n+            bootable_volumes.append(vol)\n+    if not bootable_volumes:\n+        if exit:\n+            module.fail_json(msg='No bootable volumes could be found for '\n+                                 'server %s' % server_id)\n+        else:\n+            return False\n+    elif len(bootable_volumes) > 1:\n+        if exit:\n+            module.fail_json(msg='Multiple bootable volumes found for server '\n+                                 '%s' % server_id)\n+        else:\n+            return False\n+\n+    return bootable_volumes[0]\n+\n+\n+def rax_find_image(module, rax_module, image, exit=True):\n+    \"\"\"Find a server image by ID or Name\"\"\"\n     cs = rax_module.cloudservers\n     try:\n         UUID(image)\n@@ -107,13 +140,17 @@ def rax_find_image(module, rax_module, image):\n                 image = cs.images.find(name=image)\n             except (cs.exceptions.NotFound,\n                     cs.exceptions.NoUniqueMatch):\n-                module.fail_json(msg='No matching image found (%s)' %\n-                                     image)\n+                if exit:\n+                    module.fail_json(msg='No matching image found (%s)' %\n+                                         image)\n+                else:\n+                    return False\n \n     return rax_module.utils.get_id(image)\n \n \n def rax_find_volume(module, rax_module, name):\n+    \"\"\"Find a Block storage volume by ID or name\"\"\"\n     cbs = rax_module.cloud_blockstorage\n     try:\n         UUID(name)\n@@ -129,6 +166,7 @@ def rax_find_volume(module, rax_module, name):\n \n \n def rax_find_network(module, rax_module, network):\n+    \"\"\"Find a cloud network by ID or name\"\"\"\n     cnw = rax_module.cloud_networks\n     try:\n         UUID(network)\n@@ -151,6 +189,7 @@ def rax_find_network(module, rax_module, network):\n \n \n def rax_find_server(module, rax_module, server):\n+    \"\"\"Find a Cloud Server by ID or name\"\"\"\n     cs = rax_module.cloudservers\n     try:\n         UUID(server)\n@@ -171,6 +210,7 @@ def rax_find_server(module, rax_module, server):\n \n \n def rax_find_loadbalancer(module, rax_module, loadbalancer):\n+    \"\"\"Find a Cloud Load Balancer by ID or name\"\"\"\n     clb = rax_module.cloud_loadbalancers\n     try:\n         found = clb.get(loadbalancer)\n@@ -194,6 +234,10 @@ def rax_find_loadbalancer(module, rax_module, loadbalancer):\n \n \n def rax_argument_spec():\n+    \"\"\"Return standard base dictionary used for the argument_spec\n+    argument in AnsibleModule\n+\n+    \"\"\"\n     return dict(\n         api_key=dict(type='str', aliases=['password'], no_log=True),\n         auth_endpoint=dict(type='str'),\n@@ -209,10 +253,13 @@ def rax_argument_spec():\n \n \n def rax_required_together():\n+    \"\"\"Return the default list used for the required_together argument to\n+    AnsibleModule\"\"\"\n     return [['api_key', 'username']]\n \n \n def setup_rax_module(module, rax_module, region_required=True):\n+    \"\"\"Set up pyrax in a standard way for all modules\"\"\"\n     rax_module.USER_AGENT = 'ansible/%s %s' % (ANSIBLE_VERSION,\n                                                rax_module.USER_AGENT)\n \n"
    }
  ],
  "comments": [
    {
      "author_login": "sivel",
      "body": "This PR has an accompanying PR at https://github.com/ansible/ansible-modules-core/pull/798\n\nThis PR will need to be merged first.\n"
    }
  ],
  "reviews": []
}