{
  "pr_number": 10630,
  "url": "https://github.com/ansible/ansible/pull/10630",
  "title": "Use codecs module while reading & writing json cache file",
  "author_login": "viesti",
  "state": "MERGED",
  "merged_by_login": "abadger",
  "body": "`utils.jsonify` might return unicode strings with non-unicode data in them (like `u'\\xe4'`), in which case writing the file fails. Using codecs module fixes this.\n",
  "labels": [
    "needs_info",
    "bug"
  ],
  "additions": 3,
  "deletions": 2,
  "changed_files_count": 1,
  "changed_files_list": [
    "ansible/cache/jsonfile.py b/lib/ansible/cache/jsonfile.py"
  ],
  "files": [
    {
      "file_path": "ansible/cache/jsonfile.py b/lib/ansible/cache/jsonfile.py",
      "status": "modified",
      "additions": 3,
      "deletions": 2,
      "file_diff": "diff --git a/lib/ansible/cache/jsonfile.py b/lib/ansible/cache/jsonfile.py\nindex b7d72c8d2e865d..93ee69903beff6 100644\n--- a/lib/ansible/cache/jsonfile.py\n+++ b/lib/ansible/cache/jsonfile.py\n@@ -18,6 +18,7 @@\n import os\n import time\n import errno\n+import codecs\n \n try:\n     import simplejson as json\n@@ -57,7 +58,7 @@ def get(self, key):\n \n         cachefile = \"%s/%s\" % (self._cache_dir, key)\n         try:\n-            f = open( cachefile, 'r')\n+            f = codecs.open(cachefile, 'r', encoding='utf-8')\n         except (OSError,IOError), e:\n             utils.warning(\"error while trying to write to %s : %s\" % (cachefile, str(e)))\n         else:\n@@ -73,7 +74,7 @@ def set(self, key, value):\n \n         cachefile = \"%s/%s\" % (self._cache_dir, key)\n         try:\n-            f = open(cachefile, 'w')\n+            f = codecs.open(cachefile, 'w', encoding='utf-8')\n         except (OSError,IOError), e:\n             utils.warning(\"error while trying to read %s : %s\" % (cachefile, str(e)))\n         else:\n"
    }
  ],
  "comments": [
    {
      "author_login": "abadger",
      "body": "Could you give us a failure case and what you see when it fails?  Some of this seems like it may be translating bytes and unicode in the wrong direction.  (for instance, in python2, unicode type strings will never contain non-unicode data.  u'\\xe4'  is the code point for \"ä\", for instance)\n"
    },
    {
      "author_login": "viesti",
      "body": "On a second read, the description wasn't too clear :) The problem actually is that writing to a file needs to be unicode aware.\n\n```\n>>> with open(\"/tmp/goo.txt\", 'w') as f: f.write(u'\\xe4')\n...\nTraceback (most recent call last):\n  File \"<stdin>\", line 1, in <module>\nUnicodeEncodeError: 'ascii' codec can't encode character u'\\xe4' in position 0: ordinal not in range(128)\n```\n"
    },
    {
      "author_login": "abadger",
      "body": "@bcoca: Do we ever want to handle invalid utf-8 in reading from the json cache files?  If so we may want to do that decoding via an explicit call to utils.unicode.to_unicode rather than relying on codecs.open().  Other than that, this looks good.\n"
    },
    {
      "author_login": "bcoca",
      "body": "json is utf8 by definition, we are writing the files, if someone adds data manually or externally, i think it should just fail.\n"
    },
    {
      "author_login": "abadger",
      "body": "Thanks @viesti !\n\n# Merged\n\nHi!\n\nThis has been merged in, and will also be included in the next major release.\n\nIf you or anyone else has any further questions, please let us know by stopping by one of the two mailing lists, as appropriate:\n- https://groups.google.com/forum/#!forum/ansible-project - for user questions, tips, and tricks\n- https://groups.google.com/forum/#!forum/ansible-devel - for strategy, future planning, and questions about writing code\n\nBecause this project is very active, we're unlikely to see comments made on closed tickets, but the mailing list is a great way to ask questions, or post if you don't think this particular\nissue is resolved.\n\nThank you!\n"
    },
    {
      "author_login": "viesti",
      "body": "Thanks you! Was a bit short of time earlier, but the offending string came from facts of users with Scandinavian alphabets in their name (like 'Hämäläinen').\n"
    },
    {
      "author_login": "reinout",
      "body": "Note: this fix applies to the fact caching mechanism. Writing out the tree with `--tree some/dir` can still fail with a Unicodeencodeerror. The same fix could be applied to `utils/__init__.py`.\n"
    }
  ],
  "reviews": []
}