{
  "pr_number": 11329,
  "url": "https://github.com/ansible/ansible/pull/11329",
  "title": "Fixed shebang in module example",
  "author_login": "joshainglis",
  "state": "MERGED",
  "merged_by_login": "bennojoy",
  "body": "",
  "labels": [],
  "additions": 1,
  "deletions": 1,
  "changed_files_count": 1,
  "changed_files_list": [
    "docsite/rst/developing_modules.rst"
  ],
  "files": [
    {
      "file_path": "docsite/rst/developing_modules.rst",
      "status": "modified",
      "additions": 1,
      "deletions": 1,
      "file_diff": "diff --git a/docsite/rst/developing_modules.rst b/docsite/rst/developing_modules.rst\nindex ddd4e90c82a3a3..9e784c6418e688 100644\n--- a/docsite/rst/developing_modules.rst\n+++ b/docsite/rst/developing_modules.rst\n@@ -370,7 +370,7 @@ See an example documentation string in the checkout under `examples/DOCUMENTATIO\n \n Include it in your module file like this::\n \n-    #!/usr/bin/env python\n+    #!/usr/bin/python\n     # Copyright header....\n \n     DOCUMENTATION = '''\n"
    }
  ],
  "comments": [
    {
      "author_login": "bennojoy",
      "body": "Merged Thanks\n"
    }
  ],
  "reviews": []
}