{
  "pr_number": 1165,
  "url": "https://github.com/ansible/ansible/pull/1165",
  "title": "Added DOCUMENTATION to selinux module.",
  "author_login": "mavimo",
  "state": "MERGED",
  "merged_by_login": "mpdehaan",
  "body": "",
  "labels": [],
  "additions": 38,
  "deletions": 17,
  "changed_files_count": 1,
  "changed_files_list": [
    "library/selinux"
  ],
  "files": [
    {
      "file_path": "library/selinux",
      "status": "modified",
      "additions": 38,
      "deletions": 17,
      "file_diff": "diff --git a/library/selinux b/library/selinux\nindex c2302ad1f722cb..a57aa9ff3e9046 100755\n--- a/library/selinux\n+++ b/library/selinux\n@@ -18,17 +18,38 @@\n # You should have received a copy of the GNU General Public License\n # along with Ansible.  If not, see <http://www.gnu.org/licenses/>.\n \n-# selinux module - change policy and state of SELinux\n-# usage:\n-#\n-# selinux policy=<SELINUX_POLICY> state=[enforcing|permissive|disabled] configfile=[SELINUX_CONFIG_FILE]\n-#\n-#    configfile defaults to /etc/selinux/config\n-#    policy files should be installed via the yum/apt modules\n-#\n-# bugs:\n-# \n-# Not tested on any debian based system\n+DOCUMENTATION = '''\n+---\n+module: selinux\n+short_description: Change policy and state of SELinux\n+description:\n+  - Configures the SELinux mode and policy. A reboot may be required after usage. Ansible will not issue this reboot but will let you know when it is required.\n+version_added: \"0.7\"\n+options:\n+  policy:\n+    description:\n+      - \"name of the SELinux policy to use (example: 'targeted')\"\n+    required: true\n+    default: null\n+  state:\n+    description:\n+      - The SELinux mode\n+    required: true\n+    default: null\n+    choices: [ \"enforcing\", \"permissive\", \"disabled\" ]\n+  conf:\n+    description:\n+      - path to the SELinux configuration file, if non-standard\n+    required: false\n+    default: \"/etc/selinux/config\"\n+examples:\n+   - code: selinux policy=targeted state=enforcing\n+   - code: selinux policy=targeted state=disabled\n+notes:\n+   - Not tested on any debian based system\n+requirements: [ ]\n+author: Derek Carter\n+'''\n \n import os\n import re\n@@ -84,7 +105,7 @@ def set_state(state):\n \n def set_config_policy(policy, configfile):\n     # edit config file with state value\n-    #SELINUXTYPE=targeted \n+    #SELINUXTYPE=targeted\n     policyline='SELINUXTYPE=%s' % policy\n     myfile = open(configfile, \"r\")\n     lines = myfile.readlines()\n@@ -128,12 +149,12 @@ def main():\n     if (policy != runtime_policy):\n         # cannot change runtime policy\n         msgs.append('reboot to change the loaded policy')\n-        changed=True \n+        changed=True\n \n     if (policy != config_policy):\n         msgs.append('config policy changed from \\'%s\\' to \\'%s\\'' % (config_policy, policy))\n         set_config_policy(policy, configfile)\n-        changed=True \n+        changed=True\n \n     if (state != runtime_state):\n         if (state == 'disabled'):\n@@ -141,13 +162,13 @@ def main():\n         else:\n             msgs.append('runtime state changed from \\'%s\\' to \\'%s\\'' % (runtime_state, state))\n         set_state(state)\n-        changed=True \n+        changed=True\n \n     if (state != config_state):\n         msgs.append('config state changed from \\'%s\\' to \\'%s\\'' % (config_state, state))\n         set_config_state(state, configfile)\n-        changed=True \n- \n+        changed=True\n+\n     module.exit_json(changed=changed, msg=', '.join(msgs),\n         configfile=configfile,\n         policy=policy, state=state)\n"
    }
  ],
  "comments": [],
  "reviews": []
}