{
  "pr_number": 10284,
  "url": "https://github.com/ansible/ansible/pull/10284",
  "title": "Pulls machine id in ansible facts",
  "author_login": "mihirvj",
  "state": "MERGED",
  "merged_by_login": "bcoca",
  "body": "- Implements #10221\n",
  "labels": [
    "feature"
  ],
  "additions": 4,
  "deletions": 1,
  "changed_files_count": 1,
  "changed_files_list": [
    "ansible/module_utils/facts.py b/lib/ansible/module_utils/facts.py"
  ],
  "files": [
    {
      "file_path": "ansible/module_utils/facts.py b/lib/ansible/module_utils/facts.py",
      "status": "modified",
      "additions": 4,
      "deletions": 1,
      "file_diff": "diff --git a/lib/ansible/module_utils/facts.py b/lib/ansible/module_utils/facts.py\nindex 6d602af7366eca..ca4f50cadaa830 100644\n--- a/lib/ansible/module_utils/facts.py\n+++ b/lib/ansible/module_utils/facts.py\n@@ -387,7 +387,10 @@ def get_distribution_facts(self):\n                                 break\n                     else:\n                         self.facts['distribution'] = name\n-\n+        machine_id = get_file_content(\"/var/lib/dbus/machine-id\") or get_file_content(\"/etc/machine-id\")\n+        if machine_id:\n+            machine_id = machine_id.split('\\n')[0]\n+            self.facts[\"machine_id\"] = machine_id\n         self.facts['os_family'] = self.facts['distribution']\n         if self.facts['distribution'] in OS_FAMILY:\n             self.facts['os_family'] = OS_FAMILY[self.facts['distribution']]\n"
    }
  ],
  "comments": [],
  "reviews": []
}