{
  "pr_number": 1010,
  "url": "https://github.com/ansible/ansible/pull/1010",
  "title": "Added to_yaml and from_yaml filters to Jinja environment.",
  "author_login": "tima",
  "state": "MERGED",
  "merged_by_login": "mpdehaan",
  "body": "Adding Ansible's other preferred format to Jinja's filters.\n",
  "labels": [],
  "additions": 2,
  "deletions": 0,
  "changed_files_count": 1,
  "changed_files_list": [
    "ansible/utils.py b/lib/ansible/utils.py"
  ],
  "files": [
    {
      "file_path": "ansible/utils.py b/lib/ansible/utils.py",
      "status": "modified",
      "additions": 2,
      "deletions": 0,
      "file_diff": "diff --git a/lib/ansible/utils.py b/lib/ansible/utils.py\nindex 9bf489a508a7f9..7bef56da6e4355 100644\n--- a/lib/ansible/utils.py\n+++ b/lib/ansible/utils.py\n@@ -243,6 +243,8 @@ def template_from_file(basedir, path, vars):\n     environment = jinja2.Environment(loader=jinja2.FileSystemLoader(basedir), trim_blocks=False)\n     environment.filters['to_json'] = json.dumps\n     environment.filters['from_json'] = json.loads\n+    environment.filters['to_yaml'] = yaml.dump\n+    environment.filters['from_yaml'] = yaml.load\n     data = codecs.open(path_dwim(basedir, path), encoding=\"utf8\").read()\n     t = environment.from_string(data)\n     vars = vars.copy()\n"
    }
  ],
  "comments": [
    {
      "author_login": "mpdehaan",
      "body": "merged for 0.8, thanks!\n"
    }
  ],
  "reviews": []
}