{
  "pr_number": 11127,
  "url": "https://github.com/ansible/ansible/pull/11127",
  "title": "created makedirs_safe function for use in cases of multiprocess",
  "author_login": "bcoca",
  "state": "MERGED",
  "merged_by_login": "bcoca",
  "body": "should fix #11126 and most race conditions\n",
  "labels": [
    "P2",
    "bug"
  ],
  "additions": 23,
  "deletions": 15,
  "changed_files_count": 5,
  "changed_files_list": [
    "ansible/plugins/connections/paramiko_ssh.py b/lib/ansible/plugins/connections/paramiko_ssh.py",
    "ansible/plugins/connections/winrm.py b/lib/ansible/plugins/connections/winrm.py",
    "ansible/plugins/lookup/password.py b/lib/ansible/plugins/lookup/password.py",
    "ansible/utils/path.py b/lib/ansible/utils/path.py"
  ],
  "files": [
    {
      "file_path": "ansible/plugins/connections/paramiko_ssh.py b/lib/ansible/plugins/connections/paramiko_ssh.py",
      "status": "modified",
      "additions": 3,
      "deletions": 4,
      "file_diff": "diff --git a/lib/ansible/plugins/connections/paramiko_ssh.py b/lib/ansible/plugins/connections/paramiko_ssh.py\nindex 797eeea9e021ef..0d7a82c34b55c8 100644\n--- a/lib/ansible/plugins/connections/paramiko_ssh.py\n+++ b/lib/ansible/plugins/connections/paramiko_ssh.py\n@@ -42,6 +42,7 @@\n from ansible import constants as C\n from ansible.errors import AnsibleError, AnsibleConnectionFailure, AnsibleFileNotFound\n from ansible.plugins.connections import ConnectionBase\n+from ansible.utils.path import makedirs_safe\n \n AUTHENTICITY_MSG=\"\"\"\n paramiko: The authenticity of host '%s' can't be established.\n@@ -309,8 +310,7 @@ def _save_ssh_host_keys(self, filename):\n             return False\n \n         path = os.path.expanduser(\"~/.ssh\")\n-        if not os.path.exists(path):\n-            os.makedirs(path)\n+        makedirs_safe(path)\n \n         f = open(filename, 'w')\n \n@@ -347,8 +347,7 @@ def close(self):\n             # add any new SSH host keys -- warning -- this could be slow\n             lockfile = self.keyfile.replace(\"known_hosts\",\".known_hosts.lock\")\n             dirname = os.path.dirname(self.keyfile)\n-            if not os.path.exists(dirname):\n-                os.makedirs(dirname)\n+            makedirs_safe(dirname)\n \n             KEY_LOCK = open(lockfile, 'w')\n             fcntl.lockf(KEY_LOCK, fcntl.LOCK_EX)"
    },
    {
      "file_path": "ansible/plugins/connections/winrm.py b/lib/ansible/plugins/connections/winrm.py",
      "status": "modified",
      "additions": 3,
      "deletions": 4,
      "file_diff": "diff --git a/lib/ansible/plugins/connections/winrm.py b/lib/ansible/plugins/connections/winrm.py\nindex 8a42da2534b248..dbdf7cd6789922 100644\n--- a/lib/ansible/plugins/connections/winrm.py\n+++ b/lib/ansible/plugins/connections/winrm.py\n@@ -44,6 +44,7 @@\n from ansible.errors import AnsibleError, AnsibleConnectionFailure, AnsibleFileNotFound\n from ansible.plugins.connections import ConnectionBase\n from ansible.plugins import shell_loader\n+from ansible.utils import makedirs_safe\n \n class Connection(ConnectionBase):\n     '''WinRM connections over HTTP/HTTPS.'''\n@@ -213,8 +214,7 @@ def fetch_file(self, in_path, out_path):\n         out_path = out_path.replace('\\\\', '/')\n         self._display.vvv(\"FETCH %s TO %s\" % (in_path, out_path), host=self._connection_info.remote_addr)\n         buffer_size = 2**19 # 0.5MB chunks\n-        if not os.path.exists(os.path.dirname(out_path)):\n-            os.makedirs(os.path.dirname(out_path))\n+        makedirs_safe(os.path.dirname(out_path))\n         out_file = None\n         try:\n             offset = 0\n@@ -251,8 +251,7 @@ def fetch_file(self, in_path, out_path):\n                     else:\n                         data = base64.b64decode(result.std_out.strip())\n                     if data is None:\n-                        if not os.path.exists(out_path):\n-                            os.makedirs(out_path)\n+                        makedirs_safe(out_path)\n                         break\n                     else:\n                         if not out_file:"
    },
    {
      "file_path": "ansible/plugins/lookup/password.py b/lib/ansible/plugins/lookup/password.py",
      "status": "modified",
      "additions": 5,
      "deletions": 5,
      "file_diff": "diff --git a/lib/ansible/plugins/lookup/password.py b/lib/ansible/plugins/lookup/password.py\nindex 2e7633a067ac84..9506274e5f8b46 100644\n--- a/lib/ansible/plugins/lookup/password.py\n+++ b/lib/ansible/plugins/lookup/password.py\n@@ -30,6 +30,7 @@\n from ansible.errors import AnsibleError\n from ansible.plugins.lookup import LookupBase\n from ansible.utils.encrypt import do_encrypt\n+from ansible.utils import makedirs_safe\n \n DEFAULT_LENGTH = 20\n \n@@ -98,11 +99,10 @@ def run(self, terms, variables, **kwargs):\n             path = self._loader.path_dwim(relpath)\n             if not os.path.exists(path):\n                 pathdir = os.path.dirname(path)\n-                if not os.path.isdir(pathdir):\n-                    try:\n-                        os.makedirs(pathdir, mode=0o700)\n-                    except OSError as e:\n-                        raise AnsibleError(\"cannot create the path for the password lookup: %s (error was %s)\" % (pathdir, str(e)))\n+                try:\n+                    makedirs_safe(pathdir, mode=0o700)\n+                except OSError as e:\n+                    raise AnsibleError(\"cannot create the path for the password lookup: %s (error was %s)\" % (pathdir, str(e)))\n \n                 chars = \"\".join([getattr(string,c,c) for c in use_chars]).replace('\"','').replace(\"'\",'')\n                 password = ''.join(random.choice(chars) for _ in range(length))"
    },
    {
      "file_path": "ansible/utils/path.py b/lib/ansible/utils/path.py",
      "status": "modified",
      "additions": 10,
      "deletions": 0,
      "file_diff": "diff --git a/lib/ansible/utils/path.py b/lib/ansible/utils/path.py\nindex e49a2f7d5533d1..ac5160402b2116 100644\n--- a/lib/ansible/utils/path.py\n+++ b/lib/ansible/utils/path.py\n@@ -19,6 +19,8 @@\n \n import os\n import stat\n+from time import sleep\n+from errno import EEXIST\n \n __all__ = ['is_executable', 'unfrackpath']\n \n@@ -35,3 +37,11 @@ def unfrackpath(path):\n     '''\n     return os.path.normpath(os.path.realpath(os.path.expandvars(os.path.expanduser(path))))\n \n+def makedirs_safe(path, mode=None):\n+    '''Safe way to create dirs in muliprocess/thread environments'''\n+    if not os.path.exists(path):\n+        try:\n+            os.makedirs(path, mode)\n+        except OSError, e:\n+            if e.errno != EEXIST:\n+                raise\n"
    }
  ],
  "comments": [
    {
      "author_login": "abadger",
      "body": "Maybe use errno.EEXIST instead of 17?\n",
      "file_path": "lib/ansible/utils/path.py",
      "diff_hunk": "@@ -35,3 +36,12 @@ def unfrackpath(path):\n     '''\n     return os.path.normpath(os.path.realpath(os.path.expandvars(os.path.expanduser(path))))\n \n+def makedirs_safe(path, mode=None):\n+    '''Safe way to create dirs in muliprocess/thread environments'''\n+    while not os.path.exists(path):\n+        try:\n+            os.makedirs(path, mode)\n+        except OSError, e:\n+            if e.errno != 17:",
      "comment_type": "review_comment"
    },
    {
      "author_login": "allardhoeve",
      "body": "This introduces a race condition. Why check for existence here? What does it add?\n",
      "file_path": "lib/ansible/utils/path.py",
      "diff_hunk": "@@ -35,3 +37,11 @@ def unfrackpath(path):\n     '''\n     return os.path.normpath(os.path.realpath(os.path.expandvars(os.path.expanduser(path))))\n \n+def makedirs_safe(path, mode=None):\n+    '''Safe way to create dirs in muliprocess/thread environments'''\n+    if not os.path.exists(path):",
      "comment_type": "review_comment"
    }
  ],
  "reviews": []
}