{
  "pr_number": 10373,
  "url": "https://github.com/ansible/ansible/pull/10373",
  "title": "Incorrect keyword argument 'error'",
  "author_login": "keithbentrup",
  "state": "MERGED",
  "merged_by_login": "bcoca",
  "body": "Incorrect keyword argument 'error'. It should be 'errors'.\n",
  "labels": [
    "bug"
  ],
  "additions": 1,
  "deletions": 1,
  "changed_files_count": 1,
  "changed_files_list": [
    "ansible/callbacks.py b/lib/ansible/callbacks.py"
  ],
  "files": [
    {
      "file_path": "ansible/callbacks.py b/lib/ansible/callbacks.py",
      "status": "modified",
      "additions": 1,
      "deletions": 1,
      "file_diff": "diff --git a/lib/ansible/callbacks.py b/lib/ansible/callbacks.py\nindex d92e44cdcfb2ed..6a15c1844e5888 100644\n--- a/lib/ansible/callbacks.py\n+++ b/lib/ansible/callbacks.py\n@@ -694,7 +694,7 @@ def do_prompt(prompt, private):\n             result = utils.do_encrypt(result, encrypt, salt_size, salt)\n \n         # handle utf-8 chars\n-        result = to_unicode(result, error='strict')\n+        result = to_unicode(result, errors='strict')\n         call_callback_module( 'playbook_on_vars_prompt', varname, private=private, prompt=prompt,\n                                encrypt=encrypt, confirm=confirm, salt_size=salt_size, salt=None, default=default\n                             )\n"
    }
  ],
  "comments": [],
  "reviews": []
}