{
  "pr_number": 10247,
  "url": "https://github.com/ansible/ansible/pull/10247",
  "title": "Document redis_kv Python package dependency",
  "author_login": "lorin",
  "state": "MERGED",
  "merged_by_login": "bcoca",
  "body": "Mention in docs that the redis_kv lookup requires that the redis Python package\nis installed.\n",
  "labels": [
    "docs"
  ],
  "additions": 1,
  "deletions": 0,
  "changed_files_count": 1,
  "changed_files_list": [
    "docsite/rst/playbooks_lookups.rst"
  ],
  "files": [
    {
      "file_path": "docsite/rst/playbooks_lookups.rst",
      "status": "modified",
      "additions": 1,
      "deletions": 0,
      "file_diff": "diff --git a/docsite/rst/playbooks_lookups.rst b/docsite/rst/playbooks_lookups.rst\nindex f33e21a3c5b80b..9cfac497b9a5dc 100644\n--- a/docsite/rst/playbooks_lookups.rst\n+++ b/docsite/rst/playbooks_lookups.rst\n@@ -119,6 +119,7 @@ Here are some examples::\n \n          - debug: msg=\"{{ lookup('pipe','date') }} is the raw result of running this command\"\n \n+         # redis_kv lookup requires the Python redis package\n          - debug: msg=\"{{ lookup('redis_kv', 'redis://localhost:6379,somekey') }} is value in Redis for somekey\"\n \n          # dnstxt lookup requires the Python dnspython package\n"
    }
  ],
  "comments": [],
  "reviews": []
}