{
  "pr_number": 11281,
  "url": "https://github.com/ansible/ansible/pull/11281",
  "title": "Bugfix: win_checksum",
  "author_login": "trondhindenes",
  "state": "MERGED",
  "merged_by_login": "bcoca",
  "body": "Win checksum had some errors causing it to output an array of strings instead of a string. This caused depending module such as win_file and win_copy to throw errors.\n",
  "labels": [
    "P2",
    "windows",
    "bug"
  ],
  "additions": 1,
  "deletions": 1,
  "changed_files_count": 1,
  "changed_files_list": [
    "v1/ansible/module_utils/powershell.ps1"
  ],
  "files": [
    {
      "file_path": "v1/ansible/module_utils/powershell.ps1",
      "status": "modified",
      "additions": 1,
      "deletions": 1,
      "file_diff": "diff --git a/v1/ansible/module_utils/powershell.ps1 b/v1/ansible/module_utils/powershell.ps1\nindex 9606f47783b66c..a11e316989c6f0 100644\n--- a/v1/ansible/module_utils/powershell.ps1\n+++ b/v1/ansible/module_utils/powershell.ps1\n@@ -151,7 +151,7 @@ Function Get-FileChecksum($path)\n     {\n         $sp = new-object -TypeName System.Security.Cryptography.SHA1CryptoServiceProvider;\n         $fp = [System.IO.File]::Open($path, [System.IO.Filemode]::Open, [System.IO.FileAccess]::Read);\n-        [System.BitConverter]::ToString($sp.ComputeHash($fp)).Replace(\"-\", \"\").ToLower();\n+        $hash = [System.BitConverter]::ToString($sp.ComputeHash($fp)).Replace(\"-\", \"\").ToLower();\n         $fp.Dispose();\n     }\n     ElseIf (Test-Path -PathType Container $path)\n"
    }
  ],
  "comments": [
    {
      "author_login": "trondhindenes",
      "body": "Ref discussion arround issue 1404: https://github.com/ansible/ansible-modules-core/issues/1404\n"
    },
    {
      "author_login": "bcoca",
      "body": "so this is just backporting it to the v1 in devel? we would actually need to make sure its in stable-1.9 for the 1.9.2 release\n"
    },
    {
      "author_login": "bcoca",
      "body": "cc @jhawkesworth  @cchurch \n"
    },
    {
      "author_login": "trondhindenes",
      "body": "Well, v1 is the only working version for WinRM usage at the moment. I plan to do a separate PR that implements feature parity between powershell.ps1 in v1 and v2 but I wanted to get this in first since @jhawkesworth has a depending change (related to win_copy)\n"
    },
    {
      "author_login": "trondhindenes",
      "body": "But yes, it's essentially a backport.\n"
    },
    {
      "author_login": "jhawkesworth",
      "body": "@bcoca @trondhindenes \nIt sounds like v1 is now 'parked' i.e. no longer updated, for reference only. Is that right @bcoca ?\n\nIf there is going to be a 1.9.2 release then I'd hope that https://github.com/ansible/ansible/pull/11115 can be cherry-picked into the stable-1.9 branch, along with https://github.com/ansible/ansible-modules-core/pull/1438.  I think that should provide windows users with a workable copy/file/template implementation until such time as the winrm connection is ported to v2.\n"
    },
    {
      "author_login": "bcoca",
      "body": "confirming those made it into stable-1.9, merging this to allow for v1/hacking/env-setup use\n"
    }
  ],
  "reviews": []
}