{
  "pr_number": 109,
  "url": "https://github.com/ansible/ansible/pull/109",
  "title": "Bump release to 0.0.2",
  "author_login": "jeckersb",
  "state": "MERGED",
  "merged_by_login": "mpdehaan",
  "body": "",
  "labels": [],
  "additions": 13,
  "deletions": 10,
  "changed_files_count": 6,
  "changed_files_list": [
    "docs/man/man1/ansible-playbook.1",
    "docs/man/man1/ansible-playbook.1.asciidoc",
    "docs/man/man1/ansible.1",
    "docs/man/man1/ansible.1.asciidoc",
    "ansible/__init__.py b/lib/ansible/__init__.py"
  ],
  "files": [
    {
      "file_path": "docs/man/man1/ansible-playbook.1",
      "status": "modified",
      "additions": 3,
      "deletions": 3,
      "file_diff": "diff --git a/docs/man/man1/ansible-playbook.1 b/docs/man/man1/ansible-playbook.1\nindex b9bef5cdcfefe1..dae09d1e8665c8 100644\n--- a/docs/man/man1/ansible-playbook.1\n+++ b/docs/man/man1/ansible-playbook.1\n@@ -2,12 +2,12 @@\n .\\\"     Title: ansible-playbook\n .\\\"    Author: [see the \"AUTHOR\" section]\n .\\\" Generator: DocBook XSL Stylesheets v1.76.1 <http://docbook.sf.net/>\n-.\\\"      Date: 03/23/2012\n+.\\\"      Date: 04/03/2012\n .\\\"    Manual: System administration commands\n-.\\\"    Source: Ansible 0.0.1\n+.\\\"    Source: Ansible 0.0.2\n .\\\"  Language: English\n .\\\"\n-.TH \"ANSIBLE\\-PLAYBOOK\" \"1\" \"03/23/2012\" \"Ansible 0\\&.0\\&.1\" \"System administration commands\"\n+.TH \"ANSIBLE\\-PLAYBOOK\" \"1\" \"04/03/2012\" \"Ansible 0\\&.0\\&.2\" \"System administration commands\"\n .\\\" -----------------------------------------------------------------\n .\\\" * Define some portability stuff\n .\\\" -----------------------------------------------------------------"
    },
    {
      "file_path": "docs/man/man1/ansible-playbook.1.asciidoc",
      "status": "modified",
      "additions": 1,
      "deletions": 1,
      "file_diff": "diff --git a/docs/man/man1/ansible-playbook.1.asciidoc b/docs/man/man1/ansible-playbook.1.asciidoc\nindex 6a54b4353ee75d..b7816bd2e9f6eb 100644\n--- a/docs/man/man1/ansible-playbook.1.asciidoc\n+++ b/docs/man/man1/ansible-playbook.1.asciidoc\n@@ -2,7 +2,7 @@ ansible-playbook(1)\n ===================\n :doctype:manpage\n :man source:   Ansible\n-:man version:  0.0.1\n+:man version:  0.0.2\n :man manual:   System administration commands\n \n NAME"
    },
    {
      "file_path": "docs/man/man1/ansible.1",
      "status": "modified",
      "additions": 3,
      "deletions": 3,
      "file_diff": "diff --git a/docs/man/man1/ansible.1 b/docs/man/man1/ansible.1\nindex b0273fa0dabfe8..1e61d7ce984844 100644\n--- a/docs/man/man1/ansible.1\n+++ b/docs/man/man1/ansible.1\n@@ -2,12 +2,12 @@\n .\\\"     Title: ansible\n .\\\"    Author: [see the \"AUTHOR\" section]\n .\\\" Generator: DocBook XSL Stylesheets v1.76.1 <http://docbook.sf.net/>\n-.\\\"      Date: 03/23/2012\n+.\\\"      Date: 04/03/2012\n .\\\"    Manual: System administration commands\n-.\\\"    Source: Ansible 0.0.1\n+.\\\"    Source: Ansible 0.0.2\n .\\\"  Language: English\n .\\\"\n-.TH \"ANSIBLE\" \"1\" \"03/23/2012\" \"Ansible 0\\&.0\\&.1\" \"System administration commands\"\n+.TH \"ANSIBLE\" \"1\" \"04/03/2012\" \"Ansible 0\\&.0\\&.2\" \"System administration commands\"\n .\\\" -----------------------------------------------------------------\n .\\\" * Define some portability stuff\n .\\\" -----------------------------------------------------------------"
    },
    {
      "file_path": "docs/man/man1/ansible.1.asciidoc",
      "status": "modified",
      "additions": 1,
      "deletions": 1,
      "file_diff": "diff --git a/docs/man/man1/ansible.1.asciidoc b/docs/man/man1/ansible.1.asciidoc\nindex c7604cd3282e51..6d08394e820eb9 100644\n--- a/docs/man/man1/ansible.1.asciidoc\n+++ b/docs/man/man1/ansible.1.asciidoc\n@@ -2,7 +2,7 @@ ansible(1)\n =========\n :doctype:manpage\n :man source:   Ansible\n-:man version:  0.0.1\n+:man version:  0.0.2\n :man manual:   System administration commands\n \n NAME"
    },
    {
      "file_path": "ansible/__init__.py b/lib/ansible/__init__.py",
      "status": "modified",
      "additions": 1,
      "deletions": 1,
      "file_diff": "diff --git a/lib/ansible/__init__.py b/lib/ansible/__init__.py\nindex edc0ce3ebc3f7a..1ea0127ab18354 100755\n--- a/lib/ansible/__init__.py\n+++ b/lib/ansible/__init__.py\n@@ -14,5 +14,5 @@\n #\n # You should have received a copy of the GNU General Public License\n # along with Ansible.  If not, see <http://www.gnu.org/licenses/>.\n-__version__ = '0.0.1'\n+__version__ = '0.0.2'\n __author__ = 'Michael DeHaan'\n"
    }
  ],
  "comments": [],
  "reviews": []
}