{
  "pr_number": 1156,
  "url": "https://github.com/ansible/ansible/pull/1156",
  "title": "DOCUMENTATION for virt",
  "author_login": "jpmens",
  "state": "MERGED",
  "merged_by_login": "mpdehaan",
  "body": "",
  "labels": [],
  "additions": 39,
  "deletions": 0,
  "changed_files_count": 1,
  "changed_files_list": [
    "library/virt"
  ],
  "files": [
    {
      "file_path": "library/virt",
      "status": "modified",
      "additions": 39,
      "deletions": 0,
      "file_diff": "diff --git a/library/virt b/library/virt\nindex 5d69e36769a31f..43b9b8b8e2f5ec 100755\n--- a/library/virt\n+++ b/library/virt\n@@ -15,6 +15,45 @@ You should have received a copy of the GNU General Public License\n along with this program.  If not, see <http://www.gnu.org/licenses/>.\n \"\"\"\n \n+DOCUMENTATION = '''\n+---\n+module: virt\n+short_description: Manages virtual machines supported by libvirt\n+description:\n+     - Manages virtual machines supported by I(libvirt).\n+version_added: \"0.2\"\n+options:\n+  name:\n+    description:\n+      - name of the guest VM being managed\n+    required: true\n+    default: null\n+    aliases: []\n+  state:\n+    description:\n+      - Note that there may be some lag for state requests like C(shutdown)\n+        since these refer only to VM states. After starting a guest, it may not\n+        be immediately accessible.\n+    required: false\n+    choices: [ \"running\", \"shutdown\", \"destroyed\", \"undefined\" ]\n+    default: \"no\"\n+  command:\n+    description:\n+      - in addition to state management, various non-idempotent commands are available. See examples\n+    required: false\n+examples:\n+   - code: virt guest=alpha state=running\n+     description: \"Example from Ansible Playbooks\"\n+   - code: ansible host -m virt -a \"guest=alpha command=status\"\n+     description: \"Example guest management with C(/usr/bin/ansible)\"\n+notes:\n+   - \"Other non-idempotent commands are: C(status), C(pause), C(unpause),\n+     C(get_xml), C(autostart), C(freemem), C(list_vms), C(info), C(nodeinfo),\n+     C(virttype)\"\n+requirements: [ \"libvirt\" ]\n+author: Seth Vidal\n+'''\n+\n VIRT_FAILED = 1\n VIRT_SUCCESS = 0\n VIRT_UNAVAILABLE=2\n"
    }
  ],
  "comments": [
    {
      "author_login": "mpdehaan",
      "body": "Merging this, though we really should dual-attribute authorship.   I wrote all of the original Func module :)\n\n(it could stay a string and just have a \"&\" in it)\n"
    },
    {
      "author_login": "jpmens",
      "body": "Fixed. PR sent.\n\nOn Sun Sep 30 2012 at 13:59:23 CEST, Michael DeHaan wrote:\n\n> Merging this, though we really should dual-attribute authorship.   I wrote all of the original Func module :)\n> \n> ---\n> \n> Reply to this email directly or view it on GitHub:\n> https://github.com/ansible/ansible/pull/1156#issuecomment-9013051\n"
    }
  ],
  "reviews": []
}