{
  "pr_number": 10769,
  "url": "https://github.com/ansible/ansible/pull/10769",
  "title": "Add a requires on python-six 1.4.0 ( for add_metaclass )",
  "author_login": "mscherer",
  "state": "MERGED",
  "merged_by_login": "bcoca",
  "body": "This also mean that this doesn't run on RHEL 7 as of today.\n",
  "labels": [
    "P2",
    "bug"
  ],
  "additions": 1,
  "deletions": 1,
  "changed_files_count": 1,
  "changed_files_list": [
    "v2/setup.py"
  ],
  "files": [
    {
      "file_path": "v2/setup.py",
      "status": "modified",
      "additions": 1,
      "deletions": 1,
      "file_diff": "diff --git a/v2/setup.py b/v2/setup.py\nindex a9a518798188ea..e982c382f29823 100644\n--- a/v2/setup.py\n+++ b/v2/setup.py\n@@ -18,7 +18,7 @@\n       author_email='michael@ansible.com',\n       url='http://ansible.com/',\n       license='GPLv3',\n-      install_requires=['paramiko', 'jinja2', \"PyYAML\", 'setuptools', 'pycrypto >= 2.6'],\n+      install_requires=['paramiko', 'jinja2', \"PyYAML\", 'setuptools', 'pycrypto >= 2.6', 'six >= 1.4.0'],\n       # package_dir={ '': 'lib' },\n       # packages=find_packages('lib'),\n       package_data={\n"
    }
  ],
  "comments": [
    {
      "author_login": "mscherer",
      "body": "For the record, here is the rebase request for python-six in RHEL:\nhttps://bugzilla.redhat.com/show_bug.cgi?id=1185409\n"
    }
  ],
  "reviews": []
}