{
  "pr_number": 11511,
  "url": "https://github.com/ansible/ansible/pull/11511",
  "title": "syslog_json call plugin improvements",
  "author_login": "galindro",
  "state": "MERGED",
  "merged_by_login": "bcoca",
  "body": "- Fix NameError: global name 'handler' is not defined\n- Update log message format\n",
  "labels": [
    "feature"
  ],
  "additions": 10,
  "deletions": 8,
  "changed_files_count": 1,
  "changed_files_list": [
    "plugins/callbacks/syslog_json.py"
  ],
  "files": [
    {
      "file_path": "plugins/callbacks/syslog_json.py",
      "status": "modified",
      "additions": 10,
      "deletions": 8,
      "file_diff": "diff --git a/plugins/callbacks/syslog_json.py b/plugins/callbacks/syslog_json.py\nindex 8e0b3e40916364..2e339e96aeb1c3 100644\n--- a/plugins/callbacks/syslog_json.py\n+++ b/plugins/callbacks/syslog_json.py\n@@ -4,6 +4,7 @@\n import logging\n import logging.handlers\n \n+import socket\n \n class CallbackModule(object):\n     \"\"\"\n@@ -26,22 +27,23 @@ def __init__(self):\n                        os.getenv('SYSLOG_PORT',514)), \n             facility=logging.handlers.SysLogHandler.LOG_USER\n         )\n-        self.logger.addHandler(handler)\n+        self.logger.addHandler(self.handler)\n+        self.hostname = socket.gethostname()\n \n     def on_any(self, *args, **kwargs):\n         pass\n \n     def runner_on_failed(self, host, res, ignore_errors=False):\n-        self.logger.info('RUNNER_ON_FAILED ' + host + ' ' + json.dumps(res, sort_keys=True))\n+        self.logger.error('%s ansible-command: task execution FAILED; host: %s; message: %s' % (self.hostname,host,json.dumps(res, sort_keys=True)))\n \n     def runner_on_ok(self, host, res):\n-        self.logger.info('RUNNER_ON_OK ' + host + ' ' + json.dumps(res, sort_keys=True))\n+        self.logger.info('%s ansible-command: task execution OK; host: %s; message: %s' % (self.hostname,host,json.dumps(res, sort_keys=True)))\n \n     def runner_on_skipped(self, host, item=None):\n-        self.logger.info('RUNNER_ON_SKIPPED ' + host + ' ...')\n+        self.logger.info('%s ansible-command: task execution SKIPPED; host: %s; message: %s' % (self.hostname,host,json.dumps(res, sort_keys=True)))\n \n     def runner_on_unreachable(self, host, res):\n-        self.logger.info('RUNNER_UNREACHABLE ' + host + ' ' + json.dumps(res, sort_keys=True))\n+        self.logger.error('%s ansible-command: task execution UNREACHABLE; host: %s; message: %s' % (self.hostname,host,json.dumps(res, sort_keys=True)))\n \n     def runner_on_no_hosts(self):\n         pass\n@@ -53,7 +55,7 @@ def runner_on_async_ok(self, host, res):\n         pass\n \n     def runner_on_async_failed(self, host, res):\n-        self.logger.info('RUNNER_SYNC_FAILED ' + host + ' ' + json.dumps(res, sort_keys=True))\n+        self.logger.error('%s ansible-command: task execution FAILED; host: %s; message: %s' % (self.hostname,host,json.dumps(res, sort_keys=True)))\n \n     def playbook_on_start(self):\n         pass\n@@ -77,10 +79,10 @@ def playbook_on_setup(self):\n         pass\n \n     def playbook_on_import_for_host(self, host, imported_file):\n-        self.logger.info('PLAYBOOK_ON_IMPORTED ' + host + ' ' + json.dumps(res, sort_keys=True))\n+        self.logger.info('%s ansible-command: playbook IMPORTED; host: %s; message: %s' % (self.hostname,host,json.dumps(res, sort_keys=True)))\n \n     def playbook_on_not_import_for_host(self, host, missing_file):\n-        self.logger.info('PLAYBOOK_ON_NOTIMPORTED ' + host + ' ' + json.dumps(res, sort_keys=True))\n+        self.logger.info('%s ansible-command: playbook NOT IMPORTED; host: %s; message: %s' % (self.hostname,host,json.dumps(res, sort_keys=True)))\n \n     def playbook_on_play_start(self, name):\n         pass\n"
    }
  ],
  "comments": [
    {
      "author_login": "galindro",
      "body": "tks\n"
    }
  ],
  "reviews": []
}