{
  "pr_number": 11478,
  "url": "https://github.com/ansible/ansible/pull/11478",
  "title": "Add groups to serf inventory plugin",
  "author_login": "msabramo",
  "state": "MERGED",
  "merged_by_login": "bcoca",
  "body": "",
  "labels": [
    "feature"
  ],
  "additions": 15,
  "deletions": 1,
  "changed_files_count": 1,
  "changed_files_list": [
    "plugins/inventory/serf.py"
  ],
  "files": [
    {
      "file_path": "plugins/inventory/serf.py",
      "status": "modified",
      "additions": 15,
      "deletions": 1,
      "file_diff": "diff --git a/plugins/inventory/serf.py b/plugins/inventory/serf.py\nindex dfda4dd855db91..e1340da92df596 100755\n--- a/plugins/inventory/serf.py\n+++ b/plugins/inventory/serf.py\n@@ -31,6 +31,7 @@\n # These variables are described at https://www.serfdom.io/docs/commands/members.html#_rpc_addr\n \n import argparse\n+import collections\n import os\n import sys\n \n@@ -58,6 +59,16 @@ def get_nodes(data):\n     return [node['Name'] for node in data]\n \n \n+def get_groups(data):\n+    groups = collections.defaultdict(list)\n+\n+    for node in data:\n+        for key, value in node['Tags'].items():\n+            groups[value].append(node['Name'])\n+\n+    return groups\n+\n+\n def get_meta(data):\n     meta = {'hostvars': {}}\n     for node in data:\n@@ -68,8 +79,11 @@ def get_meta(data):\n def print_list():\n     data = get_serf_members_data()\n     nodes = get_nodes(data)\n+    groups = get_groups(data)\n     meta = get_meta(data)\n-    print(json.dumps({_key: nodes, '_meta': meta}))\n+    inventory_data = {_key: nodes, '_meta': meta}\n+    inventory_data.update(groups)\n+    print(json.dumps(inventory_data))\n \n \n def print_host(host):\n"
    }
  ],
  "comments": [],
  "reviews": []
}