{
  "pr_number": 10215,
  "url": "https://github.com/ansible/ansible/pull/10215",
  "title": "Set proper permissions for ansible-vault view",
  "author_login": "NicolasLM",
  "state": "MERGED",
  "merged_by_login": "bcoca",
  "body": "Fixes issue #10214\nSets umask before creating the temporary file and sets it back to the original value when file is created.\n",
  "labels": [
    "P1",
    "bug"
  ],
  "additions": 2,
  "deletions": 0,
  "changed_files_count": 1,
  "changed_files_list": [
    "ansible/utils/vault.py b/lib/ansible/utils/vault.py"
  ],
  "files": [
    {
      "file_path": "ansible/utils/vault.py b/lib/ansible/utils/vault.py",
      "status": "modified",
      "additions": 2,
      "deletions": 0,
      "file_diff": "diff --git a/lib/ansible/utils/vault.py b/lib/ansible/utils/vault.py\nindex 3622b500b15496..842688a2c18fce 100644\n--- a/lib/ansible/utils/vault.py\n+++ b/lib/ansible/utils/vault.py\n@@ -281,8 +281,10 @@ def view_file(self):\n         tmpdata = self.read_data(self.filename)\n         this_vault = VaultLib(self.password)\n         dec_data = this_vault.decrypt(tmpdata)\n+        old_umask = os.umask(0o077)\n         _, tmp_path = tempfile.mkstemp()\n         self.write_data(dec_data, tmp_path)\n+        os.umask(old_umask)\n \n         # drop the user into pager on the tmp file\n         call(self._pager_shell_command(tmp_path))\n"
    }
  ],
  "comments": [],
  "reviews": []
}