{
  "pr_number": 10162,
  "url": "https://github.com/ansible/ansible/pull/10162",
  "title": "correct typo that breaks hashing on python 2.4.",
  "author_login": "jonhadfield",
  "state": "MERGED",
  "merged_by_login": "abadger",
  "body": "https://github.com/ansible/ansible/commit/d3666f3265afd7e318095a26b72bf3f9c7686d8c breaks hashing triggered by template module when using python 2.4 (tested on 2.4.3):\n\nfailed: [server.example.com] => {\"failed\": true}\nmsg: failed to checksum remote file. Checksum error code: 0\n\nBug appears to be a typo that this PR fixes.\n",
  "labels": [],
  "additions": 1,
  "deletions": 1,
  "changed_files_count": 1,
  "changed_files_list": [
    "ansible/runner/shell_plugins/sh.py b/lib/ansible/runner/shell_plugins/sh.py"
  ],
  "files": [
    {
      "file_path": "ansible/runner/shell_plugins/sh.py b/lib/ansible/runner/shell_plugins/sh.py",
      "status": "modified",
      "additions": 1,
      "deletions": 1,
      "file_diff": "diff --git a/lib/ansible/runner/shell_plugins/sh.py b/lib/ansible/runner/shell_plugins/sh.py\nindex 5462429743aefb..d8f1efeb128ad3 100644\n--- a/lib/ansible/runner/shell_plugins/sh.py\n+++ b/lib/ansible/runner/shell_plugins/sh.py\n@@ -99,7 +99,7 @@ def checksum(self, path, python_interp):\n         test = \"rc=flag; [ -r \\'%(p)s\\' ] || rc=2; [ -f \\'%(p)s\\' ] || rc=1; [ -d \\'%(p)s\\' ] && rc=3; %(i)s -V 2>/dev/null || rc=4; [ x\\\"$rc\\\" != \\\"xflag\\\" ] && echo \\\"${rc}\\\"\\'  %(p)s\\' && exit 0\" % dict(p=path, i=python_interp)\n         csums = [\n             \"(%s -c 'import hashlib; BLOCKSIZE = 65536; hasher = hashlib.sha1();\\nafile = open(\\\"%s\\\", \\\"rb\\\")\\nbuf = afile.read(BLOCKSIZE)\\nwhile len(buf) > 0:\\n\\thasher.update(buf)\\n\\tbuf = afile.read(BLOCKSIZE)\\nafile.close()\\nprint(hasher.hexdigest())' 2>/dev/null)\" % (python_interp, path),      # Python > 2.4 (including python3)\n-            \"(%s -c 'import sha; BLOCKSIZE = 65536; hasher = sha.sha1();\\nafile = open(\\\"%s\\\", \\\"rb\\\")\\nbuf = afile.read(BLOCKSIZE)\\nwhile len(buf) > 0:\\n\\thasher.update(buf)\\n\\tbuf = afile.read(BLOCKSIZE)\\nafile.close()\\nprint(hasher.hexdigest())' 2>/dev/null)\" % (python_interp, path),      # Python == 2.4\n+            \"(%s -c 'import sha; BLOCKSIZE = 65536; hasher = sha.sha();\\nafile = open(\\\"%s\\\", \\\"rb\\\")\\nbuf = afile.read(BLOCKSIZE)\\nwhile len(buf) > 0:\\n\\thasher.update(buf)\\n\\tbuf = afile.read(BLOCKSIZE)\\nafile.close()\\nprint(hasher.hexdigest())' 2>/dev/null)\" % (python_interp, path),      # Python == 2.4\n         ]\n \n         cmd = \" || \".join(csums)\n"
    }
  ],
  "comments": [
    {
      "author_login": "abadger",
      "body": "Thanks!\n\n# Merged\n\nHi!\n\nThis has been merged in, and will also be included in the next major release.\n\nIf you or anyone else has any further questions, please let us know by stopping by one of the two mailing lists, as appropriate:\n- https://groups.google.com/forum/#!forum/ansible-project - for user questions, tips, and tricks\n- https://groups.google.com/forum/#!forum/ansible-devel - for strategy, future planning, and questions about writing code\n\nBecause this project is very active, we're unlikely to see comments made on closed tickets, but the mailing list is a great way to ask questions, or post if you don't think this particular\nissue is resolved.\n\nThank you!\n"
    }
  ],
  "reviews": []
}