{
  "pr_number": 1095,
  "url": "https://github.com/ansible/ansible/pull/1095",
  "title": "Getting negative host pattern matching to work with external inventory",
  "author_login": "pas256",
  "state": "MERGED",
  "merged_by_login": "mpdehaan",
  "body": "Getting negative host pattern matching to work with external inventory (same as commit 4caf85e37bdff284c337086ff3ce46b1dcfd8751, but for excluded hosts as well as subsets)\n",
  "labels": [],
  "additions": 2,
  "deletions": 2,
  "changed_files_count": 1,
  "changed_files_list": [
    "ansible/inventory/__init__.py b/lib/ansible/inventory/__init__.py"
  ],
  "files": [
    {
      "file_path": "ansible/inventory/__init__.py b/lib/ansible/inventory/__init__.py",
      "status": "modified",
      "additions": 2,
      "deletions": 2,
      "file_diff": "diff --git a/lib/ansible/inventory/__init__.py b/lib/ansible/inventory/__init__.py\nindex a5780c19826cbb..3e0f44859aebc9 100644\n--- a/lib/ansible/inventory/__init__.py\n+++ b/lib/ansible/inventory/__init__.py\n@@ -109,8 +109,8 @@ def get_hosts(self, pattern=\"all\"):\n \n         # exclude hosts mentioned in a negative pattern\n         if len(negative_patterns):\n-            exclude_hosts = self._get_hosts(negative_patterns)\n-            hosts = [ h for h in hosts if h not in exclude_hosts ]\n+            exclude_hosts = [ h.name for h in self._get_hosts(negative_patterns) ]\n+            hosts = [ h for h in hosts if h.name not in exclude_hosts ]\n \n         # exclude hosts not in a subset, if defined\n         if self._subset:\n"
    }
  ],
  "comments": [
    {
      "author_login": "mpdehaan",
      "body": "merged, thanks!\n"
    }
  ],
  "reviews": []
}