{
  "pr_number": 10133,
  "url": "https://github.com/ansible/ansible/pull/10133",
  "title": "Add shell script to fast update ansible repo",
  "author_login": "ghost",
  "state": "MERGED",
  "merged_by_login": "abadger",
  "body": "Add shell script to fast update ansible repo\n\nsee https://github.com/ansible/ansible/issues/10081\n",
  "labels": [
    "needs_revision",
    "feature"
  ],
  "additions": 3,
  "deletions": 0,
  "changed_files_count": 1,
  "changed_files_list": [
    "hacking/update.sh"
  ],
  "files": [
    {
      "file_path": "hacking/update.sh",
      "status": "added",
      "additions": 3,
      "deletions": 0,
      "file_diff": "diff --git a/hacking/update.sh b/hacking/update.sh\nnew file mode 100755\nindex 00000000000000..5979dd0ab2bf71\n--- /dev/null\n+++ b/hacking/update.sh\n@@ -0,0 +1,3 @@\n+#!/bin/sh\n+git pull --rebase\n+git submodule update --init --recursive\n"
    }
  ],
  "comments": [
    {
      "author_login": "abadger",
      "body": "Needs to be in the hacking directory instead of the toplevel.  I think this would be okay after that change.\n"
    },
    {
      "author_login": "ghost",
      "body": "Moved update.sh to hacking directory.\n"
    },
    {
      "author_login": "abadger",
      "body": "Thanks!\n\n# Merged\n\nHi!\n\nThis has been merged in, and will also be included in the next major release.\n\nIf you or anyone else has any further questions, please let us know by stopping by one of the two mailing lists, as appropriate:\n- https://groups.google.com/forum/#!forum/ansible-project - for user questions, tips, and tricks\n- https://groups.google.com/forum/#!forum/ansible-devel - for strategy, future planning, and questions about writing code\n\nBecause this project is very active, we're unlikely to see comments made on closed tickets, but the mailing list is a great way to ask questions, or post if you don't think this particular\nissue is resolved.\n\nThank you!\n"
    }
  ],
  "reviews": []
}