{
  "pr_number": 10613,
  "url": "https://github.com/ansible/ansible/pull/10613",
  "title": "Update intro_windows.rst",
  "author_login": "wenottingham",
  "state": "MERGED",
  "merged_by_login": "bcoca",
  "body": "Refer to PowerShell consistently.\n",
  "labels": [
    "windows",
    "docs"
  ],
  "additions": 12,
  "deletions": 12,
  "changed_files_count": 1,
  "changed_files_list": [
    "docsite/rst/intro_windows.rst"
  ],
  "files": [
    {
      "file_path": "docsite/rst/intro_windows.rst",
      "status": "modified",
      "additions": 12,
      "deletions": 12,
      "file_diff": "diff --git a/docsite/rst/intro_windows.rst b/docsite/rst/intro_windows.rst\nindex b5e6be8234046e..544c6fba754b81 100644\n--- a/docsite/rst/intro_windows.rst\n+++ b/docsite/rst/intro_windows.rst\n@@ -11,7 +11,7 @@ Windows: How Does It Work\n As you may have already read, Ansible manages Linux/Unix machines using SSH by default.  \n \n Starting in version 1.7, Ansible also contains support for managing Windows machines.  This uses\n-native powershell remoting, rather than SSH.\n+native PowerShell remoting, rather than SSH.\n \n Ansible will still be run from a Linux control machine, and uses the \"winrm\" Python module to talk to remote hosts.\n \n@@ -67,7 +67,7 @@ communication channel that leverages Windows remoting::\n     ansible windows [-i inventory] -m win_ping --ask-vault-pass\n \n If you haven't done anything to prep your systems yet, this won't work yet.  This is covered in a later\n-section about how to enable powershell remoting - and if necessary - how to upgrade powershell to\n+section about how to enable PowerShell remoting - and if necessary - how to upgrade PowerShell to\n a version that is 3 or higher.\n \n You'll run this command again later though, to make sure everything is working.\n@@ -77,21 +77,21 @@ You'll run this command again later though, to make sure everything is working.\n Windows System Prep\n ```````````````````\n \n-In order for Ansible to manage your windows machines, you will have to enable Powershell remoting configured.\n+In order for Ansible to manage your windows machines, you will have to enable PowerShell remoting configured.\n \n-To automate setup of WinRM, you can run `this powershell script <https://github.com/ansible/ansible/blob/devel/examples/scripts/ConfigureRemotingForAnsible.ps1>`_ on the remote machine. \n+To automate setup of WinRM, you can run `this PowerShell script <https://github.com/ansible/ansible/blob/devel/examples/scripts/ConfigureRemotingForAnsible.ps1>`_ on the remote machine. \n \n Admins may wish to modify this setup slightly, for instance to increase the timeframe of\n the certificate.\n \n .. _getting_to_powershell_three_or_higher:\n \n-Getting to Powershell 3.0 or higher\n+Getting to PowerShell 3.0 or higher\n ```````````````````````````````````\n \n-Powershell 3.0 or higher is needed for most provided Ansible modules for Windows, and is also required to run the above setup script.\n+PowerShell 3.0 or higher is needed for most provided Ansible modules for Windows, and is also required to run the above setup script.\n \n-Looking at an ansible checkout, copy the `examples/scripts/upgrade_to_ps3.ps1 <https://github.com/cchurch/ansible/blob/devel/examples/scripts/upgrade_to_ps3.ps1>`_ script onto the remote host and run a powershell console as an administrator.  You will now be running Powershell 3 and can try connectivity again using the win_ping technique referenced above.\n+Looking at an ansible checkout, copy the `examples/scripts/upgrade_to_ps3.ps1 <https://github.com/cchurch/ansible/blob/devel/examples/scripts/upgrade_to_ps3.ps1>`_ script onto the remote host and run a PowerShell console as an administrator.  You will now be running PowerShell 3 and can try connectivity again using the win_ping technique referenced above.\n \n .. _what_windows_modules_are_available:\n \n@@ -105,7 +105,7 @@ Browse this index to see what is available.\n \n In many cases, it may not be necessary to even write or use an Ansible module.\n \n-In particular, the \"script\" module can be used to run arbitrary powershell scripts, allowing Windows administrators familiar with powershell a very native way to do things, as in the following playbook::\n+In particular, the \"script\" module can be used to run arbitrary PowerShell scripts, allowing Windows administrators familiar with PowerShell a very native way to do things, as in the following playbook::\n \n     - hosts: windows\n       tasks:\n@@ -121,10 +121,10 @@ Developers: Supported modules and how it works\n Developing ansible modules are covered in a `later section of the documentation <http://developing_modules.html>`_, with a focus on Linux/Unix.\n What if you want to write Windows modules for ansible though?\n \n-For Windows, ansible modules are implemented in Powershell.  Skim those Linux/Unix module development chapters before proceeding.\n+For Windows, ansible modules are implemented in PowerShell.  Skim those Linux/Unix module development chapters before proceeding.\n \n Windows modules live in a \"windows/\" subfolder in the Ansible \"library/\" subtree.  For example, if a module is named\n-\"library/windows/win_ping\", there will be embedded documentation in the \"win_ping\" file, and the actual powershell code will live in a \"win_ping.ps1\" file.  Take a look at the sources and this will make more sense.\n+\"library/windows/win_ping\", there will be embedded documentation in the \"win_ping\" file, and the actual PowerShell code will live in a \"win_ping.ps1\" file.  Take a look at the sources and this will make more sense.\n \n Modules (ps1 files) should start as follows::\n \n@@ -169,7 +169,7 @@ Windows Playbook Examples\n \n Look to the list of windows modules for most of what is possible, though also some modules like \"raw\" and \"script\" also work on Windows, as do \"fetch\" and \"slurp\".\n \n-Here is an example of pushing and running a powershell script::\n+Here is an example of pushing and running a PowerShell script::\n \n     - name: test script module\n       hosts: windows\n@@ -223,7 +223,7 @@ form of new modules, tweaks to existing modules, documentation, or something els\n    :doc:`playbooks`\n        Learning ansible's configuration management language\n    `List of Windows Modules <http://docs.ansible.com/list_of_windows_modules.html>`_\n-       Windows specific module list, all implemented in powershell\n+       Windows specific module list, all implemented in PowerShell\n    `Mailing List <http://groups.google.com/group/ansible-project>`_\n        Questions? Help? Ideas?  Stop by the list on Google Groups\n    `irc.freenode.net <http://irc.freenode.net>`_\n"
    }
  ],
  "comments": [],
  "reviews": []
}