{
  "pr_number": 10026,
  "url": "https://github.com/ansible/ansible/pull/10026",
  "title": "adds to v2 the ability to run with empty inventory (implicit localhost)",
  "author_login": "bcoca",
  "state": "MERGED",
  "merged_by_login": "bcoca",
  "body": "which is now a warning and not an error, this brings v2 into parity with v1 change\n",
  "labels": [],
  "additions": 2,
  "deletions": 1,
  "changed_files_count": 1,
  "changed_files_list": [
    "v2/bin/ansible-playbook"
  ],
  "files": [
    {
      "file_path": "v2/bin/ansible-playbook",
      "status": "modified",
      "additions": 2,
      "deletions": 1,
      "file_diff": "diff --git a/v2/bin/ansible-playbook b/v2/bin/ansible-playbook\nindex e7a60939733b21..03392e13f90233 100755\n--- a/v2/bin/ansible-playbook\n+++ b/v2/bin/ansible-playbook\n@@ -15,6 +15,7 @@ from ansible.playbook.task import Task\n from ansible.utils.cli import base_parser\n from ansible.utils.vars import combine_vars\n from ansible.vars import VariableManager\n+from ansible.utils import warning\n \n #---------------------------------------------------------------------------------------------------\n \n@@ -138,7 +139,7 @@ def main(args):\n     inventory = Inventory(loader=loader, variable_manager=variable_manager, host_list=options.inventory)\n     inventory.subset(options.subset)\n     if len(inventory.list_hosts()) == 0:\n-        raise AnsibleError(\"provided hosts list is empty\")\n+        warning(\"provided hosts list is empty, only localhost is available\")\n \n     # create the playbook executor, which manages running the plays\n     # via a task queue manager\n"
    }
  ],
  "comments": [
    {
      "author_login": "abadger",
      "body": "+1\n"
    }
  ],
  "reviews": []
}