{
  "pr_number": 10593,
  "url": "https://github.com/ansible/ansible/pull/10593",
  "title": "capture IOErrors on backup_local (happens on non posix filesystems)",
  "author_login": "bcoca",
  "state": "MERGED",
  "merged_by_login": "bcoca",
  "body": "fixes #10591\n",
  "labels": [
    "bug"
  ],
  "additions": 1,
  "deletions": 1,
  "changed_files_count": 1,
  "changed_files_list": [
    "ansible/module_utils/basic.py b/lib/ansible/module_utils/basic.py"
  ],
  "files": [
    {
      "file_path": "ansible/module_utils/basic.py b/lib/ansible/module_utils/basic.py",
      "status": "modified",
      "additions": 1,
      "deletions": 1,
      "file_diff": "diff --git a/lib/ansible/module_utils/basic.py b/lib/ansible/module_utils/basic.py\nindex ad1d43f86ca99b..aaaf85e5e057e5 100644\n--- a/lib/ansible/module_utils/basic.py\n+++ b/lib/ansible/module_utils/basic.py\n@@ -1303,7 +1303,7 @@ def backup_local(self, fn):\n \n         try:\n             shutil.copy2(fn, backupdest)\n-        except shutil.Error, e:\n+        except (shutil.Error, IOError), e:\n             self.fail_json(msg='Could not make backup of %s to %s: %s' % (fn, backupdest, e))\n         return backupdest\n \n"
    }
  ],
  "comments": [],
  "reviews": []
}