{
  "pr_number": 1072,
  "url": "https://github.com/ansible/ansible/pull/1072",
  "title": "Add an ansible_ssh_host inventory variable",
  "author_login": "dhozac",
  "state": "MERGED",
  "merged_by_login": "mpdehaan",
  "body": "Like ansible_ssh_port but for hostnames.\n",
  "labels": [],
  "additions": 5,
  "deletions": 2,
  "changed_files_count": 1,
  "changed_files_list": [
    "ansible/runner/__init__.py b/lib/ansible/runner/__init__.py"
  ],
  "files": [
    {
      "file_path": "ansible/runner/__init__.py b/lib/ansible/runner/__init__.py",
      "status": "modified",
      "additions": 5,
      "deletions": 2,
      "file_diff": "diff --git a/lib/ansible/runner/__init__.py b/lib/ansible/runner/__init__.py\nindex 8f983b87aa21f1..67d3c0a359caf1 100644\n--- a/lib/ansible/runner/__init__.py\n+++ b/lib/ansible/runner/__init__.py\n@@ -343,10 +343,13 @@ def is_set(var):\n         actual_host = host\n         try:\n             delegate_to = inject.get('delegate_to', None)\n+            alternative_host = inject.get('ansible_ssh_host', None)\n             if delegate_to is not None:\n-                actual_host = delegate_to    \n+                actual_host = delegate_to\n+            elif alternative_host is not None:\n+                actual_host = alternative_host\n             conn = self.connector.connect(actual_host, port)\n-            if delegate_to is not None:\n+            if delegate_to is not None or alternative_host is not None:\n                 conn._delegate_for = host\n         except errors.AnsibleConnectionFailed, e:\n             result = dict(failed=True, msg=\"FAILED: %s\" % str(e))\n"
    }
  ],
  "comments": [
    {
      "author_login": "mpdehaan",
      "body": "Outstanding, thanks!!!\n"
    }
  ],
  "reviews": []
}