{
  "pr_number": 11335,
  "url": "https://github.com/ansible/ansible/pull/11335",
  "title": "Fix typo: \"name\" to \"role\"",
  "author_login": "parente",
  "state": "MERGED",
  "merged_by_login": "jimi-c",
  "body": "I hit this problem running through the doc examples in ansible 1.9.1:\n\n```\nERROR: expected a role name in dictionary: {'name': 'apache', 'http_port': 8080 }\nAnsible failed to complete successfully. Any error output should be\nvisible above. Please fix these errors and try again.\n```\n",
  "labels": [],
  "additions": 1,
  "deletions": 1,
  "changed_files_count": 1,
  "changed_files_list": [
    "docsite/rst/playbooks_variables.rst"
  ],
  "files": [
    {
      "file_path": "docsite/rst/playbooks_variables.rst",
      "status": "modified",
      "additions": 1,
      "deletions": 1,
      "file_diff": "diff --git a/docsite/rst/playbooks_variables.rst b/docsite/rst/playbooks_variables.rst\nindex b0e2e223cdc9ae..7bf006cf75d0e6 100644\n--- a/docsite/rst/playbooks_variables.rst\n+++ b/docsite/rst/playbooks_variables.rst\n@@ -782,7 +782,7 @@ Parameterized roles are useful.\n If you are using a role and want to override a default, pass it as a parameter to the role like so::\n \n     roles:\n-       - { name: apache, http_port: 8080 }\n+       - { role: apache, http_port: 8080 }\n \n This makes it clear to the playbook reader that you've made a conscious choice to override some default in the role, or pass in some\n configuration that the role can't assume by itself.  It also allows you to pass something site-specific that isn't really part of the\n"
    }
  ],
  "comments": [
    {
      "author_login": "jimi-c",
      "body": "Merged, thanks!\n"
    }
  ],
  "reviews": []
}