{
  "pr_number": 10461,
  "url": "https://github.com/ansible/ansible/pull/10461",
  "title": "Adding uptime_seconds fact for linux and darwin platforms",
  "author_login": "cblument",
  "state": "MERGED",
  "merged_by_login": "bcoca",
  "body": "Adds ansible_uptime_seconds facts for linux and darwin platforms.  This fact might able to be extended to other BSD platforms using sysctl.\n",
  "labels": [
    "feature"
  ],
  "additions": 11,
  "deletions": 0,
  "changed_files_count": 1,
  "changed_files_list": [
    "ansible/module_utils/facts.py b/lib/ansible/module_utils/facts.py"
  ],
  "files": [
    {
      "file_path": "ansible/module_utils/facts.py b/lib/ansible/module_utils/facts.py",
      "status": "modified",
      "additions": 11,
      "deletions": 0,
      "file_diff": "diff --git a/lib/ansible/module_utils/facts.py b/lib/ansible/module_utils/facts.py\nindex 424c388fb6ee2e..c1951925e4ba71 100644\n--- a/lib/ansible/module_utils/facts.py\n+++ b/lib/ansible/module_utils/facts.py\n@@ -652,6 +652,7 @@ def populate(self):\n         self.get_memory_facts()\n         self.get_dmi_facts()\n         self.get_device_facts()\n+        self.get_uptime_facts()\n         try:\n             self.get_mount_facts()\n         except TimeoutError:\n@@ -990,6 +991,9 @@ def get_device_facts(self):\n \n             self.facts['devices'][diskname] = d\n \n+    def get_uptime_facts(self):\n+        uptime_seconds_string = get_file_content('/proc/uptime').split(' ')[0]\n+        self.facts['uptime_seconds'] = int(float(uptime_seconds_string))\n \n class SunOSHardware(Hardware):\n     \"\"\"\n@@ -1588,6 +1592,7 @@ def populate(self):\n         self.get_mac_facts()\n         self.get_cpu_facts()\n         self.get_memory_facts()\n+        self.get_uptime_facts()\n         return self.facts\n \n     def get_sysctl(self):\n@@ -1635,6 +1640,12 @@ def get_memory_facts(self):\n         if rc == 0:\n             self.facts['memfree_mb'] = long(out.splitlines()[-1].split()[1]) / 1024 / 1024\n \n+    def get_uptime_facts(self):\n+        kern_boottime = self.sysctl['kern.boottime']\n+        boottime = datetime.datetime.strptime(kern_boottime, \"%a %b %d %H:%M:%S %Y\")\n+        delta = datetime.datetime.now() - boottime\n+        self.facts['uptime_seconds'] = int(delta.total_seconds())\n+\n class Network(Facts):\n     \"\"\"\n     This is a generic Network subclass of Facts.  This should be further\n"
    }
  ],
  "comments": [
    {
      "author_login": "bcoca",
      "body": "removed OS X part as users were reporting tracebacks:\n\n```\n localhost | FAILED >> {\n    \"failed\": true,\n    \"msg\": \"Traceback (most recent call last):\\n  File \\\"/Users/user/.ansible/tmp/ansible-tmp-1426522855.76-85255931118606/setup\\\", line 4459, in <module>\\n    main()\\n  File \\\"/Users/user/.ansible/tmp/ansible-tmp-1426522855.76-85255931118606/setup\\\", line 137, in main\\n    data = run_setup(module)\\n  File \\\"/Users/user/.ansible/tmp/ansible-tmp-1426522855.76-85255931118606/setup\\\", line 81, in run_setup\\n    facts = ansible_facts(module)\\n  File \\\"/Users/user/.ansible/tmp/ansible-tmp-1426522855.76-85255931118606/setup\\\", line 4399, in ansible_facts\\n    facts.update(Hardware().populate())\\n  File \\\"/Users/user/.ansible/tmp/ansible-tmp-1426522855.76-85255931118606/setup\\\", line 3332, in populate\\n    self.get_uptime_facts()\\n  File \\\"/Users/user/.ansible/tmp/ansible-tmp-1426522855.76-85255931118606/setup\\\", line 3382, in get_uptime_facts\\n    boottime = datetime.datetime.strptime(kern_boottime, \\\"%a %b %d %H:%M:%S %Y\\\")\\n  File \\\"/usr/local/Cellar/python/2.7.9/Frameworks/Python.framework/Versions/2.7/lib/python2.7/_strptime.py\\\", line 325, in _strptime\\n    (data_string, format))\\nValueError: time data '{ sec = 1426070656, usec = 0 } Wed Mar 11 06:44:16 2015' does not match format '%a %b %d %H:%M:%S %Y'\\n\",\n    \"parsed\": false\n}\n```\n"
    },
    {
      "author_login": "cblument",
      "body": "Any idea on versions of darwin where it did not work?\n\nIs there a person who reported that I could ask what version of OSX?  I suspect that different versions of the OS return a different format of the date than, \"%a %b %d %H:%M:%S %Y\"\n\nHere is the output from running ansible on my machine.\n\nderecho:ansible cblument$ ansible all -i 'localhost,' -m setup -a 'filter=ansible_os*'\nlocalhost | success >> {\n    \"ansible_facts\": {\n        \"ansible_os_family\": \"Darwin\",\n        \"ansible_osrevision\": \"199506\",\n        \"ansible_osversion\": \"13F1066\"\n    },\n    \"changed\": false\n}\n\nderecho:ansible cblument$ ansible all -i 'localhost,' -m setup -a 'filter=ansible_uptime*'\nlocalhost | success >> {\n    \"ansible_facts\": {\n        \"ansible_uptime_seconds\": 530445\n    },\n    \"changed\": false\n}\n"
    },
    {
      "author_login": "cblument",
      "body": "Looks like the what is returned for where it broke was:\n\n'{ sec = 1426070656, usec = 0 } Wed Mar 11 06:44:16 2015'\n\nUsing they same way that the get_sysctl method I get the following on my machine:\n\nderecho:~ cblument$ /usr/sbin/sysctl hw machdep kern|grep boottime\nkern.boottime: { sec = 1426005997, usec = 0 } Tue Mar 10 11:46:37 2015\nkern.boottime = Tue Mar 10 11:46:37 2015\n\nMaybe in different versions or across different boots of the os the order changes or in other versions extra entries are not there.  I think I can fix this to search the string looking for [Sun|Mon|Tue|Wed|Thu|Fri|Sat].*$ since it appears that that style of date is in either case.\n\nThoughts?\n"
    }
  ],
  "reviews": []
}