{
  "pr_number": 10691,
  "url": "https://github.com/ansible/ansible/pull/10691",
  "title": "Change how we're calling StringIO",
  "author_login": "ianzd",
  "state": "MERGED",
  "merged_by_login": "abadger",
  "body": "",
  "labels": [],
  "additions": 1,
  "deletions": 1,
  "changed_files_count": 1,
  "changed_files_list": [
    "v2/ansible/plugins/action/__init__.py"
  ],
  "files": [
    {
      "file_path": "v2/ansible/plugins/action/__init__.py",
      "status": "modified",
      "additions": 1,
      "deletions": 1,
      "file_diff": "diff --git a/v2/ansible/plugins/action/__init__.py b/v2/ansible/plugins/action/__init__.py\nindex be83539def6ddb..30d1641090e964 100644\n--- a/v2/ansible/plugins/action/__init__.py\n+++ b/v2/ansible/plugins/action/__init__.py\n@@ -319,7 +319,7 @@ def _filter_leading_non_json_lines(self, data):\n         filter only leading lines since multiline JSON is valid.\n         '''\n \n-        filtered_lines = StringIO.StringIO()\n+        filtered_lines = StringIO()\n         stop_filtering = False\n         for line in data.splitlines():\n             if stop_filtering or line.startswith('{') or line.startswith('['):\n"
    }
  ],
  "comments": [
    {
      "author_login": "abadger",
      "body": "Thanks for fixing that!\n\n# Merged\n\nHi!\n\nThis has been merged in, and will also be included in the next major release.\n\nIf you or anyone else has any further questions, please let us know by stopping by one of the two mailing lists, as appropriate:\n- https://groups.google.com/forum/#!forum/ansible-project - for user questions, tips, and tricks\n- https://groups.google.com/forum/#!forum/ansible-devel - for strategy, future planning, and questions about writing code\n\nBecause this project is very active, we're unlikely to see comments made on closed tickets, but the mailing list is a great way to ask questions, or post if you don't think this particular\nissue is resolved.\n\nThank you!\n"
    }
  ],
  "reviews": []
}