{
  "pr_number": 11533,
  "url": "https://github.com/ansible/ansible/pull/11533",
  "title": "Cb and contrib",
  "author_login": "bcoca",
  "state": "MERGED",
  "merged_by_login": "bcoca",
  "body": "a bunch of changes to callbacks\nmoved inventory scripts to contrib dir and made setup.py know about em.\n",
  "labels": [
    "bug",
    "feature"
  ],
  "additions": 259,
  "deletions": 357,
  "changed_files_count": 62,
  "changed_files_list": [
    "README.md b/contrib/README.md",
    "contrib/inventory/abiquo.ini",
    "contrib/inventory/abiquo.py",
    "contrib/inventory/apache-libcloud.py",
    "contrib/inventory/cloudstack.ini",
    "contrib/inventory/cloudstack.py",
    "contrib/inventory/cobbler.ini",
    "contrib/inventory/cobbler.py",
    "contrib/inventory/collins.ini",
    "contrib/inventory/collins.py",
    "contrib/inventory/consul.ini",
    "contrib/inventory/consul_io.py",
    "contrib/inventory/digital_ocean.ini",
    "contrib/inventory/digital_ocean.py",
    "contrib/inventory/docker.py",
    "contrib/inventory/docker.yml",
    "contrib/inventory/ec2.ini",
    "contrib/inventory/ec2.py",
    "contrib/inventory/fleet.py",
    "contrib/inventory/freeipa.py",
    "contrib/inventory/gce.ini",
    "contrib/inventory/gce.py",
    "contrib/inventory/jail.py",
    "contrib/inventory/landscape.py",
    "contrib/inventory/libcloud.ini",
    "contrib/inventory/libvirt_lxc.py",
    "contrib/inventory/linode.ini",
    "contrib/inventory/linode.py",
    "contrib/inventory/nova.ini",
    "contrib/inventory/nova.py",
    "contrib/inventory/openshift.py",
    "contrib/inventory/openstack.py",
    "contrib/inventory/openstack.yml",
    "contrib/inventory/ovirt.ini",
    "contrib/inventory/ovirt.py",
    "contrib/inventory/rax.ini",
    "contrib/inventory/rax.py",
    "contrib/inventory/serf.py",
    "contrib/inventory/softlayer.py",
    "contrib/inventory/spacewalk.py",
    "contrib/inventory/ssh_config.py",
    "contrib/inventory/vagrant.py",
    "contrib/inventory/vbox.py",
    "contrib/inventory/vmware.ini",
    "contrib/inventory/vmware.py",
    "contrib/inventory/windows_azure.ini",
    "contrib/inventory/windows_azure.py",
    "contrib/inventory/zabbix.ini",
    "contrib/inventory/zabbix.py",
    "contrib/inventory/zone.py",
    "ansible/executor/task_queue_manager.py b/lib/ansible/executor/task_queue_manager.py",
    "ansible/plugins/callback/__init__.py b/lib/ansible/plugins/callback/__init__.py",
    "lib/ansible/plugins/callback/context_demo.py",
    "ansible/plugins/callback/default.py b/lib/ansible/plugins/callback/default.py",
    "lib/ansible/plugins/callback/hipchat.py",
    "ansible/plugins/callback/log_plays.py b/lib/ansible/plugins/callback/log_plays.py",
    "lib/ansible/plugins/callback/osx_say.py",
    "lib/ansible/plugins/callback/syslog_json.py",
    "ansible/plugins/callback/timer.py b/lib/ansible/plugins/callback/timer.py",
    "plugins/README.md",
    "plugins/callbacks/log_plays.py"
  ],
  "files": [
    {
      "file_path": "README.md b/contrib/README.md",
      "status": "added",
      "additions": 17,
      "deletions": 0,
      "file_diff": "diff --git a/contrib/README.md b/contrib/README.md\nnew file mode 100644\nindex 00000000000000..dab0da4ba72b31\n--- /dev/null\n+++ b/contrib/README.md\n@@ -0,0 +1,17 @@\n+inventory\n+=========\n+\n+Inventory scripts allow you to store your hosts, groups, and variables in any way\n+you like.  Examples include discovering inventory from EC2 or pulling it from\n+Cobbler.  These could also be used to interface with LDAP or database.\n+\n+chmod +x an inventory plugin and either name it /etc/ansible/hosts or use ansible\n+with -i to designate the path to the script. You might also need to copy a configuration\n+file with the same name and/or set environment variables, the scripts or configuration\n+files have more details.\n+\n+contributions welcome\n+=====================\n+\n+Send in pull requests to add plugins of your own.  The sky is the limit!\n+"
    },
    {
      "file_path": "contrib/inventory/abiquo.ini",
      "status": "modified",
      "additions": 0,
      "deletions": 0,
      "file_diff": "diff --git a/plugins/inventory/abiquo.ini b/contrib/inventory/abiquo.ini\nsimilarity index 100%\nrename from plugins/inventory/abiquo.ini\nrename to contrib/inventory/abiquo.ini"
    },
    {
      "file_path": "contrib/inventory/abiquo.py",
      "status": "modified",
      "additions": 0,
      "deletions": 0,
      "file_diff": "diff --git a/plugins/inventory/abiquo.py b/contrib/inventory/abiquo.py\nsimilarity index 100%\nrename from plugins/inventory/abiquo.py\nrename to contrib/inventory/abiquo.py"
    },
    {
      "file_path": "contrib/inventory/apache-libcloud.py",
      "status": "modified",
      "additions": 0,
      "deletions": 0,
      "file_diff": "diff --git a/plugins/inventory/apache-libcloud.py b/contrib/inventory/apache-libcloud.py\nsimilarity index 100%\nrename from plugins/inventory/apache-libcloud.py\nrename to contrib/inventory/apache-libcloud.py"
    },
    {
      "file_path": "contrib/inventory/cloudstack.ini",
      "status": "modified",
      "additions": 0,
      "deletions": 0,
      "file_diff": "diff --git a/plugins/inventory/cloudstack.ini b/contrib/inventory/cloudstack.ini\nsimilarity index 100%\nrename from plugins/inventory/cloudstack.ini\nrename to contrib/inventory/cloudstack.ini"
    },
    {
      "file_path": "contrib/inventory/cloudstack.py",
      "status": "modified",
      "additions": 0,
      "deletions": 0,
      "file_diff": "diff --git a/plugins/inventory/cloudstack.py b/contrib/inventory/cloudstack.py\nsimilarity index 100%\nrename from plugins/inventory/cloudstack.py\nrename to contrib/inventory/cloudstack.py"
    },
    {
      "file_path": "contrib/inventory/cobbler.ini",
      "status": "modified",
      "additions": 0,
      "deletions": 0,
      "file_diff": "diff --git a/plugins/inventory/cobbler.ini b/contrib/inventory/cobbler.ini\nsimilarity index 100%\nrename from plugins/inventory/cobbler.ini\nrename to contrib/inventory/cobbler.ini"
    },
    {
      "file_path": "contrib/inventory/cobbler.py",
      "status": "modified",
      "additions": 0,
      "deletions": 0,
      "file_diff": "diff --git a/plugins/inventory/cobbler.py b/contrib/inventory/cobbler.py\nsimilarity index 100%\nrename from plugins/inventory/cobbler.py\nrename to contrib/inventory/cobbler.py"
    },
    {
      "file_path": "contrib/inventory/collins.ini",
      "status": "modified",
      "additions": 0,
      "deletions": 0,
      "file_diff": "diff --git a/plugins/inventory/collins.ini b/contrib/inventory/collins.ini\nsimilarity index 100%\nrename from plugins/inventory/collins.ini\nrename to contrib/inventory/collins.ini"
    },
    {
      "file_path": "contrib/inventory/collins.py",
      "status": "modified",
      "additions": 0,
      "deletions": 0,
      "file_diff": "diff --git a/plugins/inventory/collins.py b/contrib/inventory/collins.py\nsimilarity index 100%\nrename from plugins/inventory/collins.py\nrename to contrib/inventory/collins.py"
    },
    {
      "file_path": "contrib/inventory/consul.ini",
      "status": "modified",
      "additions": 0,
      "deletions": 0,
      "file_diff": "diff --git a/plugins/inventory/consul.ini b/contrib/inventory/consul.ini\nsimilarity index 100%\nrename from plugins/inventory/consul.ini\nrename to contrib/inventory/consul.ini"
    },
    {
      "file_path": "contrib/inventory/consul_io.py",
      "status": "modified",
      "additions": 0,
      "deletions": 0,
      "file_diff": "diff --git a/plugins/inventory/consul_io.py b/contrib/inventory/consul_io.py\nsimilarity index 100%\nrename from plugins/inventory/consul_io.py\nrename to contrib/inventory/consul_io.py"
    },
    {
      "file_path": "contrib/inventory/digital_ocean.ini",
      "status": "modified",
      "additions": 0,
      "deletions": 0,
      "file_diff": "diff --git a/plugins/inventory/digital_ocean.ini b/contrib/inventory/digital_ocean.ini\nsimilarity index 100%\nrename from plugins/inventory/digital_ocean.ini\nrename to contrib/inventory/digital_ocean.ini"
    },
    {
      "file_path": "contrib/inventory/digital_ocean.py",
      "status": "modified",
      "additions": 0,
      "deletions": 0,
      "file_diff": "diff --git a/plugins/inventory/digital_ocean.py b/contrib/inventory/digital_ocean.py\nsimilarity index 100%\nrename from plugins/inventory/digital_ocean.py\nrename to contrib/inventory/digital_ocean.py"
    },
    {
      "file_path": "contrib/inventory/docker.py",
      "status": "modified",
      "additions": 0,
      "deletions": 0,
      "file_diff": "diff --git a/plugins/inventory/docker.py b/contrib/inventory/docker.py\nsimilarity index 100%\nrename from plugins/inventory/docker.py\nrename to contrib/inventory/docker.py"
    },
    {
      "file_path": "contrib/inventory/docker.yml",
      "status": "modified",
      "additions": 0,
      "deletions": 0,
      "file_diff": "diff --git a/plugins/inventory/docker.yml b/contrib/inventory/docker.yml\nsimilarity index 100%\nrename from plugins/inventory/docker.yml\nrename to contrib/inventory/docker.yml"
    },
    {
      "file_path": "contrib/inventory/ec2.ini",
      "status": "modified",
      "additions": 0,
      "deletions": 0,
      "file_diff": "diff --git a/plugins/inventory/ec2.ini b/contrib/inventory/ec2.ini\nsimilarity index 100%\nrename from plugins/inventory/ec2.ini\nrename to contrib/inventory/ec2.ini"
    },
    {
      "file_path": "contrib/inventory/ec2.py",
      "status": "modified",
      "additions": 0,
      "deletions": 0,
      "file_diff": "diff --git a/plugins/inventory/ec2.py b/contrib/inventory/ec2.py\nsimilarity index 100%\nrename from plugins/inventory/ec2.py\nrename to contrib/inventory/ec2.py"
    },
    {
      "file_path": "contrib/inventory/fleet.py",
      "status": "modified",
      "additions": 0,
      "deletions": 0,
      "file_diff": "diff --git a/plugins/inventory/fleet.py b/contrib/inventory/fleet.py\nsimilarity index 100%\nrename from plugins/inventory/fleet.py\nrename to contrib/inventory/fleet.py"
    },
    {
      "file_path": "contrib/inventory/freeipa.py",
      "status": "modified",
      "additions": 0,
      "deletions": 0,
      "file_diff": "diff --git a/plugins/inventory/freeipa.py b/contrib/inventory/freeipa.py\nsimilarity index 100%\nrename from plugins/inventory/freeipa.py\nrename to contrib/inventory/freeipa.py"
    },
    {
      "file_path": "contrib/inventory/gce.ini",
      "status": "modified",
      "additions": 0,
      "deletions": 0,
      "file_diff": "diff --git a/plugins/inventory/gce.ini b/contrib/inventory/gce.ini\nsimilarity index 100%\nrename from plugins/inventory/gce.ini\nrename to contrib/inventory/gce.ini"
    },
    {
      "file_path": "contrib/inventory/gce.py",
      "status": "modified",
      "additions": 0,
      "deletions": 0,
      "file_diff": "diff --git a/plugins/inventory/gce.py b/contrib/inventory/gce.py\nsimilarity index 100%\nrename from plugins/inventory/gce.py\nrename to contrib/inventory/gce.py"
    },
    {
      "file_path": "contrib/inventory/jail.py",
      "status": "modified",
      "additions": 0,
      "deletions": 0,
      "file_diff": "diff --git a/plugins/inventory/jail.py b/contrib/inventory/jail.py\nsimilarity index 100%\nrename from plugins/inventory/jail.py\nrename to contrib/inventory/jail.py"
    },
    {
      "file_path": "contrib/inventory/landscape.py",
      "status": "modified",
      "additions": 0,
      "deletions": 0,
      "file_diff": "diff --git a/plugins/inventory/landscape.py b/contrib/inventory/landscape.py\nsimilarity index 100%\nrename from plugins/inventory/landscape.py\nrename to contrib/inventory/landscape.py"
    },
    {
      "file_path": "contrib/inventory/libcloud.ini",
      "status": "modified",
      "additions": 0,
      "deletions": 0,
      "file_diff": "diff --git a/plugins/inventory/libcloud.ini b/contrib/inventory/libcloud.ini\nsimilarity index 100%\nrename from plugins/inventory/libcloud.ini\nrename to contrib/inventory/libcloud.ini"
    },
    {
      "file_path": "contrib/inventory/libvirt_lxc.py",
      "status": "modified",
      "additions": 0,
      "deletions": 0,
      "file_diff": "diff --git a/plugins/inventory/libvirt_lxc.py b/contrib/inventory/libvirt_lxc.py\nsimilarity index 100%\nrename from plugins/inventory/libvirt_lxc.py\nrename to contrib/inventory/libvirt_lxc.py"
    },
    {
      "file_path": "contrib/inventory/linode.ini",
      "status": "modified",
      "additions": 0,
      "deletions": 0,
      "file_diff": "diff --git a/plugins/inventory/linode.ini b/contrib/inventory/linode.ini\nsimilarity index 100%\nrename from plugins/inventory/linode.ini\nrename to contrib/inventory/linode.ini"
    },
    {
      "file_path": "contrib/inventory/linode.py",
      "status": "modified",
      "additions": 0,
      "deletions": 0,
      "file_diff": "diff --git a/plugins/inventory/linode.py b/contrib/inventory/linode.py\nsimilarity index 100%\nrename from plugins/inventory/linode.py\nrename to contrib/inventory/linode.py"
    },
    {
      "file_path": "contrib/inventory/nova.ini",
      "status": "modified",
      "additions": 0,
      "deletions": 0,
      "file_diff": "diff --git a/plugins/inventory/nova.ini b/contrib/inventory/nova.ini\nsimilarity index 100%\nrename from plugins/inventory/nova.ini\nrename to contrib/inventory/nova.ini"
    },
    {
      "file_path": "contrib/inventory/nova.py",
      "status": "modified",
      "additions": 0,
      "deletions": 0,
      "file_diff": "diff --git a/plugins/inventory/nova.py b/contrib/inventory/nova.py\nold mode 100644\nnew mode 100755\nsimilarity index 100%\nrename from plugins/inventory/nova.py\nrename to contrib/inventory/nova.py"
    },
    {
      "file_path": "contrib/inventory/openshift.py",
      "status": "modified",
      "additions": 0,
      "deletions": 0,
      "file_diff": "diff --git a/plugins/inventory/openshift.py b/contrib/inventory/openshift.py\nsimilarity index 100%\nrename from plugins/inventory/openshift.py\nrename to contrib/inventory/openshift.py"
    },
    {
      "file_path": "contrib/inventory/openstack.py",
      "status": "modified",
      "additions": 0,
      "deletions": 0,
      "file_diff": "diff --git a/plugins/inventory/openstack.py b/contrib/inventory/openstack.py\nsimilarity index 100%\nrename from plugins/inventory/openstack.py\nrename to contrib/inventory/openstack.py"
    },
    {
      "file_path": "contrib/inventory/openstack.yml",
      "status": "modified",
      "additions": 0,
      "deletions": 0,
      "file_diff": "diff --git a/plugins/inventory/openstack.yml b/contrib/inventory/openstack.yml\nsimilarity index 100%\nrename from plugins/inventory/openstack.yml\nrename to contrib/inventory/openstack.yml"
    },
    {
      "file_path": "contrib/inventory/ovirt.ini",
      "status": "modified",
      "additions": 0,
      "deletions": 0,
      "file_diff": "diff --git a/plugins/inventory/ovirt.ini b/contrib/inventory/ovirt.ini\nsimilarity index 100%\nrename from plugins/inventory/ovirt.ini\nrename to contrib/inventory/ovirt.ini"
    },
    {
      "file_path": "contrib/inventory/ovirt.py",
      "status": "modified",
      "additions": 0,
      "deletions": 0,
      "file_diff": "diff --git a/plugins/inventory/ovirt.py b/contrib/inventory/ovirt.py\nsimilarity index 100%\nrename from plugins/inventory/ovirt.py\nrename to contrib/inventory/ovirt.py"
    },
    {
      "file_path": "contrib/inventory/rax.ini",
      "status": "modified",
      "additions": 0,
      "deletions": 0,
      "file_diff": "diff --git a/plugins/inventory/rax.ini b/contrib/inventory/rax.ini\nsimilarity index 100%\nrename from plugins/inventory/rax.ini\nrename to contrib/inventory/rax.ini"
    },
    {
      "file_path": "contrib/inventory/rax.py",
      "status": "modified",
      "additions": 0,
      "deletions": 0,
      "file_diff": "diff --git a/plugins/inventory/rax.py b/contrib/inventory/rax.py\nold mode 100644\nnew mode 100755\nsimilarity index 100%\nrename from plugins/inventory/rax.py\nrename to contrib/inventory/rax.py"
    },
    {
      "file_path": "contrib/inventory/serf.py",
      "status": "modified",
      "additions": 0,
      "deletions": 0,
      "file_diff": "diff --git a/plugins/inventory/serf.py b/contrib/inventory/serf.py\nsimilarity index 100%\nrename from plugins/inventory/serf.py\nrename to contrib/inventory/serf.py"
    },
    {
      "file_path": "contrib/inventory/softlayer.py",
      "status": "modified",
      "additions": 0,
      "deletions": 0,
      "file_diff": "diff --git a/plugins/inventory/softlayer.py b/contrib/inventory/softlayer.py\nsimilarity index 100%\nrename from plugins/inventory/softlayer.py\nrename to contrib/inventory/softlayer.py"
    },
    {
      "file_path": "contrib/inventory/spacewalk.py",
      "status": "modified",
      "additions": 0,
      "deletions": 0,
      "file_diff": "diff --git a/plugins/inventory/spacewalk.py b/contrib/inventory/spacewalk.py\nsimilarity index 100%\nrename from plugins/inventory/spacewalk.py\nrename to contrib/inventory/spacewalk.py"
    },
    {
      "file_path": "contrib/inventory/ssh_config.py",
      "status": "modified",
      "additions": 0,
      "deletions": 0,
      "file_diff": "diff --git a/plugins/inventory/ssh_config.py b/contrib/inventory/ssh_config.py\nsimilarity index 100%\nrename from plugins/inventory/ssh_config.py\nrename to contrib/inventory/ssh_config.py"
    },
    {
      "file_path": "contrib/inventory/vagrant.py",
      "status": "modified",
      "additions": 0,
      "deletions": 0,
      "file_diff": "diff --git a/plugins/inventory/vagrant.py b/contrib/inventory/vagrant.py\nsimilarity index 100%\nrename from plugins/inventory/vagrant.py\nrename to contrib/inventory/vagrant.py"
    },
    {
      "file_path": "contrib/inventory/vbox.py",
      "status": "modified",
      "additions": 0,
      "deletions": 0,
      "file_diff": "diff --git a/plugins/inventory/vbox.py b/contrib/inventory/vbox.py\nsimilarity index 100%\nrename from plugins/inventory/vbox.py\nrename to contrib/inventory/vbox.py"
    },
    {
      "file_path": "contrib/inventory/vmware.ini",
      "status": "modified",
      "additions": 0,
      "deletions": 0,
      "file_diff": "diff --git a/plugins/inventory/vmware.ini b/contrib/inventory/vmware.ini\nsimilarity index 100%\nrename from plugins/inventory/vmware.ini\nrename to contrib/inventory/vmware.ini"
    },
    {
      "file_path": "contrib/inventory/vmware.py",
      "status": "modified",
      "additions": 0,
      "deletions": 0,
      "file_diff": "diff --git a/plugins/inventory/vmware.py b/contrib/inventory/vmware.py\nsimilarity index 100%\nrename from plugins/inventory/vmware.py\nrename to contrib/inventory/vmware.py"
    },
    {
      "file_path": "contrib/inventory/windows_azure.ini",
      "status": "modified",
      "additions": 0,
      "deletions": 0,
      "file_diff": "diff --git a/plugins/inventory/windows_azure.ini b/contrib/inventory/windows_azure.ini\nsimilarity index 100%\nrename from plugins/inventory/windows_azure.ini\nrename to contrib/inventory/windows_azure.ini"
    },
    {
      "file_path": "contrib/inventory/windows_azure.py",
      "status": "modified",
      "additions": 0,
      "deletions": 0,
      "file_diff": "diff --git a/plugins/inventory/windows_azure.py b/contrib/inventory/windows_azure.py\nsimilarity index 100%\nrename from plugins/inventory/windows_azure.py\nrename to contrib/inventory/windows_azure.py"
    },
    {
      "file_path": "contrib/inventory/zabbix.ini",
      "status": "modified",
      "additions": 0,
      "deletions": 0,
      "file_diff": "diff --git a/plugins/inventory/zabbix.ini b/contrib/inventory/zabbix.ini\nsimilarity index 100%\nrename from plugins/inventory/zabbix.ini\nrename to contrib/inventory/zabbix.ini"
    },
    {
      "file_path": "contrib/inventory/zabbix.py",
      "status": "modified",
      "additions": 0,
      "deletions": 0,
      "file_diff": "diff --git a/plugins/inventory/zabbix.py b/contrib/inventory/zabbix.py\nsimilarity index 100%\nrename from plugins/inventory/zabbix.py\nrename to contrib/inventory/zabbix.py"
    },
    {
      "file_path": "contrib/inventory/zone.py",
      "status": "modified",
      "additions": 0,
      "deletions": 0,
      "file_diff": "diff --git a/plugins/inventory/zone.py b/contrib/inventory/zone.py\nsimilarity index 100%\nrename from plugins/inventory/zone.py\nrename to contrib/inventory/zone.py"
    },
    {
      "file_path": "ansible/executor/task_queue_manager.py b/lib/ansible/executor/task_queue_manager.py",
      "status": "modified",
      "additions": 1,
      "deletions": 1,
      "file_diff": "diff --git a/lib/ansible/executor/task_queue_manager.py b/lib/ansible/executor/task_queue_manager.py\nindex 2504a179fc0c27..41e28c3baef781 100644\n--- a/lib/ansible/executor/task_queue_manager.py\n+++ b/lib/ansible/executor/task_queue_manager.py\n@@ -296,7 +296,7 @@ def send_callback(self, method_name, *args, **kwargs):\n                 continue\n             methods = [\n                 getattr(callback_plugin, method_name, None),\n-                getattr(callback_plugin, 'on_any', None)\n+                getattr(callback_plugin, 'v2_on_any', None)\n             ]\n             for method in methods:\n                 if method is not None:"
    },
    {
      "file_path": "ansible/plugins/callback/__init__.py b/lib/ansible/plugins/callback/__init__.py",
      "status": "modified",
      "additions": 88,
      "deletions": 3,
      "file_diff": "diff --git a/lib/ansible/plugins/callback/__init__.py b/lib/ansible/plugins/callback/__init__.py\nindex c03f6981d9c16e..776ad15717bc1d 100644\n--- a/lib/ansible/plugins/callback/__init__.py\n+++ b/lib/ansible/plugins/callback/__init__.py\n@@ -36,9 +36,7 @@ def __init__(self, display):\n         self._display = display\n \n     def set_connection_info(self, conn_info):\n-        # FIXME: this is a temporary hack, as the connection info object\n-        #        should be created early and passed down through objects\n-        self._display._verbosity = conn_info.verbosity\n+        pass\n \n     def on_any(self, *args, **kwargs):\n         pass\n@@ -100,3 +98,90 @@ def playbook_on_play_start(self, name):\n     def playbook_on_stats(self, stats):\n         pass\n \n+    ####### V2 METHODS, by default they call v1 counterparts if possible ######\n+    def v2_on_any(self, *args, **kwargs):\n+        self.on_any(args, kwargs)\n+\n+    def v2_runner_on_failed(self, result, ignore_errors=False):\n+        host = result._host.get_name()\n+        self.runner_on_failed(host, result._result, ignore_errors)\n+\n+    def v2_runner_on_ok(self, result):\n+        host = result._host.get_name()\n+        self.runner_on_ok(host, result._result)\n+\n+    def v2_runner_on_skipped(self, result):\n+        host = result._host.get_name()\n+        #FIXME, get item to pass through\n+        item = None\n+        self.runner_on_skipped(host, item)\n+\n+    def v2_runner_on_unreachable(self, result):\n+        host = result._host.get_name()\n+        self.runner_on_unreachable(host, result._result)\n+\n+    def v2_runner_on_no_hosts(self, task):\n+        self.runner_on_no_hosts()\n+\n+    def v2_runner_on_async_poll(self, result):\n+        host = result._host.get_name()\n+        jid = result._result.get('ansible_job_id')\n+         #FIXME, get real clock\n+        clock = 0\n+        self.runner_on_async_poll(host, result._result, jid, clock)\n+\n+    def v2_runner_on_async_ok(self, result):\n+        host = result._host.get_name()\n+        jid = result._result.get('ansible_job_id')\n+        self.runner_on_async_ok(host, result._result, jid)\n+\n+    def v2_runner_on_async_failed(self, result):\n+        host = result._host.get_name()\n+        jid = result._result.get('ansible_job_id')\n+        self.runner_on_async_failed(host, result._result, jid)\n+\n+    def v2_runner_on_file_diff(self, result, diff):\n+        pass #no v1 correspondance\n+\n+    def v2_playbook_on_start(self):\n+        self.playbook_on_start()\n+\n+    def v2_playbook_on_notify(self, result, handler):\n+        host = result._host.get_name()\n+        self.playbook_on_notify(host, handler)\n+\n+    def v2_playbook_on_no_hosts_matched(self):\n+        self.playbook_on_no_hosts_matched()\n+\n+    def v2_playbook_on_no_hosts_remaining(self):\n+        self.playbook_on_no_hosts_remaining()\n+\n+    def v2_playbook_on_task_start(self, task, is_conditional):\n+        self.playbook_on_task_start(task, is_conditional)\n+\n+    def v2_playbook_on_cleanup_task_start(self, task):\n+        pass #no v1 correspondance\n+\n+    def v2_playbook_on_handler_task_start(self, task):\n+        pass #no v1 correspondance\n+\n+    def v2_playbook_on_vars_prompt(self, varname, private=True, prompt=None, encrypt=None, confirm=False, salt_size=None, salt=None, default=None):\n+        self.playbook_on_vars_prompt(varname, private, prompt, encrypt, confirm, salt_size, salt, default)\n+\n+    def v2_playbook_on_setup(self):\n+        self.playbook_on_setup()\n+\n+    def v2_playbook_on_import_for_host(self, result, imported_file):\n+        host = result._host.get_name()\n+        self.playbook_on_import_for_host(host, imported_file)\n+\n+    def v2_playbook_on_not_import_for_host(self, result, missing_file):\n+        host = result._host.get_name()\n+        self.playbook_on_not_import_for_host(host, missing_file)\n+\n+    def v2_playbook_on_play_start(self, play):\n+        self.playbook_on_play_start(play.name)\n+\n+    def v2_playbook_on_stats(self, stats):\n+        self.playbook_on_stats(stats)\n+"
    },
    {
      "file_path": "lib/ansible/plugins/callback/context_demo.py",
      "status": "modified",
      "additions": 14,
      "deletions": 8,
      "file_diff": "diff --git a/plugins/callbacks/context_demo.py b/lib/ansible/plugins/callback/context_demo.py\nsimilarity index 65%\nrename from plugins/callbacks/context_demo.py\nrename to lib/ansible/plugins/callback/context_demo.py\nindex 5c3015d85f6836..f204ecb3bedd5d 100644\n--- a/plugins/callbacks/context_demo.py\n+++ b/lib/ansible/plugins/callback/context_demo.py\n@@ -15,17 +15,23 @@\n # You should have received a copy of the GNU General Public License\n # along with Ansible.  If not, see <http://www.gnu.org/licenses/>.\n \n-import os\n-import time\n-import json\n+from ansible.plugins.callback import CallbackBase\n \n-class CallbackModule(object):\n+class CallbackModule(CallbackBase):\n     \"\"\"\n     This is a very trivial example of how any callback function can get at play and task objects.\n     play will be 'None' for runner invocations, and task will be None for 'setup' invocations.\n     \"\"\"\n+    CALLBACK_VERSION = 2.0\n+    CALLBACK_TYPE = 'aggregate'\n \n-    def on_any(self, *args, **kwargs):\n-        play = getattr(self, 'play', None)\n-        task = getattr(self, 'task', None)\n-        print \"play = %s, task = %s, args = %s, kwargs = %s\" % (play,task,args,kwargs)\n+    def v2_on_any(self, *args, **kwargs):\n+        i = 0\n+        self._display.display(\"     --- ARGS \")\n+        for a in args:\n+            self._display.display('     %s: %s' % (i, a))\n+            i += 1\n+\n+        self._display.display(\"      --- KWARGS \")\n+        for k in kwargs:\n+            self._display.display('     %s: %s' % (k, kwargs[k]))"
    },
    {
      "file_path": "ansible/plugins/callback/default.py b/lib/ansible/plugins/callback/default.py",
      "status": "modified",
      "additions": 2,
      "deletions": 42,
      "file_diff": "diff --git a/lib/ansible/plugins/callback/default.py b/lib/ansible/plugins/callback/default.py\nindex 071cb8e48adeea..2c4a8cea88b53c 100644\n--- a/lib/ansible/plugins/callback/default.py\n+++ b/lib/ansible/plugins/callback/default.py\n@@ -33,9 +33,6 @@ class CallbackModule(CallbackBase):\n     CALLBACK_VERSION = 2.0\n     CALLBACK_TYPE = 'stdout'\n \n-    def v2_on_any(self, *args, **kwargs):\n-        pass\n-\n     def v2_runner_on_failed(self, result, ignore_errors=False):\n         if 'exception' in result._result:\n             if self._display.verbosity < 3:\n@@ -67,7 +64,7 @@ def v2_runner_on_ok(self, result):\n             msg = \"ok: [%s]\" % result._host.get_name()\n             color = 'green'\n \n-        if (self._display._verbosity > 0 or 'verbose_always' in result._result) and result._task.action not in ('setup', 'include'):\n+        if (self._display.verbosity > 0 or 'verbose_always' in result._result) and result._task.action not in ('setup', 'include'):\n             indent = None\n             if 'verbose_always' in result._result:\n                 indent = 4\n@@ -77,7 +74,7 @@ def v2_runner_on_ok(self, result):\n \n     def v2_runner_on_skipped(self, result):\n         msg = \"skipping: [%s]\" % result._host.get_name()\n-        if self._display._verbosity > 0 or 'verbose_always' in result._result:\n+        if self._display.verbosity > 0 or 'verbose_always' in result._result:\n             indent = None\n             if 'verbose_always' in result._result:\n                 indent = 4\n@@ -88,27 +85,6 @@ def v2_runner_on_skipped(self, result):\n     def v2_runner_on_unreachable(self, result):\n         self._display.display(\"fatal: [%s]: UNREACHABLE! => %s\" % (result._host.get_name(), result._result), color='red')\n \n-    def v2_runner_on_no_hosts(self, task):\n-        pass\n-\n-    def v2_runner_on_async_poll(self, result):\n-        pass\n-\n-    def v2_runner_on_async_ok(self, result):\n-        pass\n-\n-    def v2_runner_on_async_failed(self, result):\n-        pass\n-\n-    def v2_runner_on_file_diff(self, result, diff):\n-        pass\n-\n-    def v2_playbook_on_start(self):\n-        pass\n-\n-    def v2_playbook_on_notify(self, result, handler):\n-        pass\n-\n     def v2_playbook_on_no_hosts_matched(self):\n         self._display.display(\"skipping: no hosts matched\", color='cyan')\n \n@@ -124,18 +100,6 @@ def v2_playbook_on_cleanup_task_start(self, task):\n     def v2_playbook_on_handler_task_start(self, task):\n         self._display.banner(\"RUNNING HANDLER [%s]\" % task.get_name().strip())\n \n-    #def v2_playbook_on_vars_prompt(self, varname, private=True, prompt=None, encrypt=None, confirm=False, salt_size=None, salt=None, default=None):\n-    #    pass\n-\n-    def v2_playbook_on_setup(self):\n-        pass\n-\n-    def v2_playbook_on_import_for_host(self, result, imported_file):\n-        pass\n-\n-    def v2_playbook_on_not_import_for_host(self, result, missing_file):\n-        pass\n-\n     def v2_playbook_on_play_start(self, play):\n         name = play.get_name().strip()\n         if not name:\n@@ -144,7 +108,3 @@ def v2_playbook_on_play_start(self, play):\n             msg = \"PLAY [%s]\" % name\n \n         self._display.banner(name)\n-\n-    def v2_playbook_on_stats(self, stats):\n-        pass\n-"
    },
    {
      "file_path": "lib/ansible/plugins/callback/hipchat.py",
      "status": "modified",
      "additions": 11,
      "deletions": 62,
      "file_diff": "diff --git a/plugins/callbacks/hipchat.py b/lib/ansible/plugins/callback/hipchat.py\nsimilarity index 77%\nrename from plugins/callbacks/hipchat.py\nrename to lib/ansible/plugins/callback/hipchat.py\nindex 45c2e2c81970d3..a2709e3d5b9cb7 100644\n--- a/plugins/callbacks/hipchat.py\n+++ b/lib/ansible/plugins/callback/hipchat.py\n@@ -19,16 +19,15 @@\n import urllib\n import urllib2\n \n-from ansible import utils\n-\n try:\n     import prettytable\n     HAS_PRETTYTABLE = True\n except ImportError:\n     HAS_PRETTYTABLE = False\n \n+from ansible.plugins.callback import CallbackBase\n \n-class CallbackModule(object):\n+class CallbackModule(CallbackBase):\n     \"\"\"This is an example ansible callback plugin that sends status\n     updates to a HipChat channel during playbook execution.\n \n@@ -42,11 +41,16 @@ class CallbackModule(object):\n         prettytable\n \n     \"\"\"\n+    CALLBACK_VERSION = 2.0\n+    CALLBACK_TYPE = 'notification'\n+\n+    def __init__(self, display):\n+\n+        super(CallbackModule, self).__init__(display)\n \n-    def __init__(self):\n         if not HAS_PRETTYTABLE:\n             self.disabled = True\n-            utils.warning('The `prettytable` python module is not installed. '\n+            self.display.warning('The `prettytable` python module is not installed. '\n                           'Disabling the HipChat callback plugin.')\n \n         self.msg_uri = 'https://api.hipchat.com/v1/rooms/message'\n@@ -57,7 +61,7 @@ def __init__(self):\n \n         if self.token is None:\n             self.disabled = True\n-            utils.warning('HipChat token could not be loaded. The HipChat '\n+            self.display.warning('HipChat token could not be loaded. The HipChat '\n                           'token can be provided using the `HIPCHAT_TOKEN` '\n                           'environment variable.')\n \n@@ -80,63 +84,8 @@ def send_msg(self, msg, msg_format='text', color='yellow', notify=False):\n             response = urllib2.urlopen(url, urllib.urlencode(params))\n             return response.read()\n         except:\n-            utils.warning('Could not submit message to hipchat')\n-\n-    def on_any(self, *args, **kwargs):\n-        pass\n-\n-    def runner_on_failed(self, host, res, ignore_errors=False):\n-        pass\n-\n-    def runner_on_ok(self, host, res):\n-        pass\n-\n-    def runner_on_skipped(self, host, item=None):\n-        pass\n-\n-    def runner_on_unreachable(self, host, res):\n-        pass\n-\n-    def runner_on_no_hosts(self):\n-        pass\n-\n-    def runner_on_async_poll(self, host, res, jid, clock):\n-        pass\n-\n-    def runner_on_async_ok(self, host, res, jid):\n-        pass\n-\n-    def runner_on_async_failed(self, host, res, jid):\n-        pass\n-\n-    def playbook_on_start(self):\n-        pass\n-\n-    def playbook_on_notify(self, host, handler):\n-        pass\n-\n-    def playbook_on_no_hosts_matched(self):\n-        pass\n-\n-    def playbook_on_no_hosts_remaining(self):\n-        pass\n-\n-    def playbook_on_task_start(self, name, is_conditional):\n-        pass\n-\n-    def playbook_on_vars_prompt(self, varname, private=True, prompt=None,\n-                                encrypt=None, confirm=False, salt_size=None,\n-                                salt=None, default=None):\n-        pass\n-\n-    def playbook_on_setup(self):\n-        pass\n-\n-    def playbook_on_import_for_host(self, host, imported_file):\n-        pass\n+            self.display.warning('Could not submit message to hipchat')\n \n-    def playbook_on_not_import_for_host(self, host, missing_file):\n-        pass\n \n     def playbook_on_play_start(self, name):\n         \"\"\"Display Playbook and play start messages\"\"\""
    },
    {
      "file_path": "ansible/plugins/callback/log_plays.py b/lib/ansible/plugins/callback/log_plays.py",
      "status": "added",
      "additions": 85,
      "deletions": 0,
      "file_diff": "diff --git a/lib/ansible/plugins/callback/log_plays.py b/lib/ansible/plugins/callback/log_plays.py\nnew file mode 100644\nindex 00000000000000..65036e6763bdf3\n--- /dev/null\n+++ b/lib/ansible/plugins/callback/log_plays.py\n@@ -0,0 +1,85 @@\n+# (C) 2012, Michael DeHaan, <michael.dehaan@gmail.com>\n+\n+# This file is part of Ansible\n+#\n+# Ansible is free software: you can redistribute it and/or modify\n+# it under the terms of the GNU General Public License as published by\n+# the Free Software Foundation, either version 3 of the License, or\n+# (at your option) any later version.\n+#\n+# Ansible is distributed in the hope that it will be useful,\n+# but WITHOUT ANY WARRANTY; without even the implied warranty of\n+# MERCHANTABILITY or FITNESS FOR A PARTICULAR PURPOSE.  See the\n+# GNU General Public License for more details.\n+#\n+# You should have received a copy of the GNU General Public License\n+# along with Ansible.  If not, see <http://www.gnu.org/licenses/>.\n+\n+import os\n+import time\n+import json\n+\n+from ansible.plugins.callback import CallbackBase\n+\n+# NOTE: in Ansible 1.2 or later general logging is available without\n+# this plugin, just set ANSIBLE_LOG_PATH as an environment variable\n+# or log_path in the DEFAULTS section of your ansible configuration\n+# file.  This callback is an example of per hosts logging for those\n+# that want it.\n+\n+\n+class CallbackModule(CallbackBase):\n+    \"\"\"\n+    logs playbook results, per host, in /var/log/ansible/hosts\n+    \"\"\"\n+    CALLBACK_VERSION = 2.0\n+    CALLBACK_TYPE = 'notification'\n+\n+    TIME_FORMAT=\"%b %d %Y %H:%M:%S\"\n+    MSG_FORMAT=\"%(now)s - %(category)s - %(data)s\\n\\n\"\n+\n+    def __init__(self, display):\n+\n+        super(CallbackModule, self).__init__(display)\n+\n+        if not os.path.exists(\"/var/log/ansible/hosts\"):\n+            os.makedirs(\"/var/log/ansible/hosts\")\n+\n+    def log(self, host, category, data):\n+        if type(data) == dict:\n+            if 'verbose_override' in data:\n+                # avoid logging extraneous data from facts\n+                data = 'omitted'\n+            else:\n+                data = data.copy()\n+                invocation = data.pop('invocation', None)\n+                data = json.dumps(data)\n+                if invocation is not None:\n+                    data = json.dumps(invocation) + \" => %s \" % data\n+\n+        path = os.path.join(\"/var/log/ansible/hosts\", host)\n+        now = time.strftime(self.TIME_FORMAT, time.localtime())\n+        fd = open(path, \"a\")\n+        fd.write(self.MSG_FORMAT % dict(now=now, category=category, data=data))\n+        fd.close()\n+\n+    def runner_on_failed(self, host, res, ignore_errors=False):\n+        self.log(host, 'FAILED', res)\n+\n+    def runner_on_ok(self, host, res):\n+        self.log(host, 'OK', res)\n+\n+    def runner_on_skipped(self, host, item=None):\n+        self.log(host, 'SKIPPED', '...')\n+\n+    def runner_on_unreachable(self, host, res):\n+        self.log(host, 'UNREACHABLE', res)\n+\n+    def runner_on_async_failed(self, host, res, jid):\n+        self.log(host, 'ASYNC_FAILED', res)\n+\n+    def playbook_on_import_for_host(self, host, imported_file):\n+        self.log(host, 'IMPORTED', imported_file)\n+\n+    def playbook_on_not_import_for_host(self, host, missing_file):\n+        self.log(host, 'NOTIMPORTED', missing_file)"
    },
    {
      "file_path": "lib/ansible/plugins/callback/osx_say.py",
      "status": "modified",
      "additions": 26,
      "deletions": 44,
      "file_diff": "diff --git a/plugins/callbacks/osx_say.py b/lib/ansible/plugins/callback/osx_say.py\nsimilarity index 54%\nrename from plugins/callbacks/osx_say.py\nrename to lib/ansible/plugins/callback/osx_say.py\nindex 174a03300f14b3..bb785b3872fde2 100644\n--- a/plugins/callbacks/osx_say.py\n+++ b/lib/ansible/plugins/callback/osx_say.py\n@@ -19,87 +19,69 @@\n import subprocess\n import os\n \n+from ansible.plugins.callback import CallbackBase\n+\n FAILED_VOICE=\"Zarvox\"\n REGULAR_VOICE=\"Trinoids\"\n HAPPY_VOICE=\"Cellos\"\n LASER_VOICE=\"Princess\"\n SAY_CMD=\"/usr/bin/say\"\n \n-def say(msg, voice):\n-    subprocess.call([SAY_CMD, msg, \"--voice=%s\" % (voice)])\n-\n-class CallbackModule(object):\n+class CallbackModule(CallbackBase):\n     \"\"\"\n     makes Ansible much more exciting on OS X.\n     \"\"\"\n-    def __init__(self):\n+    CALLBACK_VERSION = 2.0\n+    CALLBACK_TYPE = 'notification'\n+\n+    def __init__(self, display):\n+\n+        super(CallbackModule, self).__init__(display)\n+\n         # plugin disable itself if say is not present\n         # ansible will not call any callback if disabled is set to True\n         if not os.path.exists(SAY_CMD):\n             self.disabled = True\n-            print \"%s does not exist, plugin %s disabled\" % \\\n-                    (SAY_CMD, os.path.basename(__file__))\n+            self._display.warning(\"%s does not exist, plugin %s disabled\" % (SAY_CMD, os.path.basename(__file__)) )\n \n-    def on_any(self, *args, **kwargs):\n-        pass\n+    def say(self, msg, voice):\n+        subprocess.call([SAY_CMD, msg, \"--voice=%s\" % (voice)])\n \n     def runner_on_failed(self, host, res, ignore_errors=False):\n-        say(\"Failure on host %s\" % host, FAILED_VOICE)\n+        self.say(\"Failure on host %s\" % host, FAILED_VOICE)\n \n     def runner_on_ok(self, host, res):\n-        say(\"pew\", LASER_VOICE)\n+        self.say(\"pew\", LASER_VOICE)\n \n     def runner_on_skipped(self, host, item=None):\n-        say(\"pew\", LASER_VOICE)\n+        self.say(\"pew\", LASER_VOICE)\n \n     def runner_on_unreachable(self, host, res):\n-        say(\"Failure on host %s\" % host, FAILED_VOICE)\n-\n-    def runner_on_no_hosts(self):\n-        pass\n-\n-    def runner_on_async_poll(self, host, res, jid, clock):\n-        pass\n+        self.say(\"Failure on host %s\" % host, FAILED_VOICE)\n \n     def runner_on_async_ok(self, host, res, jid):\n-        say(\"pew\", LASER_VOICE)\n+        self.say(\"pew\", LASER_VOICE)\n \n     def runner_on_async_failed(self, host, res, jid):\n-        say(\"Failure on host %s\" % host, FAILED_VOICE)\n+        self.say(\"Failure on host %s\" % host, FAILED_VOICE)\n \n     def playbook_on_start(self):\n-        say(\"Running Playbook\", REGULAR_VOICE)\n+        self.say(\"Running Playbook\", REGULAR_VOICE)\n \n     def playbook_on_notify(self, host, handler):\n-        say(\"pew\", LASER_VOICE)\n-\n-    def playbook_on_no_hosts_matched(self):\n-        pass\n-\n-    def playbook_on_no_hosts_remaining(self):\n-        pass\n+        self.say(\"pew\", LASER_VOICE)\n \n     def playbook_on_task_start(self, name, is_conditional):\n         if not is_conditional:\n-            say(\"Starting task: %s\" % name, REGULAR_VOICE)\n+            self.say(\"Starting task: %s\" % name, REGULAR_VOICE)\n         else:\n-            say(\"Notifying task: %s\" % name, REGULAR_VOICE)\n-\n-    def playbook_on_vars_prompt(self, varname, private=True, prompt=None, encrypt=None, confirm=False, salt_size=None, salt=None, default=None):\n-        pass\n+            self.say(\"Notifying task: %s\" % name, REGULAR_VOICE)\n \n     def playbook_on_setup(self):\n-        say(\"Gathering facts\", REGULAR_VOICE)\n-\n-    def playbook_on_import_for_host(self, host, imported_file):\n-        pass\n-\n-    def playbook_on_not_import_for_host(self, host, missing_file):\n-        pass\n+        self.say(\"Gathering facts\", REGULAR_VOICE)\n \n     def playbook_on_play_start(self, name):\n-        say(\"Starting play: %s\" % name, HAPPY_VOICE)\n+        self.say(\"Starting play: %s\" % name, HAPPY_VOICE)\n \n     def playbook_on_stats(self, stats):\n-        say(\"Play complete\", HAPPY_VOICE)\n-\n+        self.say(\"Play complete\", HAPPY_VOICE)"
    },
    {
      "file_path": "lib/ansible/plugins/callback/syslog_json.py",
      "status": "modified",
      "additions": 10,
      "deletions": 41,
      "file_diff": "diff --git a/plugins/callbacks/syslog_json.py b/lib/ansible/plugins/callback/syslog_json.py\nsimilarity index 70%\nrename from plugins/callbacks/syslog_json.py\nrename to lib/ansible/plugins/callback/syslog_json.py\nindex 2e339e96aeb1c3..3be64ee154c9e4 100644\n--- a/plugins/callbacks/syslog_json.py\n+++ b/lib/ansible/plugins/callback/syslog_json.py\n@@ -6,7 +6,9 @@\n \n import socket\n \n-class CallbackModule(object):\n+from ansible.plugins.callback import CallbackBase\n+\n+class CallbackModule(CallbackBase):\n     \"\"\"\n     logs ansible-playbook and ansible runs to a syslog server in json format\n     make sure you have in ansible.cfg:\n@@ -17,8 +19,13 @@ class CallbackModule(object):\n         SYSLOG_SERVER   (optional): defaults to localhost\n         SYSLOG_PORT     (optional): defaults to 514\n     \"\"\"\n+    CALLBACK_VERSION = 2.0\n+    CALLBACK_TYPE = 'aggregate'\n+\n+    def __init__(self, display):\n+\n+        super(CallbackModule, self).__init__(display)\n \n-    def __init__(self):\n         self.logger =  logging.getLogger('ansible logger')\n         self.logger.setLevel(logging.DEBUG)\n \n@@ -30,8 +37,6 @@ def __init__(self):\n         self.logger.addHandler(self.handler)\n         self.hostname = socket.gethostname()\n \n-    def on_any(self, *args, **kwargs):\n-        pass\n \n     def runner_on_failed(self, host, res, ignore_errors=False):\n         self.logger.error('%s ansible-command: task execution FAILED; host: %s; message: %s' % (self.hostname,host,json.dumps(res, sort_keys=True)))\n@@ -40,52 +45,16 @@ def runner_on_ok(self, host, res):\n         self.logger.info('%s ansible-command: task execution OK; host: %s; message: %s' % (self.hostname,host,json.dumps(res, sort_keys=True)))\n \n     def runner_on_skipped(self, host, item=None):\n-        self.logger.info('%s ansible-command: task execution SKIPPED; host: %s; message: %s' % (self.hostname,host,json.dumps(res, sort_keys=True)))\n+        self.logger.info('%s ansible-command: task execution SKIPPED; host: %s; message: %s' % (self.hostname,host, 'skipped'))\n \n     def runner_on_unreachable(self, host, res):\n         self.logger.error('%s ansible-command: task execution UNREACHABLE; host: %s; message: %s' % (self.hostname,host,json.dumps(res, sort_keys=True)))\n \n-    def runner_on_no_hosts(self):\n-        pass\n-\n-    def runner_on_async_poll(self, host, res):\n-        pass\n-\n-    def runner_on_async_ok(self, host, res):\n-        pass\n-\n     def runner_on_async_failed(self, host, res):\n         self.logger.error('%s ansible-command: task execution FAILED; host: %s; message: %s' % (self.hostname,host,json.dumps(res, sort_keys=True)))\n \n-    def playbook_on_start(self):\n-        pass\n-\n-    def playbook_on_notify(self, host, handler):\n-        pass\n-\n-    def playbook_on_no_hosts_matched(self):\n-        pass\n-\n-    def playbook_on_no_hosts_remaining(self):\n-        pass\n-\n-    def playbook_on_task_start(self, name, is_conditional):\n-        pass\n-\n-    def playbook_on_vars_prompt(self, varname, private=True, prompt=None, encrypt=None, confirm=False, salt_size=None, salt=None, default=None):\n-        pass\n-\n-    def playbook_on_setup(self):\n-        pass\n-\n     def playbook_on_import_for_host(self, host, imported_file):\n         self.logger.info('%s ansible-command: playbook IMPORTED; host: %s; message: %s' % (self.hostname,host,json.dumps(res, sort_keys=True)))\n \n     def playbook_on_not_import_for_host(self, host, missing_file):\n         self.logger.info('%s ansible-command: playbook NOT IMPORTED; host: %s; message: %s' % (self.hostname,host,json.dumps(res, sort_keys=True)))\n-\n-    def playbook_on_play_start(self, name):\n-        pass\n-\n-    def playbook_on_stats(self, stats):\n-        pass"
    },
    {
      "file_path": "ansible/plugins/callback/timer.py b/lib/ansible/plugins/callback/timer.py",
      "status": "modified",
      "additions": 3,
      "deletions": 4,
      "file_diff": "diff --git a/lib/ansible/plugins/callback/timer.py b/lib/ansible/plugins/callback/timer.py\nindex 4b28a19af0938b..d7f2b42a96445b 100644\n--- a/lib/ansible/plugins/callback/timer.py\n+++ b/lib/ansible/plugins/callback/timer.py\n@@ -12,13 +12,12 @@ class CallbackModule(CallbackBase):\n     CALLBACK_TYPE = 'aggregate'\n \n     start_time = datetime.now()\n-    \n+\n     def __init__(self, display):\n \n-        super(CallbackModule, self).__init__(display)        \n+        super(CallbackModule, self).__init__(display)\n \n         start_time = datetime.now()\n-        self._display.warning(\"Timerv2 plugin is active from included callbacks.\")\n \n     def days_hours_minutes_seconds(self, timedelta):\n         minutes = (timedelta.seconds//60)%60\n@@ -27,7 +26,7 @@ def days_hours_minutes_seconds(self, timedelta):\n \n     def playbook_on_stats(self, stats):\n         self.v2_playbook_on_stats(stats)\n-        \n+\n     def v2_playbook_on_stats(self, stats):\n         end_time = datetime.now()\n         timedelta = end_time - self.start_time"
    },
    {
      "file_path": "plugins/README.md",
      "status": "deleted",
      "additions": 0,
      "deletions": 35,
      "file_diff": "diff --git a/plugins/README.md b/plugins/README.md\ndeleted file mode 100644\nindex 8d705372a51ca7..00000000000000\n--- a/plugins/README.md\n+++ /dev/null\n@@ -1,35 +0,0 @@\n-ansible-plugins\n-===============\n-\n-You can extend ansible with optional callback and connection plugins.\n-\n-callbacks\n-=========\n-\n-Callbacks can be used to add logging or monitoring capability, or just make\n-interesting sound effects.\n-\n-Drop callback plugins in your ansible/lib/callback_plugins/ directory.\n-\n-connections\n-===========\n-\n-Connection plugins allow ansible to talk over different protocols.\n-\n-Drop connection plugins in your ansible/lib/runner/connection_plugins/ directory.\n-\n-inventory\n-=========\n-\n-Inventory plugins allow you to store your hosts, groups, and variables in any way\n-you like.  Examples include discovering inventory from EC2 or pulling it from\n-Cobbler.  These could also be used to interface with LDAP or database.\n-\n-chmod +x an inventory plugin and either name it /etc/ansible/hosts or use ansible\n-with -i to designate the path to the plugin.\n-\n-contributions welcome\n-=====================\n-\n-Send in pull requests to add plugins of your own.  The sky is the limit!\n-"
    },
    {
      "file_path": "plugins/callbacks/log_plays.py",
      "status": "deleted",
      "additions": 0,
      "deletions": 116,
      "file_diff": "diff --git a/plugins/callbacks/log_plays.py b/plugins/callbacks/log_plays.py\ndeleted file mode 100644\nindex dbe16b312c1cb7..00000000000000\n--- a/plugins/callbacks/log_plays.py\n+++ /dev/null\n@@ -1,116 +0,0 @@\n-# (C) 2012, Michael DeHaan, <michael.dehaan@gmail.com>\n-\n-# This file is part of Ansible\n-#\n-# Ansible is free software: you can redistribute it and/or modify\n-# it under the terms of the GNU General Public License as published by\n-# the Free Software Foundation, either version 3 of the License, or\n-# (at your option) any later version.\n-#\n-# Ansible is distributed in the hope that it will be useful,\n-# but WITHOUT ANY WARRANTY; without even the implied warranty of\n-# MERCHANTABILITY or FITNESS FOR A PARTICULAR PURPOSE.  See the\n-# GNU General Public License for more details.\n-#\n-# You should have received a copy of the GNU General Public License\n-# along with Ansible.  If not, see <http://www.gnu.org/licenses/>.\n-\n-import os\n-import time\n-import json\n-\n-# NOTE: in Ansible 1.2 or later general logging is available without\n-# this plugin, just set ANSIBLE_LOG_PATH as an environment variable\n-# or log_path in the DEFAULTS section of your ansible configuration\n-# file.  This callback is an example of per hosts logging for those\n-# that want it.\n-\n-TIME_FORMAT=\"%b %d %Y %H:%M:%S\"\n-MSG_FORMAT=\"%(now)s - %(category)s - %(data)s\\n\\n\"\n-\n-if not os.path.exists(\"/var/log/ansible/hosts\"):\n-    os.makedirs(\"/var/log/ansible/hosts\")\n-\n-def log(host, category, data):\n-    if type(data) == dict:\n-        if 'verbose_override' in data:\n-            # avoid logging extraneous data from facts\n-            data = 'omitted'\n-        else:\n-            data = data.copy()\n-            invocation = data.pop('invocation', None)\n-            data = json.dumps(data)\n-            if invocation is not None:\n-                data = json.dumps(invocation) + \" => %s \" % data\n-\n-    path = os.path.join(\"/var/log/ansible/hosts\", host)\n-    now = time.strftime(TIME_FORMAT, time.localtime())\n-    fd = open(path, \"a\")\n-    fd.write(MSG_FORMAT % dict(now=now, category=category, data=data))\n-    fd.close()\n-\n-class CallbackModule(object):\n-    \"\"\"\n-    logs playbook results, per host, in /var/log/ansible/hosts\n-    \"\"\"\n-\n-    def on_any(self, *args, **kwargs):\n-        pass\n-\n-    def runner_on_failed(self, host, res, ignore_errors=False):\n-        log(host, 'FAILED', res)\n-\n-    def runner_on_ok(self, host, res):\n-        log(host, 'OK', res)\n-\n-    def runner_on_skipped(self, host, item=None):\n-        log(host, 'SKIPPED', '...')\n-\n-    def runner_on_unreachable(self, host, res):\n-        log(host, 'UNREACHABLE', res)\n-\n-    def runner_on_no_hosts(self):\n-        pass\n-\n-    def runner_on_async_poll(self, host, res, jid, clock):\n-        pass\n-\n-    def runner_on_async_ok(self, host, res, jid):\n-        pass\n-\n-    def runner_on_async_failed(self, host, res, jid):\n-        log(host, 'ASYNC_FAILED', res)\n-\n-    def playbook_on_start(self):\n-        pass\n-\n-    def playbook_on_notify(self, host, handler):\n-        pass\n-\n-    def playbook_on_no_hosts_matched(self):\n-        pass\n-\n-    def playbook_on_no_hosts_remaining(self):\n-        pass\n-\n-    def playbook_on_task_start(self, name, is_conditional):\n-        pass\n-\n-    def playbook_on_vars_prompt(self, varname, private=True, prompt=None, encrypt=None, confirm=False, salt_size=None, salt=None, default=None):\n-        pass\n-\n-    def playbook_on_setup(self):\n-        pass\n-\n-    def playbook_on_import_for_host(self, host, imported_file):\n-        log(host, 'IMPORTED', imported_file)\n-\n-    def playbook_on_not_import_for_host(self, host, missing_file):\n-        log(host, 'NOTIMPORTED', missing_file)\n-\n-    def playbook_on_play_start(self, name):\n-        pass\n-\n-    def playbook_on_stats(self, stats):\n-        pass\n-\n"
    }
  ],
  "comments": [
    {
      "author_login": "abadger",
      "body": "I've been trying to make plugins into ABCs as I go along (abstract base classes).  If I understand how callback plugins work, though, it probably doesn't gain us much.  ABCs primarily let you create abstractmethods that someone who implements the ABC must implement otherwise they'll get an error.  I think that with callback plugins we want the base class to document the potential callback methods.  A custom callback method _may_ override any of those methods but isn't obligated to override any of them if it doesn't want to.  So we really don't gain much.\n\nIf that's not the case, point me at the methods that are mandatory in the callback plugin and I'll look at making it an ABC.\n"
    },
    {
      "author_login": "bcoca",
      "body": "if you look at the example callbacks ... there are no mandatory methods. All of them used to be, but it was because they did not use a base class, they were all 'def method\\n pass'\n"
    },
    {
      "author_login": "abadger",
      "body": "Re: abcs, yep, that was my thought too.\n\nRe: manifest, also remember to remove the `recursive-include plugins *` since it looks like everything has moved from plugins/ to somewhere else.\n"
    },
    {
      "author_login": "abadger",
      "body": "I think we want these listed in MANIFEST.in, not in setup.py's package_data.    I think package_data is for thing that are going to end up in the site-packages/ansible/ directory.  We don't want the contrib/ stuff to end up there as they're more like helper scripts.\n",
      "file_path": "setup.py",
      "diff_hunk": "@@ -25,7 +25,7 @@\n       package_dir={ '': 'lib' },\n       packages=find_packages('lib'),\n       package_data={\n-         '': ['module_utils/*.ps1', 'modules/core/windows/*.ps1', 'modules/extras/windows/*.ps1'],\n+         '': ['module_utils/*.ps1', 'modules/core/windows/*.ps1', 'modules/extras/windows/*.ps1', 'contrib/README.md', 'contrib/inventory/*'],",
      "comment_type": "review_comment"
    },
    {
      "author_login": "bcoca",
      "body": "fixed\n",
      "file_path": "setup.py",
      "diff_hunk": "@@ -25,7 +25,7 @@\n       package_dir={ '': 'lib' },\n       packages=find_packages('lib'),\n       package_data={\n-         '': ['module_utils/*.ps1', 'modules/core/windows/*.ps1', 'modules/extras/windows/*.ps1'],\n+         '': ['module_utils/*.ps1', 'modules/core/windows/*.ps1', 'modules/extras/windows/*.ps1', 'contrib/README.md', 'contrib/inventory/*'],",
      "comment_type": "review_comment"
    }
  ],
  "reviews": []
}