{
  "pr_number": 10723,
  "url": "https://github.com/ansible/ansible/pull/10723",
  "title": "Fix errors reporting for playbook/*",
  "author_login": "mscherer",
  "state": "MERGED",
  "merged_by_login": "abadger",
  "body": "",
  "labels": [],
  "additions": 4,
  "deletions": 3,
  "changed_files_count": 2,
  "changed_files_list": [
    "v2/ansible/playbook/playbook_include.py"
  ],
  "files": [
    {
      "file_path": "v2/ansible/playbook/playbook_include.py",
      "status": "modified",
      "additions": 1,
      "deletions": 0,
      "file_diff": "diff --git a/v2/ansible/playbook/playbook_include.py b/v2/ansible/playbook/playbook_include.py\nindex 2e4964fce9617b..5c91dd14adb701 100644\n--- a/v2/ansible/playbook/playbook_include.py\n+++ b/v2/ansible/playbook/playbook_include.py\n@@ -27,6 +27,7 @@\n from ansible.playbook.base import Base\n from ansible.playbook.conditional import Conditional\n from ansible.playbook.taggable import Taggable\n+from ansible.errors import AnsibleParserError\n \n class PlaybookInclude(Base):\n \n"
    }
  ],
  "comments": [
    {
      "author_login": "abadger",
      "body": "Thanks @mscherer \n\n# Merged\n\nHi!\n\nThis has been merged in, and will also be included in the next major release.\n\nIf you or anyone else has any further questions, please let us know by stopping by one of the two mailing lists, as appropriate:\n- https://groups.google.com/forum/#!forum/ansible-project - for user questions, tips, and tricks\n- https://groups.google.com/forum/#!forum/ansible-devel - for strategy, future planning, and questions about writing code\n\nBecause this project is very active, we're unlikely to see comments made on closed tickets, but the mailing list is a great way to ask questions, or post if you don't think this particular\nissue is resolved.\n\nThank you!\n"
    }
  ],
  "reviews": []
}