{
  "pr_number": 10100,
  "url": "https://github.com/ansible/ansible/pull/10100",
  "title": "Revert \"Support variable values with dashes\"",
  "author_login": "bcoca",
  "state": "MERGED",
  "merged_by_login": "bcoca",
  "body": "Reverts ansible/ansible#9834\n",
  "labels": [],
  "additions": 1,
  "deletions": 1,
  "changed_files_count": 1,
  "changed_files_list": [
    "ansible/utils/__init__.py b/lib/ansible/utils/__init__.py"
  ],
  "files": [
    {
      "file_path": "ansible/utils/__init__.py b/lib/ansible/utils/__init__.py",
      "status": "modified",
      "additions": 1,
      "deletions": 1,
      "file_diff": "diff --git a/lib/ansible/utils/__init__.py b/lib/ansible/utils/__init__.py\nindex 7879f5a0a69110..44db63e2769715 100644\n--- a/lib/ansible/utils/__init__.py\n+++ b/lib/ansible/utils/__init__.py\n@@ -269,7 +269,7 @@ def check_conditional(conditional, basedir, inject, fail_on_undefined=False):\n \n     conditional = conditional.replace(\"jinja2_compare \",\"\")\n     # allow variable names\n-    if conditional in inject:\n+    if conditional in inject and '-' not in str(inject[conditional]):\n         conditional = inject[conditional]\n     conditional = template.template(basedir, conditional, inject, fail_on_undefined=fail_on_undefined)\n     original = str(conditional).replace(\"jinja2_compare \",\"\")\n"
    }
  ],
  "comments": [],
  "reviews": []
}