{
  "pr_number": 10213,
  "url": "https://github.com/ansible/ansible/pull/10213",
  "title": "Clear unwanted parameters from both args and complex args when calling file module",
  "author_login": "abadger",
  "state": "MERGED",
  "merged_by_login": "abadger",
  "body": "Fix usage of template module with symlinks.\n\nFixes #10208\n",
  "labels": [],
  "additions": 42,
  "deletions": 2,
  "changed_files_count": 2,
  "changed_files_list": [
    "test/integration/roles/test_template/tasks/main.yml"
  ],
  "files": [
    {
      "file_path": "test/integration/roles/test_template/tasks/main.yml",
      "status": "modified",
      "additions": 39,
      "deletions": 0,
      "file_diff": "diff --git a/test/integration/roles/test_template/tasks/main.yml b/test/integration/roles/test_template/tasks/main.yml\nindex d7d812f3babfaf..65064012a201c0 100644\n--- a/test/integration/roles/test_template/tasks/main.yml\n+++ b/test/integration/roles/test_template/tasks/main.yml\n@@ -96,3 +96,42 @@\n       - \"dir_attrs.stat.uid != 0\"\n       - \"dir_attrs.stat.pw_name == 'nobody'\"\n       - \"dir_attrs.stat.mode == '0755'\"\n+\n+- name: make a symlink to the templated file\n+  file:\n+    path: '{{ output_dir }}/foo.symlink'\n+    src: '{{ output_dir }}/foo.templated'\n+    state: link\n+\n+- name: check that templating the symlink results in the file being templated\n+  template:\n+    src: foo.j2\n+    dest: '{{output_dir}}/foo.symlink'\n+    mode: 0600\n+    follow: True\n+  register: template_result\n+\n+- assert:\n+    that:\n+      - \"template_result.changed == True\"\n+\n+- name: check that the file has the correct attributes\n+  stat: path={{output_dir | expanduser}}/template-dir/foo.j2\n+  register: file_attrs\n+\n+- assert:\n+    that:\n+      - \"file_attrs.stat.mode == '0600'\"\n+\n+- name: check that templating the symlink again makes no changes\n+  template:\n+    src: foo.j2\n+    dest: '{{output_dir}}/foo.symlink'\n+    mode: 0600\n+    follow: True\n+  register: template_result\n+\n+- assert:\n+    that:\n+      - \"template_result.changed == False\"\n+\n"
    }
  ],
  "comments": [],
  "reviews": []
}