{
  "pr_number": 11140,
  "url": "https://github.com/ansible/ansible/pull/11140",
  "title": "Fix for task_executor on OS X",
  "author_login": "RadishTheHut",
  "state": "MERGED",
  "merged_by_login": "bcoca",
  "body": "I get this exception during the setup task:\n\nAttributeError: 'ConnectionInformation' object has no attribute 'remote_pass'\n\nI believe it is supposed to be looking at the password attribute. Either that\nor we should create a remote_pass attribute in ConnectionInformation.\n",
  "labels": [
    "P2",
    "bug"
  ],
  "additions": 1,
  "deletions": 1,
  "changed_files_count": 1,
  "changed_files_list": [
    "ansible/executor/task_executor.py b/lib/ansible/executor/task_executor.py"
  ],
  "files": [
    {
      "file_path": "ansible/executor/task_executor.py b/lib/ansible/executor/task_executor.py",
      "status": "modified",
      "additions": 1,
      "deletions": 1,
      "file_diff": "diff --git a/lib/ansible/executor/task_executor.py b/lib/ansible/executor/task_executor.py\nindex 9ba2b6bca51dd1..69cbb63f47cbe4 100644\n--- a/lib/ansible/executor/task_executor.py\n+++ b/lib/ansible/executor/task_executor.py\n@@ -380,7 +380,7 @@ def _get_connection(self, variables):\n         conn_type = self._connection_info.connection\n         if conn_type == 'smart':\n             conn_type = 'ssh'\n-            if sys.platform.startswith('darwin') and self._connection_info.remote_pass:\n+            if sys.platform.startswith('darwin') and self._connection_info.password:\n                 # due to a current bug in sshpass on OSX, which can trigger\n                 # a kernel panic even for non-privileged users, we revert to\n                 # paramiko on that OS when a SSH password is specified\n"
    }
  ],
  "comments": [
    {
      "author_login": "bcoca",
      "body": "the field was renamed in v2 at one point, it seems we missed one, thanks!\n"
    }
  ],
  "reviews": []
}