{
  "pr_number": 10459,
  "url": "https://github.com/ansible/ansible/pull/10459",
  "title": "Correct version number.",
  "author_login": "mrcrilly",
  "state": "MERGED",
  "merged_by_login": "bcoca",
  "body": "1.8.4 is the latest stable now, I believe.\n",
  "labels": [
    "docs"
  ],
  "additions": 1,
  "deletions": 1,
  "changed_files_count": 1,
  "changed_files_list": [
    "docsite/rst/index.rst"
  ],
  "files": [
    {
      "file_path": "docsite/rst/index.rst",
      "status": "modified",
      "additions": 1,
      "deletions": 1,
      "file_diff": "diff --git a/docsite/rst/index.rst b/docsite/rst/index.rst\nindex c8d263d01aecf3..1afa47db87d82c 100644\n--- a/docsite/rst/index.rst\n+++ b/docsite/rst/index.rst\n@@ -16,7 +16,7 @@ We believe simplicity is relevant to all sizes of environments and design for bu\n Ansible manages machines in an agentless manner. There is never a question of how to\n upgrade remote daemons or the problem of not being able to manage systems because daemons are uninstalled.  As OpenSSH is one of the most peer reviewed open source components, the security exposure of using the tool is greatly reduced.  Ansible is decentralized -- it relies on your existing OS credentials to control access to remote machines; if needed it can easily connect with Kerberos, LDAP, and other centralized authentication management systems.\n \n-This documentation covers the current released version of Ansible (1.8.2) and also some development version features (1.9).  For recent features, in each section, the version of Ansible where the feature is added is indicated.  Ansible, Inc releases a new major release of Ansible approximately every 2 months.  The core application evolves somewhat conservatively, valuing simplicity in language design and setup, while the community around new modules and plugins being developed and contributed moves very very quickly, typically adding 20 or so new modules in each release.\n+This documentation covers the current released version of Ansible (1.8.4) and also some development version features (1.9).  For recent features, in each section, the version of Ansible where the feature is added is indicated.  Ansible, Inc releases a new major release of Ansible approximately every 2 months.  The core application evolves somewhat conservatively, valuing simplicity in language design and setup, while the community around new modules and plugins being developed and contributed moves very very quickly, typically adding 20 or so new modules in each release.\n \n .. _an_introduction:\n \n"
    }
  ],
  "comments": [],
  "reviews": []
}