{
  "pr_number": 11577,
  "url": "https://github.com/ansible/ansible/pull/11577",
  "title": "Use YAML_FILENAME_EXTENSIONS for vars files.",
  "author_login": "srgvg",
  "state": "MERGED",
  "merged_by_login": "bcoca",
  "body": "The v2 codebase didn't use this previously introduced constant yet.\n\nC.YAML_FILENAME_EXTENSIONS\n",
  "labels": [
    "bug"
  ],
  "additions": 3,
  "deletions": 3,
  "changed_files_count": 1,
  "changed_files_list": [
    "ansible/vars/__init__.py b/lib/ansible/vars/__init__.py"
  ],
  "files": [
    {
      "file_path": "ansible/vars/__init__.py b/lib/ansible/vars/__init__.py",
      "status": "modified",
      "additions": 3,
      "deletions": 3,
      "file_diff": "diff --git a/lib/ansible/vars/__init__.py b/lib/ansible/vars/__init__.py\nindex 13c9cc8f08baac..3f9fb8fc5cbfe7 100644\n--- a/lib/ansible/vars/__init__.py\n+++ b/lib/ansible/vars/__init__.py\n@@ -314,11 +314,11 @@ def _load_inventory_file(self, path, loader):\n             file_name, ext = os.path.splitext(path)\n             data = None\n             if not ext:\n-                for ext in ('', '.yml', '.yaml'):\n+                for ext in C.YAML_FILENAME_EXTENSIONS:\n                     new_path = path + ext\n                     if loader.path_exists(new_path):\n-                       data = loader.load_from_file(new_path)\n-                       break\n+                        data = loader.load_from_file(new_path)\n+                        break\n             else:\n                 if loader.path_exists(path):\n                     data = loader.load_from_file(path)\n"
    }
  ],
  "comments": [],
  "reviews": []
}