{
  "pr_number": 10404,
  "url": "https://github.com/ansible/ansible/pull/10404",
  "title": "Add note to section 'Loops' that the 'when:' statement is processed per-item",
  "author_login": "maxalbert",
  "state": "MERGED",
  "merged_by_login": "bcoca",
  "body": "Minor doc enhancement as per discussion in #10400.\n",
  "labels": [
    "docs"
  ],
  "additions": 4,
  "deletions": 0,
  "changed_files_count": 2,
  "changed_files_list": [
    "docsite/rst/playbooks_loops.rst"
  ],
  "files": [
    {
      "file_path": "docsite/rst/playbooks_loops.rst",
      "status": "modified",
      "additions": 2,
      "deletions": 0,
      "file_diff": "diff --git a/docsite/rst/playbooks_loops.rst b/docsite/rst/playbooks_loops.rst\nindex 41e2d932c9ff6d..e71c81cefc2267 100644\n--- a/docsite/rst/playbooks_loops.rst\n+++ b/docsite/rst/playbooks_loops.rst\n@@ -43,6 +43,8 @@ If you have a list of hashes, you can reference subkeys using things like::\n         - { name: 'testuser1', groups: 'wheel' }\n         - { name: 'testuser2', groups: 'root' }\n \n+Also be aware that when combining `when` with `with_items` (or any other loop statement), the `when` statement is processed separately for each item. See :ref:`the_when_statement` for an example.\n+\n .. _nested_loops:\n \n Nested Loops\n"
    }
  ],
  "comments": [],
  "reviews": []
}