{
  "pr_number": 10571,
  "url": "https://github.com/ansible/ansible/pull/10571",
  "title": "small updates to community and contribution page",
  "author_login": "bcoca",
  "state": "MERGED",
  "merged_by_login": "bcoca",
  "body": "",
  "labels": [
    "P2",
    "docs"
  ],
  "additions": 69,
  "deletions": 43,
  "changed_files_count": 1,
  "changed_files_list": [
    "docsite/rst/community.rst"
  ],
  "files": [
    {
      "file_path": "docsite/rst/community.rst",
      "status": "modified",
      "additions": 69,
      "deletions": 43,
      "file_diff": "diff --git a/docsite/rst/community.rst b/docsite/rst/community.rst\nindex 4d2de28ce16d14..f33109337dbe27 100644\n--- a/docsite/rst/community.rst\n+++ b/docsite/rst/community.rst\n@@ -132,39 +132,63 @@ Modules are some of the easiest places to get started.\n Contributing Code (Features or Bugfixes)\n ----------------------------------------\n \n-The Ansible project keeps its source on github at \n-`github.com/ansible/ansible <http://github.com/ansible/ansible>`_ for the core application, and two sub repos ansible/ansible-modules-core and ansible/ansible-modules-extras for module related items.   If you need to know if a module is in 'core' or 'extras', consult the web documentation page for that module.\n+The Ansible project keeps its source on github at `github.com/ansible/ansible <http://github.com/ansible/ansible>`_ for\n+the core application, and two sub repos `github.com/ansible/ansible-modules-core <http://github.com/ansible/ansible-modules-core>`_\n+and `ansible/ansible-modules-extras <http://github.com/ansible/ansible-modules-extras>`_ for module related items.\n+If you need to know if a module is in 'core' or 'extras', consult the web documentation page for that module.\n \n-The project takes contributions through\n-`github pull requests <https://help.github.com/articles/using-pull-requests>`_.\n+The project takes contributions through `github pull requests <https://help.github.com/articles/using-pull-requests>`_.\n \n-It is usually a good idea to join the ansible-devel list to discuss any large features prior to submission, and this especially helps in avoiding duplicate work or efforts where we decide, upon seeing a pull request for the first time, that revisions are needed.  (This is not usually needed for module development, but can be nice for large changes).\n+It is usually a good idea to join the ansible-devel list to discuss any large features prior to submission,\n+and this especially helps in avoiding duplicate work or efforts where we decide, upon seeing a pull request\n+for the first time, that revisions are needed. (This is not usually needed for module development, but can be nice for large changes).\n \n Note that we do keep Ansible to a particular aesthetic, so if you are unclear about whether a feature\n is a good fit or not, having the discussion on the development list is often a lot easier than having\n to modify a pull request later.\n \n-When submitting patches, be sure to run the unit tests first “make tests” and always use \n-“git rebase” vs “git merge” (aliasing git pull to git pull --rebase is a great idea) to \n-avoid merge commits in your submissions.  There are also integration tests that can be run in the \"test/integration\" directory.  \n+When submitting patches, be sure to run the unit tests first “make tests” and always use, these are the same basic\n+tests that will automatically run on Travis when creating the PR. There are more in depth tests in the tests/integration\n+directory, classified as destructive and non_destructive, run these if they pertain to your modification. They are setup\n+with tags so you can run subsets, some of the tests requrie cloud credentials and will only run if they are provided.\n+When adding new features of fixing bugs it would be nice to add new tests to avoid regressions.\n \n-In order to keep the history clean and better audit incoming code, we will require resubmission of pull requests that contain merge commits.  Use \"git pull --rebase\" vs \"git pull\" and \"git rebase\" vs \"git merge\". Also be sure to use topic branches to keep your additions on different branches, such that they won't pick up stray commits later.\n+Use  “git rebase” vs “git merge” (aliasing git pull to git pull --rebase is a great idea) to avoid merge commits in\n+your submissions.  There are also integration tests that can be run in the \"test/integration\" directory.\n \n-We’ll then review your contributions and engage with you about questions and  so on.  \n+In order to keep the history clean and better audit incoming code, we will require resubmission of pull requests that\n+contain merge commits.  Use \"git pull --rebase\" vs \"git pull\" and \"git rebase\" vs \"git merge\". Also be sure to use topic\n+branches to keep your additions on different branches, such that they won't pick up stray commits later.\n \n-As we have a very large and active community, so it may take awhile to get your contributions \n+If you make a mistake you do not need to close your PR, create a clean branch locally and then push to github\n+with --force to overwrite the existing branch (permissible in this case as no one else should be using that\n+branch as reference). Code comments won't be lost, they just won't be attached to the existing branch.\n+\n+We’ll then review your contributions and engage with you about questions and  so on.\n+\n+As we have a very large and active community, so it may take awhile to get your contributions\n in!  See the notes about priorities in a later section for understanding our work queue.\n+Be patient, your request might not get merged right away, we also try to keep the devel branch more\n+or less usable so we like to examine Pull requests carefully, which takes time.\n \n-Patches should be made against the 'devel' branch.\n+Patches should always be made against the 'devel' branch.\n \n-Contributions can be for new features like modules, or to fix bugs you or others have found. If you \n-are interested in writing new modules to be included in the core Ansible distribution, please refer \n+Keep in mind that small and focused requests are easier to examine and accept, having example cases\n+also help us understand the utility of a bug fix or a new feature.\n+\n+Contributions can be for new features like modules, or to fix bugs you or others have found. If you\n+are interested in writing new modules to be included in the core Ansible distribution, please refer\n to the `module development documentation <http://docs.ansible.com/developing_modules.html>`_.\n \n-Ansible's aesthetic encourages simple, readable code and consistent, conservatively extending, \n-backwards-compatible improvements.  Code developed for Ansible needs to support Python 2.6+, \n+Ansible's aesthetic encourages simple, readable code and consistent, conservatively extending,\n+backwards-compatible improvements.  Code developed for Ansible needs to support Python 2.6+,\n while code in modules must run under Python 2.4 or higher.  Please also use a 4-space indent\n-and no tabs.\n+and no tabs, we do not enforce 80 column lines, we are fine wtih 120-140. We do not take 'style only'\n+requests unless the code is nearly unreadable, we are \"PEP8ish\", but not strictly compliant.\n+\n+You can also contribute by testing and revising other requests, specially if it is one you are interested\n+in using. Please keep your comments clear and to the point, courteous and constructive, tickets are not a\n+good place to start discussions (ansible-devel and IRC exist for this).\n \n Tip: To easily run from a checkout, source \"./hacking/env-setup\" and that's it -- no install\n required.  You're now live!\n@@ -175,32 +199,34 @@ Other Topics\n Ansible Staff\n -------------\n \n-Ansible, Inc is a company supporting Ansible and building additional solutions based on \n-Ansible.  We also do services and support for those that are interested.   \n+Ansible, Inc is a company supporting Ansible and building additional solutions based on\n+Ansible.  We also do services and support for those that are interested. We also offer an\n+enterprise web front end to Ansible (see Tower below).\n \n-Our most \n-important task however is enabling all the great things that happen in the Ansible \n+Our most important task however is enabling all the great things that happen in the Ansible\n community, including organizing software releases of Ansible.  For more information about\n any of these things, contact info@ansible.com\n \n-On IRC, you can find us as mdehaan, jimi_c, abadger1999, Tybstar, and others.   On the mailing list, \n+On IRC, you can find us as jimi_c, abadger1999, Tybstar, bcoca, and others.   On the mailing list,\n we post with an @ansible.com address.\n \n Mailing List Information\n ------------------------\n \n-Ansible has several mailing lists.  Your first post to the mailing list will be \n+Ansible has several mailing lists.  Your first post to the mailing list will be\n moderated (to reduce spam), so please allow a day or less for your first post.\n \n-`Ansible Project List <https://groups.google.com/forum/#!forum/ansible-project>`_ is for sharing Ansible Tips, answering questions, and general user discussion.\n+`Ansible Project List <https://groups.google.com/forum/#!forum/ansible-project>`_ is for sharing Ansible Tips,\n+answering questions, and general user discussion.\n \n-`Ansible Development List <https://groups.google.com/forum/#!forum/ansible-devel>`_ is for learning how to develop on Ansible, asking about prospective feature design, or discussions\n-about extending ansible or features in progress.\n+`Ansible Development List <https://groups.google.com/forum/#!forum/ansible-devel>`_ is for learning how to develop on Ansible,\n+asking about prospective feature design, or discussions about extending ansible or features in progress.\n \n-`Ansible Announce list <https://groups.google.com/forum/#!forum/ansible-announce>`_ is a read-only list that shares information about new releases of Ansible, and also rare infrequent\n-event information, such as announcements about an AnsibleFest coming up, which is our official conference series.\n+`Ansible Announce list <https://groups.google.com/forum/#!forum/ansible-announce>`_ is a read-only list that shares information\n+about new releases of Ansible, and also rare infrequent event information, such as announcements about an AnsibleFest coming up,\n+which is our official conference series.\n \n-To subscribe to a group from a non-google account, you can email the subscription address, for \n+To subscribe to a group from a non-google account, you can email the subscription address, for\n example ansible-devel+subscribe@googlegroups.com.\n \n Release Numbering\n@@ -208,9 +234,9 @@ Release Numbering\n \n Releases ending in \".0\" are major releases and this is where all new features land.  Releases ending\n in another integer, like \"0.X.1\" and \"0.X.2\" are dot releases, and these are only going to contain\n-bugfixes.  \n+bugfixes.\n \n-Typically we don't do dot releases for minor bugfixes (reserving these for larger items), \n+Typically we don't do dot releases for minor bugfixes (reserving these for larger items),\n but may occasionally decide to cut dot releases containing a large number of smaller fixes if it's still a fairly long time before\n the next release comes out.\n \n@@ -219,7 +245,7 @@ Releases are also given code names based on Van Halen songs, that no one really\n Tower Support Questions\n -----------------------\n \n-Ansible `Tower <http://ansible.com/tower>`_ is a UI, Server, and REST endpoint for Ansible, produced by Ansible, Inc.  \n+Ansible `Tower <http://ansible.com/tower>`_ is a UI, Server, and REST endpoint for Ansible, produced by Ansible, Inc.\n \n If you have a question about tower, email `support@ansible.com <mailto:support@ansible.com>`_ rather than using the IRC\n channel or the general project mailing list.\n@@ -227,7 +253,7 @@ channel or the general project mailing list.\n IRC Channel\n -----------\n \n-Ansible has an IRC channel #ansible on irc.freenode.net.  \n+Ansible has an IRC channel #ansible on irc.freenode.net.\n \n Notes on Priority Flags\n -----------------------\n@@ -241,10 +267,10 @@ As a result, we have a LOT of incoming activity to process.\n In the interest of transparency, we're telling you how we sort incoming requests.\n \n In our bug tracker you'll notice some labels - P1, P2, P3, P4, and P5.  These are our internal\n-priority orders that we use to sort tickets.  \n+priority orders that we use to sort tickets.\n \n-With some exceptions for easy merges (like documentation typos for instance), \n-we're going to spend most of our time working on P1 and P2 items first, including pull requests.  \n+With some exceptions for easy merges (like documentation typos for instance),\n+we're going to spend most of our time working on P1 and P2 items first, including pull requests.\n These usually relate to important bugs or features affecting large segments of the userbase.  So if you see something categorized\n \"P3 or P4\", and it's not appearing to get a lot of immediate attention, this is why.\n \n@@ -264,18 +290,18 @@ is help close P2 bug reports.\n Community Code of Conduct\n -------------------------\n \n-Ansible’s community welcomes users of all types, backgrounds, and skill levels. Please \n-treat others as you expect to be treated, keep discussions positive, and avoid discrimination of all kinds, profanity, allegations of Cthulhu worship, or engaging in controversial debates (except vi vs emacs is cool).  \n+Ansible’s community welcomes users of all types, backgrounds, and skill levels. Please treat others as you expect to be treated,\n+keep discussions positive, and avoid discrimination of all kinds, profanity, allegations of Cthulhu worship, or engaging in\n+controversial debates (except vi vs emacs is cool).\n \n The same expectations apply to community events as they do to online interactions.\n \n-Posts to mailing lists  should remain focused around Ansible and IT automation.   Abuse of these community guidelines will not be tolerated and may result in banning from community resources.\n+Posts to mailing lists  should remain focused around Ansible and IT automation. Abuse of these community guidelines will not be\n+tolerated and may result in banning from community resources.\n \n \n Contributors License Agreement\n ------------------------------\n \n-By contributing you agree that these contributions are your own (or approved by your employer) \n-and you grant a full, complete, irrevocable\n-copyright license to all users and developers of the project, present and future, pursuant \n-to the license of the project.\n+By contributing you agree that these contributions are your own (or approved by your employer) and you grant a full, complete, irrevocable\n+copyright license to all users and developers of the project, present and future, pursuant to the license of the project.\n"
    }
  ],
  "comments": [],
  "reviews": []
}