{
  "pr_number": 1049,
  "url": "https://github.com/ansible/ansible/pull/1049",
  "title": "add logrotate config",
  "author_login": "copperlight",
  "state": "MERGED",
  "merged_by_login": "mpdehaan",
  "body": "Adds a logrotate config to the existing sample ansible-pull playbook.\n",
  "labels": [],
  "additions": 15,
  "deletions": 3,
  "changed_files_count": 3,
  "changed_files_list": [
    "examples/playbooks/templates/etc_cron.d_ansible-pull.j2",
    "examples/playbooks/templates/etc_logrotate.d_ansible-pull.j2"
  ],
  "files": [
    {
      "file_path": "examples/playbooks/templates/etc_cron.d_ansible-pull.j2",
      "status": "modified",
      "additions": 1,
      "deletions": 1,
      "file_diff": "diff --git a/examples/playbooks/templates/ansible-pull.j2 b/examples/playbooks/templates/etc_cron.d_ansible-pull.j2\nsimilarity index 72%\nrename from examples/playbooks/templates/ansible-pull.j2\nrename to examples/playbooks/templates/etc_cron.d_ansible-pull.j2\nindex c6f1759cca8b14..99f7339120cdf6 100644\n--- a/examples/playbooks/templates/ansible-pull.j2\n+++ b/examples/playbooks/templates/etc_cron.d_ansible-pull.j2\n@@ -1,2 +1,2 @@\n # Cron job to git clone/pull a repo and then run locally\n-{{ schedule }} {{ cron_user }} ansible-pull -d {{ workdir }} -U {{ repo_url }} >/var/log/ansible-pull.log 2>&1\n+{{ schedule }} {{ cron_user }} ansible-pull -d {{ workdir }} -U {{ repo_url }} >>{{ logfile }} 2>&1"
    },
    {
      "file_path": "examples/playbooks/templates/etc_logrotate.d_ansible-pull.j2",
      "status": "added",
      "additions": 7,
      "deletions": 0,
      "file_diff": "diff --git a/examples/playbooks/templates/etc_logrotate.d_ansible-pull.j2 b/examples/playbooks/templates/etc_logrotate.d_ansible-pull.j2\nnew file mode 100644\nindex 00000000000000..e396f31a4e5ae2\n--- /dev/null\n+++ b/examples/playbooks/templates/etc_logrotate.d_ansible-pull.j2\n@@ -0,0 +1,7 @@\n+{{ logfile }} {\n+  rotate 7\n+  daily\n+  compress\n+  missingok\n+  notifempty\n+}\n"
    }
  ],
  "comments": [
    {
      "author_login": "mpdehaan",
      "body": "It seems misleading to set a variable for the logfile when it's not given to ansible that it can choose it's logfile.  It can't.   People will change it and be confused.\n\nSo make this /not/ take a variable for the logfile location and I'll take it.\n\nThanks!\n"
    },
    {
      "author_login": "copperlight",
      "body": "The location of the ansible-pull.log file is controlled by the >> redirect in the cronjob, so if you change this location, the logfile will go to a new location, say /var/log/ansible-pull.log versus /var/log/ansible/ansible-pull.log.\n\nThe logfile variable is templated out in both the cron.d and logrotate.d files.\n\nI can strip the variable, but then the logrotate.d file ends up being a straight file-copy and the cron.d file loses one variable out of the template.  Is this what you are looking for?\n"
    },
    {
      "author_login": "mpdehaan",
      "body": "If it is redirecting and not logging directly that is fine.\n\nI don't understand what you are saying with the other part but it does not\nseem important.\n\nIn queue for review.\n"
    },
    {
      "author_login": "mpdehaan",
      "body": "merged, thanks!\n"
    }
  ],
  "reviews": []
}