{
  "pr_number": 11648,
  "url": "https://github.com/ansible/ansible/pull/11648",
  "title": "Explain uniqueness requrement for handler task names.",
  "author_login": "tamsky",
  "state": "MERGED",
  "merged_by_login": "bcoca",
  "body": "Addresses comments in #4943.\n",
  "labels": [
    "P2",
    "docs"
  ],
  "additions": 8,
  "deletions": 5,
  "changed_files_count": 1,
  "changed_files_list": [
    "docsite/rst/playbooks_intro.rst"
  ],
  "files": [
    {
      "file_path": "docsite/rst/playbooks_intro.rst",
      "status": "modified",
      "additions": 8,
      "deletions": 5,
      "file_diff": "diff --git a/docsite/rst/playbooks_intro.rst b/docsite/rst/playbooks_intro.rst\nindex c5b2aebe108078..ad53cb9eb4767b 100644\n--- a/docsite/rst/playbooks_intro.rst\n+++ b/docsite/rst/playbooks_intro.rst\n@@ -365,10 +365,10 @@ The things listed in the 'notify' section of a task are called\n handlers.\n \n Handlers are lists of tasks, not really any different from regular\n-tasks, that are referenced by name.  Handlers are what notifiers\n-notify.  If nothing notifies a handler, it will not run.  Regardless\n-of how many things notify a handler, it will run only once, after all\n-of the tasks complete in a particular play.\n+tasks, that are referenced by a globally unique name.  Handlers are\n+what notifiers notify.  If nothing notifies a handler, it will not\n+run.  Regardless of how many things notify a handler, it will run only\n+once, after all of the tasks complete in a particular play.\n \n Here's an example handlers section::\n \n@@ -382,7 +382,10 @@ Handlers are best used to restart services and trigger reboots.  You probably\n won't need them for much else.\n \n .. note::\n-   Notify handlers are always run in the order written.\n+   * Notify handlers are always run in the order written.\n+   * Handler names live in a global namespace.\n+   * If two handler tasks have the same name, only one will run.\n+     `* <https://github.com/ansible/ansible/issues/4943>`_\n \n Roles are described later on.  It's worthwhile to point out that handlers are\n automatically processed between 'pre_tasks', 'roles', 'tasks', and 'post_tasks'\n"
    }
  ],
  "comments": [],
  "reviews": []
}