{
  "pr_number": 11103,
  "url": "https://github.com/ansible/ansible/pull/11103",
  "title": "fix fact gathering on OS X",
  "author_login": "sysadmin75",
  "state": "MERGED",
  "merged_by_login": "bcoca",
  "body": "Fixes #11046\n",
  "labels": [
    "bug"
  ],
  "additions": 1,
  "deletions": 1,
  "changed_files_count": 1,
  "changed_files_list": [
    "ansible/module_utils/facts.py b/lib/ansible/module_utils/facts.py"
  ],
  "files": [
    {
      "file_path": "ansible/module_utils/facts.py b/lib/ansible/module_utils/facts.py",
      "status": "modified",
      "additions": 1,
      "deletions": 1,
      "file_diff": "diff --git a/lib/ansible/module_utils/facts.py b/lib/ansible/module_utils/facts.py\nindex 6f5f35f8310b7d..1162e05b9cfef7 100644\n--- a/lib/ansible/module_utils/facts.py\n+++ b/lib/ansible/module_utils/facts.py\n@@ -2163,7 +2163,7 @@ def parse_media_line(self, words, current_if, ips):\n         current_if['media'] = 'Unknown' # Mac does not give us this\n         current_if['media_select'] = words[1]\n         if len(words) > 2:\n-            current_if['media_type'] = words[2][1:]\n+            current_if['media_type'] = words[2][1:-1]\n         if len(words) > 3:\n             current_if['media_options'] = self.get_options(words[3])\n \n"
    }
  ],
  "comments": [],
  "reviews": []
}