{
  "pr_number": 10511,
  "url": "https://github.com/ansible/ansible/pull/10511",
  "title": "fixed command line PE options to be the same as in 1.9",
  "author_login": "bcoca",
  "state": "MERGED",
  "merged_by_login": "bcoca",
  "body": "also fixed conflict with -B background option\n",
  "labels": [
    "bug"
  ],
  "additions": 23,
  "deletions": 25,
  "changed_files_count": 1,
  "changed_files_list": [
    "v2/ansible/utils/cli.py"
  ],
  "files": [
    {
      "file_path": "v2/ansible/utils/cli.py",
      "status": "modified",
      "additions": 23,
      "deletions": 25,
      "file_diff": "diff --git a/v2/ansible/utils/cli.py b/v2/ansible/utils/cli.py\nindex f846d6f73ca336..6ef416b9745fa1 100644\n--- a/v2/ansible/utils/cli.py\n+++ b/v2/ansible/utils/cli.py\n@@ -55,12 +55,6 @@ def base_parser(usage=\"\", output_opts=False, runas_opts=False,\n         help='ask for SSH password')\n     parser.add_option('--private-key', default=C.DEFAULT_PRIVATE_KEY_FILE, dest='private_key_file',\n         help='use this file to authenticate the connection')\n-    parser.add_option('-K', '--ask-sudo-pass', default=False, dest='ask_sudo_pass', action='store_true',\n-        help='ask for sudo password')\n-    parser.add_option('--ask-su-pass', default=False, dest='ask_su_pass', action='store_true',\n-        help='ask for su password')\n-    parser.add_option('--ask-become-pass', default=False, dest='ask_become_pass', action='store_true',\n-        help='ask for privlege escalation password')\n     parser.add_option('--ask-vault-pass', default=False, dest='ask_vault_pass', action='store_true',\n         help='ask for vault password')\n     parser.add_option('--vault-password-file', default=C.DEFAULT_VAULT_PASSWORD_FILE,\n@@ -86,29 +80,33 @@ def base_parser(usage=\"\", output_opts=False, runas_opts=False,\n             help='log output to this directory')\n \n     if runas_opts:\n-        parser.add_option(\"-b\", \"--become\", default=C.DEFAULT_BECOME, action=\"store_true\",\n-            dest='become', help=\"run operations with become (nopasswd implied)\")\n-        parser.add_option('-B', '--become-user', help='run operations with as this '\n-                                                  'user (default=%s)' % C.DEFAULT_BECOME_USER)\n-        parser.add_option(\"-s\", \"--sudo\", default=C.DEFAULT_SUDO, action=\"store_true\",\n-            dest='sudo', help=\"run operations with sudo (nopasswd)\")\n+        # priv user defaults to root later on to enable detecting when this option was given here\n+        parser.add_option('-K', '--ask-sudo-pass', default=False, dest='ask_sudo_pass', action='store_true',\n+            help='ask for sudo password (deprecated, use become)')\n+        parser.add_option('--ask-su-pass', default=False, dest='ask_su_pass', action='store_true',\n+            help='ask for su password (deprecated, use become)')\n+        parser.add_option(\"-s\", \"--sudo\", default=constants.DEFAULT_SUDO, action=\"store_true\", dest='sudo',\n+            help=\"run operations with sudo (nopasswd) (deprecated, use become)\")\n         parser.add_option('-U', '--sudo-user', dest='sudo_user', default=None,\n-                          help='desired sudo user (default=root)')  # Can't default to root because we need to detect when this option was given\n-        parser.add_option('-u', '--user', default=C.DEFAULT_REMOTE_USER,\n-            dest='remote_user', help='connect as this user (default=%s)' % C.DEFAULT_REMOTE_USER)\n+                          help='desired sudo user (default=root) (deprecated, use become)')\n+        parser.add_option('-S', '--su', default=constants.DEFAULT_SU, action='store_true',\n+            help='run operations with su (deprecated, use become)')\n+        parser.add_option('-R', '--su-user', default=None,\n+            help='run operations with su as this user (default=%s) (deprecated, use become)' % constants.DEFAULT_SU_USER)\n+\n+        # consolidated privilege escalation (become)\n+        parser.add_option(\"-b\", \"--become\", default=constants.DEFAULT_BECOME, action=\"store_true\", dest='become',\n+            help=\"run operations with become (nopasswd implied)\")\n+        parser.add_option('--become-method', dest='become_method', default=constants.DEFAULT_BECOME_METHOD, type='string',\n+            help=\"privilege escalation method to use (default=%s), valid choices: [ %s ]\" % (constants.DEFAULT_BECOME_METHOD, ' | '.join(constants.BECOME_METHODS)))\n+        parser.add_option('--become-user', default=None, dest='become_user', type='string',\n+            help='run operations as this user (default=%s)' % constants.DEFAULT_BECOME_USER)\n+        parser.add_option('--ask-become-pass', default=False, dest='become_ask_pass', action='store_true',\n+            help='ask for privilege escalation password')\n \n-        parser.add_option('-S', '--su', default=C.DEFAULT_SU,\n-                          action='store_true', help='run operations with su')\n-        parser.add_option('-R', '--su-user', help='run operations with su as this '\n-                                                  'user (default=%s)' % C.DEFAULT_SU_USER)\n \n     if connect_opts:\n-        parser.add_option('-c', '--connection', dest='connection',\n-                          default=C.DEFAULT_TRANSPORT,\n-                          help=\"connection type to use (default=%s)\" % C.DEFAULT_TRANSPORT)\n-        parser.add_option('--become-method', dest='become_method',\n-                          default=C.DEFAULT_BECOME_METHOD,\n-                          help=\"privlege escalation method to use (default=%s)\" % C.DEFAULT_BECOME_METHOD)\n+        parser.add_option('-c', '--connection', dest='connection', default=C.DEFAULT_TRANSPORT, help=\"connection type to use (default=%s)\" % C.DEFAULT_TRANSPORT)\n \n     if async_opts:\n         parser.add_option('-P', '--poll', default=C.DEFAULT_POLL_INTERVAL, type='int',\n"
    }
  ],
  "comments": [],
  "reviews": []
}