{
  "pr_number": 10706,
  "url": "https://github.com/ansible/ansible/pull/10706",
  "title": "Pylint show a error \"no deprecations variable\"",
  "author_login": "mscherer",
  "state": "MERGED",
  "merged_by_login": "bcoca",
  "body": "",
  "labels": [
    "P2",
    "bug"
  ],
  "additions": 1,
  "deletions": 1,
  "changed_files_count": 1,
  "changed_files_list": [
    "v2/ansible/utils/display.py"
  ],
  "files": [
    {
      "file_path": "v2/ansible/utils/display.py",
      "status": "modified",
      "additions": 1,
      "deletions": 1,
      "file_diff": "diff --git a/v2/ansible/utils/display.py b/v2/ansible/utils/display.py\nindex f132d4383f9b48..ed43da8623bdd1 100644\n--- a/v2/ansible/utils/display.py\n+++ b/v2/ansible/utils/display.py\n@@ -100,7 +100,7 @@ def deprecated(self, msg, version, removed=False):\n         wrapped = textwrap.wrap(new_msg, 79)\n         new_msg = \"\\n\".join(wrapped) + \"\\n\"\n \n-        if new_msg not in deprecations:\n+        if new_msg not in self._deprecations:\n             self.display(new_msg, color='purple', stderr=True)\n             self._deprecations[new_msg] = 1\n \n"
    }
  ],
  "comments": [],
  "reviews": []
}