{
  "pr_number": 10457,
  "url": "https://github.com/ansible/ansible/pull/10457",
  "title": "Docsite returnval docs",
  "author_login": "bcoca",
  "state": "MERGED",
  "merged_by_login": "bcoca",
  "body": "now adds module return values documentation to the web docs.\n",
  "labels": [
    "P2",
    "docs"
  ],
  "additions": 112,
  "deletions": 2,
  "changed_files_count": 3,
  "changed_files_list": [
    "hacking/module_formatter.py",
    "hacking/templates/rst.j2"
  ],
  "files": [
    {
      "file_path": "hacking/module_formatter.py",
      "status": "modified",
      "additions": 4,
      "deletions": 0,
      "file_diff": "diff --git a/hacking/module_formatter.py b/hacking/module_formatter.py\nindex 1bc83ad93049a2..c3aca94949c2bf 100755\n--- a/hacking/module_formatter.py\n+++ b/hacking/module_formatter.py\n@@ -289,6 +289,10 @@ def process_module(module, options, env, template, outputname, module_map, alias\n     doc['now_date']         = datetime.date.today().strftime('%Y-%m-%d')\n     doc['ansible_version']  = options.ansible_version\n     doc['plainexamples']    = examples  #plain text\n+    if returndocs:\n+        doc['returndocs']       = yaml.safe_load(returndocs)\n+    else:\n+        doc['returndocs']       = None\n \n     # here is where we build the table of contents...\n "
    },
    {
      "file_path": "hacking/templates/rst.j2",
      "status": "modified",
      "additions": 60,
      "deletions": 2,
      "file_diff": "diff --git a/hacking/templates/rst.j2 b/hacking/templates/rst.j2\nindex e5562d3e56b136..6873c3fea5855d 100644\n--- a/hacking/templates/rst.j2\n+++ b/hacking/templates/rst.j2\n@@ -106,6 +106,64 @@ Examples\n {% endif %}\n {% endif %}\n \n+\n+{% if returndocs %}\n+Return Values\n+-------------\n+\n+Common return values are documented here :doc:`common_return_values`, the following are the fields unique to this module:\n+\n+.. raw:: html\n+\n+    <table border=1 cellpadding=4>\n+    <tr>\n+    <th class=\"head\">name</th>\n+    <th class=\"head\">despcription</th>\n+    <th class=\"head\">returned</th>\n+    <th class=\"head\">type</th>\n+    <th class=\"head\">sample</th>\n+    </tr>\n+\n+    {% for entry in returndocs %}\n+    <tr>\n+        <td> @{ entry }@ </td>\n+        <td> @{ returndocs[entry].description }@ </td>\n+        <td align=center> @{ returndocs[entry].returned }@ </td>\n+        <td align=center> @{ returndocs[entry].type }@ </td>\n+        <td align=center> @{ returndocs[entry].sample}@ </td>\n+    </tr>\n+    {% if returndocs[entry].type == 'dictionary' %}\n+    <tr><td>contains: </td>\n+    <td colspan=4>\n+        <table border=1 cellpadding=2>\n+        <tr>\n+        <th class=\"head\">name</th>\n+        <th class=\"head\">despcription</th>\n+        <th class=\"head\">returned</th>\n+        <th class=\"head\">type</th>\n+        <th class=\"head\">sample</th>\n+        </tr>\n+\n+        {% for sub in returndocs[entry].contains %}\n+        <tr>\n+        <td> @{ sub }@ </td>\n+        <td> @{ returndocs[entry].contains[sub].description }@ </td>\n+        <td align=center> @{ returndocs[entry].contains[sub].returned }@ </td>\n+        <td align=center> @{ returndocs[entry].contains[sub].type }@ </td>\n+        <td align=center> @{ returndocs[entry].contains[sub].sample}@ </td>\n+        </tr>\n+        {% endfor %}\n+\n+        </table>\n+    </td></tr>\n+\n+    {% endif %}\n+    {% endfor %}\n+\n+    </table>\n+    </br></br>\n+{% endif %}\n+\n {% if notes %}\n {% for note in notes %}\n .. note:: @{ note | convert_symbols_to_format }@\n@@ -120,7 +178,7 @@ This is a Core Module\n ---------------------\n \n This source of this module is hosted on GitHub in the `ansible-modules-core <http://github.com/ansible/ansible-modules-core>`_ repo.\n-  \n+\n If you believe you have found a bug in this module, and are already running the latest stable or development version of Ansible, first look in the `issue tracker at github.com/ansible/ansible-modules-core <http://github.com/ansible/ansible-modules-core>`_ to see if a bug has already been filed.  If not, we would be grateful if you would file one.\n \n Should you have a question rather than a bug report, inquries are welcome on the `ansible-project google group <https://groups.google.com/forum/#!forum/ansible-project>`_ or on Ansible's \"#ansible\" channel, located on irc.freenode.net.   Development oriented topics should instead use the similar `ansible-devel google group <https://groups.google.com/forum/#!forum/ansible-devel>`_.\n@@ -135,7 +193,7 @@ This is an Extras Module\n ------------------------\n \n This source of this module is hosted on GitHub in the `ansible-modules-extras <http://github.com/ansible/ansible-modules-extras>`_ repo.\n-  \n+\n If you believe you have found a bug in this module, and are already running the latest stable or development version of Ansible, first look in the `issue tracker at github.com/ansible/ansible-modules-extras <http://github.com/ansible/ansible-modules-extras>`_ to see if a bug has already been filed.  If not, we would be grateful if you would file one.\n \n Should you have a question rather than a bug report, inquries are welcome on the `ansible-project google group <https://groups.google.com/forum/#!forum/ansible-project>` or on Ansible's \"#ansible\" channel, located on irc.freenode.net.   Development oriented topics should instead use the similar `ansible-devel google group <https://groups.google.com/forum/#!forum/ansible-devel>`_.\n"
    }
  ],
  "comments": [],
  "reviews": []
}