{
  "pr_number": 11394,
  "url": "https://github.com/ansible/ansible/pull/11394",
  "title": "IPv6 SLAAC address computation filter",
  "author_login": "dlundquist",
  "state": "MERGED",
  "merged_by_login": "abadger",
  "body": "Jinja2 filter to compute SLAAC address.\n\nUsage:\n    {{ '2db8::/64' | slaac(ansible_eth0.macaddress) }}\n",
  "labels": [
    "feature"
  ],
  "additions": 33,
  "deletions": 0,
  "changed_files_count": 1,
  "changed_files_list": [
    "ansible/plugins/filter/ipaddr.py b/lib/ansible/plugins/filter/ipaddr.py"
  ],
  "files": [
    {
      "file_path": "ansible/plugins/filter/ipaddr.py b/lib/ansible/plugins/filter/ipaddr.py",
      "status": "modified",
      "additions": 33,
      "deletions": 0,
      "file_diff": "diff --git a/lib/ansible/plugins/filter/ipaddr.py b/lib/ansible/plugins/filter/ipaddr.py\nindex 5d9d6e3136728d..a1de6aaedd4782 100644\n--- a/lib/ansible/plugins/filter/ipaddr.py\n+++ b/lib/ansible/plugins/filter/ipaddr.py\n@@ -587,6 +587,38 @@ def nthhost(value, query=''):\n \n     return False\n \n+# Returns the SLAAC address within a network for a given HW/MAC address.\n+# Usage:\n+#\n+#  - prefix | slaac(mac)\n+def slaac(value, query = ''):\n+    ''' Get the SLAAC address within given network '''\n+    try:\n+        vtype = ipaddr(value, 'type')\n+        if vtype == 'address':\n+            v = ipaddr(value, 'cidr')\n+        elif vtype == 'network':\n+            v = ipaddr(value, 'subnet')\n+\n+        if v.version != 6:\n+            return False\n+\n+        value = netaddr.IPNetwork(v)\n+    except:\n+        return False\n+\n+    if not query:\n+        return False\n+\n+    try:\n+        mac = hwaddr(query, alias = 'slaac')\n+\n+        eui = netaddr.EUI(mac)\n+    except:\n+        return False\n+\n+    return eui.ipv6(value.network)\n+\n \n # ---- HWaddr / MAC address filters ----\n \n@@ -645,6 +677,7 @@ class FilterModule(object):\n         'ipv6': ipv6,\n         'ipsubnet': ipsubnet,\n         'nthhost': nthhost,\n+        'slaac': slaac,\n \n         # MAC / HW addresses\n         'hwaddr': hwaddr,\n"
    }
  ],
  "comments": [
    {
      "author_login": "abadger",
      "body": "@drybjed since you wrote the ipaddr filters would you be willing to review this?  When you think it's ready to be merged you can ping me on IRC and I'll merge it.\n"
    },
    {
      "author_login": "drybjed",
      "body": "Code looks OK, I assume that it works with `python-netaddr` library and generates SLAAC addresses. Since you need to specify the source MAC address I suppose that a filter in the form `slaac('<mac-addr>')` is fine. Adding support for private mode would be a nice bonus, but it's not useful on the servers.\n"
    },
    {
      "author_login": "abadger",
      "body": "Thanks @drybjed !  Thanks @dlundquist !\n\n# Merged\n\nHi!\n\nThis has been merged in, and will also be included in the next major release.\n\nIf you or anyone else has any further questions, please let us know by stopping by one of the two mailing lists, as appropriate:\n- https://groups.google.com/forum/#!forum/ansible-project - for user questions, tips, and tricks\n- https://groups.google.com/forum/#!forum/ansible-devel - for strategy, future planning, and questions about writing code\n\nBecause this project is very active, we're unlikely to see comments made on closed tickets, but the mailing list is a great way to ask questions, or post if you don't think this particular\nissue is resolved.\n\nThank you!\n"
    }
  ],
  "reviews": []
}