{
  "pr_number": 10559,
  "url": "https://github.com/ansible/ansible/pull/10559",
  "title": "removed folding sudo/su to become logic from constants ",
  "author_login": "bcoca",
  "state": "MERGED",
  "merged_by_login": "bcoca",
  "body": "as it is already present downstream in playbook/play/tasks, hopefully fixes #10547 \n",
  "labels": [
    "P2",
    "bug"
  ],
  "additions": 7,
  "deletions": 7,
  "changed_files_count": 2,
  "changed_files_list": [
    "v2/ansible/constants.py"
  ],
  "files": [
    {
      "file_path": "v2/ansible/constants.py",
      "status": "modified",
      "additions": 3,
      "deletions": 3,
      "file_diff": "diff --git a/v2/ansible/constants.py b/v2/ansible/constants.py\nindex f2da07ffb02059..72b571ebb8034e 100644\n--- a/v2/ansible/constants.py\n+++ b/v2/ansible/constants.py\n@@ -145,10 +145,10 @@ def shell_expand_path(path):\n #TODO: get rid of ternary chain mess\n BECOME_METHODS            = ['sudo','su','pbrun','pfexec','runas']\n BECOME_ERROR_STRINGS      = {'sudo': 'Sorry, try again.', 'su': 'Authentication failure', 'pbrun': '', 'pfexec': '', 'runas': ''}\n-DEFAULT_BECOME            = get_config(p, 'privilege_escalation', 'become', 'ANSIBLE_BECOME',True if DEFAULT_SUDO or DEFAULT_SU else False, boolean=True)\n+DEFAULT_BECOME            = get_config(p, 'privilege_escalation', 'become', 'ANSIBLE_BECOME',False, boolean=True)\n DEFAULT_BECOME_METHOD     = get_config(p, 'privilege_escalation', 'become_method', 'ANSIBLE_BECOME_METHOD','sudo' if DEFAULT_SUDO else 'su' if DEFAULT_SU else 'sudo' ).lower()\n-DEFAULT_BECOME_USER       = get_config(p, 'privilege_escalation', 'become_user', 'ANSIBLE_BECOME_USER',DEFAULT_SUDO_USER if DEFAULT_SUDO else DEFAULT_SU_USER if DEFAULT_SU else 'root')\n-DEFAULT_BECOME_ASK_PASS   = get_config(p, 'privilege_escalation', 'become_ask_pass', 'ANSIBLE_BECOME_ASK_PASS',True if DEFAULT_ASK_SUDO_PASS else False, boolean=True)\n+DEFAULT_BECOME_USER       = get_config(p, 'privilege_escalation', 'become_user', 'ANSIBLE_BECOME_USER', None)\n+DEFAULT_BECOME_ASK_PASS   = get_config(p, 'privilege_escalation', 'become_ask_pass', 'ANSIBLE_BECOME_ASK_PASS', False, boolean=True)\n # need to rethink impementing these 2\n DEFAULT_BECOME_EXE = None\n #DEFAULT_BECOME_EXE        = get_config(p, DEFAULTS, 'become_exe', 'ANSIBLE_BECOME_EXE','sudo' if DEFAULT_SUDO else 'su' if DEFAULT_SU else 'sudo')\n"
    }
  ],
  "comments": [
    {
      "author_login": "fclaerho",
      "body": "Hello,\nquick question: how long do you think it will take to get a new ansible release with this patch? I'm having the same issue with sudo=yes in the ansible.cfg + ansible 1.9. I've applied your changes manually in my environment and it works, but as my playbook and .cfg is for production, I'm left with either giving up on the .cfg sudo= parameter, or patch constants.py in prod or wait for the next release. Of course, I prefer a new upgradable version ;-)\nBest regards.\n"
    }
  ],
  "reviews": []
}