{
  "pr_number": 10198,
  "url": "https://github.com/ansible/ansible/pull/10198",
  "title": "Add issue_tracker_url to the galaxy template",
  "author_login": "emonty",
  "state": "MERGED",
  "merged_by_login": "jimi-c",
  "body": "There is an optional issue_tracker_url setting that can be set in\nmeta/main.yml:galaxy_info. Include it in the generated template\ncommented out so that it can be filled out if desired.\n",
  "labels": [],
  "additions": 4,
  "deletions": 0,
  "changed_files_count": 1,
  "changed_files_list": [
    "bin/ansible-galaxy"
  ],
  "files": [
    {
      "file_path": "bin/ansible-galaxy",
      "status": "modified",
      "additions": 4,
      "deletions": 0,
      "file_diff": "diff --git a/bin/ansible-galaxy b/bin/ansible-galaxy\nindex 00bb8d12dd5742..45dc8564f81577 100755\n--- a/bin/ansible-galaxy\n+++ b/bin/ansible-galaxy\n@@ -48,6 +48,9 @@ galaxy_info:\n   author: {{ author }}\n   description: {{description}}\n   company: {{ company }}\n+  # If the issue tracker for your role is not on github, uncomment the\n+  # next line and provide a value\n+  # issue_tracker_url: {{ issue_tracker_url }}\n   # Some suggested licenses:\n   # - BSD (default)\n   # - MIT\n@@ -656,6 +659,7 @@ def execute_init(args, options, parser):\n                 author = 'your name',\n                 company = 'your company (optional)',\n                 license = 'license (GPLv2, CC-BY, etc)',\n+                issue_tracker_url = 'http://example.com/issue/tracker',\n                 min_ansible_version = '1.2',\n                 platforms = platform_groups,\n                 categories = categories,\n"
    }
  ],
  "comments": [
    {
      "author_login": "jimi-c",
      "body": "Merged, thanks!\n"
    }
  ],
  "reviews": []
}