{
  "pr_number": 1062,
  "url": "https://github.com/ansible/ansible/pull/1062",
  "title": "Fix on older python versions, plus various improvements",
  "author_login": "dagwieers",
  "state": "MERGED",
  "merged_by_login": "mpdehaan",
  "body": "This change includes:\n- (on possibly older python versions ?) a string variable test using the 'is' operator fails (so it always return ok immediately after initial delay)\n- add a missing socket.settimeout() for the state=started case (if the machine does not exist, timeout defaults to 60 seconds)\n- add a connect_timeout option to customize the default connection timeout\n- use socket.shutdown(2) to close immediately\n- return the elapsed time\n",
  "labels": [],
  "additions": 19,
  "deletions": 8,
  "changed_files_count": 1,
  "changed_files_list": [
    "library/wait_for"
  ],
  "files": [
    {
      "file_path": "library/wait_for",
      "status": "modified",
      "additions": 19,
      "deletions": 8,
      "file_diff": "diff --git a/library/wait_for b/library/wait_for\nindex e1cc1b38e001bd..1fc6e2b866e22f 100755\n--- a/library/wait_for\n+++ b/library/wait_for\n@@ -29,6 +29,7 @@ def main():\n         argument_spec = dict(\n             host=dict(default='127.0.0.1'),\n             timeout=dict(default=300),\n+            connect_timeout=dict(default=5),\n             delay=dict(default=0),\n             port=dict(required=True),\n             state=dict(default='started', choices=['started', 'stopped']),\n@@ -39,6 +40,7 @@ def main():\n \n     host = params['host']\n     timeout = int(params['timeout'])\n+    connect_timeout = int(params['connect_timeout'])\n     delay = int(params['delay'])\n     port = int(params['port'])\n     state = params['state']\n@@ -46,38 +48,47 @@ def main():\n     if delay:\n         time.sleep(delay)\n \n-    if state is 'stopped':\n+    start = datetime.datetime.now()\n+\n+    if state == 'stopped':\n         ### first wait for the host to go down\n-        end = datetime.datetime.now() + datetime.timedelta(seconds=timeout)\n+        end = start + datetime.timedelta(seconds=timeout)\n \n         while datetime.datetime.now() < end:\n             s = socket.socket(socket.AF_INET, socket.SOCK_STREAM)\n-            s.settimeout(5)\n+            s.settimeout(connect_timeout)\n             try:\n                 s.connect( (host, port) )\n+                s.shutdown(socket.SHUT_RDWR)\n                 s.close()\n                 time.sleep(1)\n             except:\n                 break\n         else:\n-            module.fail_json(msg=\"Timeout when waiting for %s to stop.\"%(host))\n+            elapsed = datetime.datetime.now() - start\n+            module.fail_json(msg=\"Timeout when waiting for %s:%s to stop.\" % (host, port), elapsed=elapsed.seconds)\n \n-    if state is 'started':\n+    elif state == 'started':\n         ### wait for the host to come up\n-        end = datetime.datetime.now() + datetime.timedelta(seconds=timeout)\n+        end = start + datetime.timedelta(seconds=timeout)\n \n         while datetime.datetime.now() < end:\n             s = socket.socket(socket.AF_INET, socket.SOCK_STREAM)\n+            s.settimeout(connect_timeout)\n             try:\n                 s.connect( (host, port) )\n+                s.shutdown(socket.SHUT_RDWR)\n                 s.close()\n                 break\n             except:\n                 time.sleep(1)\n+                pass\n         else:\n-            module.fail_json(msg=\"Timeout when waiting for %s\"%(host))\n+            elapsed = datetime.datetime.now() - start\n+            module.fail_json(msg=\"Timeout when waiting for %s:%s\" % (host, port), elapsed=elapsed.seconds)\n \n-    module.exit_json(state=state, port=port)\n+    elapsed = datetime.datetime.now() - start\n+    module.exit_json(state=state, port=port, elapsed=elapsed.seconds)\n \n # this is magic, see lib/ansible/module_common.py\n #<<INCLUDE_ANSIBLE_MODULE_COMMON>>\n"
    }
  ],
  "comments": [
    {
      "author_login": "mpdehaan",
      "body": "Merged, thanks! be sure to update the \"rst/modules/wait_for.rst\" file in the ansible.github.com project to add the new argument.\n\nPretty soon we'll be able to build module docs straight from data in the modules themselves will make this a lot easier.\n"
    }
  ],
  "reviews": []
}