{
  "pr_number": 10683,
  "url": "https://github.com/ansible/ansible/pull/10683",
  "title": "Git integration test: remove test for ambiguous .git/branches dir",
  "author_login": "timsutton",
  "state": "MERGED",
  "merged_by_login": "abadger",
  "body": "I have `.git/branches` in some of my cloned repos but not most of them. A bit more digging suggests that they get created under certain conditions but not always, so I don't think the test should always test they exist. I don't see any explicit references to this directory in `git.py` - the way the module lists branches is simply calling `git branch -a`.\n\nMore info: http://stackoverflow.com/questions/10398225/what-is-the-git-branches-folder-used-for\n",
  "labels": [],
  "additions": 0,
  "deletions": 5,
  "changed_files_count": 1,
  "changed_files_list": [
    "test/integration/roles/test_git/tasks/main.yml"
  ],
  "files": [
    {
      "file_path": "test/integration/roles/test_git/tasks/main.yml",
      "status": "modified",
      "additions": 0,
      "deletions": 5,
      "file_diff": "diff --git a/test/integration/roles/test_git/tasks/main.yml b/test/integration/roles/test_git/tasks/main.yml\nindex 4bdc1d8bd870fd..831db8ea698803 100644\n--- a/test/integration/roles/test_git/tasks/main.yml\n+++ b/test/integration/roles/test_git/tasks/main.yml\n@@ -65,16 +65,11 @@\n   stat: path={{ checkout_dir }}/.git/HEAD\n   register: head\n \n-- name: check for remotes\n-  stat: path={{ checkout_dir }}/.git/branches\n-  register: branches\n-\n - name: assert presence of tags/trunk/branches\n   assert:\n     that:\n       - \"tags.stat.isdir\"\n       - \"head.stat.isreg\"\n-      - \"branches.stat.isdir\"\n \n - name: verify on a reclone things are marked unchanged\n   assert:\n"
    }
  ],
  "comments": [
    {
      "author_login": "abadger",
      "body": "yep, after reading through that thread I agree with you.  Thanks!\n\n# Merged\n\nHi!\n\nThis has been merged in, and will also be included in the next major release.\n\nIf you or anyone else has any further questions, please let us know by stopping by one of the two mailing lists, as appropriate:\n- https://groups.google.com/forum/#!forum/ansible-project - for user questions, tips, and tricks\n- https://groups.google.com/forum/#!forum/ansible-devel - for strategy, future planning, and questions about writing code\n\nBecause this project is very active, we're unlikely to see comments made on closed tickets, but the mailing list is a great way to ask questions, or post if you don't think this particular\nissue is resolved.\n\nThank you!\n"
    }
  ],
  "reviews": []
}