{
  "pr_number": 10313,
  "url": "https://github.com/ansible/ansible/pull/10313",
  "title": "Prevents trailing zeros to be truncated from strings in hosts ini inventory variables",
  "author_login": "alobbs",
  "state": "MERGED",
  "merged_by_login": "bcoca",
  "body": "Fixes bug #10281\n\nDuring the string conversion process, trailing zeros were lost as\na result of the conversion of the value to a float number. That\nmeans that, for instance, given the \"1.20\", the value read was\n1.2, which caused issues under some circumstances.\n",
  "labels": [
    "P2",
    "bug"
  ],
  "additions": 5,
  "deletions": 1,
  "changed_files_count": 1,
  "changed_files_list": [
    "ansible/inventory/ini.py b/lib/ansible/inventory/ini.py"
  ],
  "files": [
    {
      "file_path": "ansible/inventory/ini.py b/lib/ansible/inventory/ini.py",
      "status": "modified",
      "additions": 5,
      "deletions": 1,
      "file_diff": "diff --git a/lib/ansible/inventory/ini.py b/lib/ansible/inventory/ini.py\nindex 2c05253bb3a872..7d3f1636d7d707 100644\n--- a/lib/ansible/inventory/ini.py\n+++ b/lib/ansible/inventory/ini.py\n@@ -54,7 +54,11 @@ def _parse(self):\n     def _parse_value(v):\n         if \"#\" not in v:\n             try:\n-                return ast.literal_eval(v)\n+                ret = ast.literal_eval(v)\n+                if type(ret) == float:\n+                    # Do not trim floats. Eg: \"1.20\" to 1.2\n+                    return v\n+                return ret\n             # Using explicit exceptions.\n             # Likely a string that literal_eval does not like. We wil then just set it.\n             except ValueError:\n"
    }
  ],
  "comments": [
    {
      "author_login": "bcoca",
      "body": "re is not a good choice for a variable name as it can get confused with re the regular expression module imported in this same file.\n"
    },
    {
      "author_login": "alobbs",
      "body": "Good catch. I didn't notice. It should be okay now.\n"
    }
  ],
  "reviews": []
}