{
  "pr_number": 10729,
  "url": "https://github.com/ansible/ansible/pull/10729",
  "title": "Use abc for BaseCacheModule",
  "author_login": "mchlumsky",
  "state": "MERGED",
  "merged_by_login": "abadger",
  "body": "@abadger: here is the PR that transforms BaseCacheModule into an ABC (with unit tests).\nAlso notice I had to add python-memcached, redis into test-requirements.txt, otherwise the tests fail to import the modules and exit.\n",
  "labels": [],
  "additions": 105,
  "deletions": 9,
  "changed_files_count": 3,
  "changed_files_list": [
    "v2/test-requirements.txt",
    "v2/test/plugins/test_cache.py"
  ],
  "files": [
    {
      "file_path": "v2/test-requirements.txt",
      "status": "modified",
      "additions": 2,
      "deletions": 0,
      "file_diff": "diff --git a/v2/test-requirements.txt b/v2/test-requirements.txt\nindex ca5bcae0d98083..100bdd01a00a89 100644\n--- a/v2/test-requirements.txt\n+++ b/v2/test-requirements.txt\n@@ -5,6 +5,8 @@ jinja2\n httplib2\n passlib\n six\n+python-memcached\n+redis\n \n # Test requirements\n unittest2"
    },
    {
      "file_path": "v2/test/plugins/test_cache.py",
      "status": "added",
      "additions": 82,
      "deletions": 0,
      "file_diff": "diff --git a/v2/test/plugins/test_cache.py b/v2/test/plugins/test_cache.py\nnew file mode 100644\nindex 00000000000000..b1273874cd3b61\n--- /dev/null\n+++ b/v2/test/plugins/test_cache.py\n@@ -0,0 +1,82 @@\n+# (c) 2012-2015, Michael DeHaan <michael.dehaan@gmail.com>\n+#\n+# This file is part of Ansible\n+#\n+# Ansible is free software: you can redistribute it and/or modify\n+# it under the terms of the GNU General Public License as published by\n+# the Free Software Foundation, either version 3 of the License, or\n+# (at your option) any later version.\n+#\n+# Ansible is distributed in the hope that it will be useful,\n+# but WITHOUT ANY WARRANTY; without even the implied warranty of\n+# MERCHANTABILITY or FITNESS FOR A PARTICULAR PURPOSE.  See the\n+# GNU General Public License for more details.\n+#\n+# You should have received a copy of the GNU General Public License\n+# along with Ansible.  If not, see <http://www.gnu.org/licenses/>.\n+\n+# Make coding more python3-ish\n+from __future__ import (absolute_import, division, print_function)\n+__metaclass__ = type\n+\n+from ansible.compat.tests import unittest\n+from ansible.plugins.cache.base import BaseCacheModule\n+from ansible.plugins.cache.memcached import CacheModule as MemcachedCache\n+from ansible.plugins.cache.memory import CacheModule as MemoryCache\n+from ansible.plugins.cache.redis import CacheModule as RedisCache\n+\n+\n+class TestAbstractClass(unittest.TestCase):\n+\n+    def setUp(self):\n+        pass\n+\n+    def tearDown(self):\n+        pass\n+\n+    def test_subclass_error(self):\n+        class CacheModule1(BaseCacheModule):\n+                pass\n+        with self.assertRaises(TypeError):\n+            CacheModule1()\n+\n+        class CacheModule2(BaseCacheModule):\n+            def get(self, key):\n+                super(CacheModule2, self).get(key)\n+\n+        with self.assertRaises(TypeError):\n+            CacheModule2()\n+\n+    def test_subclass_success(self):\n+        class CacheModule3(BaseCacheModule):\n+            def get(self, key):\n+                super(CacheModule3, self).get(key)\n+\n+            def set(self, key, value):\n+                super(CacheModule3, self).set(key, value)\n+\n+            def keys(self):\n+                super(CacheModule3, self).keys()\n+\n+            def contains(self, key):\n+                super(CacheModule3, self).contains(key)\n+\n+            def delete(self, key):\n+                super(CacheModule3, self).delete(key)\n+\n+            def flush(self):\n+                super(CacheModule3, self).flush()\n+\n+            def copy(self):\n+                super(CacheModule3, self).copy()\n+\n+        self.assertIsInstance(CacheModule3(), CacheModule3)\n+\n+    def test_memcached_cachemodule(self):\n+        self.assertIsInstance(MemcachedCache(), MemcachedCache)\n+\n+    def test_memory_cachemodule(self):\n+        self.assertIsInstance(MemoryCache(), MemoryCache)\n+\n+    def test_redis_cachemodule(self):\n+        self.assertIsInstance(RedisCache(), RedisCache)\n"
    }
  ],
  "comments": [
    {
      "author_login": "abadger",
      "body": "@mchlumsky It was good to hack with you at pycon.  This looks good, thanks!\n\n# Merged\n\nHi!\n\nThis has been merged in, and will also be included in the next major release.\n\nIf you or anyone else has any further questions, please let us know by stopping by one of the two mailing lists, as appropriate:\n- https://groups.google.com/forum/#!forum/ansible-project - for user questions, tips, and tricks\n- https://groups.google.com/forum/#!forum/ansible-devel - for strategy, future planning, and questions about writing code\n\nBecause this project is very active, we're unlikely to see comments made on closed tickets, but the mailing list is a great way to ask questions, or post if you don't think this particular\nissue is resolved.\n\nThank you!\n"
    }
  ],
  "reviews": []
}