{
  "pr_number": 11567,
  "url": "https://github.com/ansible/ansible/pull/11567",
  "title": "Add shelvefile lookup plugin",
  "author_login": "lekum",
  "state": "MERGED",
  "merged_by_login": "bcoca",
  "body": "Add lookup plugin to read string values of keys from a [shelve](https://docs.python.org/2/library/shelve.html#module-shelve) file.\n\nUsage example:\n\n```\n\n---\n- hosts: localhost\n  vars:\n    book: \"{{ lookup('shelvefile', 'file=book.db key=current_book_name') }}\"\n    page: \"{{ lookup('shelvefile', 'file=book.db key=current_book_page') }}\"\n    author: \"{{ lookup('shelvefile', 'file=book.db key=current_book_author') }}\"\n\n  tasks:\n    - name: Print my current reading\n      debug: msg=\"I'm on page {{ page }} of '{{ book }}' by {{ author }}\"\n```\n",
  "labels": [
    "feature"
  ],
  "additions": 83,
  "deletions": 0,
  "changed_files_count": 1,
  "changed_files_list": [
    "ansible/plugins/lookup/shelvefile.py b/lib/ansible/plugins/lookup/shelvefile.py"
  ],
  "files": [
    {
      "file_path": "ansible/plugins/lookup/shelvefile.py b/lib/ansible/plugins/lookup/shelvefile.py",
      "status": "added",
      "additions": 83,
      "deletions": 0,
      "file_diff": "diff --git a/lib/ansible/plugins/lookup/shelvefile.py b/lib/ansible/plugins/lookup/shelvefile.py\nnew file mode 100644\nindex 00000000000000..89e393694b3198\n--- /dev/null\n+++ b/lib/ansible/plugins/lookup/shelvefile.py\n@@ -0,0 +1,83 @@\n+# (c) 2015, Alejandro Guirao <lekumberri@gmail.com>\n+#\n+# This file is part of Ansible\n+#\n+# Ansible is free software: you can redistribute it and/or modify\n+# it under the terms of the GNU General Public License as published by\n+# the Free Software Foundation, either version 3 of the License, or\n+# (at your option) any later version.\n+#\n+# Ansible is distributed in the hope that it will be useful,\n+# but WITHOUT ANY WARRANTY; without even the implied warranty of\n+# MERCHANTABILITY or FITNESS FOR A PARTICULAR PURPOSE.  See the\n+# GNU General Public License for more details.\n+#\n+# You should have received a copy of the GNU General Public License\n+# along with Ansible.  If not, see <http://www.gnu.org/licenses/>.\n+from __future__ import (absolute_import, division, print_function)\n+__metaclass__ = type\n+\n+import shelve\n+import os\n+\n+from ansible.errors import AnsibleError\n+from ansible.plugins.lookup import LookupBase\n+\n+class LookupModule(LookupBase):\n+\n+\n+    def read_shelve(self, shelve_filename, key):\n+        \"\"\"\n+        Read the value of \"key\" from a shelve file\n+        \"\"\"\n+        d = shelve.open(shelve_filename)\n+        res = d.get(key, None)\n+        d.close()\n+        return res\n+\n+    def run(self, terms, variables=None, **kwargs):\n+\n+        if not isinstance(terms, list):\n+            terms = [ terms ]\n+\n+        ret = []\n+\n+        for term in terms:\n+            playbook_path = None\n+            relative_path = None\n+\n+            paramvals = {\"file\": None, \"key\": None}\n+            params = term.split()\n+\n+            try:\n+                for param in params:\n+                    name, value = param.split('=')\n+                    assert(name in paramvals)\n+                    paramvals[name] = value\n+\n+            except (ValueError, AssertionError), e:\n+                # In case \"file\" or \"key\" are not present\n+                raise AnsibleError(e)\n+\n+            file = paramvals['file']\n+            key = paramvals['key']\n+            basedir_path  = self._loader.path_dwim(file)\n+\n+            # Search also in the role/files directory and in the playbook directory\n+            if 'role_path' in variables:\n+                relative_path = self._loader.path_dwim_relative(variables['role_path'], 'files', file)\n+            if 'playbook_dir' in variables:\n+                playbook_path = self._loader.path_dwim_relative(variables['playbook_dir'],'files', file)\n+\n+            for path in (basedir_path, relative_path, playbook_path):\n+                if path and os.path.exists(path):\n+                    res = self.read_shelve(path, key)\n+                    if res is None:\n+                        raise AnsibleError(\"Key %s not found in shelve file %s\" % (key, file))\n+                    # Convert the value read to string\n+                    ret.append(str(res))\n+                    break\n+            else:\n+                raise AnsibleError(\"Could not locate shelve file in lookup: %s\" % file)\n+\n+        return ret\n"
    }
  ],
  "comments": [
    {
      "author_login": "bcoca",
      "body": "lookup plugins have changed, this won't work with the current version.\n\nwe are preparing docs to show how to create plugins that will work with both 1.x and 2.x versions of ansible.\n"
    },
    {
      "author_login": "lekum",
      "body": "It's based upon the code of the [file lookup](https://github.com/ansible/ansible/blob/devel/lib/ansible/plugins/lookup/file.py) of the `devel` branch. Where can I found the actual plugins that work with the `devel` version?\n"
    },
    {
      "author_login": "bcoca",
      "body": "look at the current version of the file lookup, it is pretty different than it was\n"
    },
    {
      "author_login": "lekum",
      "body": "Which one is the current one?\n\n```\n./v1/ansible/runner/lookup_plugins/file.py\n./lib/ansible/plugins/lookup/file.py\n```\n"
    },
    {
      "author_login": "bcoca",
      "body": "v1/ is there only for testing, that is dead code that will be removed, so of course, the other one\n"
    },
    {
      "author_login": "lekum",
      "body": "I changed it according to the new file lookup plugin\n"
    },
    {
      "author_login": "lekum",
      "body": "Is there anything I could do to help with this?\n"
    }
  ],
  "reviews": []
}