{
  "pr_number": 10324,
  "url": "https://github.com/ansible/ansible/pull/10324",
  "title": "updated changelog with 1.8.2-4 content, added .gitattributes",
  "author_login": "halberom",
  "state": "MERGED",
  "merged_by_login": "abadger",
  "body": "Added missing v1.8.2 - v1.8.4 content to changelog.\n\nI'm not sure if you want this - but I added .gitattributes file, which sets merge=union for the CHANGELOG.md file.  This means that merge conflicts will be less likely if multiple people are updating the file.\n",
  "labels": [
    "P2",
    "docs"
  ],
  "additions": 18,
  "deletions": 0,
  "changed_files_count": 2,
  "changed_files_list": [
    "CHANGELOG.md"
  ],
  "files": [
    {
      "file_path": "CHANGELOG.md",
      "status": "modified",
      "additions": 17,
      "deletions": 0,
      "file_diff": "diff --git a/CHANGELOG.md b/CHANGELOG.md\nindex a28749a619599f..edebe0739a39f4 100644\n--- a/CHANGELOG.md\n+++ b/CHANGELOG.md\n@@ -29,6 +29,23 @@ in progress, details pending\n * Optimize the plugin loader to cache available plugins much more efficiently.\n   For some use cases this can lead to dramatic improvements in startup time.\n \n+## 1.8.4 \"You Really Got Me\" - Feb 19, 2015\n+\n+* Fixed regressions in ec2 and mount modules, introduced in 1.8.3\n+\n+## 1.8.3 \"You Really Got Me\" - Feb 17, 2015\n+\n+* Fixing a security bug related to the default permissions set on a tempoary file created when using \"ansible-vault view <filename>\".\n+* Many bug fixes, for both core code and core modules.\n+\n+## 1.8.2 \"You Really Got Me\" - Dec 04, 2014\n+\n+* Various bug fixes for packaging issues related to modules.\n+* Various bug fixes for lookup plugins.\n+* Various bug fixes for some modules (continued cleanup of postgresql issues, etc.).\n+\n+* Add a clone parameter to git module that allows you to get information about a remote repo even if it doesn't exist locally.\n+\n ## 1.8.1 \"You Really Got Me\" - Nov 26, 2014\n \n * Various bug fixes in postgresql and mysql modules.\n"
    }
  ],
  "comments": [
    {
      "author_login": "abadger",
      "body": "Thanks!  We'll also need to update the changelogs in the packaging files that we maintain (.spec and debian's changelog) but that's an easy addition.  Hopefully merge=union makes things easier :-)\n\n# Merged\n\nHi!\n\nThis has been merged in, and will also be included in the next major release.\n\nIf you or anyone else has any further questions, please let us know by stopping by one of the two mailing lists, as appropriate:\n- https://groups.google.com/forum/#!forum/ansible-project - for user questions, tips, and tricks\n- https://groups.google.com/forum/#!forum/ansible-devel - for strategy, future planning, and questions about writing code\n\nBecause this project is very active, we're unlikely to see comments made on closed tickets, but the mailing list is a great way to ask questions, or post if you don't think this particular\nissue is resolved.\n\nThank you!\n"
    }
  ],
  "reviews": []
}