{
  "pr_number": 11415,
  "url": "https://github.com/ansible/ansible/pull/11415",
  "title": "Remove unnecessary imports",
  "author_login": "msabramo",
  "state": "MERGED",
  "merged_by_login": "bcoca",
  "body": "",
  "labels": [
    "bug"
  ],
  "additions": 1,
  "deletions": 2,
  "changed_files_count": 1,
  "changed_files_list": [
    "ansible/cli/adhoc.py b/lib/ansible/cli/adhoc.py"
  ],
  "files": [
    {
      "file_path": "ansible/cli/adhoc.py b/lib/ansible/cli/adhoc.py",
      "status": "modified",
      "additions": 1,
      "deletions": 2,
      "file_diff": "diff --git a/lib/ansible/cli/adhoc.py b/lib/ansible/cli/adhoc.py\nindex e940a0224f6302..30256d57e7d334 100644\n--- a/lib/ansible/cli/adhoc.py\n+++ b/lib/ansible/cli/adhoc.py\n@@ -17,14 +17,13 @@\n \n ########################################################\n from ansible import constants as C\n-from ansible.errors import AnsibleError, AnsibleOptionsError\n+from ansible.errors import AnsibleOptionsError\n from ansible.executor.task_queue_manager import TaskQueueManager\n from ansible.inventory import Inventory\n from ansible.parsing import DataLoader\n from ansible.parsing.splitter import parse_kv\n from ansible.playbook.play import Play\n from ansible.cli import CLI\n-from ansible.utils.display import Display\n from ansible.utils.vault import read_vault_file\n from ansible.vars import VariableManager\n \n"
    }
  ],
  "comments": [
    {
      "author_login": "bcoca",
      "body": "this adds role_apply which is also not used\n"
    },
    {
      "author_login": "msabramo",
      "body": "Ok, updated to remove `role_apply`\n"
    }
  ],
  "reviews": []
}