{
  "pr_number": 10665,
  "url": "https://github.com/ansible/ansible/pull/10665",
  "title": "Update windows documentation to indicate how to specify kerberos auth.",
  "author_login": "cchurch",
  "state": "MERGED",
  "merged_by_login": "bcoca",
  "body": "Related to changes made in #10664.\n",
  "labels": [
    "windows",
    "docs"
  ],
  "additions": 1,
  "deletions": 1,
  "changed_files_count": 1,
  "changed_files_list": [
    "docsite/rst/intro_windows.rst"
  ],
  "files": [
    {
      "file_path": "docsite/rst/intro_windows.rst",
      "status": "modified",
      "additions": 1,
      "deletions": 1,
      "file_diff": "diff --git a/docsite/rst/intro_windows.rst b/docsite/rst/intro_windows.rst\nindex d96478b0a267f0..00cd8af404f038 100644\n--- a/docsite/rst/intro_windows.rst\n+++ b/docsite/rst/intro_windows.rst\n@@ -57,7 +57,7 @@ In group_vars/windows.yml, define the following inventory variables::\n \n Notice that the ssh_port is not actually for SSH, but this is a holdover variable name from how Ansible is mostly an SSH-oriented system.  Again, Windows management will not happen over SSH.\n \n-If you have installed the ``kerberos`` module, Ansible will first attempt Kerberos authentication. *This uses the principal you are authenticated to Kerberos with on the control machine and not the ``ansible_ssh_user`` specified above*. If that fails, either because you are not signed into Kerberos on the control machine or because the corresponding domain account on the remote host is not available, then Ansible will fall back to \"plain\" username/password authentication.\n+If you have installed the ``kerberos`` module and ``ansible_ssh_user`` contains ``@`` (e.g. ``username@realm``), Ansible will first attempt Kerberos authentication. *This method uses the principal you are authenticated to Kerberos with on the control machine and not ``ansible_ssh_user``*. If that fails, either because you are not signed into Kerberos on the control machine or because the corresponding domain account on the remote host is not available, then Ansible will fall back to \"plain\" username/password authentication.\n \n When using your playbook, don't forget to specify --ask-vault-pass to provide the password to unlock the file.\n \n"
    }
  ],
  "comments": [],
  "reviews": []
}