{
  "pr_number": 1096,
  "url": "https://github.com/ansible/ansible/pull/1096",
  "title": "Ignore failure of stop command if start succeeds with state=restarted",
  "author_login": "sfromm",
  "state": "MERGED",
  "merged_by_login": "mpdehaan",
  "body": "In some cases (see issue #1067) with state=restarted, a failure to stop\nthe service (which wasn't running) would appear to the module to be a\nfailure to restart the service even though it successfully started the\nservice.  This changes the behavior of the service module to focus\non the return code of the start command.  If the rc of stop is not\n0 and the rc of start does equal 0, it considers the service\nsuccessfully restarted.  It then ignores the rc, stdout, and stderr\nfrom the unsuccessful stop command.\n\nPlease let me know if you have any questions or comments.\n",
  "labels": [],
  "additions": 9,
  "deletions": 3,
  "changed_files_count": 1,
  "changed_files_list": [
    "library/service"
  ],
  "files": [
    {
      "file_path": "library/service",
      "status": "modified",
      "additions": 9,
      "deletions": 3,
      "file_diff": "diff --git a/library/service b/library/service\nindex 8981a7e54f0c36..9933ae828068d6 100755\n--- a/library/service\n+++ b/library/service\n@@ -225,6 +225,7 @@ def main():\n         # ===========================================\n         # run change commands if we need to\n         if changed:\n+\n             if state in ['started', 'running']:\n                 rc_state, stdout, stderr = _run(\"%s %s start\" % (SERVICE, name))\n             elif state == 'stopped':\n@@ -234,9 +235,14 @@ def main():\n             elif state == 'restarted':\n                 rc1, stdout1, stderr1 = _run(\"%s %s stop\" % (SERVICE, name))\n                 rc2, stdout2, stderr2 = _run(\"%s %s start\" % (SERVICE, name))\n-                rc_state = rc + rc1 + rc2\n-                stdout = stdout1 + stdout2\n-                stderr = stderr1 + stderr2\n+                if rc1 != 0 and rc2 == 0:\n+                    rc_state = rc + rc2\n+                    stdout = stdout2\n+                    stderr = stderr2\n+                else:\n+                    rc_state = rc + rc1 + rc2\n+                    stdout = stdout1 + stdout2\n+                    stderr = stderr1 + stderr2\n \n             out += stdout\n             err += stderr\n"
    }
  ],
  "comments": [
    {
      "author_login": "mpdehaan",
      "body": "Excellent, thanks!!!\n"
    }
  ],
  "reviews": []
}