{
  "pr_number": 11168,
  "url": "https://github.com/ansible/ansible/pull/11168",
  "title": "Resync the v1 directory with v1_last. Fixes #11162",
  "author_login": "sivel",
  "state": "MERGED",
  "merged_by_login": "bcoca",
  "body": "This PR resyncs the v1 directory with the v1_last branch.  As it is, the v1 directory does not contain a working copy of ansible. See #11162 \n\nMaybe, as an alternative, we should just delete the v1 directory altogether, and just go with recommending use of the v1_last branch?\n",
  "labels": [
    "P1",
    "bug"
  ],
  "additions": 200,
  "deletions": 148,
  "changed_files_count": 10,
  "changed_files_list": [
    "v1/ansible/inventory/__init__.py",
    "v1/ansible/module_utils/basic.py",
    "v1/ansible/module_utils/cloudstack.py",
    "v1/ansible/module_utils/facts.py",
    "v1/ansible/module_utils/powershell.ps1",
    "v1/ansible/module_utils/urls.py",
    "v1/ansible/runner/connection_plugins/ssh.py",
    "v1/ansible/utils/__init__.py",
    "v1/ansible/utils/module_docs.py"
  ],
  "files": [
    {
      "file_path": "v1/ansible/inventory/__init__.py",
      "status": "modified",
      "additions": 2,
      "deletions": 2,
      "file_diff": "diff --git a/v1/ansible/inventory/__init__.py b/v1/ansible/inventory/__init__.py\nindex 2048046d3c1f21..f012246e227016 100644\n--- a/v1/ansible/inventory/__init__.py\n+++ b/v1/ansible/inventory/__init__.py\n@@ -36,7 +36,7 @@ class Inventory(object):\n     Host inventory for ansible.\n     \"\"\"\n \n-    __slots__ = [ 'host_list', 'groups', '_restriction', '_also_restriction', '_subset', \n+    __slots__ = [ 'host_list', 'groups', '_restriction', '_also_restriction', '_subset',\n                   'parser', '_vars_per_host', '_vars_per_group', '_hosts_cache', '_groups_list',\n                   '_pattern_cache', '_vault_password', '_vars_plugins', '_playbook_basedir']\n \n@@ -53,7 +53,7 @@ def __init__(self, host_list=C.DEFAULT_HOST_LIST, vault_password=None):\n         self._vars_per_host  = {}\n         self._vars_per_group = {}\n         self._hosts_cache    = {}\n-        self._groups_list    = {} \n+        self._groups_list    = {}\n         self._pattern_cache  = {}\n \n         # to be set by calling set_playbook_basedir by playbook code"
    },
    {
      "file_path": "v1/ansible/module_utils/basic.py",
      "status": "modified",
      "additions": 87,
      "deletions": 60,
      "file_diff": "diff --git a/v1/ansible/module_utils/basic.py b/v1/ansible/module_utils/basic.py\nindex 54a1a9cfff7f88..e772a12efcefce 100644\n--- a/v1/ansible/module_utils/basic.py\n+++ b/v1/ansible/module_utils/basic.py\n@@ -38,6 +38,8 @@\n BOOLEANS_FALSE = ['no', 'off', '0', 'false', 0]\n BOOLEANS = BOOLEANS_TRUE + BOOLEANS_FALSE\n \n+SELINUX_SPECIAL_FS=\"<<SELINUX_SPECIAL_FILESYSTEMS>>\"\n+\n # ansible modules can be written in any language.  To simplify\n # development of Python modules, the functions available here\n # can be inserted in any module source automatically by including\n@@ -181,7 +183,8 @@ def get_distribution():\n     ''' return the distribution name '''\n     if platform.system() == 'Linux':\n         try:\n-            distribution = platform.linux_distribution()[0].capitalize()\n+            supported_dists = platform._supported_dists + ('arch',)\n+            distribution = platform.linux_distribution(supported_dists=supported_dists)[0].capitalize()\n             if not distribution and os.path.isfile('/etc/system-release'):\n                 distribution = platform.linux_distribution(supported_dists=['system'])[0].capitalize()\n                 if 'Amazon' in distribution:\n@@ -334,7 +337,8 @@ class AnsibleModule(object):\n \n     def __init__(self, argument_spec, bypass_checks=False, no_log=False,\n         check_invalid_arguments=True, mutually_exclusive=None, required_together=None,\n-        required_one_of=None, add_file_common_args=False, supports_check_mode=False):\n+        required_one_of=None, add_file_common_args=False, supports_check_mode=False,\n+        required_if=None):\n \n         '''\n         common code for quickly building an ansible module in Python\n@@ -382,6 +386,7 @@ def __init__(self, argument_spec, bypass_checks=False, no_log=False,\n             self._check_argument_types()\n             self._check_required_together(required_together)\n             self._check_required_one_of(required_one_of)\n+            self._check_required_if(required_if)\n \n         self._set_defaults(pre=False)\n         if not self.no_log:\n@@ -528,10 +533,10 @@ def find_mount_point(self, path):\n             path = os.path.dirname(path)\n         return path\n \n-    def is_nfs_path(self, path):\n+    def is_special_selinux_path(self, path):\n         \"\"\"\n-        Returns a tuple containing (True, selinux_context) if the given path\n-        is on a NFS mount point, otherwise the return will be (False, None).\n+        Returns a tuple containing (True, selinux_context) if the given path is on a\n+        NFS or other 'special' fs  mount point, otherwise the return will be (False, None).\n         \"\"\"\n         try:\n             f = open('/proc/mounts', 'r')\n@@ -542,9 +547,13 @@ def is_nfs_path(self, path):\n         path_mount_point = self.find_mount_point(path)\n         for line in mount_data:\n             (device, mount_point, fstype, options, rest) = line.split(' ', 4)\n-            if path_mount_point == mount_point and 'nfs' in fstype:\n-                nfs_context = self.selinux_context(path_mount_point)\n-                return (True, nfs_context)\n+\n+            if path_mount_point == mount_point:\n+                for fs in SELINUX_SPECIAL_FS.split(','):\n+                    if fs in fstype:\n+                        special_context = self.selinux_context(path_mount_point)\n+                        return (True, special_context)\n+\n         return (False, None)\n \n     def set_default_selinux_context(self, path, changed):\n@@ -562,9 +571,9 @@ def set_context_if_different(self, path, context, changed):\n         # Iterate over the current context instead of the\n         # argument context, which may have selevel.\n \n-        (is_nfs, nfs_context) = self.is_nfs_path(path)\n-        if is_nfs:\n-            new_context = nfs_context\n+        (is_special_se, sp_context) = self.is_special_selinux_path(path)\n+        if is_special_se:\n+            new_context = sp_context\n         else:\n             for i in range(len(cur_context)):\n                 if len(context) > i:\n@@ -861,6 +870,7 @@ def _check_locale(self):\n             locale.setlocale(locale.LC_ALL, 'C')\n             os.environ['LANG']     = 'C'\n             os.environ['LC_CTYPE'] = 'C'\n+            os.environ['LC_MESSAGES'] = 'C'\n         except Exception, e:\n             self.fail_json(msg=\"An unknown error was encountered while attempting to validate the locale: %s\" % e)\n \n@@ -950,6 +960,20 @@ def _check_required_arguments(self):\n         if len(missing) > 0:\n             self.fail_json(msg=\"missing required arguments: %s\" % \",\".join(missing))\n \n+    def _check_required_if(self, spec):\n+        ''' ensure that parameters which conditionally required are present '''\n+        if spec is None:\n+            return\n+        for (key, val, requirements) in spec:\n+            missing = []\n+            if key in self.params and self.params[key] == val:\n+                for check in requirements:\n+                    count = self._count_terms(check)\n+                    if count == 0:\n+                        missing.append(check)\n+            if len(missing) > 0:\n+                self.fail_json(msg=\"%s is %s but the following are missing: %s\" % (key, val, ','.join(missing)))\n+\n     def _check_argument_values(self):\n         ''' ensure all arguments have the requested values, and there are no stray arguments '''\n         for (k,v) in self.argument_spec.iteritems():\n@@ -1009,57 +1033,60 @@ def _check_argument_types(self):\n             value = self.params[k]\n             is_invalid = False\n \n-            if wanted == 'str':\n-                if not isinstance(value, basestring):\n-                    self.params[k] = str(value)\n-            elif wanted == 'list':\n-                if not isinstance(value, list):\n-                    if isinstance(value, basestring):\n-                        self.params[k] = value.split(\",\")\n-                    elif isinstance(value, int) or isinstance(value, float):\n-                        self.params[k] = [ str(value) ]\n-                    else:\n-                        is_invalid = True\n-            elif wanted == 'dict':\n-                if not isinstance(value, dict):\n-                    if isinstance(value, basestring):\n-                        if value.startswith(\"{\"):\n-                            try:\n-                                self.params[k] = json.loads(value)\n-                            except:\n-                                (result, exc) = self.safe_eval(value, dict(), include_exceptions=True)\n-                                if exc is not None:\n-                                    self.fail_json(msg=\"unable to evaluate dictionary for %s\" % k)\n-                                self.params[k] = result\n-                        elif '=' in value:\n-                            self.params[k] = dict([x.strip().split(\"=\", 1) for x in value.split(\",\")])\n+            try:\n+                if wanted == 'str':\n+                    if not isinstance(value, basestring):\n+                        self.params[k] = str(value)\n+                elif wanted == 'list':\n+                    if not isinstance(value, list):\n+                        if isinstance(value, basestring):\n+                            self.params[k] = value.split(\",\")\n+                        elif isinstance(value, int) or isinstance(value, float):\n+                            self.params[k] = [ str(value) ]\n                         else:\n-                            self.fail_json(msg=\"dictionary requested, could not parse JSON or key=value\")\n-                    else:\n-                        is_invalid = True\n-            elif wanted == 'bool':\n-                if not isinstance(value, bool):\n-                    if isinstance(value, basestring):\n-                        self.params[k] = self.boolean(value)\n-                    else:\n-                        is_invalid = True\n-            elif wanted == 'int':\n-                if not isinstance(value, int):\n-                    if isinstance(value, basestring):\n-                        self.params[k] = int(value)\n-                    else:\n-                        is_invalid = True\n-            elif wanted == 'float':\n-                if not isinstance(value, float):\n-                    if isinstance(value, basestring):\n-                        self.params[k] = float(value)\n-                    else:\n-                        is_invalid = True\n-            else:\n-                self.fail_json(msg=\"implementation error: unknown type %s requested for %s\" % (wanted, k))\n+                            is_invalid = True\n+                elif wanted == 'dict':\n+                    if not isinstance(value, dict):\n+                        if isinstance(value, basestring):\n+                            if value.startswith(\"{\"):\n+                                try:\n+                                    self.params[k] = json.loads(value)\n+                                except:\n+                                    (result, exc) = self.safe_eval(value, dict(), include_exceptions=True)\n+                                    if exc is not None:\n+                                        self.fail_json(msg=\"unable to evaluate dictionary for %s\" % k)\n+                                    self.params[k] = result\n+                            elif '=' in value:\n+                                self.params[k] = dict([x.strip().split(\"=\", 1) for x in value.split(\",\")])\n+                            else:\n+                                self.fail_json(msg=\"dictionary requested, could not parse JSON or key=value\")\n+                        else:\n+                            is_invalid = True\n+                elif wanted == 'bool':\n+                    if not isinstance(value, bool):\n+                        if isinstance(value, basestring):\n+                            self.params[k] = self.boolean(value)\n+                        else:\n+                            is_invalid = True\n+                elif wanted == 'int':\n+                    if not isinstance(value, int):\n+                        if isinstance(value, basestring):\n+                            self.params[k] = int(value)\n+                        else:\n+                            is_invalid = True\n+                elif wanted == 'float':\n+                    if not isinstance(value, float):\n+                        if isinstance(value, basestring):\n+                            self.params[k] = float(value)\n+                        else:\n+                            is_invalid = True\n+                else:\n+                    self.fail_json(msg=\"implementation error: unknown type %s requested for %s\" % (wanted, k))\n \n-            if is_invalid:\n-                self.fail_json(msg=\"argument %s is of invalid type: %s, required: %s\" % (k, type(value), wanted))\n+                if is_invalid:\n+                    self.fail_json(msg=\"argument %s is of invalid type: %s, required: %s\" % (k, type(value), wanted))\n+            except ValueError, e:\n+                self.fail_json(msg=\"value of argument %s is not of type %s and we were unable to automatically convert\" % (k, wanted))\n \n     def _set_defaults(self, pre=True):\n         for (k,v) in self.argument_spec.iteritems():"
    },
    {
      "file_path": "v1/ansible/module_utils/cloudstack.py",
      "status": "modified",
      "additions": 0,
      "deletions": 2,
      "file_diff": "diff --git a/v1/ansible/module_utils/cloudstack.py b/v1/ansible/module_utils/cloudstack.py\nindex 82306b9a0be87d..e887367c2fd69b 100644\n--- a/v1/ansible/module_utils/cloudstack.py\n+++ b/v1/ansible/module_utils/cloudstack.py\n@@ -64,14 +64,12 @@ def _connect(self):\n         api_secret = self.module.params.get('secret_key')\n         api_url = self.module.params.get('api_url')\n         api_http_method = self.module.params.get('api_http_method')\n-        api_timeout = self.module.params.get('api_timeout')\n \n         if api_key and api_secret and api_url:\n             self.cs = CloudStack(\n                 endpoint=api_url,\n                 key=api_key,\n                 secret=api_secret,\n-                timeout=api_timeout,\n                 method=api_http_method\n                 )\n         else:"
    },
    {
      "file_path": "v1/ansible/module_utils/facts.py",
      "status": "modified",
      "additions": 44,
      "deletions": 4,
      "file_diff": "diff --git a/v1/ansible/module_utils/facts.py b/v1/ansible/module_utils/facts.py\nindex b223c5f5f7d3eb..1162e05b9cfef7 100644\n--- a/v1/ansible/module_utils/facts.py\n+++ b/v1/ansible/module_utils/facts.py\n@@ -99,8 +99,9 @@ class Facts(object):\n                     ('/etc/os-release', 'SuSE'),\n                     ('/etc/gentoo-release', 'Gentoo'),\n                     ('/etc/os-release', 'Debian'),\n+                    ('/etc/lsb-release', 'Mandriva'),\n                     ('/etc/os-release', 'NA'),\n-                    ('/etc/lsb-release', 'Mandriva'))\n+                )\n     SELINUX_MODE_DICT = { 1: 'enforcing', 0: 'permissive', -1: 'disabled' }\n \n     # A list of dicts.  If there is a platform with more than one\n@@ -416,11 +417,13 @@ def get_distribution_facts(self):\n                                                 self.facts['distribution_version'] = self.facts['distribution_version'] + '.' + release.group(1)\n                         elif name == 'Debian':\n                             data = get_file_content(path)\n-                            if 'Debian' in data or 'Raspbian' in data:\n+                            if 'Ubuntu' in data:\n+                                break # Ubuntu gets correct info from python functions\n+                            elif 'Debian' in data or 'Raspbian' in data:\n                                 release = re.search(\"PRETTY_NAME=[^(]+ \\(?([^)]+?)\\)\", data)\n                                 if release:\n                                     self.facts['distribution_release'] = release.groups()[0]\n-                                break\n+                                    break\n                         elif name == 'Mandriva':\n                             data = get_file_content(path)\n                             if 'Mandriva' in data:\n@@ -2160,7 +2163,7 @@ def parse_media_line(self, words, current_if, ips):\n         current_if['media'] = 'Unknown' # Mac does not give us this\n         current_if['media_select'] = words[1]\n         if len(words) > 2:\n-            current_if['media_type'] = words[2][1:]\n+            current_if['media_type'] = words[2][1:-1]\n         if len(words) > 3:\n             current_if['media_options'] = self.get_options(words[3])\n \n@@ -2545,6 +2548,43 @@ def get_virtual_facts(self):\n         self.facts['virtualization_role'] = 'NA'\n         return\n \n+class FreeBSDVirtual(Virtual):\n+    \"\"\"\n+    This is a FreeBSD-specific subclass of Virtual.  It defines\n+    - virtualization_type\n+    - virtualization_role\n+    \"\"\"\n+    platform = 'FreeBSD'\n+\n+    def __init__(self):\n+        Virtual.__init__(self)\n+\n+    def populate(self):\n+        self.get_virtual_facts()\n+        return self.facts\n+\n+    def get_virtual_facts(self):\n+        self.facts['virtualization_type'] = ''\n+        self.facts['virtualization_role'] = ''\n+\n+class OpenBSDVirtual(Virtual):\n+    \"\"\"\n+    This is a OpenBSD-specific subclass of Virtual.  It defines\n+    - virtualization_type\n+    - virtualization_role\n+    \"\"\"\n+    platform = 'OpenBSD'\n+\n+    def __init__(self):\n+        Virtual.__init__(self)\n+\n+    def populate(self):\n+        self.get_virtual_facts()\n+        return self.facts\n+\n+    def get_virtual_facts(self):\n+        self.facts['virtualization_type'] = ''\n+        self.facts['virtualization_role'] = ''\n \n class HPUXVirtual(Virtual):\n     \"\"\""
    },
    {
      "file_path": "v1/ansible/module_utils/powershell.ps1",
      "status": "modified",
      "additions": 2,
      "deletions": 2,
      "file_diff": "diff --git a/v1/ansible/module_utils/powershell.ps1 b/v1/ansible/module_utils/powershell.ps1\nindex ee7d3ddeca4ba8..9606f47783b66c 100644\n--- a/v1/ansible/module_utils/powershell.ps1\n+++ b/v1/ansible/module_utils/powershell.ps1\n@@ -65,7 +65,7 @@ Function Exit-Json($obj)\n         $obj = New-Object psobject\n     }\n \n-    echo $obj | ConvertTo-Json -Depth 99\n+    echo $obj | ConvertTo-Json -Compress -Depth 99\n     Exit\n }\n \n@@ -89,7 +89,7 @@ Function Fail-Json($obj, $message = $null)\n \n     Set-Attr $obj \"msg\" $message\n     Set-Attr $obj \"failed\" $true\n-    echo $obj | ConvertTo-Json -Depth 99\n+    echo $obj | ConvertTo-Json -Compress -Depth 99\n     Exit 1\n }\n "
    },
    {
      "file_path": "v1/ansible/module_utils/urls.py",
      "status": "modified",
      "additions": 33,
      "deletions": 18,
      "file_diff": "diff --git a/v1/ansible/module_utils/urls.py b/v1/ansible/module_utils/urls.py\nindex d56cc89395e338..18317e86aeb8e3 100644\n--- a/v1/ansible/module_utils/urls.py\n+++ b/v1/ansible/module_utils/urls.py\n@@ -50,6 +50,15 @@\n except:\n     HAS_SSL=False\n \n+HAS_MATCH_HOSTNAME = True\n+try:\n+    from ssl import match_hostname, CertificateError\n+except ImportError:\n+    try:\n+        from backports.ssl_match_hostname import match_hostname, CertificateError\n+    except ImportError:\n+        HAS_MATCH_HOSTNAME = False\n+\n import httplib\n import os\n import re\n@@ -293,11 +302,13 @@ def http_request(self, req):\n                     connect_result = s.recv(4096)\n                     self.validate_proxy_response(connect_result)\n                     ssl_s = ssl.wrap_socket(s, ca_certs=tmp_ca_cert_path, cert_reqs=ssl.CERT_REQUIRED)\n+                    match_hostname(ssl_s.getpeercert(), self.hostname)\n                 else:\n                     self.module.fail_json(msg='Unsupported proxy scheme: %s. Currently ansible only supports HTTP proxies.' % proxy_parts.get('scheme'))\n             else:\n                 s.connect((self.hostname, self.port))\n                 ssl_s = ssl.wrap_socket(s, ca_certs=tmp_ca_cert_path, cert_reqs=ssl.CERT_REQUIRED)\n+                match_hostname(ssl_s.getpeercert(), self.hostname)\n             # close the ssl connection\n             #ssl_s.unwrap()\n             s.close()\n@@ -311,6 +322,9 @@ def http_request(self, req):\n                     'Use validate_certs=no or make sure your managed systems have a valid CA certificate installed. ' + \\\n                     'Paths checked for this platform: %s' % \", \".join(paths_checked)\n                 )\n+        except CertificateError:\n+            self.module.fail_json(msg=\"SSL Certificate does not belong to %s.  Make sure the url has a certificate that belongs to it or use validate_certs=no (insecure)\" % self.hostname)\n+\n         try:\n             # cleanup the temp file created, don't worry\n             # if it fails for some reason\n@@ -363,28 +377,29 @@ def fetch_url(module, url, data=None, headers=None, method=None,\n     # FIXME: change the following to use the generic_urlparse function\n     #        to remove the indexed references for 'parsed'\n     parsed = urlparse.urlparse(url)\n-    if parsed[0] == 'https':\n-        if not HAS_SSL and validate_certs:\n+    if parsed[0] == 'https' and validate_certs:\n+        if not HAS_SSL:\n             if distribution == 'Redhat':\n                 module.fail_json(msg='SSL validation is not available in your version of python. You can use validate_certs=no, however this is unsafe and not recommended. You can also install python-ssl from EPEL')\n             else:\n                 module.fail_json(msg='SSL validation is not available in your version of python. You can use validate_certs=no, however this is unsafe and not recommended')\n-\n-        elif validate_certs:\n-            # do the cert validation\n-            netloc = parsed[1]\n-            if '@' in netloc:\n-                netloc = netloc.split('@', 1)[1]\n-            if ':' in netloc:\n-                hostname, port = netloc.split(':', 1)\n-                port = int(port)\n-            else:\n-                hostname = netloc\n-                port = 443\n-            # create the SSL validation handler and\n-            # add it to the list of handlers\n-            ssl_handler = SSLValidationHandler(module, hostname, port)\n-            handlers.append(ssl_handler)\n+        if not HAS_MATCH_HOSTNAME:\n+            module.fail_json(msg='Available SSL validation does not check that the certificate matches the hostname.  You can install backports.ssl_match_hostname or update your managed machine to python-2.7.9 or newer.  You could also use validate_certs=no, however this is unsafe and not recommended')\n+\n+        # do the cert validation\n+        netloc = parsed[1]\n+        if '@' in netloc:\n+            netloc = netloc.split('@', 1)[1]\n+        if ':' in netloc:\n+            hostname, port = netloc.split(':', 1)\n+            port = int(port)\n+        else:\n+            hostname = netloc\n+            port = 443\n+        # create the SSL validation handler and\n+        # add it to the list of handlers\n+        ssl_handler = SSLValidationHandler(module, hostname, port)\n+        handlers.append(ssl_handler)\n \n     if parsed[0] != 'ftp':\n         username = module.params.get('url_username', '')"
    },
    {
      "file_path": "v1/ansible/runner/connection_plugins/ssh.py",
      "status": "modified",
      "additions": 10,
      "deletions": 55,
      "file_diff": "diff --git a/v1/ansible/runner/connection_plugins/ssh.py b/v1/ansible/runner/connection_plugins/ssh.py\nindex ff7e8e03c874b7..036175f6a9c3e2 100644\n--- a/v1/ansible/runner/connection_plugins/ssh.py\n+++ b/v1/ansible/runner/connection_plugins/ssh.py\n@@ -16,22 +16,21 @@\n # along with Ansible.  If not, see <http://www.gnu.org/licenses/>.\n #\n \n-import fcntl\n-import gettext\n-import hmac\n import os\n+import re\n+import subprocess\n+import shlex\n import pipes\n-import pty\n-import pwd\n import random\n-import re\n import select\n-import shlex\n-import subprocess\n-import time\n+import fcntl\n+import hmac\n+import pwd\n+import gettext\n+import pty\n from hashlib import sha1\n import ansible.constants as C\n-from ansible.callbacks import vvv, vv\n+from ansible.callbacks import vvv\n from ansible import errors\n from ansible import utils\n \n@@ -257,51 +256,7 @@ def not_in_host_file(self, host):\n             vvv(\"EXEC previous known host file not found for %s\" % host)\n         return True\n \n-    def exec_command(self, *args, **kwargs):\n-        \"\"\" Wrapper around _exec_command to retry in the case of an ssh\n-            failure\n-\n-            Will retry if:\n-            * an exception is caught\n-            * ssh returns 255\n-\n-            Will not retry if\n-            * remaining_tries is <2\n-            * retries limit reached\n-            \"\"\"\n-        remaining_tries = C.get_config(\n-            C.p, 'ssh_connection', 'retries',\n-            'ANSIBLE_SSH_RETRIES', 3, integer=True) + 1\n-        cmd_summary = \"%s %s...\" % (args[0], str(kwargs)[:200])\n-        for attempt in xrange(remaining_tries):\n-            pause = 2 ** attempt - 1\n-            if pause > 30:\n-                pause = 30\n-            time.sleep(pause)\n-            try:\n-                return_tuple = self._exec_command(*args, **kwargs)\n-            except Exception as e:\n-                msg = (\"ssh_retry: attempt: %d, caught exception(%s) from cmd \"\n-                       \"(%s).\") % (attempt, e, cmd_summary)\n-                vv(msg)\n-                if attempt == remaining_tries - 1:\n-                    raise e\n-                else:\n-                    continue\n-            # 0 = success\n-            # 1-254 = remote command return code\n-            # 255 = failure from the ssh command itself\n-            if return_tuple[0] != 255:\n-                break\n-            else:\n-                msg = ('ssh_retry: attempt: %d, ssh return code is 255. cmd '\n-                       '(%s).') % (attempt, cmd_summary)\n-                vv(msg)\n-\n-        return return_tuple\n-\n-\n-    def _exec_command(self, cmd, tmp_path, become_user=None, sudoable=False, executable='/bin/sh', in_data=None):\n+    def exec_command(self, cmd, tmp_path, become_user=None, sudoable=False, executable='/bin/sh', in_data=None):\n         ''' run a command on the remote host '''\n \n         if sudoable and self.runner.become and self.runner.become_method not in self.become_methods_supported:"
    },
    {
      "file_path": "v1/ansible/utils/__init__.py",
      "status": "modified",
      "additions": 5,
      "deletions": 3,
      "file_diff": "diff --git a/v1/ansible/utils/__init__.py b/v1/ansible/utils/__init__.py\nindex 7ed07a54c840d3..eb6fa2a712ba89 100644\n--- a/v1/ansible/utils/__init__.py\n+++ b/v1/ansible/utils/__init__.py\n@@ -1024,9 +1024,9 @@ def base_parser(constants=C, usage=\"\", output_opts=False, runas_opts=False,\n \n     if runas_opts:\n         # priv user defaults to root later on to enable detecting when this option was given here\n-        parser.add_option('-K', '--ask-sudo-pass', default=False, dest='ask_sudo_pass', action='store_true',\n+        parser.add_option('-K', '--ask-sudo-pass', default=constants.DEFAULT_ASK_SUDO_PASS, dest='ask_sudo_pass', action='store_true',\n             help='ask for sudo password (deprecated, use become)')\n-        parser.add_option('--ask-su-pass', default=False, dest='ask_su_pass', action='store_true',\n+        parser.add_option('--ask-su-pass', default=constants.DEFAULT_ASK_SU_PASS, dest='ask_su_pass', action='store_true',\n             help='ask for su password (deprecated, use become)')\n         parser.add_option(\"-s\", \"--sudo\", default=constants.DEFAULT_SUDO, action=\"store_true\", dest='sudo',\n             help=\"run operations with sudo (nopasswd) (deprecated, use become)\")\n@@ -1617,7 +1617,9 @@ def _load_vars_from_folder(folder_path, results, vault_password=None):\n     names.sort()\n \n     # do not parse hidden files or dirs, e.g. .svn/\n-    paths = [os.path.join(folder_path, name) for name in names if not name.startswith('.')]\n+    paths = [os.path.join(folder_path, name) for name in names\n+            if not name.startswith('.')\n+            and os.path.splitext(name)[1] in C.YAML_FILENAME_EXTENSIONS]\n     for path in paths:\n         _found, results = _load_vars_from_path(path, results, vault_password=vault_password)\n     return results"
    },
    {
      "file_path": "v1/ansible/utils/module_docs.py",
      "status": "modified",
      "additions": 10,
      "deletions": 1,
      "file_diff": "diff --git a/v1/ansible/utils/module_docs.py b/v1/ansible/utils/module_docs.py\nindex ee99af2cb54dba..c6920571726931 100644\n--- a/v1/ansible/utils/module_docs.py\n+++ b/v1/ansible/utils/module_docs.py\n@@ -23,6 +23,8 @@\n import yaml\n import traceback\n \n+from collections import MutableMapping, MutableSet, MutableSequence\n+\n from ansible import utils\n \n # modules that are ok that they do not have documentation strings\n@@ -86,7 +88,14 @@ def get_docstring(filename, verbose=False):\n                             if not doc.has_key(key):\n                                 doc[key] = value\n                             else:\n-                                doc[key].update(value)\n+                                if isinstance(doc[key], MutableMapping):\n+                                    doc[key].update(value)\n+                                elif isinstance(doc[key], MutableSet):\n+                                    doc[key].add(value)\n+                                elif isinstance(doc[key], MutableSequence):\n+                                    doc[key] = sorted(frozenset(doc[key] + value))\n+                                else:\n+                                    raise Exception(\"Attempt to extend a documentation fragement of unknown type\")\n \n                 if 'EXAMPLES' in (t.id for t in child.targets):\n                     plainexamples = child.value.s[1:]  # Skip first empty line\n"
    }
  ],
  "comments": [],
  "reviews": []
}