{
  "pr_number": 11589,
  "url": "https://github.com/ansible/ansible/pull/11589",
  "title": "Add support for SNI and TLS-1.1 and TLS-1.2 to the fetch_url() helper",
  "author_login": "abadger",
  "state": "MERGED",
  "merged_by_login": "abadger",
  "body": "Fixes #1716\nFixes #1695\n",
  "labels": [
    "P2",
    "bug"
  ],
  "additions": 98,
  "deletions": 18,
  "changed_files_count": 3,
  "changed_files_list": [
    "test/integration/roles/test_get_url/tasks/main.yml",
    "test/integration/roles/test_uri/tasks/main.yml"
  ],
  "files": [
    {
      "file_path": "test/integration/roles/test_get_url/tasks/main.yml",
      "status": "modified",
      "additions": 32,
      "deletions": 0,
      "file_diff": "diff --git a/test/integration/roles/test_get_url/tasks/main.yml b/test/integration/roles/test_get_url/tasks/main.yml\nindex 88ff3b2e21c648..6e3842f6abf373 100644\n--- a/test/integration/roles/test_get_url/tasks/main.yml\n+++ b/test/integration/roles/test_get_url/tasks/main.yml\n@@ -60,3 +60,35 @@\n     that:\n       - \"result.changed == true\"\n       - \"stat_result.stat.exists == true\"\n+\n+# SNI Tests\n+# SNI is only built into the stdlib from python-2.7.9 onwards\n+- name: Test that SNI works\n+  get_url:\n+    # A test site that returns a page with information on what SNI information\n+    # the client sent.  A failure would have the string: did not send a TLS server name indication extension\n+    url: 'https://foo.sni.velox.ch/'\n+    dest: \"{{ output_dir }}/sni.html\"\n+  register: get_url_result\n+  ignore_errors: True\n+\n+- command: \"grep 'sent the following TLS server name indication extension' {{ output_dir}}/sni.html\"\n+  register: data_result\n+  when: \"{{ ansible_python_version | version_compare('2.7.9', '>=') }}\"\n+\n+# If distros start backporting SNI, can make a new conditional based on whether this works:\n+# python -c 'from ssl import SSLContext'\n+- debug: msg=get_url_result\n+- name: Assert that SNI works with this python version\n+  assert:\n+    that:\n+      - 'data_result.rc == 0'\n+      - '\"failed\" not in get_url_result'\n+  when: \"{{ ansible_python_version | version_compare('2.7.9', '>=') }}\"\n+\n+# If the client doesn't support SNI then get_url should have failed with a certificate mismatch\n+- name: Assert that hostname verification failed because SNI is not supported on this version of python\n+  assert:\n+    that:\n+      - 'get_url_result[\"failed\"]'\n+  when: \"{{ ansible_python_version | version_compare('2.7.9', '<') }}\""
    },
    {
      "file_path": "test/integration/roles/test_uri/tasks/main.yml",
      "status": "modified",
      "additions": 6,
      "deletions": 1,
      "file_diff": "diff --git a/test/integration/roles/test_uri/tasks/main.yml b/test/integration/roles/test_uri/tasks/main.yml\nindex 99c6048a59e181..7300578982d448 100644\n--- a/test/integration/roles/test_uri/tasks/main.yml\n+++ b/test/integration/roles/test_uri/tasks/main.yml\n@@ -110,6 +110,11 @@\n       - \"'certificate does not match ' in result.msg\"\n       - \"stat_result.stat.exists == false\"\n \n+- name: Clean up any cruft from the results directory\n+  file:\n+    name: \"{{ output_dir }}/kreitz.html\"\n+    state: absent\n+\n - name: test https fetch to a site with mismatched hostname and certificate and validate_certs=no\n   get_url:\n     url: \"https://kennethreitz.org/\"\n@@ -124,5 +129,5 @@\n - name: Assert that the file was downloaded\n   assert:\n     that:\n-      - \"result.changed == true\"\n       - \"stat_result.stat.exists == true\"\n+      - \"result.changed == true\"\n"
    }
  ],
  "comments": [
    {
      "author_login": "abadger",
      "body": "tickets this fixed are in the ansible-modules-core repo:  https://github.com/ansible/ansible-modules-core/issues/1716\nhttps://github.com/ansible/ansible-modules-core/issues/1695\n"
    }
  ],
  "reviews": []
}