{
  "pr_number": 10707,
  "url": "https://github.com/ansible/ansible/pull/10707",
  "title": "Pylint warning, the method _warning is called warning",
  "author_login": "mscherer",
  "state": "MERGED",
  "merged_by_login": "bcoca",
  "body": "",
  "labels": [
    "bug"
  ],
  "additions": 1,
  "deletions": 1,
  "changed_files_count": 1,
  "changed_files_list": [
    "v2/ansible/utils/display.py"
  ],
  "files": [
    {
      "file_path": "v2/ansible/utils/display.py",
      "status": "modified",
      "additions": 1,
      "deletions": 1,
      "file_diff": "diff --git a/v2/ansible/utils/display.py b/v2/ansible/utils/display.py\nindex f132d4383f9b48..3c96ffec67a5f1 100644\n--- a/v2/ansible/utils/display.py\n+++ b/v2/ansible/utils/display.py\n@@ -114,7 +114,7 @@ def warning(self, msg):\n \n     def system_warning(self, msg):\n         if C.SYSTEM_WARNINGS:\n-            self._warning(msg)\n+            self.warning(msg)\n \n     def banner(self, msg, color=None):\n         '''\n"
    }
  ],
  "comments": [],
  "reviews": []
}