{
  "pr_number": 11271,
  "url": "https://github.com/ansible/ansible/pull/11271",
  "title": "Allow AdHocCLI to be more flexible for overriding",
  "author_login": "sivel",
  "state": "MERGED",
  "merged_by_login": "bcoca",
  "body": "In one of our applications we mimic the `AdHocCLI` functionality.  Now that this class exists we are attempting to reuse more of it's code without having to copy paste.\n\nThe following changes are part of this PR:\n1. Add a `_play_ds` method that can be easily overridden. We already have a dictionary for the args for a module, this allows us to overwrite building the play ds to pass in our already structured data.\n2. Make `TaskQueueManager` an instance attribute of `AdHocCLI`.  We also produce a \"recap\" for adhoc commands to make it easier to see where things change and fail.\n\nBoth of these changes make it easier for us to inherit from `AdHocCLI` and only override small pieces of code without having to copy paste into our project.\n\nThe only thing I question, is whether it would be beneficial for ad-hoc commands to have a recap in ansible itself.\n",
  "labels": [
    "feature"
  ],
  "additions": 13,
  "deletions": 12,
  "changed_files_count": 1,
  "changed_files_list": [
    "ansible/cli/adhoc.py b/lib/ansible/cli/adhoc.py"
  ],
  "files": [
    {
      "file_path": "ansible/cli/adhoc.py b/lib/ansible/cli/adhoc.py",
      "status": "modified",
      "additions": 13,
      "deletions": 12,
      "file_diff": "diff --git a/lib/ansible/cli/adhoc.py b/lib/ansible/cli/adhoc.py\nindex 3607e3ee03d91b..e940a0224f6302 100644\n--- a/lib/ansible/cli/adhoc.py\n+++ b/lib/ansible/cli/adhoc.py\n@@ -65,6 +65,13 @@ def parse(self):\n \n         return True\n \n+    def _play_ds(self, pattern):\n+        return dict(\n+            name = \"Ansible Ad-Hoc\",\n+            hosts = pattern,\n+            gather_facts = 'no',\n+            tasks = [ dict(action=dict(module=self.options.module_name, args=parse_kv(self.options.module_args))), ]\n+        )\n \n     def run(self):\n         ''' use Runner lib to do SSH things '''\n@@ -117,19 +124,13 @@ def run(self):\n         #    results = runner.run()\n \n         # create a pseudo-play to execute the specified module via a single task\n-        play_ds = dict(\n-            name = \"Ansible Ad-Hoc\",\n-            hosts = pattern,\n-            gather_facts = 'no',\n-            tasks = [ dict(action=dict(module=self.options.module_name, args=parse_kv(self.options.module_args))), ]\n-        )\n-\n+        play_ds = self._play_ds(pattern)\n         play = Play().load(play_ds, variable_manager=variable_manager, loader=loader)\n \n         # now create a task queue manager to execute the play\n-        tqm = None\n+        self._tqm = None\n         try:\n-            tqm = TaskQueueManager(\n+            self._tqm = TaskQueueManager(\n                     inventory=inventory,\n                     variable_manager=variable_manager,\n                     loader=loader,\n@@ -138,10 +139,10 @@ def run(self):\n                     passwords=passwords,\n                     stdout_callback='minimal',\n                 )\n-            result = tqm.run(play)\n+            result = self._tqm.run(play)\n         finally:\n-            if tqm:\n-                tqm.cleanup()\n+            if self._tqm:\n+                self._tqm.cleanup()\n \n         return result\n \n"
    }
  ],
  "comments": [],
  "reviews": []
}