{
  "pr_number": 10163,
  "url": "https://github.com/ansible/ansible/pull/10163",
  "title": "Add intro to playbook docs using YAML dictionaries",
  "author_login": "maxamillion",
  "state": "MERGED",
  "merged_by_login": "abadger",
  "body": "Something my team and I have found for working with Playbooks that helps keep them neat and organized is setting modules to be multi-lined, we started with the `>` character for multi-line strings in YAML but that lead to all kinds of odd quoting issues. We've since found in the ec2 module example that Ansible supports YAML dictionaries for the module args, but there aren't any docs on the topic.... so here's some. :)\n",
  "labels": [
    "docs"
  ],
  "additions": 37,
  "deletions": 0,
  "changed_files_count": 1,
  "changed_files_list": [
    "docsite/rst/playbooks_intro.rst"
  ],
  "files": [
    {
      "file_path": "docsite/rst/playbooks_intro.rst",
      "status": "modified",
      "additions": 37,
      "deletions": 0,
      "file_diff": "diff --git a/docsite/rst/playbooks_intro.rst b/docsite/rst/playbooks_intro.rst\nindex ecf8d46de1eae8..4adb5d53a6878b 100644\n--- a/docsite/rst/playbooks_intro.rst\n+++ b/docsite/rst/playbooks_intro.rst\n@@ -73,6 +73,43 @@ For starters, here's a playbook that contains just one play::\n         - name: restart apache\n           service: name=httpd state=restarted\n \n+We can also break task items out over multiple lines using the YAML dictionary\n+types to supply module arguments. This can be helpful when working with tasks\n+that have really long parameters or modules that take many parameters to keep\n+them well structured. Below is another version of the above example but using\n+YAML dictionaries to supply the modules with their key=value arguments.::\n+\n+    ---\n+    - hosts: webservers\n+      vars:\n+        http_port: 80\n+        max_clients: 200\n+      remote_user: root\n+      tasks:\n+      - name: ensure apache is at the latest version\n+        yum:\n+          pkg: httpd\n+          state: latest\n+      - name: write the apache config file\n+        template:\n+          src: /srv/httpd.j2\n+          dest: /etc/httpd.conf\n+        notify:\n+        - restart apache\n+      - name: ensure apache is running\n+        service:\n+          name: httpd\n+          state: started\n+      handlers:\n+        - name: restart apache\n+          service:\n+            name: httpd\n+            state: restarted\n+\n+.. note::\n+\n+    The above example using YAML dictionaries for module arguments can also be accomplished using the YAML multiline string syntax with the `>` character but this can lead to string quoting errors.\n+\n Below, we'll break down what the various features of the playbook language are.\n \n .. _playbook_basics:\n"
    }
  ],
  "comments": [
    {
      "author_login": "MiLk",
      "body": ":+1: \n"
    },
    {
      "author_login": "vincentvdk",
      "body": "Good idea. I started using this format some time ago because it looks cleaner and works better when escaping characters. Imho this should be the preferred method..\n"
    },
    {
      "author_login": "abadger",
      "body": "I'm going to merge this but remove the last paragraph (about yaml multiline strings).  Probably best not to associate multiline strings in association with argument parsing so that people don't feel the need to try them out in the first place.\n"
    },
    {
      "author_login": "abadger",
      "body": "Thanks @maxamillion !\n\n# Merged\n\nHi!\n\nThis has been merged in, and will also be included in the next major release.\n\nIf you or anyone else has any further questions, please let us know by stopping by one of the two mailing lists, as appropriate:\n- https://groups.google.com/forum/#!forum/ansible-project - for user questions, tips, and tricks\n- https://groups.google.com/forum/#!forum/ansible-devel - for strategy, future planning, and questions about writing code\n\nBecause this project is very active, we're unlikely to see comments made on closed tickets, but the mailing list is a great way to ask questions, or post if you don't think this particular\nissue is resolved.\n\nThank you!\n"
    },
    {
      "author_login": "maxamillion",
      "body": "Awesome, thanks @abadger !\n"
    }
  ],
  "reviews": []
}