{
  "pr_number": 11297,
  "url": "https://github.com/ansible/ansible/pull/11297",
  "title": "Simplify serf inventory plugin",
  "author_login": "msabramo",
  "state": "MERGED",
  "merged_by_login": "bcoca",
  "body": "using newly added `EnvironmentConfig` class in `serfclient`.\n\nSee https://github.com/KushalP/serfclient-py/pull/17\n",
  "labels": [
    "feature"
  ],
  "additions": 3,
  "deletions": 12,
  "changed_files_count": 1,
  "changed_files_list": [
    "plugins/inventory/serf.py"
  ],
  "files": [
    {
      "file_path": "plugins/inventory/serf.py",
      "status": "modified",
      "additions": 3,
      "deletions": 12,
      "file_diff": "diff --git a/plugins/inventory/serf.py b/plugins/inventory/serf.py\nindex 3c4cf365c64b3b..dfda4dd855db91 100755\n--- a/plugins/inventory/serf.py\n+++ b/plugins/inventory/serf.py\n@@ -35,7 +35,7 @@\n import sys\n \n # https://pypi.python.org/pypi/serfclient\n-from serfclient.client import SerfClient\n+from serfclient import SerfClient, EnvironmentConfig\n \n try:\n     import json\n@@ -46,17 +46,8 @@\n \n \n def _serf_client():\n-    kwargs = {}\n-\n-    rpc_addr = os.getenv('SERF_RPC_ADDR')\n-    if rpc_addr:\n-        kwargs['host'], kwargs['port'] = rpc_addr.split(':')\n-\n-    rpc_auth = os.getenv('SERF_RPC_AUTH')\n-    if rpc_auth:\n-        kwargs['rpc_auth'] = rpc_auth\n-\n-    return SerfClient(**kwargs)\n+    env = EnvironmentConfig()\n+    return SerfClient(host=env.host, port=env.port, rpc_auth=env.auth_key)\n \n \n def get_serf_members_data():\n"
    }
  ],
  "comments": [],
  "reviews": []
}