{
  "pr_number": 11146,
  "url": "https://github.com/ansible/ansible/pull/11146",
  "title": "Don't set a default on the _become FieldAttribute",
  "author_login": "sivel",
  "state": "MERGED",
  "merged_by_login": "bcoca",
  "body": "This PR addresses #11136 \n\nUltimately it looks like because the `_become` `FieldAttribute` was being defaulted to `False`, it was overriding the specification of `--become` on the CLI.\n\nRemoving the default, seems to work with `ansible`, and `ansible-playbook`, both with setting `become` to `True`/`False` in the playbook, or via the command line.  A value of `False` in the playbook, overrides the CLI.\n",
  "labels": [
    "P1",
    "bug"
  ],
  "additions": 1,
  "deletions": 1,
  "changed_files_count": 1,
  "changed_files_list": [
    "ansible/playbook/become.py b/lib/ansible/playbook/become.py"
  ],
  "files": [
    {
      "file_path": "ansible/playbook/become.py b/lib/ansible/playbook/become.py",
      "status": "modified",
      "additions": 1,
      "deletions": 1,
      "file_diff": "diff --git a/lib/ansible/playbook/become.py b/lib/ansible/playbook/become.py\nindex daa8c80ba943ac..fca28538585917 100644\n--- a/lib/ansible/playbook/become.py\n+++ b/lib/ansible/playbook/become.py\n@@ -27,7 +27,7 @@\n class Become:\n \n     # Privlege escalation\n-    _become              = FieldAttribute(isa='bool', default=False)\n+    _become              = FieldAttribute(isa='bool')\n     _become_method       = FieldAttribute(isa='string')\n     _become_user         = FieldAttribute(isa='string')\n     _become_pass         = FieldAttribute(isa='string')\n"
    }
  ],
  "comments": [],
  "reviews": []
}