{
  "pr_number": 1110,
  "url": "https://github.com/ansible/ansible/pull/1110",
  "title": "Remove assemble action plugin, fix daisychaining",
  "author_login": "dhozac",
  "state": "MERGED",
  "merged_by_login": "mpdehaan",
  "body": "",
  "labels": [],
  "additions": 2,
  "deletions": 43,
  "changed_files_count": 2,
  "changed_files_list": [
    "library/assemble"
  ],
  "files": [
    {
      "file_path": "library/assemble",
      "status": "modified",
      "additions": 2,
      "deletions": 0,
      "file_diff": "diff --git a/library/assemble b/library/assemble\nindex 479badf676e284..d038b714950300 100755\n--- a/library/assemble\n+++ b/library/assemble\n@@ -47,6 +47,8 @@ def write_temp_file(data):\n def main():\n \n     module = AnsibleModule(\n+        # not checking because of daisy chain to file module\n+        check_invalid_arguments = False,\n         argument_spec = dict(\n             src = dict(required=True),\n             dest = dict(required=True),\n"
    }
  ],
  "comments": [
    {
      "author_login": "mpdehaan",
      "body": "deletions are the best part.\n\nmerged, thanks!\n"
    }
  ],
  "reviews": []
}