{
  "pr_number": 10565,
  "url": "https://github.com/ansible/ansible/pull/10565",
  "title": "made sequence more flexible",
  "author_login": "bcoca",
  "state": "MERGED",
  "merged_by_login": "abadger",
  "body": "It can now handle descending and negative sequences and is skipped if start==end\n\nFixes #10401\n",
  "labels": [
    "bug"
  ],
  "additions": 37,
  "deletions": 7,
  "changed_files_count": 2,
  "changed_files_list": [
    "test/integration/roles/test_iterators/tasks/main.yml"
  ],
  "files": [
    {
      "file_path": "test/integration/roles/test_iterators/tasks/main.yml",
      "status": "modified",
      "additions": 18,
      "deletions": 0,
      "file_diff": "diff --git a/test/integration/roles/test_iterators/tasks/main.yml b/test/integration/roles/test_iterators/tasks/main.yml\nindex c95eaff3da4739..b9592aba2f7ed1 100644\n--- a/test/integration/roles/test_iterators/tasks/main.yml\n+++ b/test/integration/roles/test_iterators/tasks/main.yml\n@@ -60,6 +60,10 @@\n   set_fact: \"{{ 'x' + item }}={{ item }}\"\n   with_sequence: start=0 end=3\n \n+- name: test with_sequence backwards\n+  set_fact: \"{{ 'y' + item }}={{ item }}\"\n+  with_sequence: start=3 end=0 stride=-1\n+\n - name: verify with_sequence\n   assert:\n     that:\n@@ -67,6 +71,20 @@\n         - \"x1 == '1'\"\n         - \"x2 == '2'\"\n         - \"x3 == '3'\"\n+        - \"y3 == '3'\"\n+        - \"y2 == '2'\"\n+        - \"y1 == '1'\"\n+        - \"y0 == '0'\"\n+\n+- name: test with_sequence not failing on count == 0\n+  debug: msg='previously failed with backward counting error'\n+  with_sequence: count=0\n+  register: count_of_zero\n+\n+- assert:\n+    that:\n+        - count_of_zero | skipped\n+        - not count_of_zero | failed\n \n # WITH_RANDOM_CHOICE\n \n"
    }
  ],
  "comments": [
    {
      "author_login": "bbasata",
      "body": "@bcoca I'm using this change locally and I see the task skipped when `count=1`. Would you like me to open an issue for this?\n\nI can reproduce as follows:\n\n```\n# sequence1.yml\n---\n- hosts: all\n  tasks:\n    - debug: msg=\"Hello World @ {{ item }}\"\n      with_sequence: count=1\n\n# ansible-playbook -i 'localhost,' -c local sequence1.yml\n\nPLAY [all] ********************************************************************\n\nGATHERING FACTS ***************************************************************\nok: [localhost]\n\nTASK: [debug msg=\"Hello World @ {{ item }}\"] **********************************\nskipping: [localhost]\n\nPLAY RECAP ********************************************************************\nlocalhost                  : ok=1    changed=0    unreachable=0    failed=0\n```\n\n```\n# sequence2.yml\n---\n- hosts: all\n  tasks:\n    - debug: msg=\"Hello World @ {{ item }}\"\n      with_sequence: count=2\n\n# ansible-playbook -i 'localhost,' -c local sequence2.yml\n\nPLAY [all] ********************************************************************\n\nGATHERING FACTS ***************************************************************\nok: [localhost]\n\nTASK: [debug msg=\"Hello World @ {{ item }}\"] **********************************\nok: [localhost] => (item=1) => {\n    \"item\": \"1\",\n    \"msg\": \"Hello World @ 1\"\n}\nok: [localhost] => (item=2) => {\n    \"item\": \"2\",\n    \"msg\": \"Hello World @ 2\"\n}\n\nPLAY RECAP ********************************************************************\nlocalhost                  : ok=2    changed=0    unreachable=0    failed=0\n```\n"
    }
  ],
  "reviews": []
}