{
  "pr_number": 10116,
  "url": "https://github.com/ansible/ansible/pull/10116",
  "title": "add support for local/remote syslog logging",
  "author_login": "r1k0",
  "state": "MERGED",
  "merged_by_login": "bcoca",
  "body": "This plugin will log ansible runs/plays to a syslog server.\nThanks for this great software\n",
  "labels": [
    "feature"
  ],
  "additions": 82,
  "deletions": 0,
  "changed_files_count": 1,
  "changed_files_list": [
    "plugins/callbacks/syslog.py"
  ],
  "files": [
    {
      "file_path": "plugins/callbacks/syslog.py",
      "status": "added",
      "additions": 82,
      "deletions": 0,
      "file_diff": "diff --git a/plugins/callbacks/syslog.py b/plugins/callbacks/syslog.py\nnew file mode 100644\nindex 00000000000000..3629a0880727f8\n--- /dev/null\n+++ b/plugins/callbacks/syslog.py\n@@ -0,0 +1,82 @@\n+import os\n+import json\n+\n+import logging\n+import logging.handlers\n+\n+ansible_logger = logging.getLogger('ansible logger')\n+ansible_logger.setLevel(logging.DEBUG)\n+# change 'localhost' to you IP or add another handler to log locally and remotely\n+handler = logging.handlers.SysLogHandler(address = ('locahost',514), facility=logging.handlers.SysLogHandler.LOG_USER)\n+ansible_logger.addHandler(handler)\n+\n+class CallbackModule(object):\n+    \"\"\"\n+    logs ansible-playbook and ansible runs to a syslog server in json format\n+    make sure you have in ansible.cfg:\n+        callback_plugins   = <path_to_callback_plugins_folder>\n+    and put the plugin in <path_to_callback_plugins_folder>\n+    \"\"\"\n+\n+    def __init__(self):\n+        pass\n+\n+    def on_any(self, *args, **kwargs):\n+        pass\n+\n+    def runner_on_failed(self, host, res, ignore_errors=False):\n+        ansible_logger.info('RUNNER_ON_FAILED ' + host + ' ' + json.dumps(res, sort_keys=True))\n+\n+    def runner_on_ok(self, host, res):\n+        ansible_logger.info('RUNNER_ON_OK ' + host + ' ' + json.dumps(res, sort_keys=True))\n+\n+    def runner_on_skipped(self, host, item=None):\n+        ansible_logger.info('RUNNER_ON_SKIPPED ' + host + ' ...')\n+\n+    def runner_on_unreachable(self, host, res):\n+        ansible_logger.info('RUNNER_UNREACHABLE ' + host + ' ' + json.dumps(res, sort_keys=True))\n+\n+    def runner_on_no_hosts(self):\n+        pass\n+\n+    def runner_on_async_poll(self, host, res):\n+        pass\n+\n+    def runner_on_async_ok(self, host, res):\n+        pass\n+\n+    def runner_on_async_failed(self, host, res):\n+        ansible_logger.info('RUNNER_SYNC_FAILED ' + host + ' ' + json.dumps(res, sort_keys=True))\n+\n+    def playbook_on_start(self):\n+        pass\n+\n+    def playbook_on_notify(self, host, handler):\n+        pass\n+\n+    def playbook_on_no_hosts_matched(self):\n+        pass\n+\n+    def playbook_on_no_hosts_remaining(self):\n+        pass\n+\n+    def playbook_on_task_start(self, name, is_conditional):\n+        pass\n+\n+    def playbook_on_vars_prompt(self, varname, private=True, prompt=None, encrypt=None, confirm=False, salt_size=None, salt=None, default=None):\n+        pass\n+\n+    def playbook_on_setup(self):\n+        pass\n+\n+    def playbook_on_import_for_host(self, host, imported_file):\n+        ansible_logger.info('PLAYBOOK_ON_IMPORTED ' + host + ' ' + json.dumps(res, sort_keys=True))\n+\n+    def playbook_on_not_import_for_host(self, host, missing_file):\n+        ansible_logger.info('PLAYBOOK_ON_NOTIMPORTED ' + host + ' ' + json.dumps(res, sort_keys=True))\n+\n+    def playbook_on_play_start(self, name):\n+        pass\n+\n+    def playbook_on_stats(self, stats):\n+        pass\n"
    }
  ],
  "comments": [
    {
      "author_login": "bcoca",
      "body": "provides feature requested in #10019\n"
    },
    {
      "author_login": "alxgu",
      "body": "Possibly you could change the adress and port to be variable and configurable by/in ansible.cfg?\nThanks!\n"
    },
    {
      "author_login": "r1k0",
      "body": "yes it's doable, not sure if they'll merge it but it's a good idea. \n\nWill look into it \n\nOn 2015-01-30 15:29, alxgu wrote: \n\n> Possibly you could change the adress and port to be variable and configurable by/in ansible.cfg?\n> Thanks! \n> \n> ## \n> \n> Reply to this email directly or view it on GitHub [1].\n\n## Links:\n\n[1] https://github.com/ansible/ansible/pull/10116#issuecomment-72208904\n"
    },
    {
      "author_login": "r1k0",
      "body": "I meant I'm not sure a plugin should have its config variable in ansible.cfg (since it's a plugin).\n"
    },
    {
      "author_login": "alxgu",
      "body": "@bcoca what it the recommended way to configure a plugin? \n"
    },
    {
      "author_login": "bcoca",
      "body": "as you have it now, there is no facility to configure the callback plugins currently, most just output to screen\n"
    },
    {
      "author_login": "galindro",
      "body": "@bcoca , I've tested this code with ansible 1.9.1 and got this error:\n\n``` bash\n# ansible-playbook rds_change_instance_type.yml\nTraceback (most recent call last):\n  File \"/usr/bin/ansible-playbook\", line 324, in <module>\n    sys.exit(main(sys.argv[1:]))\n  File \"/usr/bin/ansible-playbook\", line 210, in main\n    force_handlers=options.force_handlers,\n  File \"/usr/local/lib/python2.7/dist-packages/ansible/playbook/__init__.py\", line 181, in __init__\n    ansible.callbacks.load_callback_plugins()\n  File \"/usr/local/lib/python2.7/dist-packages/ansible/callbacks.py\", line 51, in load_callback_plugins\n    callback_plugins = [x for x in utils.plugins.callback_loader.all()]\n  File \"/usr/local/lib/python2.7/dist-packages/ansible/utils/plugins.py\", line 233, in all\n    yield getattr(self._module_cache[path], self.class_name)(*args, **kwargs)\n  File \"/home/galindro/Dropbox/e/Bruno/sb/git_repos/infra/ansible/callback_plugins/syslog_json.py\", line 29, in __init__\n    self.logger.addHandler(handler)\nNameError: global name 'handler' is not defined\n```\n\nThis is probably happening because I don't added this piece of code, as pointed by @r1k0 \n\n``` bash\nroot ~ # diff /usr/bin/ansible /usr/bin/ansible.orig\n195,203d194\n< \n<         import logging\n<         import logging.handlers\n<         ansible_logger = logging.getLogger('ansible logger')\n<         ansible_logger.setLevel(logging.DEBUG)\n<         handler = logging.handlers.SysLogHandler(address = ('localhost',514), facility=19)\n<         ansible_logger.addHandler(handler)\n<         ansible_logger.info('OK' + ' ' + str(results))\n< \nroot ~ # \n```\n\nBut @r1k0 says that this code must be inserted in /usr/bin/ansible, not in /usr/bin/ansible-playbook. \n\n@r1k0 how could I use your plugin with ansible-playbook?\n"
    },
    {
      "author_login": "r1k0",
      "body": "@galindro,\nWill have a look at it tomorrow and come back to you.\n"
    },
    {
      "author_login": "galindro",
      "body": "Tks @r1k0 \n"
    },
    {
      "author_login": "r1k0",
      "body": "I recall I could log using ansible with the diff but I do not advise to use it.\nTo log using ansible-playbook, you need to put the plugin file  under callback_plugins.\n\ntake https://github.com/ansible/ansible/blob/devel/plugins/callbacks/syslog_json.py\nput it under callback_plugins\ncheck ansible.cfg that you have a correct path for callback_plugins   = <pathtoyour own callbackpluging folder>\n\nrun ansible-playbook, check syslog server that stuff has been written.\nthat should  work.\n"
    },
    {
      "author_login": "r1k0",
      "body": "note that the syslog plugin has been updated to use env variables for SYSLOG_SERVER and SYSLOG_PORT\n\nso before running ansible-playbook make sure of:\n$ SYSLOG_SERVER = 1.1.1.1; SYSLOG_PORT= 514\n$ export SYSLOG_SERVER; export SYSLOG_PORT\n\nor change the plugin and harcode your values if you don't like the env vars.\n"
    },
    {
      "author_login": "galindro",
      "body": "@r1k0 I've used it exactly as you said, but it not works. As you could see in error message, when ansible-playbook executable calls ansible.callbacks.load_callback_plugins() method, the CallbackModule class trows an error on this line:\n\n``` python\nself.logger.addHandler(handler)\n```\n\nAfter change it to `python self.logger.addHandler(self.handler)`, the plugin worked very well.\n"
    },
    {
      "author_login": "r1k0",
      "body": "good catch\nI'm still  on my old non updated plugin so I didn't have this issue.\nPlease fork the repo and push back that patch.\nSeems like the update has not been tested before being pushed.\n"
    },
    {
      "author_login": "galindro",
      "body": "Done: https://github.com/ansible/ansible/pull/11511\n\nI've made some improvements in message log format to facilitate parsing.\n"
    },
    {
      "author_login": "r1k0",
      "body": "thx for your feedback, I will benefit from it ^^ \nthank you\n"
    },
    {
      "author_login": "galindro",
      "body": "You're welcome\n:)\n"
    }
  ],
  "reviews": []
}