{
  "pr_number": 11072,
  "url": "https://github.com/ansible/ansible/pull/11072",
  "title": "added windows module checklist",
  "author_login": "bcoca",
  "state": "MERGED",
  "merged_by_login": "bcoca",
  "body": "cc @jhawkesworth\n",
  "labels": [
    "windows",
    "docs"
  ],
  "additions": 48,
  "deletions": 0,
  "changed_files_count": 1,
  "changed_files_list": [
    "docsite/rst/developing_modules.rst"
  ],
  "files": [
    {
      "file_path": "docsite/rst/developing_modules.rst",
      "status": "modified",
      "additions": 48,
      "deletions": 0,
      "file_diff": "diff --git a/docsite/rst/developing_modules.rst b/docsite/rst/developing_modules.rst\nindex ddd4e90c82a3a3..0763814a1aab9c 100644\n--- a/docsite/rst/developing_modules.rst\n+++ b/docsite/rst/developing_modules.rst\n@@ -490,6 +490,54 @@ Module checklist\n * If you are asking 'how can i have a module execute other modules' ... you want to write a role\n \n \n+Windows modules checklist\n+`````````````````````````\n+* Favour native powershell and .net ways of doing things over calls to COM libraries or calls to native executables which may or may not be present in all versions of windows\n+* modules are in powershell (.ps1 files) but the docs reside in same name python file (.py)\n+* look at ansible/lib/ansible/module_utils/powershell.ps1 for commmon code, avoid duplication\n+* start with::\n+\n+    #!powershell\n+\n+then::\n+    <GPL header>\n+then::\n+    # WANT_JSON\n+    # POWERSHELL_COMMON\n+\n+* Arguments:\n+    * Try and use state present and state absent like other modules\n+    * You need to check that all your mandatory args are present::\n+\n+        If ($params.state) {\n+            $state = $params.state.ToString().ToLower()\n+            If (($state -ne 'started') -and ($state -ne 'stopped') -and ($state -ne 'restarted')) {\n+                Fail-Json $result \"state is '$state'; must be 'started', 'stopped', or 'restarted'\"\n+            }\n+        }\n+\n+    * Look at existing modules for more examples of argument checking.\n+\n+* Results\n+    * The result object should allways contain an attribute called changed set to either $true or $false\n+    * Create your result object like this::\n+\n+        $result = New-Object psobject @{\n+        changed = $false\n+        other_result_attribute = $some_value\n+        };\n+\n+        If all is well, exit with a\n+        Exit-Json $result\n+\n+    * Ensure anything you return, including errors can be converted to json.\n+    * Be aware that because exception messages could contain almost anything.\n+    * ConvertTo-Json will fail if it encounters a trailing \\ in a string.\n+    * If all is not well use Fail-Json to exit.\n+\n+* Have you tested for powershell 3.0 and 4.0 compliance?\n+\n+\n Deprecating and making module aliases\n ``````````````````````````````````````\n \n"
    }
  ],
  "comments": [
    {
      "author_login": "jhawkesworth",
      "body": "Thanks for picking this up.  Spotted a typo, I'll annotate it now.\n"
    },
    {
      "author_login": "jhawkesworth",
      "body": "Typo - should be 'Arguments'\n",
      "file_path": "docsite/rst/developing_modules.rst",
      "diff_hunk": "@@ -490,6 +490,47 @@ Module checklist\n * If you are asking 'how can i have a module execute other modules' ... you want to write a role\n \n \n+Windows modules checklist\n+`````````````````````````\n+* Favour native powershell and .net ways of doing things over calls to COM libraries or calls to native executables which may or may not be present in all versions of windows\n+* modules are in powershell (.ps1 files) but the docs reside in same name python file (.py)\n+* look at ansible/lib/ansible/module_utils/powershell.ps1 for commmon code, avoid duplication\n+* start with::\n+\n+    #!powershell\n+\n+then::\n+    <GPL header>\n+then::\n+    # WANT_JSON\n+    # POWERSHELL_COMMON\n+\n+* Arugments:",
      "comment_type": "review_comment"
    },
    {
      "author_login": "jhawkesworth",
      "body": "Not sure how this will get rendered but I intended 'If all is well, exit with a' not to be part of the code example, just another bullet point.\n",
      "file_path": "docsite/rst/developing_modules.rst",
      "diff_hunk": "@@ -490,6 +490,47 @@ Module checklist\n * If you are asking 'how can i have a module execute other modules' ... you want to write a role\n \n \n+Windows modules checklist\n+`````````````````````````\n+* Favour native powershell and .net ways of doing things over calls to COM libraries or calls to native executables which may or may not be present in all versions of windows\n+* modules are in powershell (.ps1 files) but the docs reside in same name python file (.py)\n+* look at ansible/lib/ansible/module_utils/powershell.ps1 for commmon code, avoid duplication\n+* start with::\n+\n+    #!powershell\n+\n+then::\n+    <GPL header>\n+then::\n+    # WANT_JSON\n+    # POWERSHELL_COMMON\n+\n+* Arugments:\n+    * Try and use state present and state absent like other modules\n+    * You need to check that all your mandatory args are present, no boiler plate code yet\n+    * Look at existing modules for examples of argument checking.\n+\n+\n+* Results\n+    * The result object should allways contain an attribute called changed set to either $true or $false\n+    * Create your result object like this::\n+\n+        $result = New-Object psobject @{\n+        changed = $false\n+        other_result_attribute = $some_value\n+        };\n+\n+        If all is well, exit with a",
      "comment_type": "review_comment"
    },
    {
      "author_login": "jhawkesworth",
      "body": "remove ', no boiler plate code yet' and add ' like this::\n\n```\nIf ($params.state) {\n    $state = $params.state.ToString().ToLower()\n    If (($state -ne 'started') -and ($state -ne 'stopped') -and ($state -ne 'restarted')) {\n        Fail-Json $result \"state is '$state'; must be 'started', 'stopped', or 'restarted'\"\n    }\n}\n```\n",
      "file_path": "docsite/rst/developing_modules.rst",
      "diff_hunk": "@@ -490,6 +490,47 @@ Module checklist\n * If you are asking 'how can i have a module execute other modules' ... you want to write a role\n \n \n+Windows modules checklist\n+`````````````````````````\n+* Favour native powershell and .net ways of doing things over calls to COM libraries or calls to native executables which may or may not be present in all versions of windows\n+* modules are in powershell (.ps1 files) but the docs reside in same name python file (.py)\n+* look at ansible/lib/ansible/module_utils/powershell.ps1 for commmon code, avoid duplication\n+* start with::\n+\n+    #!powershell\n+\n+then::\n+    <GPL header>\n+then::\n+    # WANT_JSON\n+    # POWERSHELL_COMMON\n+\n+* Arugments:\n+    * Try and use state present and state absent like other modules\n+    * You need to check that all your mandatory args are present, no boiler plate code yet",
      "comment_type": "review_comment"
    },
    {
      "author_login": "bcoca",
      "body": "i'll try to figure it out, otherwise i'll leave as is\n",
      "file_path": "docsite/rst/developing_modules.rst",
      "diff_hunk": "@@ -490,6 +490,47 @@ Module checklist\n * If you are asking 'how can i have a module execute other modules' ... you want to write a role\n \n \n+Windows modules checklist\n+`````````````````````````\n+* Favour native powershell and .net ways of doing things over calls to COM libraries or calls to native executables which may or may not be present in all versions of windows\n+* modules are in powershell (.ps1 files) but the docs reside in same name python file (.py)\n+* look at ansible/lib/ansible/module_utils/powershell.ps1 for commmon code, avoid duplication\n+* start with::\n+\n+    #!powershell\n+\n+then::\n+    <GPL header>\n+then::\n+    # WANT_JSON\n+    # POWERSHELL_COMMON\n+\n+* Arugments:\n+    * Try and use state present and state absent like other modules\n+    * You need to check that all your mandatory args are present, no boiler plate code yet\n+    * Look at existing modules for examples of argument checking.\n+\n+\n+* Results\n+    * The result object should allways contain an attribute called changed set to either $true or $false\n+    * Create your result object like this::\n+\n+        $result = New-Object psobject @{\n+        changed = $false\n+        other_result_attribute = $some_value\n+        };\n+\n+        If all is well, exit with a",
      "comment_type": "review_comment"
    }
  ],
  "reviews": []
}