{
  "pr_number": 1066,
  "url": "https://github.com/ansible/ansible/pull/1066",
  "title": "Added DOCUMENTATION to lineinfile module",
  "author_login": "jpmens",
  "state": "MERGED",
  "merged_by_login": "mpdehaan",
  "body": "YAML formatting is improving ... \n",
  "labels": [],
  "additions": 53,
  "deletions": 0,
  "changed_files_count": 1,
  "changed_files_list": [
    "library/lineinfile"
  ],
  "files": [
    {
      "file_path": "library/lineinfile",
      "status": "modified",
      "additions": 53,
      "deletions": 0,
      "file_diff": "diff --git a/library/lineinfile b/library/lineinfile\nindex 8405dc6637db7d..61bc1910c75340 100755\n--- a/library/lineinfile\n+++ b/library/lineinfile\n@@ -21,6 +21,59 @@\n import re\n import os\n \n+DOCUMENTATION = '''\n+---\n+module: lineinfile\n+short_description: Ensure a particular line is in a file\n+description:\n+  - This module will search a file for a line, and ensure that it is present or absent.\n+  - This is primarily useful when you want to change a single line in a\n+    file only. For other cases, see the M(copy) or M(template) modules.\n+version_added: \"0.7\"\n+options:\n+  - name:\n+      required: true\n+      description:\n+        - The file to modify\n+  - regexp:\n+      required: true\n+      description:\n+        - The regular expression to look for in the file. For I(state=present),\n+          the pattern to replace. For I(state=absent), the pattern of the line\n+          to remove.\n+  - state:\n+      required: false\n+      choices: [ present, absent ]\n+      default: \"present\"\n+      aliases: []\n+      description:\n+        - Whether the line should be there or not.\n+  - line:\n+      required: false\n+      description:\n+        - Required for I(state=present). The line to insert/replace into the\n+          file. Must match the value given to C(regexp).\n+  - insertafter:\n+      required: false\n+      default: EOF\n+      description:\n+        - Used with I(state=present). If specified, the line will be inserted\n+          after the specified regular expression. Two special values are\n+          available; C(BOF) for inserting the line at the beginning of the\n+          file, and C(EOF) for inserting the line at the end of the file.\n+      choices: [ BOF, EOF ]\n+      default: EOF\n+  - backup:\n+       required: false\n+       default: no\n+       description:\n+         - Create a backup file including the timestamp information so you can\n+           get the original file back if you somehow clobbered it incorrectly.\n+examples:\n+   - code: lineinfile name=/etc/selinux/config regexp=^SELINUX= line=SELINUX=disabled\n+   - code: lineinfile name=/etc/sudoers state=absent regexp=\"^%wheel\"\n+'''\n+\n def present(module, name, regexp, line, insertafter, backup):\n     f = open(name, 'rb')\n     lines = f.readlines()\n"
    }
  ],
  "comments": [
    {
      "author_login": "mpdehaan",
      "body": "Merged, thanks!\n"
    }
  ],
  "reviews": []
}