{
  "pr_number": 11360,
  "url": "https://github.com/ansible/ansible/pull/11360",
  "title": "Clarify that setting ssh_args trumps control_path",
  "author_login": "mrwacky42",
  "state": "MERGED",
  "merged_by_login": "bcoca",
  "body": "",
  "labels": [
    "docs"
  ],
  "additions": 2,
  "deletions": 2,
  "changed_files_count": 1,
  "changed_files_list": [
    "docsite/rst/intro_configuration.rst"
  ],
  "files": [
    {
      "file_path": "docsite/rst/intro_configuration.rst",
      "status": "modified",
      "additions": 2,
      "deletions": 2,
      "file_diff": "diff --git a/docsite/rst/intro_configuration.rst b/docsite/rst/intro_configuration.rst\nindex ca5d581779660c..f8671fb5f1f253 100644\n--- a/docsite/rst/intro_configuration.rst\n+++ b/docsite/rst/intro_configuration.rst\n@@ -680,7 +680,7 @@ If set, this will pass a specific set of options to Ansible rather than Ansible'\n     ssh_args = -o ControlMaster=auto -o ControlPersist=60s\n \n In particular, users may wish to raise the ControlPersist time to encourage performance.  A value of 30 minutes may\n-be appropriate.\n+be appropriate. If `ssh_args` is set, the default ``control_path`` setting is not used.\n \n .. _control_path:\n \n@@ -700,7 +700,7 @@ may wish to shorten the string to something like the below::\n \n Ansible 1.4 and later will instruct users to run with \"-vvvv\" in situations where it hits this problem\n and if so it is easy to tell there is too long of a Control Path filename.  This may be frequently\n-encountered on EC2.\n+encountered on EC2. This setting is ignored if ``ssh_args`` is set.\n \n .. _scp_if_ssh:\n \n"
    }
  ],
  "comments": [
    {
      "author_login": "bcoca",
      "body": "misspelled \"ignored\", though 'overridden by' might be more appropriate\n"
    },
    {
      "author_login": "mrwacky42",
      "body": "Rebased, fixed embarrassing spelling.\n"
    },
    {
      "author_login": "bcoca",
      "body": "he, no worries, I probably have caused the highest number of PRs to correct spelling\n"
    }
  ],
  "reviews": []
}