{
  "pr_number": 10749,
  "url": "https://github.com/ansible/ansible/pull/10749",
  "title": "Fixed a few typos in the become documentation",
  "author_login": "phips",
  "state": "MERGED",
  "merged_by_login": "bcoca",
  "body": "Just corrected some tiny typos.\n",
  "labels": [
    "P2",
    "docs"
  ],
  "additions": 5,
  "deletions": 5,
  "changed_files_count": 1,
  "changed_files_list": [
    "docsite/rst/become.rst"
  ],
  "files": [
    {
      "file_path": "docsite/rst/become.rst",
      "status": "modified",
      "additions": 5,
      "deletions": 5,
      "file_diff": "diff --git a/docsite/rst/become.rst b/docsite/rst/become.rst\nindex dd2d9b140cd842..70b781887a0a77 100644\n--- a/docsite/rst/become.rst\n+++ b/docsite/rst/become.rst\n@@ -23,7 +23,7 @@ become_user\n     equivalent to adding sudo_user: or su_user: to a play or task\n \n become_method\n-    at play or task level overrides the default method set in ansibile.cfg\n+    at play or task level overrides the default method set in ansible.cfg\n \n \n New ansible_ variables\n@@ -31,16 +31,16 @@ New ansible_ variables\n Each allows you to set an option per group and/or host\n \n ansible_become\n-    equivalent to ansible_sudo or ansbile_su, allows to force privilege escalation\n+    equivalent to ansible_sudo or ansible_su, allows to force privilege escalation\n \n ansible_become_method\n     allows to set privilege escalation method\n \n ansible_become_user\n-    equivalent to ansible_sudo_user or ansbile_su_user, allows to set the user you become through privilege escalation\n+    equivalent to ansible_sudo_user or ansible_su_user, allows to set the user you become through privilege escalation\n \n ansible_become_pass\n-    equivalent to ansible_sudo_pass or ansbile_su_pass, allows you to set the privilege escalation password\n+    equivalent to ansible_sudo_pass or ansible_su_pass, allows you to set the privilege escalation password\n \n \n New command line options\n@@ -50,7 +50,7 @@ New command line options\n     ask for privilege escalation password\n \n -b, --become\n-    run operations with become (no passorwd implied)\n+    run operations with become (no password implied)\n \n --become-method=BECOME_METHOD\n     privilege escalation method to use (default=sudo),\n"
    }
  ],
  "comments": [],
  "reviews": []
}