{
  "pr_number": 10558,
  "url": "https://github.com/ansible/ansible/pull/10558",
  "title": "Always define error before using it",
  "author_login": "hagbarddenstore",
  "state": "MERGED",
  "merged_by_login": "bcoca",
  "body": "When the error reason is \"Forbidden\", the code throws a Python exception\nrather than simply outputting the exception reason.\n\nIt's not nice to throw a Python exception when all the info to display\na proper message is available.\n",
  "labels": [
    "P2",
    "bug"
  ],
  "additions": 2,
  "deletions": 0,
  "changed_files_count": 1,
  "changed_files_list": [
    "plugins/inventory/ec2.py"
  ],
  "files": [
    {
      "file_path": "plugins/inventory/ec2.py",
      "status": "modified",
      "additions": 2,
      "deletions": 0,
      "file_diff": "diff --git a/plugins/inventory/ec2.py b/plugins/inventory/ec2.py\nindex 5f7bd061d7210d..e93df1053d1e53 100755\n--- a/plugins/inventory/ec2.py\n+++ b/plugins/inventory/ec2.py\n@@ -382,6 +382,8 @@ def get_rds_instances_by_region(self, region):\n                 for instance in instances:\n                     self.add_rds_instance(instance, region)\n         except boto.exception.BotoServerError, e:\n+            error = e.reason\n+            \n             if e.error_code == 'AuthFailure':\n                 error = self.get_auth_error_message()\n             if not e.reason == \"Forbidden\":\n"
    }
  ],
  "comments": [],
  "reviews": []
}