{
  "pr_number": 10188,
  "url": "https://github.com/ansible/ansible/pull/10188",
  "title": "Update playbooks_delegation.rst",
  "author_login": "simontite-capita-ti",
  "state": "MERGED",
  "merged_by_login": "bcoca",
  "body": "There's a space missing \"hosts:127.0.0.1\" should be \"hosts: 127.0.0.1\"\n",
  "labels": [
    "docs"
  ],
  "additions": 1,
  "deletions": 1,
  "changed_files_count": 1,
  "changed_files_list": [
    "docsite/rst/playbooks_delegation.rst"
  ],
  "files": [
    {
      "file_path": "docsite/rst/playbooks_delegation.rst",
      "status": "modified",
      "additions": 1,
      "deletions": 1,
      "file_diff": "diff --git a/docsite/rst/playbooks_delegation.rst b/docsite/rst/playbooks_delegation.rst\nindex 483a24edbc3e26..8f672791adde25 100644\n--- a/docsite/rst/playbooks_delegation.rst\n+++ b/docsite/rst/playbooks_delegation.rst\n@@ -175,7 +175,7 @@ It may be useful to use a playbook locally, rather than by connecting over SSH.\n for assuring the configuration of a system by putting a playbook on a crontab.  This may also be used\n to run a playbook inside an OS installer, such as an Anaconda kickstart.\n \n-To run an entire playbook locally, just set the \"hosts:\" line to \"hosts:127.0.0.1\" and then run the playbook like so::\n+To run an entire playbook locally, just set the \"hosts:\" line to \"hosts: 127.0.0.1\" and then run the playbook like so::\n \n     ansible-playbook playbook.yml --connection=local\n \n"
    }
  ],
  "comments": [],
  "reviews": []
}