{
  "pr_number": 10070,
  "url": "https://github.com/ansible/ansible/pull/10070",
  "title": "ignore VERSION file in ansible-doc",
  "author_login": "rpe-github",
  "state": "MERGED",
  "merged_by_login": "bcoca",
  "body": "**Issue Type:**\n\nBugfix Pull Request\n\n**Ansible Version:**\n\n```\nansible 1.8.2\n  configured module search path = None\n```\n\n**Environment:**\n\n`OpenBSD 5.7-beta (GENERIC.MP) #791: Sat Jan 17 21:24:04 MST 2015`\n\n**Summary:**\n\nUsing \"ansible-doc -l\" produces a python traceback when it tries to parse the VERSION files inside the modules directories. The VERSION file is missing in the IGNORE_FILES list.\n\n```\nTraceback (most recent call last):\n  File \"/usr/local/lib/python2.7/site-packages/ansible/utils/module_docs.py\", line 50, in get_docstring\n    M = ast.parse(''.join(open(filename)))\n  File \"/usr/local/lib/python2.7/ast.py\", line 37, in parse\n    return compile(source, filename, mode, PyCF_ONLY_AST)\n  File \"<unknown>\", line 1\n    1.8.2\n        ^\nSyntaxError: invalid syntax\nTraceback (most recent call last):\n  File \"/usr/local/bin/ansible-doc\", line 189, in get_module_list_text\n    desc = tty_ify(doc.get('short_description', '?')).strip()\nAttributeError: 'NoneType' object has no attribute 'get'\nERROR: module VERSION has a documentation error formatting or is missing documentation\n```\n\nSteps To Reproduce:\n- install ansible 1.8.2 package or clone devel branch with git\n- run \"ansible-doc -l\"\n\n**Expected Results:**\n\nList of modules\n\n**Actual Results:**\n\nThe traceback (see above) appears while ansible-doc is parsing the module files. After that,  it lists the modules.\n",
  "labels": [
    "P2",
    "bug"
  ],
  "additions": 1,
  "deletions": 1,
  "changed_files_count": 1,
  "changed_files_list": [
    "bin/ansible-doc"
  ],
  "files": [
    {
      "file_path": "bin/ansible-doc",
      "status": "modified",
      "additions": 1,
      "deletions": 1,
      "file_diff": "diff --git a/bin/ansible-doc b/bin/ansible-doc\nindex 36db3dff42dd7c..44200366775791 100755\n--- a/bin/ansible-doc\n+++ b/bin/ansible-doc\n@@ -34,7 +34,7 @@ import traceback\n MODULEDIR = C.DEFAULT_MODULE_PATH\n \n BLACKLIST_EXTS = ('.pyc', '.swp', '.bak', '~', '.rpm')\n-IGNORE_FILES = [ \"COPYING\", \"CONTRIBUTING\", \"LICENSE\", \"README\" ]\n+IGNORE_FILES = [ \"COPYING\", \"CONTRIBUTING\", \"LICENSE\", \"README\", \"VERSION\"]\n \n _ITALIC = re.compile(r\"I\\(([^)]+)\\)\")\n _BOLD   = re.compile(r\"B\\(([^)]+)\\)\")\n"
    }
  ],
  "comments": [],
  "reviews": []
}