{
  "pr_number": 10664,
  "url": "https://github.com/ansible/ansible/pull/10664",
  "title": "WinRM Connection Fixes",
  "author_login": "cchurch",
  "state": "MERGED",
  "merged_by_login": "bcoca",
  "body": "Fixes ExecutionPolicy issue described in https://groups.google.com/d/topic/ansible-devel/yXqHS6oEBpg/discussion and introduced by #9602.\n\nFixes auth issues when kerberos is installed but not required for connection.  Described in #10577 and https://groups.google.com/d/topic/ansible-project/NnT-4BwISuM/discussion, alternate implementation to #10644.\n\nRemove winrm connection cache.  Only useful when connecting to a single host.  Fixes issue from #10391.\n",
  "labels": [
    "P2",
    "windows",
    "bug"
  ],
  "additions": 8,
  "deletions": 15,
  "changed_files_count": 2,
  "changed_files_list": [
    "ansible/runner/shell_plugins/powershell.py b/lib/ansible/runner/shell_plugins/powershell.py"
  ],
  "files": [
    {
      "file_path": "ansible/runner/shell_plugins/powershell.py b/lib/ansible/runner/shell_plugins/powershell.py",
      "status": "modified",
      "additions": 1,
      "deletions": 1,
      "file_diff": "diff --git a/lib/ansible/runner/shell_plugins/powershell.py b/lib/ansible/runner/shell_plugins/powershell.py\nindex 50b759ae63389e..850b380eddb997 100644\n--- a/lib/ansible/runner/shell_plugins/powershell.py\n+++ b/lib/ansible/runner/shell_plugins/powershell.py\n@@ -57,7 +57,7 @@ def _build_file_cmd(cmd_parts, quote_args=True):\n     '''Build command line to run a file, given list of file name plus args.'''\n     if quote_args:\n         cmd_parts = ['\"%s\"' % x for x in cmd_parts]\n-    return ' '.join(['&'] + cmd_parts)\n+    return ' '.join(_common_args + ['-ExecutionPolicy', 'Unrestricted', '-File'] + cmd_parts)\n \n class ShellModule(object):\n \n"
    }
  ],
  "comments": [],
  "reviews": []
}