{
  "pr_number": 11409,
  "url": "https://github.com/ansible/ansible/pull/11409",
  "title": "change 'stage' to 'staging', as it a much more common term for a pre-…",
  "author_login": "erikdw",
  "state": "MERGED",
  "merged_by_login": "abadger",
  "body": "…production environment, and there are already many references to 'staging' appearing in the ansible code and docs, so let's be consistent\n",
  "labels": [
    "docs"
  ],
  "additions": 18,
  "deletions": 18,
  "changed_files_count": 3,
  "changed_files_list": [
    "docsite/rst/test_strategies.rst",
    "plugins/inventory/ec2.ini"
  ],
  "files": [
    {
      "file_path": "docsite/rst/test_strategies.rst",
      "status": "modified",
      "additions": 5,
      "deletions": 5,
      "file_diff": "diff --git a/docsite/rst/test_strategies.rst b/docsite/rst/test_strategies.rst\nindex a3abf160906bef..03792c3f9946b1 100644\n--- a/docsite/rst/test_strategies.rst\n+++ b/docsite/rst/test_strategies.rst\n@@ -114,14 +114,14 @@ Testing Lifecycle\n \n If writing some degree of basic validation of your application into your playbooks, they will run every time you deploy.\n \n-As such, deploying into a local development VM and a stage environment will both validate that things are according to plan\n+As such, deploying into a local development VM and a staging environment will both validate that things are according to plan\n ahead of your production deploy.\n \n Your workflow may be something like this::\n \n     - Use the same playbook all the time with embedded tests in development\n-    - Use the playbook to deploy to a stage environment (with the same playbooks) that simulates production\n-    - Run an integration test battery written by your QA team against stage\n+    - Use the playbook to deploy to a staging environment (with the same playbooks) that simulates production\n+    - Run an integration test battery written by your QA team against staging\n     - Deploy to production, with the same integrated tests.\n \n Something like an integration test battery should be written by your QA team if you are a production webservice.  This would include\n@@ -213,7 +213,7 @@ If desired, the above techniques may be extended to enable continuous deployment\n The workflow may look like this::\n \n     - Write and use automation to deploy local development VMs\n-    - Have a CI system like Jenkins deploy to a stage environment on every code change\n+    - Have a CI system like Jenkins deploy to a staging environment on every code change\n     - The deploy job calls testing scripts to pass/fail a build on every deploy\n     - If the deploy job succeeds, it runs the same deploy playbook against production inventory\n \n@@ -241,7 +241,7 @@ as part of a Continuous Integration/Continuous Delivery pipeline, as is covered\n \n The focus should not be on infrastructure testing, but on application testing, so we strongly encourage getting together with your\n QA team and ask what sort of tests would make sense to run every time you deploy development VMs, and which sort of tests they would like\n-to run against the stage environment on every deploy.  Obviously at the development stage, unit tests are great too.  But don't unit\n+to run against the staging environment on every deploy.  Obviously at the development stage, unit tests are great too.  But don't unit\n test your playbook.  Ansible describes states of resources declaratively, so you don't have to.  If there are cases where you want\n to be sure of something though, that's great, and things like stat/assert are great go-to modules for that purpose.\n "
    },
    {
      "file_path": "plugins/inventory/ec2.ini",
      "status": "modified",
      "additions": 6,
      "deletions": 6,
      "file_diff": "diff --git a/plugins/inventory/ec2.ini b/plugins/inventory/ec2.ini\nindex 6583160f0f7b7d..1d7428b2edad2b 100644\n--- a/plugins/inventory/ec2.ini\n+++ b/plugins/inventory/ec2.ini\n@@ -91,10 +91,10 @@ group_by_rds_engine = True\n group_by_rds_parameter_group = True\n \n # If you only want to include hosts that match a certain regular expression\n-# pattern_include = stage-*\n+# pattern_include = staging-*\n \n # If you want to exclude any hosts that match a certain regular expression\n-# pattern_exclude = stage-*\n+# pattern_exclude = staging-*\n \n # Instance filters can be used to control which instances are retrieved for\n # inventory. For the full list of possible filters, please read the EC2 API\n@@ -102,14 +102,14 @@ group_by_rds_parameter_group = True\n # Filters are key/value pairs separated by '=', to list multiple filters use\n # a list separated by commas. See examples below.\n \n-# Retrieve only instances with (key=value) env=stage tag\n-# instance_filters = tag:env=stage\n+# Retrieve only instances with (key=value) env=staging tag\n+# instance_filters = tag:env=staging\n \n # Retrieve only instances with role=webservers OR role=dbservers tag\n # instance_filters = tag:role=webservers,tag:role=dbservers\n \n-# Retrieve only t1.micro instances OR instances with tag env=stage\n-# instance_filters = instance-type=t1.micro,tag:env=stage\n+# Retrieve only t1.micro instances OR instances with tag env=staging\n+# instance_filters = instance-type=t1.micro,tag:env=staging\n \n # You can use wildcards in filter values also. Below will list instances which\n # tag Name value matches webservers1*\n"
    }
  ],
  "comments": [
    {
      "author_login": "abadger",
      "body": "Makes sense to me.  thanks!\n\n# Merged\n\nHi!\n\nThis has been merged in, and will also be included in the next major release.\n\nIf you or anyone else has any further questions, please let us know by stopping by one of the two mailing lists, as appropriate:\n- https://groups.google.com/forum/#!forum/ansible-project - for user questions, tips, and tricks\n- https://groups.google.com/forum/#!forum/ansible-devel - for strategy, future planning, and questions about writing code\n\nBecause this project is very active, we're unlikely to see comments made on closed tickets, but the mailing list is a great way to ask questions, or post if you don't think this particular\nissue is resolved.\n\nThank you!\n"
    }
  ],
  "reviews": []
}