{
  "pr_number": 10788,
  "url": "https://github.com/ansible/ansible/pull/10788",
  "title": "updated intro to new become syntax, also added link to full become docs",
  "author_login": "bcoca",
  "state": "MERGED",
  "merged_by_login": "bcoca",
  "body": "fixes #10786\n",
  "labels": [
    "P2",
    "docs"
  ],
  "additions": 25,
  "deletions": 12,
  "changed_files_count": 1,
  "changed_files_list": [
    "docsite/rst/playbooks_intro.rst"
  ],
  "files": [
    {
      "file_path": "docsite/rst/playbooks_intro.rst",
      "status": "modified",
      "additions": 25,
      "deletions": 12,
      "file_diff": "diff --git a/docsite/rst/playbooks_intro.rst b/docsite/rst/playbooks_intro.rst\nindex 4e10528b8c65cd..afa97b3e0434f1 100644\n--- a/docsite/rst/playbooks_intro.rst\n+++ b/docsite/rst/playbooks_intro.rst\n@@ -148,7 +148,7 @@ Remote users can also be defined per task::\n     The `remote_user` parameter for tasks was added in 1.4.\n \n \n-Support for running things from sudo is also available::\n+Support for running things from as another user is also available (see :doc:`become`)::\n \n     ---\n     - hosts: webservers\n@@ -162,31 +162,44 @@ You can also use sudo on a particular task instead of the whole play::\n       remote_user: yourname\n       tasks:\n         - service: name=nginx state=started\n-          sudo: yes\n+          become: yes\n+          become_method: sudo\n \n+.. note::\n+\n+    The becoem syntax deprecates the old sudo/su specific syntax begining in 1.9.\n \n-You can also login as you, and then sudo to different users than root::\n+You can also login as you, and then become a user different than root::\n \n     ---\n     - hosts: webservers\n       remote_user: yourname\n-      sudo: yes\n-      sudo_user: postgres\n+      become: yes\n+      become_user: postgres\n+\n+You can also use other privilege escalation methods, like su::\n+\n+    ---\n+    - hosts: webservers\n+      remote_user: yourname\n+      become: yes\n+      become_method: su\n \n-If you need to specify a password to sudo, run `ansible-playbook` with ``--ask-sudo-pass`` (`-K`).\n-If you run a sudo playbook and the playbook seems to hang, it's probably stuck at the sudo prompt.\n-Just `Control-C` to kill it and run it again with `-K`.\n+If you need to specify a password to sudo, run `ansible-playbook` with ``--ask-become-pass`` or\n+when using the old sudo syntax ``--ask-sudo--pass`` (`-K`).  If you run a become playbook and the\n+playbook seems to hang, it's probably stuck at the privilege escalation prompt.\n+Just `Control-C` to kill it and run it again adding the appropriate password.\n \n .. important::\n \n-   When using `sudo_user` to a user other than root, the module\n+   When using `become_user` to a user other than root, the module\n    arguments are briefly written into a random tempfile in /tmp.\n    These are deleted immediately after the command is executed.  This\n-   only occurs when sudoing from a user like 'bob' to 'timmy', not\n-   when going from 'bob' to 'root', or logging in directly as 'bob' or\n+   only occurs when changing privileges from a user like 'bob' to 'timmy',\n+   not when going from 'bob' to 'root', or logging in directly as 'bob' or\n    'root'.  If it concerns you that this data is briefly readable\n    (not writable), avoid transferring unencrypted passwords with\n-   `sudo_user` set.  In other cases, '/tmp' is not used and this does\n+   `become_user` set.  In other cases, '/tmp' is not used and this does\n    not come into play. Ansible also takes care to not log password\n    parameters.\n \n"
    }
  ],
  "comments": [],
  "reviews": []
}