{
  "pr_number": 10346,
  "url": "https://github.com/ansible/ansible/pull/10346",
  "title": "Bug fix: Search only for files as candidates",
  "author_login": "lekum",
  "state": "MERGED",
  "merged_by_login": "abadger",
  "body": "Apparently found a recently introduced bug (in 68e86de 2015-02-17 | Optimize the plugin loader). If a folder is found matching the plugin name, it is retrieved. I have experienced the issue using digital_ocean module (it is not usable now).\n\nI have added a test for it, but I have had to add mock as a dependency. I think it is necessary in order to do good testing.\n",
  "labels": [
    "P2",
    "bug"
  ],
  "additions": 31,
  "deletions": 1,
  "changed_files_count": 2,
  "changed_files_list": [
    "test/units/TestUtils.py"
  ],
  "files": [
    {
      "file_path": "test/units/TestUtils.py",
      "status": "modified",
      "additions": 29,
      "deletions": 0,
      "file_diff": "diff --git a/test/units/TestUtils.py b/test/units/TestUtils.py\nindex 80c290a9be8a4c..16dd54ab1fe3dd 100644\n--- a/test/units/TestUtils.py\n+++ b/test/units/TestUtils.py\n@@ -11,8 +11,11 @@\n import string\n import StringIO\n import copy\n+import tempfile\n+import shutil\n \n from nose.plugins.skip import SkipTest\n+from mock import patch\n \n import ansible.utils\n import ansible.errors\n@@ -914,3 +917,29 @@ def test_role_yaml_parse(self):\n         for (role, result) in tests:\n             self.assertEqual(ansible.utils.role_yaml_parse(role), result)\n \n+    @patch('ansible.utils.plugins.module_finder._get_paths')\n+    def test_find_plugin(self, mock_get_paths):\n+\n+        tmp_path = tempfile.mkdtemp()\n+        mock_get_paths.return_value = [tmp_path,]\n+        right_module_1 = 'module.py'\n+        right_module_2 = 'module_without_extension'\n+        wrong_module_1 = 'folder'\n+        wrong_module_2 = 'inexistent'\n+        path_right_module_1 = os.path.join(tmp_path, right_module_1)\n+        path_right_module_2 = os.path.join(tmp_path, right_module_2)\n+        path_wrong_module_1 = os.path.join(tmp_path, wrong_module_1)\n+        open(path_right_module_1, 'w').close()\n+        open(path_right_module_2, 'w').close()\n+        os.mkdir(path_wrong_module_1)\n+\n+        self.assertEqual(ansible.utils.plugins.module_finder.find_plugin(right_module_1),\n+                         path_right_module_1)\n+        self.assertEqual(ansible.utils.plugins.module_finder.find_plugin(right_module_2),\n+                         path_right_module_2)\n+        self.assertEqual(ansible.utils.plugins.module_finder.find_plugin(wrong_module_1),\n+                         None)\n+        self.assertEqual(ansible.utils.plugins.module_finder.find_plugin(wrong_module_2),\n+                         None)\n+\n+        shutil.rmtree(tmp_path)\n"
    }
  ],
  "comments": [
    {
      "author_login": "bcoca",
      "body": "a simpler fix might be:\n\n```\n-                    if full_name not in self._plugin_path_cache\n+                    if full_name not in self._plugin_path_cache and os.path.isfile(full_path):\n```\n"
    },
    {
      "author_login": "abadger",
      "body": "@lekum's fix allows us to break out of the loop sooner so I think that's a better place for the code.  I think we might be able to return full_path instead of potential_path as the iterated value there as well.\n"
    },
    {
      "author_login": "abadger",
      "body": "Thanks for finding this and creating a fix!\n\n# Merged\n\nHi!\n\nThis has been merged in, and will also be included in the next major release.\n\nIf you or anyone else has any further questions, please let us know by stopping by one of the two mailing lists, as appropriate:\n- https://groups.google.com/forum/#!forum/ansible-project - for user questions, tips, and tricks\n- https://groups.google.com/forum/#!forum/ansible-devel - for strategy, future planning, and questions about writing code\n\nBecause this project is very active, we're unlikely to see comments made on closed tickets, but the mailing list is a great way to ask questions, or post if you don't think this particular\nissue is resolved.\n\nThank you!\n"
    }
  ],
  "reviews": []
}