{
  "pr_number": 10639,
  "url": "https://github.com/ansible/ansible/pull/10639",
  "title": "Fix indentation",
  "author_login": "detiber",
  "state": "MERGED",
  "merged_by_login": "bcoca",
  "body": "@bcoca stable-1.9 backport of https://github.com/ansible/ansible/pull/10628, I hadn't realized that devel was 2.0 based now when I submitted the first PR\n",
  "labels": [
    "P2",
    "bug"
  ],
  "additions": 1,
  "deletions": 1,
  "changed_files_count": 1,
  "changed_files_list": [
    "ansible/module_utils/facts.py b/lib/ansible/module_utils/facts.py"
  ],
  "files": [
    {
      "file_path": "ansible/module_utils/facts.py b/lib/ansible/module_utils/facts.py",
      "status": "modified",
      "additions": 1,
      "deletions": 1,
      "file_diff": "diff --git a/lib/ansible/module_utils/facts.py b/lib/ansible/module_utils/facts.py\nindex 18d8f665a24f46..cdb032b0a19712 100644\n--- a/lib/ansible/module_utils/facts.py\n+++ b/lib/ansible/module_utils/facts.py\n@@ -2447,7 +2447,7 @@ def get_virtual_facts(self):\n             self.facts['virtualization_role'] = 'guest'\n             return\n \n-\tif sys_vendor == 'oVirt':\n+        if sys_vendor == 'oVirt':\n             self.facts['virtualization_type'] = 'kvm'\n             self.facts['virtualization_role'] = 'guest'\n             return\n"
    }
  ],
  "comments": [],
  "reviews": []
}