{
  "pr_number": 10625,
  "url": "https://github.com/ansible/ansible/pull/10625",
  "title": "Replace - in ec2 inventory as well",
  "author_login": "discordianfish",
  "state": "MERGED",
  "merged_by_login": "bcoca",
  "body": "Dash (-) is not a variable ansible group name, so it needs to be replaced as well.\n\nWithout this, you end up with things like tags including a - so you can't refer to those variables in the plays. Even worst, the error message when using it in conditions is ba^Wdoesn't even exist, see: #5356\n",
  "labels": [
    "P2",
    "bug"
  ],
  "additions": 1,
  "deletions": 1,
  "changed_files_count": 1,
  "changed_files_list": [
    "plugins/inventory/ec2.py"
  ],
  "files": [
    {
      "file_path": "plugins/inventory/ec2.py",
      "status": "modified",
      "additions": 1,
      "deletions": 1,
      "file_diff": "diff --git a/plugins/inventory/ec2.py b/plugins/inventory/ec2.py\nindex e93df1053d1e53..76871b0266dba0 100755\n--- a/plugins/inventory/ec2.py\n+++ b/plugins/inventory/ec2.py\n@@ -787,7 +787,7 @@ def to_safe(self, word):\n         ''' Converts 'bad' characters in a string to underscores so they can be\n         used as Ansible groups '''\n \n-        return re.sub(\"[^A-Za-z0-9\\-]\", \"_\", word)\n+        return re.sub(\"[^A-Za-z0-9\\_]\", \"_\", word)\n \n \n     def json_format_dict(self, data, pretty=False):\n"
    }
  ],
  "comments": [],
  "reviews": []
}