{
  "pr_number": 1070,
  "url": "https://github.com/ansible/ansible/pull/1070",
  "title": "Distribution packaging should install all manpages",
  "author_login": "elementalvoid",
  "state": "MERGED",
  "merged_by_login": "mpdehaan",
  "body": "closes #1069\n",
  "labels": [],
  "additions": 3,
  "deletions": 6,
  "changed_files_count": 2,
  "changed_files_list": [
    "packaging/debian/ansible.install"
  ],
  "files": [
    {
      "file_path": "packaging/debian/ansible.install",
      "status": "modified",
      "additions": 1,
      "deletions": 2,
      "file_diff": "diff --git a/packaging/debian/ansible.install b/packaging/debian/ansible.install\nindex 9c48b824924352..3791580ffbd948 100644\n--- a/packaging/debian/ansible.install\n+++ b/packaging/debian/ansible.install\n@@ -1,5 +1,4 @@\n examples/hosts etc/ansible\n library/* usr/share/ansible\n-docs/man/man1/ansible.1 usr/share/man/man1\n-docs/man/man1/ansible-playbook.1 usr/share/man/man1\n+docs/man/man1/*.1 usr/share/man/man1\n bin/* usr/bin\n"
    }
  ],
  "comments": [
    {
      "author_login": "mpdehaan",
      "body": "Ah, there it is.  Thx!\n\n-- Michael\n\nOn Sep 21, 2012, at 1:18 PM, Matt Klich notifications@github.com wrote:\n\n> closes #1069\n> \n> You can merge this Pull Request by running:\n> \n>   git pull https://github.com/elementalvoid/ansible devel\n> Or view, comment on, or merge it at:\n> \n>   https://github.com/ansible/ansible/pull/1070\n> \n> Commit Summary\n> \n> distribution packaging should install all manpages\n> File Changes\n> \n> M packaging/arch/PKGBUILD (6)\n> M packaging/debian/ansible.install (3)\n> Patch Links\n> \n> https://github.com/ansible/ansible/pull/1070.patch\n> https://github.com/ansible/ansible/pull/1070.diff\n> —\n> Reply to this email directly or view it on GitHub.\n"
    },
    {
      "author_login": "elementalvoid",
      "body": "Sorry about that. Wanted an issue I'd to put in the commit message. \n"
    },
    {
      "author_login": "mpdehaan",
      "body": "No problem!\n\n-- Michael\n\nOn Sep 21, 2012, at 6:37 PM, Matt Klich notifications@github.com wrote:\n\n> Sorry about that. Wanted an issue I'd to put in the commit message.\n> \n> —\n> Reply to this email directly or view it on GitHub.\n"
    },
    {
      "author_login": "mpdehaan",
      "body": "merged, thanks!\n"
    }
  ],
  "reviews": []
}