{
  "pr_number": 11115,
  "url": "https://github.com/ansible/ansible/pull/11115",
  "title": "Part fix for https://github.com/ansible/ansible-modules-core/issues/1404 (replaces #11086)",
  "author_login": "jhawkesworth",
  "state": "MERGED",
  "merged_by_login": "bcoca",
  "body": "Replacement for previous attempt at this https://github.com/ansible/ansible/pull/11086 which accidentally included some unwanted changes.\n\nGet-FileChecksum always returns a string now and the test_win_copy integration tests that depend on the checksum\nhave been updated in this change too.\n\nAlso requires https://github.com/ansible/ansible-modules-core/pull/1438\n",
  "labels": [
    "P2",
    "windows",
    "bug"
  ],
  "additions": 3,
  "deletions": 3,
  "changed_files_count": 2,
  "changed_files_list": [
    "test/integration/roles/test_win_copy/tasks/main.yml"
  ],
  "files": [
    {
      "file_path": "test/integration/roles/test_win_copy/tasks/main.yml",
      "status": "modified",
      "additions": 2,
      "deletions": 2,
      "file_diff": "diff --git a/test/integration/roles/test_win_copy/tasks/main.yml b/test/integration/roles/test_win_copy/tasks/main.yml\nindex d898219a85c1b9..48df4273807b7e 100644\n--- a/test/integration/roles/test_win_copy/tasks/main.yml\n+++ b/test/integration/roles/test_win_copy/tasks/main.yml\n@@ -62,7 +62,7 @@\n - name: verify that the file checksum is correct\n   assert: \n     that: \n-      - \"copy_result.checksum[0] == 'c79a6506c1c948be0d456ab5104d5e753ab2f3e6'\"\n+      - \"copy_result.checksum == 'c79a6506c1c948be0d456ab5104d5e753ab2f3e6'\"\n \n - name: check the stat results of the file\n   win_stat: path={{output_file}}\n@@ -78,7 +78,7 @@\n #      - \"stat_results.stat.isfifo == false\"\n #      - \"stat_results.stat.isreg == true\"\n #      - \"stat_results.stat.issock == false\"\n-      - \"stat_results.stat.checksum[0] == 'c79a6506c1c948be0d456ab5104d5e753ab2f3e6'\"\n+      - \"stat_results.stat.checksum == 'c79a6506c1c948be0d456ab5104d5e753ab2f3e6'\"\n \n - name: overwrite the file via same means\n   win_copy: src=foo.txt dest={{output_file}}\n"
    }
  ],
  "comments": [
    {
      "author_login": "jhawkesworth",
      "body": "@cchurch as you can see I wound up creating a new PR without the unwanted submodules and test_uri change. \n"
    }
  ],
  "reviews": []
}