{
  "pr_number": 1101,
  "url": "https://github.com/ansible/ansible/pull/1101",
  "title": "Module DOCUMENTATION formatter",
  "author_login": "jpmens",
  "state": "MERGED",
  "merged_by_login": "mpdehaan",
  "body": "OK, here goes:\n1. I'm not able to extract strings from `EXAMPLES = []`. Please **help**. Templates for `man` and `rst` use _examples_ in DOCUMENTATION dict for the time being.\n2. `Makefile` for ansible augmented with target `manpages`: it uses the\n   formatter to create manuals (one example in `docs/man/man1/ansible.lineinfile.man`).\n3. rST template (`hacking/templates/rst.j2`) is a mess, but it works.\n   1. I don't know how to import HTML into rST, but maybe it doesn't matter, because\n   2. I'm creating tables as [simple tables](http://sphinx.pocoo.org/rest.html#tables). Looks\n      ok to me ...\n4. Directories `ansible` and `ansible-docs` must be on same level.\n5. I've modified `Makefile` in `ansible-docs` with a _modules_ target which invokes the formatter\n\nSee also: https://github.com/ansible/ansible-docs/pull/4\n",
  "labels": [],
  "additions": 715,
  "deletions": 0,
  "changed_files_count": 8,
  "changed_files_list": [
    "docs/man/man1/ansible.lineinfile.man",
    "hacking/module_formatter.py",
    "hacking/templates/html.j2",
    "hacking/templates/latex.j2",
    "hacking/templates/man.j2",
    "hacking/templates/rst.j2",
    "library/ini_file"
  ],
  "files": [
    {
      "file_path": "docs/man/man1/ansible.lineinfile.man",
      "status": "added",
      "additions": 57,
      "deletions": 0,
      "file_diff": "diff --git a/docs/man/man1/ansible.lineinfile.man b/docs/man/man1/ansible.lineinfile.man\nnew file mode 100644\nindex 00000000000000..7b9c12eaae0f70\n--- /dev/null\n+++ b/docs/man/man1/ansible.lineinfile.man\n@@ -0,0 +1,57 @@\n+.TH ANSIBLE.LINEINFILE 5 \"2012-09-26\" \"unknown\" \"ANSIBLE MODULES\"\n+.\" generated from library/lineinfile\n+.SH NAME\n+lineinfile \\- Ensure a particular line is in a file\n+.\" ------ DESCRIPTION\n+.SH DESCRIPTION\n+.PP\n+This module will search a file for a line, and ensure that it is present or absent. \n+.PP\n+This is primarily useful when you want to change a single line in a file only. For other cases, see the \\fIcopy\\fR or \\fItemplate\\fR modules. \n+\n+.\" ------ OPTIONS\n+.\"\n+.\"\n+.SH OPTIONS\n+.IP name\n+The file to modify \n+(required)\n+.IP regexp\n+The regular expression to look for in the file. For \\fIstate=present\\fR, the pattern to replace. For \\fIstate=absent\\fR, the pattern of the line to remove. \n+(required)\n+.IP state\n+Whether the line should be there or not. \n+.\" .SS Choices\n+.IR Choices :\n+present,absent.\n+.IP line\n+Required for \\fIstate=present\\fR. The line to insert/replace into the file. Must match the value given to \\fCregexp\\fR. \n+\n+.IP insertafter\n+Used with \\fIstate=present\\fR. If specified, the line will be inserted after the specified regular expression. Two special values are available; \\fCBOF\\fR for inserting the line at the beginning of the file, and \\fCEOF\\fR for inserting the line at the end of the file. \n+.\" .SS Choices\n+.IR Choices :\n+BOF,EOF.\n+.IP backup\n+Create a backup file including the timestamp information so you can get the original file back if you somehow clobbered it incorrectly. \n+\n+\n+.\"\n+.\"\n+.\" ------ NOTES\n+.\"\n+.\"\n+.\" ------ EXAMPLES\n+.SH EXAMPLES\n+.PP\n+.nf\n+lineinfile name=/etc/selinux/config regexp=^SELINUX= line=SELINUX=disabled\n+.fi\n+.PP\n+.nf\n+lineinfile name=/etc/sudoers state=absent regexp=\"^%wheel\"\n+.fi\n+.\" ------- AUTHOR\n+.SH SEE ALSO\n+.IR ansible (1),\n+.I http://ansible.github.com/modules.html#lineinfile\n\\ No newline at end of file"
    },
    {
      "file_path": "hacking/module_formatter.py",
      "status": "added",
      "additions": 297,
      "deletions": 0,
      "file_diff": "diff --git a/hacking/module_formatter.py b/hacking/module_formatter.py\nnew file mode 100755\nindex 00000000000000..7fad738e3a6ffc\n--- /dev/null\n+++ b/hacking/module_formatter.py\n@@ -0,0 +1,297 @@\n+#!/usr/bin/env python\n+# (c) 2012, Jan-Piet Mens <jpmens () gmail.com>\n+#\n+# This file is part of Ansible\n+#\n+# Ansible is free software: you can redistribute it and/or modify\n+# it under the terms of the GNU General Public License as published by\n+# the Free Software Foundation, either version 3 of the License, or\n+# (at your option) any later version.\n+#\n+# Ansible is distributed in the hope that it will be useful,\n+# but WITHOUT ANY WARRANTY; without even the implied warranty of\n+# MERCHANTABILITY or FITNESS FOR A PARTICULAR PURPOSE.  See the\n+# GNU General Public License for more details.\n+#\n+# You should have received a copy of the GNU General Public License\n+# along with Ansible.  If not, see <http://www.gnu.org/licenses/>.\n+#\n+\n+import os\n+import sys\n+import yaml\n+import codecs\n+import json\n+import ast\n+from jinja2 import Environment, FileSystemLoader\n+import re\n+import argparse\n+import time\n+import datetime\n+import subprocess\n+\n+MODULEDIR=\"/Users/jpm/Auto/pubgit/ansible/ansible/library\"\n+\n+BOILERPLATE = '''\n+---\n+module: foo\n+author: AUTHORNAME\n+short_description: A short description, think title\n+description:\n+  - First paragraph explains what the module does. More paragraphs can\n+    be added.\n+  - Second para of description. You can use B(bold), I(italic), and\n+    C(constant-width). To refer to another M(module) use that, and\n+    U(url) exists too.\n+version_added: \"0.x\"\n+options:\n+  - dest:\n+      required: true\n+      description:\n+        - What does this option do, and bla bla bla\n+        - More than one paragraph allowed here as well. Formatting\n+          with B(bold), etc. work too.\n+  - remove:\n+      required: false\n+      choices: [ yes, no, maybe, perhaps ]\n+      default: \"maybe\"\n+      aliases: [ kill, killme, delete ]\n+      description:\n+        - The foo to do on M(module) but be careful of lorem ipsum\n+examples:\n+   - code: foo dest=/tmp/jj remove=maybe\n+     description: Possibly removes the specified file\n+   - code: foo dest=/dev/null \n+'''\n+\n+# There is a better way of doing this!\n+# TODO: somebody add U(text, http://foo.bar/) as described by Tim in #991\n+\n+_ITALIC = re.compile(r\"I\\(([^)]+)\\)\")\n+_BOLD   = re.compile(r\"B\\(([^)]+)\\)\")\n+_MODULE = re.compile(r\"M\\(([^)]+)\\)\")\n+_URL    = re.compile(r\"U\\(([^)]+)\\)\")\n+_CONST  = re.compile(r\"C\\(([^)]+)\\)\")\n+\n+def latex_ify(text):\n+\n+    t = _ITALIC.sub(\"\\\\I{\" + r\"\\1\" + \"}\", text)\n+    t = _BOLD.sub(\"\\\\B{\" + r\"\\1\" + \"}\", t)\n+    t = _MODULE.sub(\"\\\\M{\" + r\"\\1\" + \"}\", t)\n+    t = _URL.sub(\"\\\\url{\" + r\"\\1\" + \"}\", t)\n+    t = _CONST.sub(\"\\\\C{\" + r\"\\1\" + \"}\", t)\n+\n+    return t\n+\n+def html_ify(text):\n+\n+    t = _ITALIC.sub(\"<em>\" + r\"\\1\" + \"</em>\", text)\n+    t = _BOLD.sub(\"<b>\" + r\"\\1\" + \"</b>\", t)\n+    t = _MODULE.sub(\"<span class='module'>\" + r\"\\1\" + \"</span>\", t)\n+    t = _URL.sub(\"<a href='\" + r\"\\1\" + \"'>\" + r\"\\1\" + \"</a>\", t)\n+    t = _CONST.sub(\"<code>\" + r\"\\1\" + \"</code>\", t)\n+\n+    return t\n+\n+def man_ify(text):\n+\n+    t = _ITALIC.sub(r'\\\\fI' + r\"\\1\" + r\"\\\\fR\", text)\n+    t = _BOLD.sub(r'\\\\fB' + r\"\\1\" + r\"\\\\fR\", t)\n+    t = _MODULE.sub(r'\\\\fI' + r\"\\1\" + r\"\\\\fR\", t)\n+    t = _URL.sub(r'\\\\fI' + r\"\\1\" + r\"\\\\fR\", t)\n+    t = _CONST.sub(r'\\\\fC' + r\"\\1\" + r\"\\\\fR\", t)\n+\n+    return t\n+\n+def rst_ify(text):\n+\n+    t = _ITALIC.sub(r'*' + r\"\\1\" + r\"*\", text)\n+    t = _BOLD.sub(r'**' + r\"\\1\" + r\"**\", t)\n+    t = _MODULE.sub(r'``' + r\"\\1\" + r\"``\", t)\n+    t = _URL.sub(r\"\\1\", t)\n+    t = _CONST.sub(r'``' + r\"\\1\" + r\"``\", t)\n+\n+    return t\n+\n+# Helper for Jinja2 (format() doesn't work here...)\n+def rst_fmt(text, fmt):\n+    return fmt % (text)\n+\n+def rst_xline(width, char=\"=\"):\n+    return char * width\n+\n+\n+env = Environment(loader=FileSystemLoader('templates'),\n+        variable_start_string=\"@{\",\n+        variable_end_string=\"}@\",\n+    )\n+\n+env.globals['xline'] = rst_xline\n+\n+\n+def get_docstring(filename, verbose=False):\n+    \"\"\"\n+    Search for assignment of the DOCUMENTATION variable in the given file.\n+    Parse that from YAML and return the YAML doc or None.\n+    \"\"\"\n+\n+    doc = None\n+\n+    try:\n+        # Thank you, Habbie, for this bit of code :-)\n+        M = ast.parse(''.join(open(filename)))\n+        for child in M.body:\n+            if isinstance(child, ast.Assign):\n+                if 'DOCUMENTATION' in (t.id for t in child.targets):\n+                    doc = yaml.load(child.value.s)\n+    except:\n+        if verbose:\n+            raise\n+        pass\n+    return doc\n+\n+def main():\n+\n+    p = argparse.ArgumentParser(description=\"Convert Ansible module DOCUMENTATION strings to other formats\")\n+\n+    p.add_argument(\"-A\", \"--ansible-version\",\n+            action=\"store\",\n+            dest=\"ansible_version\",\n+            default=\"unknown\",\n+            help=\"Ansible version number\")\n+    p.add_argument(\"-M\", \"--module-dir\",\n+            action=\"store\",\n+            dest=\"module_dir\",\n+            default=MODULEDIR,\n+            help=\"Ansible modules/ directory\")\n+    p.add_argument(\"-t\", \"--type\",\n+            action='store',\n+            dest='type',\n+            choices=['html', 'latex', 'man', 'rst'],\n+            default='latex',\n+            help=\"Output type\")\n+    p.add_argument(\"-m\", \"--module\",\n+            action='append',\n+            default=[],\n+            dest='module_list',\n+            help=\"Add modules to process in module_dir\")\n+    p.add_argument(\"-v\", \"--verbose\",\n+            action='store_true',\n+            default=False,\n+            help=\"Verbose\")\n+    p.add_argument(\"-o\", \"--output-dir\",\n+            action=\"store\",\n+            dest=\"output_dir\",\n+            default=None,\n+            help=\"Output directory for module files\")\n+    p.add_argument(\"-G\", \"--generate\",\n+            action=\"store_true\",\n+            dest=\"do_boilerplate\",\n+            default=False,\n+            help=\"generate boilerplate DOCUMENTATION to stdout\")\n+    p.add_argument('-V', '--version', action='version', version='%(prog)s 1.0')\n+\n+    module_dir = None\n+    args = p.parse_args()\n+    \n+    # print \"M: %s\" % args.module_dir\n+    # print \"t: %s\" % args.type\n+    # print \"m: %s\" % args.module_list\n+    # print \"v: %s\" % args.verbose\n+\n+    if args.do_boilerplate:\n+        boilerplate()\n+        sys.exit(0)\n+\n+    if not args.module_dir:\n+        print \"Need module_dir\"\n+        sys.exit(1)\n+\n+    if args.type == 'latex':\n+        env.filters['jpfunc'] = latex_ify\n+        template = env.get_template('latex.j2')\n+        outputname = \"%s.tex\"\n+    if args.type == 'html':\n+        env.filters['jpfunc'] = html_ify\n+        template = env.get_template('html.j2')\n+        outputname = \"%s.html\"\n+    if args.type == 'man':\n+        env.filters['jpfunc'] = man_ify\n+        template = env.get_template('man.j2')\n+        outputname = \"ansible.%s.man\"\n+    if args.type == 'rst':\n+        env.filters['jpfunc'] = rst_ify\n+        env.filters['fmt'] = rst_fmt\n+        env.filters['xline'] = rst_xline\n+        template = env.get_template('rst.j2')\n+        outputname = \"%s.rst\"\n+\n+    for module in os.listdir(args.module_dir):\n+        if len(args.module_list):\n+            if not module in args.module_list:\n+                continue\n+\n+        fname = os.path.join(args.module_dir, module)\n+        extra = os.path.join(\"inc\", \"%s.tex\" % module)\n+\n+        # FIXME: html/manpage/latex\n+        print \"%% modules2.py ---> %s\" % fname\n+\n+        doc = get_docstring(fname, verbose=args.verbose)\n+        if not doc is None:\n+            \n+            doc['filename'] = fname\n+            doc['docuri'] = doc['module'].replace('_', '-')\n+            doc['now_date']     = datetime.date.today().strftime('%Y-%m-%d')\n+            doc['ansible_version']  = args.ansible_version\n+\n+            if args.verbose:\n+                print json.dumps(doc, indent=4)\n+\n+\n+            if args.type == 'latex':\n+                if os.path.exists(extra):\n+                    f = open(extra)\n+                    extradata = f.read()\n+                    f.close()\n+                    doc['extradata'] = extradata\n+\n+            text = template.render(doc)\n+            if args.output_dir is not None:\n+                f = open(os.path.join(args.output_dir, outputname % module), 'w')\n+                f.write(text)\n+                f.close()\n+            else:\n+                print text\n+\n+def boilerplate():\n+\n+    # Sneaky: insert author's name from Git config\n+\n+    cmd = subprocess.Popen(\"git config --get user.name\", shell=True, \n+            stdout=subprocess.PIPE, stderr=subprocess.PIPE)\n+    out, err = cmd.communicate()\n+\n+    if len(out.split('\\n')) == 2:\n+        author = out.split('\\n')[0]\n+        print author\n+    else:\n+        author = \"Your Name\"\n+\n+    # I can't dump YAML in ordered fasion, so I use this boilerplate string\n+    # and verify it is parseable just before printing it out to the user.\n+\n+    try:\n+        boilplate = yaml.load(BOILERPLATE)\n+    except:\n+        print \"Something is wrong with the BOILERPLATE\"\n+        sys.exit(1)\n+\n+    print \"\"\"\n+DOCUMENTATION = '''\n+%s\n+'''\n+\"\"\"[1:-1] % (BOILERPLATE.replace('AUTHORNAME', author) [1:-1] )\n+\n+if __name__ == '__main__':\n+    main()"
    },
    {
      "file_path": "hacking/templates/html.j2",
      "status": "added",
      "additions": 7,
      "deletions": 0,
      "file_diff": "diff --git a/hacking/templates/html.j2 b/hacking/templates/html.j2\nnew file mode 100644\nindex 00000000000000..b86e47378b8d82\n--- /dev/null\n+++ b/hacking/templates/html.j2\n@@ -0,0 +1,7 @@\n+<!--  @{ module | upper }@  -->\n+\n+<h2>@{module}@</h2>\n+\n+\t\t{% for desc in description -%}\n+\t\t@{ desc | jpfunc }@ \n+\t\t{% endfor %}"
    },
    {
      "file_path": "hacking/templates/latex.j2",
      "status": "added",
      "additions": 70,
      "deletions": 0,
      "file_diff": "diff --git a/hacking/templates/latex.j2 b/hacking/templates/latex.j2\nnew file mode 100644\nindex 00000000000000..0ae8057926b11c\n--- /dev/null\n+++ b/hacking/templates/latex.j2\n@@ -0,0 +1,70 @@\n+%--- @{ module | upper }@  ----  from @{ filename }@ ---\n+\n+%: -- module header\n+\\mods{@{module}@}{@{docuri}@}{\n+\t\t{% for desc in description -%}\n+\t\t@{ desc | jpfunc }@ \n+\t\t{% endfor -%}\n+\t\t{% if version_added is defined -%}\n+\t\t(\\I{* new in version @{ version_added }@})\n+\t\t{% endif -%}\n+\t\t}\n+\n+%: -- module options\n+\n+{% if options is defined -%}\n+\\begin{xlist}{abcdefghijklmno}\n+  {% for o in options -%}\n+     {% for opt, v  in o.iteritems()  -%}\n+\n+  \t{% if v['required'] -%}\n+\t\t\\item[\\man\\,\\C{@{ opt }@}]\n+\t{% else -%}\n+\t\t\\item[\\opt\\,\\C{@{ opt }@}]\n+\t{% endif -%}\n+\n+\t\t{# -------- option description ----------#}\n+\t\t{% for desc in v.description -%}\n+\t\t@{ desc | jpfunc }@ \n+\t\t{% endfor %}\n+\t\t{% if v['choices'] -%}\n+\t\t    \\B{Choices}:\\,\n+\t\t    {% for choice in v['choices'] -%}\\C{@{ choice }@}{% if not loop.last %},{% else %}.{% endif %}\n+\t\t    {% endfor -%}\n+\t\t{% endif -%}\n+\t\t{% if v['default'] -%}\n+\t\t(default \\C{@{ v['default'] }@})\n+\t\t{% endif -%}\n+\t\t{% if v['version_added'] is defined -%}\n+\t\t(\\I{* version @{ v['version_added'] }@})\n+\t\t{% endif -%}\n+     {% endfor -%}\n+  {% endfor -%}\n+\\end{xlist}\n+{% endif -%}\n+\n+{% if notes is defined -%}\n+\t\t{# -------- notes ----------#}\n+\t\t{% for note in notes -%}\n+\t\t\\I{@{ note | jpfunc }@} \n+\t\t{% endfor %}\n+{% endif -%}\n+\n+{#-------------------------------------------\n+\n+{% if examples is defined -%}\n+  {% for e in examples -%}\n+  \t\\begin{extymeta}\n+@{ e['code'] }@\n+  \t\\end{extymeta}\n+  {% endfor -%}\n+{% endif -%}\n+----------------------------------- #}\n+\n+{% if extradata is defined -%}\n+%--- BEGIN-EXTRADATA\n+\\begin{extymeta}\n+@{ extradata -}@\n+\\end{extymeta}\n+%----- END-EXTRADATA\n+{% endif -%}"
    },
    {
      "file_path": "hacking/templates/man.j2",
      "status": "added",
      "additions": 64,
      "deletions": 0,
      "file_diff": "diff --git a/hacking/templates/man.j2 b/hacking/templates/man.j2\nnew file mode 100644\nindex 00000000000000..2f0ec848232e6a\n--- /dev/null\n+++ b/hacking/templates/man.j2\n@@ -0,0 +1,64 @@\n+.TH ANSIBLE.@{ module | upper }@ 5 \"@{ now_date }@\" \"@{ ansible_version }@\" \"ANSIBLE MODULES\"\n+.\" generated from @{ filename }@\n+.SH NAME\n+@{ module }@ \\- @{ short_description }@\n+.\" ------ DESCRIPTION\n+.SH DESCRIPTION\n+{% for desc in description -%}\n+.PP\n+@{ desc | jpfunc }@ \n+{% endfor %}\n+.\" ------ OPTIONS\n+.\"\n+.\"\n+{% if options is defined -%}\n+.SH OPTIONS\n+{% for o in options -%}{% for opt, v  in o.iteritems()  -%}\n+.IP @{opt}@\n+{% for desc in v.description -%}\n+@{ desc | jpfunc }@ \n+{% endfor -%}\n+{% if v['required'] %}(required){% endif -%}\n+{% if v['choices'] -%}\n+.\" .SS Choices\n+.IR Choices :\n+{% for choice in v['choices'] -%}@{ choice }@{% if not loop.last %},{% else %}.{% endif -%}\n+{% endfor -%}\n+{% endif %}\n+{#---------------------------------------------- #}\n+{% if v['version_added'] is defined -%}\n+(Added in Ansible version @{ v['version_added'] }@.)\n+{% endif -%}\n+     {% endfor -%}\n+  {% endfor -%}\n+{% endif %}\n+.\"\n+.\"\n+.\" ------ NOTES\n+{% if notes is defined -%}\n+.SH NOTES\n+{% for note in notes -%}\n+.PP\n+@{ note | jpfunc }@ \n+{% endfor -%}\n+{% endif -%}\n+.\"\n+.\"\n+.\" ------ EXAMPLES\n+{% if examples is defined -%}\n+.SH EXAMPLES\n+{% for e in examples -%}\n+.PP\n+.nf\n+@{ e['code'] }@\n+.fi\n+{% endfor -%}\n+{% endif -%}\n+.\" ------- AUTHOR\n+{% if author is defined -%}\n+.SH AUTHOR\n+@{ author }@\n+{% endif -%}\n+.SH SEE ALSO\n+.IR ansible (1),\n+.I http://ansible.github.com/modules.html#@{docuri}@"
    },
    {
      "file_path": "hacking/templates/rst.j2",
      "status": "added",
      "additions": 33,
      "deletions": 0,
      "file_diff": "diff --git a/hacking/templates/rst.j2 b/hacking/templates/rst.j2\nnew file mode 100644\nindex 00000000000000..def117d219dc07\n--- /dev/null\n+++ b/hacking/templates/rst.j2\n@@ -0,0 +1,33 @@\n+.. _@{ module }@:\n+\n+@{ module }@\n+````````\n+\n+{# ------------------------------------------\n+ #\n+ # Please note: this looks like a core dump\n+ # but it isn't one.\n+ #\n+ --------------------------------------------#}\n+\n+{% if version_added is defined -%}\n+.. versionadded:: @{ version_added }@\n+{% endif %}\n+\n+{% for desc in description -%}\n+@{ desc | jpfunc }@ \n+{% endfor %}\n+\n+{% if options is defined -%}\n+@{ xline(10, \"=\") }@  @{xline(10)}@ @{xline(10)}@ @{xline(60)}@\n+@{ \"parameter\" | fmt('%-10s')}@  @{ \"required\" | fmt('%-10s')}@ @{ \"default\" | fmt('%-10s')}@ @{ \"comments\" | fmt('%-60s')}@\n+@{ xline(10, \"=\") }@  @{xline(10)}@ @{xline(10)}@ @{xline(60)}@ {% for o in options -%}\n+     {% for opt, v  in o.iteritems()  %}\n+{% if v['required'] %}{% set required = 'yes' %}{% else %}{% set required = ' ' %}{% endif -%}\n+@{opt |fmt(\"%-10s\") }@  @{ required|fmt('%-10s') }@ @{ v['default']|fmt('%-10s') }@ {% for desc in v.description -%}@{ desc | jpfunc }@{% endfor -%}\n+     {% endfor -%}\n+  {% endfor %}\n+@{ xline(10, \"=\") }@  @{xline(10)}@ @{xline(10)}@ @{xline(60)}@\n+{% endif %}\n+\n+    FIXME: examples!"
    },
    {
      "file_path": "library/ini_file",
      "status": "added",
      "additions": 185,
      "deletions": 0,
      "file_diff": "diff --git a/library/ini_file b/library/ini_file\nnew file mode 100755\nindex 00000000000000..99fe9ee5a60f66\n--- /dev/null\n+++ b/library/ini_file\n@@ -0,0 +1,185 @@\n+#!/usr/bin/python\n+# -*- coding: utf-8 -*-\n+\n+# (c) 2012, Jan-Piet Mens <jpmens () gmail.com>\n+#\n+# This file is part of Ansible\n+#\n+# Ansible is free software: you can redistribute it and/or modify\n+# it under the terms of the GNU General Public License as published by\n+# the Free Software Foundation, either version 3 of the License, or\n+# (at your option) any later version.\n+#\n+# Ansible is distributed in the hope that it will be useful,\n+# but WITHOUT ANY WARRANTY; without even the implied warranty of\n+# MERCHANTABILITY or FITNESS FOR A PARTICULAR PURPOSE.  See the\n+# GNU General Public License for more details.\n+#\n+# You should have received a copy of the GNU General Public License\n+# along with Ansible.  If not, see <http://www.gnu.org/licenses/>.\n+#\n+\n+DOCUMENTATION = '''\n+---\n+module: ini_file\n+short_description: Tweak settings in INI files\n+description:\n+     - Manage (add, remove, change) individual settings in an INI-style file without having\n+       to manage the file as a whole with, say, M(template) or M(assemble). Adds missing\n+       sections if they don't exist.\n+version_added: \"0.9\"\n+options:\n+  - dest:\n+      description:\n+        - Path to the INI-style file; this file is created if required\n+      required: true\n+      default: null\n+      aliases: []\n+  - section:\n+      description:\n+        - Section name in INI file. This is added if C(state=present) automatically when\n+          a single value is being set.\n+      required: true\n+      default: null\n+  - option:\n+      description:\n+        - if set (required for changing a I(value)), this is the name of the option.\n+        - May be omitted if adding/removing a whole I(section).\n+      required: false\n+      default: []\n+  - value:\n+      description:\n+        - the string value to be associated with an I(option). May be omitted when\n+          removing an I(option).\n+      required: false\n+      default: []\n+  - backup:\n+      description:\n+        - Create a backup file including the timestamp information so you can get\n+          the original file back if you somehow clobbered it incorrectly.\n+      required: false\n+      default: no\n+      choices: [ \"yes\", \"no\" ]\n+  - others:\n+       description:\n+         - all arguments accepted by the M(file) module also work here\n+       required: false\n+notes:\n+   - While it is possible to add an I(option) without specifying a I(value), this makes\n+     no sense.\n+requirements: [ ConfigParser ]\n+author: Jan-Piet Mens\n+'''\n+\n+EXAMPLES = [\n+\"\"\" \n+- code: ini_file dest=/etc/conf section=drinks option=fav value=lemonade mode=0600 backup=true\n+  description: Ensure C(fav=lemonade) is in section C([drinks]) in said file\n+\"\"\",\n+\"\"\" ini_file dest=/etc/anotherconf\n+        section=drinks\n+        option=temperature\n+        value=cold\n+        backup=true\n+\"\"\"\n+]\n+\n+import ConfigParser\n+\n+# ==============================================================\n+# do_ini\n+\n+def do_ini(module, filename, section=None, option=None, value=None, state='present', backup=False):\n+\n+    changed = False\n+    cp = ConfigParser.ConfigParser()\n+\n+    try:\n+        f = open(filename)\n+        cp.readfp(f)\n+    except IOError:\n+        pass\n+\n+\n+    if state == 'absent':\n+        if option is None and value is None:\n+            if cp.has_section(section):\n+                cp.remove_section(section)\n+                changed = True\n+        else:\n+            if option is not None:\n+                try:\n+                    if cp.get(section, option):\n+                        cp.remove_option(section, option)\n+                        changed = True\n+                except:\n+                    pass\n+\n+    if state == 'present':\n+        if cp.has_section(section) == False:\n+            cp.add_section(section)\n+            changed = True\n+\n+        if option is not None and value is not None:\n+            try:\n+                oldvalue = cp.get(section, option)\n+                if str(value) != str(oldvalue):\n+                    cp.set(section, option, value)\n+                    changed = True\n+            except ConfigParser.NoOptionError:\n+                cp.set(section, option, value)\n+                changed = True\n+\n+    if changed:\n+        if backup:\n+            module.backup_local(filename)\n+\n+        try:\n+            f = open(filename, 'w')\n+            cp.write(f)\n+        except:\n+            module.fail_json(msg=\"Can't creat %s\" % filename)\n+\n+    return changed\n+\n+# ==============================================================\n+# main\n+\n+def main():\n+\n+    module = AnsibleModule(\n+        # not checking because of daisy chain to file module\n+        check_invalid_arguments = False,\n+        argument_spec = dict(\n+            dest = dict(required=True),\n+            section = dict(required=True),\n+            option = dict(required=False),\n+            value = dict(required=False),\n+            backup = dict(default='no', choices=BOOLEANS),\n+            state = dict(default='present', choices=['present', 'absent'])\n+        )\n+    )\n+\n+    info = dict()\n+\n+    dest = os.path.expanduser(module.params['dest'])\n+    section = module.params['section']\n+    option = module.params['option']\n+    value = module.params['value']\n+    state = module.params['state']\n+    backup = module.boolean(module.params['backup'])\n+\n+    changed = do_ini(module, dest, section, option, value, state, backup)\n+\n+    info['daisychain_args'] = module.params\n+    info['daisychain_args']['state'] = 'file'\n+    info['daisychain_args']['dest'] = dest\n+\n+    # Mission complete\n+    module.exit_json(dest=dest, \n+        changed=changed, msg=\"OK\",\n+        daisychain=\"file\", daisychain_args=info.get('daisychain_args',''))\n+\n+# this is magic, see lib/ansible/module_common.py\n+#<<INCLUDE_ANSIBLE_MODULE_COMMON>>\n+main()\n"
    }
  ],
  "comments": [
    {
      "author_login": "mpdehaan",
      "body": "thanks!   Got sidetracked with fireball mode (see list), in queue for looking at tonight\n"
    },
    {
      "author_login": "jpmens",
      "body": "It's just not fair:  you get to all teh kewl  things...\n\nOn Sep 27, 2012, at 14:30, Michael DeHaan notifications@github.com wrote:\n\n> thanks! Got sidetracked with fireball mode (see list), in queue for looking at tonight\n> \n> —\n> Reply to this email directly or view it on GitHub.\n"
    }
  ],
  "reviews": []
}