{
  "pr_number": 11439,
  "url": "https://github.com/ansible/ansible/pull/11439",
  "title": "Fix YAML formatting issue for rax integration tests",
  "author_login": "sivel",
  "state": "MERGED",
  "merged_by_login": "sivel",
  "body": "The `yaml.CSafeLoader` is more strict on parsing, and as such, causes some poorly formatted YAML in the rax integration tests to parse unexpectedly.\n\nThis PR fixes the parsing issues by wrapping the full line in quotes to prevent the YAML parser from thinking that a `:` in the line separates a key/value pair.\n",
  "labels": [
    "cloud",
    "bug"
  ],
  "additions": 20,
  "deletions": 20,
  "changed_files_count": 11,
  "changed_files_list": [
    "test/integration/roles/test_rax_cbs_attachments/tasks/main.yml",
    "tasks/main.yml b/test/integration/roles/test_rax_cdb/tasks/main.yml",
    "test/integration/roles/test_rax_cdb_database/tasks/main.yml",
    "tasks/main.yml b/test/integration/roles/test_rax_clb/tasks/main.yml",
    "test/integration/roles/test_rax_clb_nodes/tasks/main.yml",
    "test/integration/roles/test_rax_facts/tasks/main.yml",
    "test/integration/roles/test_rax_keypair/tasks/main.yml",
    "test/integration/roles/test_rax_meta/tasks/main.yml",
    "test/integration/roles/test_rax_network/tasks/main.yml",
    "test/integration/roles/test_rax_scaling_group/tasks/main.yml"
  ],
  "files": [
    {
      "file_path": "test/integration/roles/test_rax_cbs_attachments/tasks/main.yml",
      "status": "modified",
      "additions": 1,
      "deletions": 1,
      "file_diff": "diff --git a/test/integration/roles/test_rax_cbs_attachments/tasks/main.yml b/test/integration/roles/test_rax_cbs_attachments/tasks/main.yml\nindex 0321fe10e17652..9c8933cb6a1a9c 100644\n--- a/test/integration/roles/test_rax_cbs_attachments/tasks/main.yml\n+++ b/test/integration/roles/test_rax_cbs_attachments/tasks/main.yml\n@@ -8,7 +8,7 @@\n   assert:\n     that:\n       - rax_cbs_attachments|failed\n-      - rax_cbs_attachments.msg == 'missing required arguments: server,volume,device'\n+      - 'rax_cbs_attachments.msg == \"missing required arguments: server,volume,device\"'\n # ============================================================\n \n "
    },
    {
      "file_path": "tasks/main.yml b/test/integration/roles/test_rax_cdb/tasks/main.yml",
      "status": "modified",
      "additions": 2,
      "deletions": 2,
      "file_diff": "diff --git a/test/integration/roles/test_rax_cdb/tasks/main.yml b/test/integration/roles/test_rax_cdb/tasks/main.yml\nindex f5336e54d0156b..3ba86375d34acf 100644\n--- a/test/integration/roles/test_rax_cdb/tasks/main.yml\n+++ b/test/integration/roles/test_rax_cdb/tasks/main.yml\n@@ -8,7 +8,7 @@\n   assert:\n     that:\n       - rax_cdb|failed\n-      - rax_cdb.msg == 'missing required arguments: name'\n+      - 'rax_cdb.msg == \"missing required arguments: name\"'\n # ============================================================\n \n \n@@ -60,7 +60,7 @@\n   assert:\n     that:\n       - rax_cdb|failed\n-      - rax_cdb.msg == 'missing required arguments: name'\n+      - 'rax_cdb.msg == \"missing required arguments: name\"'\n # ============================================================\n \n "
    },
    {
      "file_path": "test/integration/roles/test_rax_cdb_database/tasks/main.yml",
      "status": "modified",
      "additions": 2,
      "deletions": 2,
      "file_diff": "diff --git a/test/integration/roles/test_rax_cdb_database/tasks/main.yml b/test/integration/roles/test_rax_cdb_database/tasks/main.yml\nindex 548641b6ebf4e7..cee0a4bbc3f007 100644\n--- a/test/integration/roles/test_rax_cdb_database/tasks/main.yml\n+++ b/test/integration/roles/test_rax_cdb_database/tasks/main.yml\n@@ -8,7 +8,7 @@\n   assert:\n     that:\n       - rax_cdb_database|failed\n-      - rax_cdb_database.msg == 'missing required arguments: name,cdb_id'\n+      - 'rax_cdb_database.msg == \"missing required arguments: name,cdb_id\"'\n # ============================================================\n \n \n@@ -24,7 +24,7 @@\n   assert:\n     that:\n       - rax_cdb_database|failed\n-      - rax_cdb_database.msg == 'missing required arguments: cdb_id'\n+      - 'rax_cdb_database.msg == \"missing required arguments: cdb_id\"'\n # ============================================================\n \n "
    },
    {
      "file_path": "tasks/main.yml b/test/integration/roles/test_rax_clb/tasks/main.yml",
      "status": "modified",
      "additions": 5,
      "deletions": 5,
      "file_diff": "diff --git a/test/integration/roles/test_rax_clb/tasks/main.yml b/test/integration/roles/test_rax_clb/tasks/main.yml\nindex ae6776b56f42a5..25472b20cf8084 100644\n--- a/test/integration/roles/test_rax_clb/tasks/main.yml\n+++ b/test/integration/roles/test_rax_clb/tasks/main.yml\n@@ -8,7 +8,7 @@\n   assert:\n     that:\n       - rax_clb|failed\n-      - rax_clb.msg == 'missing required arguments: name'\n+      - 'rax_clb.msg == \"missing required arguments: name\"'\n # ============================================================\n \n \n@@ -60,7 +60,7 @@\n   assert:\n     that:\n       - rax_clb|failed\n-      - rax_clb.msg == 'missing required arguments: name'\n+      - 'rax_clb.msg == \"missing required arguments: name\"'\n # ============================================================\n \n \n@@ -378,7 +378,7 @@\n   assert:\n     that:\n       - rax_clb|failed\n-      - \"rax_clb.msg == 'value of type must be one of: PUBLIC,SERVICENET, got: BAD'\"\n+      - 'rax_clb.msg == \"value of type must be one of: PUBLIC,SERVICENET, got: BAD\"'\n # ============================================================\n \n \n@@ -401,7 +401,7 @@\n   assert:\n     that:\n       - rax_clb|failed\n-      - \"rax_clb.msg == 'value of protocol must be one of: DNS_TCP,DNS_UDP,FTP,HTTP,HTTPS,IMAPS,IMAPv4,LDAP,LDAPS,MYSQL,POP3,POP3S,SMTP,TCP,TCP_CLIENT_FIRST,UDP,UDP_STREAM,SFTP, got: BAD'\"\n+      - 'rax_clb.msg == \"value of protocol must be one of: DNS_TCP,DNS_UDP,FTP,HTTP,HTTPS,IMAPS,IMAPv4,LDAP,LDAPS,MYSQL,POP3,POP3S,SMTP,TCP,TCP_CLIENT_FIRST,UDP,UDP_STREAM,SFTP, got: BAD\"'\n # ============================================================\n \n \n@@ -424,7 +424,7 @@\n   assert:\n     that:\n       - rax_clb|failed\n-      - \"rax_clb.msg == 'value of algorithm must be one of: RANDOM,LEAST_CONNECTIONS,ROUND_ROBIN,WEIGHTED_LEAST_CONNECTIONS,WEIGHTED_ROUND_ROBIN, got: BAD'\"\n+      - 'rax_clb.msg == \"value of algorithm must be one of: RANDOM,LEAST_CONNECTIONS,ROUND_ROBIN,WEIGHTED_LEAST_CONNECTIONS,WEIGHTED_ROUND_ROBIN, got: BAD\"'\n # ============================================================\n \n "
    },
    {
      "file_path": "test/integration/roles/test_rax_clb_nodes/tasks/main.yml",
      "status": "modified",
      "additions": 1,
      "deletions": 1,
      "file_diff": "diff --git a/test/integration/roles/test_rax_clb_nodes/tasks/main.yml b/test/integration/roles/test_rax_clb_nodes/tasks/main.yml\nindex 05bc269e64a7f0..9364dc05a05e39 100644\n--- a/test/integration/roles/test_rax_clb_nodes/tasks/main.yml\n+++ b/test/integration/roles/test_rax_clb_nodes/tasks/main.yml\n@@ -8,7 +8,7 @@\n   assert:\n     that:\n       - rax_clb_nodes|failed\n-      - rax_clb_nodes.msg == 'missing required arguments: load_balancer_id'\n+      - 'rax_clb_nodes.msg == \"missing required arguments: load_balancer_id\"'\n # ============================================================\n \n "
    },
    {
      "file_path": "test/integration/roles/test_rax_facts/tasks/main.yml",
      "status": "modified",
      "additions": 1,
      "deletions": 1,
      "file_diff": "diff --git a/test/integration/roles/test_rax_facts/tasks/main.yml b/test/integration/roles/test_rax_facts/tasks/main.yml\nindex 2627f83e5b06d1..07969d597688ff 100644\n--- a/test/integration/roles/test_rax_facts/tasks/main.yml\n+++ b/test/integration/roles/test_rax_facts/tasks/main.yml\n@@ -8,7 +8,7 @@\n   assert:\n     that:\n       - rax_facts|failed\n-      - rax_facts.msg == 'one of the following is required: address,id,name'\n+      - 'rax_facts.msg == \"one of the following is required: address,id,name\"'\n # ============================================================\n \n "
    },
    {
      "file_path": "test/integration/roles/test_rax_keypair/tasks/main.yml",
      "status": "modified",
      "additions": 1,
      "deletions": 1,
      "file_diff": "diff --git a/test/integration/roles/test_rax_keypair/tasks/main.yml b/test/integration/roles/test_rax_keypair/tasks/main.yml\nindex f7f10a467838b6..84ba5b5a58440a 100644\n--- a/test/integration/roles/test_rax_keypair/tasks/main.yml\n+++ b/test/integration/roles/test_rax_keypair/tasks/main.yml\n@@ -8,7 +8,7 @@\n   assert:\n     that:\n       - rax_keypair|failed\n-      - rax_keypair.msg == 'missing required arguments: name'\n+      - 'rax_keypair.msg == \"missing required arguments: name\"'\n # ============================================================\n \n "
    },
    {
      "file_path": "test/integration/roles/test_rax_meta/tasks/main.yml",
      "status": "modified",
      "additions": 1,
      "deletions": 1,
      "file_diff": "diff --git a/test/integration/roles/test_rax_meta/tasks/main.yml b/test/integration/roles/test_rax_meta/tasks/main.yml\nindex fe1ae3f65b5a8a..92d38cf126e10d 100644\n--- a/test/integration/roles/test_rax_meta/tasks/main.yml\n+++ b/test/integration/roles/test_rax_meta/tasks/main.yml\n@@ -8,7 +8,7 @@\n   assert:\n     that:\n       - rax_meta|failed\n-      - rax_meta.msg == 'one of the following is required: address,id,name'\n+      - 'rax_meta.msg == \"one of the following is required: address,id,name\"'\n # ============================================================\n \n "
    },
    {
      "file_path": "test/integration/roles/test_rax_network/tasks/main.yml",
      "status": "modified",
      "additions": 2,
      "deletions": 2,
      "file_diff": "diff --git a/test/integration/roles/test_rax_network/tasks/main.yml b/test/integration/roles/test_rax_network/tasks/main.yml\nindex 27eda8b273e771..47da22a92d351f 100644\n--- a/test/integration/roles/test_rax_network/tasks/main.yml\n+++ b/test/integration/roles/test_rax_network/tasks/main.yml\n@@ -8,7 +8,7 @@\n   assert:\n     that:\n       - rax_network|failed\n-      - rax_network.msg == 'missing required arguments: label'\n+      - 'rax_network.msg == \"missing required arguments: label\"'\n # ============================================================\n \n \n@@ -61,7 +61,7 @@\n   assert:\n     that:\n       - rax_network|failed\n-      - rax_network.msg == 'missing required arguments: cidr'\n+      - 'rax_network.msg == \"missing required arguments: cidr\"'\n # ============================================================\n \n "
    },
    {
      "file_path": "test/integration/roles/test_rax_scaling_group/tasks/main.yml",
      "status": "modified",
      "additions": 2,
      "deletions": 2,
      "file_diff": "diff --git a/test/integration/roles/test_rax_scaling_group/tasks/main.yml b/test/integration/roles/test_rax_scaling_group/tasks/main.yml\nindex 42ba1c32069bdf..efe3f86ee77d01 100644\n--- a/test/integration/roles/test_rax_scaling_group/tasks/main.yml\n+++ b/test/integration/roles/test_rax_scaling_group/tasks/main.yml\n@@ -622,7 +622,7 @@\n     that:\n       - rax_scaling_group|success\n       - not rax_scaling_group|changed\n-      - rax_scaling_group.autoscale_group.launchConfiguration.args.server['OS-DCF:diskConfig'] == 'AUTO'\n+      - \"rax_scaling_group.autoscale_group.launchConfiguration.args.server['OS-DCF:diskConfig'] == 'AUTO'\"\n \n - name: Change disk_config 2\n   rax_scaling_group:\n@@ -644,7 +644,7 @@\n     that:\n       - rax_scaling_group|success\n       - rax_scaling_group|changed\n-      - rax_scaling_group.autoscale_group.launchConfiguration.args.server['OS-DCF:diskConfig'] == 'MANUAL'\n+      - \"rax_scaling_group.autoscale_group.launchConfiguration.args.server['OS-DCF:diskConfig'] == 'MANUAL'\"\n # ============================================================\n \n \n"
    }
  ],
  "comments": [],
  "reviews": []
}