{
  "pr_number": 10926,
  "url": "https://github.com/ansible/ansible/pull/10926",
  "title": "Documentation update; Add advice about using unpatched Windows Management Framework 3.0.",
  "author_login": "jhawkesworth",
  "state": "MERGED",
  "merged_by_login": "cchurch",
  "body": "Hopefully this should reduce bug reports like #10878 and #10825\n",
  "labels": [
    "P2",
    "windows",
    "docs"
  ],
  "additions": 11,
  "deletions": 0,
  "changed_files_count": 1,
  "changed_files_list": [
    "docsite/rst/intro_windows.rst"
  ],
  "files": [
    {
      "file_path": "docsite/rst/intro_windows.rst",
      "status": "modified",
      "additions": 11,
      "deletions": 0,
      "file_diff": "diff --git a/docsite/rst/intro_windows.rst b/docsite/rst/intro_windows.rst\nindex 00cd8af404f038..b675cd77d9d683 100644\n--- a/docsite/rst/intro_windows.rst\n+++ b/docsite/rst/intro_windows.rst\n@@ -84,6 +84,17 @@ To automate setup of WinRM, you can run `this PowerShell script <https://github.\n Admins may wish to modify this setup slightly, for instance to increase the timeframe of\n the certificate.\n \n+.. note::\n+   On Windows 7 and Server 2008 R2 machines, due to a bug in Windows \n+   Management Framework 3.0, it may be necessary to install this\n+   hotfix http://support.microsoft.com/kb/2842230 to avoid receiving\n+   out of memory and stack overflow exceptions.  Newly-installed Server 2008\n+   R2 systems which are not fully up to date with windows updates are known\n+   to have this issue.   \n+\n+   Windows 8.1 and Server 2012 R2 are not affected by this issue as they\n+   come with Windows Management Framework 4.0.\n+\n .. _getting_to_powershell_three_or_higher:\n \n Getting to PowerShell 3.0 or higher\n"
    }
  ],
  "comments": [
    {
      "author_login": "cchurch",
      "body": "Merged, thanks!  Will be included whenever the docs site is updated again.\n"
    }
  ],
  "reviews": []
}