{
  "pr_number": 10614,
  "url": "https://github.com/ansible/ansible/pull/10614",
  "title": "Update intro_windows.rst",
  "author_login": "wenottingham",
  "state": "MERGED",
  "merged_by_login": "bcoca",
  "body": "Add a bit about what Windows versions PS3 is actually available for.\n",
  "labels": [
    "windows",
    "docs"
  ],
  "additions": 1,
  "deletions": 1,
  "changed_files_count": 1,
  "changed_files_list": [
    "docsite/rst/intro_windows.rst"
  ],
  "files": [
    {
      "file_path": "docsite/rst/intro_windows.rst",
      "status": "modified",
      "additions": 1,
      "deletions": 1,
      "file_diff": "diff --git a/docsite/rst/intro_windows.rst b/docsite/rst/intro_windows.rst\nindex 544c6fba754b81..d96478b0a267f0 100644\n--- a/docsite/rst/intro_windows.rst\n+++ b/docsite/rst/intro_windows.rst\n@@ -89,7 +89,7 @@ the certificate.\n Getting to PowerShell 3.0 or higher\n ```````````````````````````````````\n \n-PowerShell 3.0 or higher is needed for most provided Ansible modules for Windows, and is also required to run the above setup script.\n+PowerShell 3.0 or higher is needed for most provided Ansible modules for Windows, and is also required to run the above setup script. Note that PowerShell 3.0 is only supported on Windows 7 SP1, Windows Server 2008 SP1, and later releases of Windows.\n \n Looking at an ansible checkout, copy the `examples/scripts/upgrade_to_ps3.ps1 <https://github.com/cchurch/ansible/blob/devel/examples/scripts/upgrade_to_ps3.ps1>`_ script onto the remote host and run a PowerShell console as an administrator.  You will now be running PowerShell 3 and can try connectivity again using the win_ping technique referenced above.\n \n"
    }
  ],
  "comments": [],
  "reviews": []
}