{
  "pr_number": 1054,
  "url": "https://github.com/ansible/ansible/pull/1054",
  "title": "First attempt at standardizing DOCUMENTATION string",
  "author_login": "jpmens",
  "state": "MERGED",
  "merged_by_login": "mpdehaan",
  "body": "Must be first docstring/assignment in module file please, so we can use AST to retrieve. (I'm not sure how else to \"find\" that string...)\n",
  "labels": [],
  "additions": 84,
  "deletions": 0,
  "changed_files_count": 3,
  "changed_files_list": [
    "library/raw",
    "library/setup"
  ],
  "files": [
    {
      "file_path": "library/raw",
      "status": "modified",
      "additions": 20,
      "deletions": 0,
      "file_diff": "diff --git a/library/raw b/library/raw\nindex 9132aeebbedca4..af9ec64ac3223b 100755\n--- a/library/raw\n+++ b/library/raw\n@@ -1 +1,21 @@\n # this is a virtual module that is entirely implemented server side\n+\n+DOCUMENTATION = '''\n+---\n+module: raw\n+short_description: Executes a low-down and dirty SSH command, not going through the module subsystem.\n+description: >\n+     Executes a low-down and dirty SSH command, not going through the module\n+     subsystem. This is useful and should only be done in two cases. The first\n+     case is installing python-simplejson on older (python 2.4 and before)\n+     hosts that need it as a dependency to run modules, since nearly all core\n+     modules require it. Another is speaking to any devices such as routers\n+     that do not have any Python installed. In any other case, using the\n+     'shell' or 'command' module is much more appropriate. Arguments given to\n+     'raw' are run directly through the configured remote shell and only output\n+     is returned. There is no error detection or change handler support for\n+     this module\n+examples:\n+    - code: ansible newhost.example.com -m raw -a \"yum -y install python-simplejson\"\n+      description: Example from /usr/bin/ansible to bootstrap a legacy python 2.4 host\n+'''"
    },
    {
      "file_path": "library/setup",
      "status": "modified",
      "additions": 23,
      "deletions": 0,
      "file_diff": "diff --git a/library/setup b/library/setup\nindex 5499c2f8576ff1..b448961e4c195a 100755\n--- a/library/setup\n+++ b/library/setup\n@@ -26,6 +26,29 @@ import re\n import socket\n import struct\n \n+DOCUMENTATION = '''\n+---\n+module: setup\n+short_description: Gathers facts about remote hosts\n+description: >\n+     This module is automatically called by playbooks to gather useful\n+     variables about remote hosts that can be used in playbooks. It can also be\n+     executed directly by /usr/bin/ansible to check what variables are\n+     available to a host. Ansible provides many 'facts' about the system,\n+     automatically.\n+notes: >\n+    More ansible facts will be added with successive releases. If facter or\n+    ohai are installed, variables from these programs will also be snapshotted\n+    into the JSON file for usage in templating. These variables are prefixed\n+    with facter_ and ohai_ so it's easy to tell their source. All variables are\n+    bubbled up to the caller. Using the ansible facts and choosing to not\n+    install facter and ohai means you can avoid ruby-dependencies on your\n+    remote systems.\n+examples:\n+    - code: ansible all -m setup -tree /tmp/facts\n+      description: Obtain facts from all hosts and store them indexed by hostname at /tmp/facts.\n+'''\n+\n try:\n     import selinux\n     HAVE_SELINUX=True\n"
    }
  ],
  "comments": [
    {
      "author_login": "mpdehaan",
      "body": "Required options can't have a default, so \"default: basename of url\" doesn't make sense to me, still looking\n"
    },
    {
      "author_login": "mpdehaan",
      "body": "The rest of this looks good to me so far.  I would probably YAML-wrap the long lines.\n\nWe could also add a top-level requirements: [] section to list any libraries or command line tools that might be needed.  Like apt requires a python-apt, pip requires pip be installed first, etc.\n\nPackage names are distro specific so it would be mostly informational.\n"
    },
    {
      "author_login": "jpmens",
      "body": "Done. Tell me if I should re-submit Pull Request.\n"
    },
    {
      "author_login": "mpdehaan",
      "body": "looks like you might need to press update at least or something as I only see 97070e2 ?\n"
    },
    {
      "author_login": "jpmens",
      "body": "Done.\n\nI was thinking of adding a `source: core` or something to allow for future `source: contrib` modules...\n"
    },
    {
      "author_login": "mpdehaan",
      "body": "Looking at this just a bit more.\n\nNotes should proably be a list as well, to allow easy insertion of paragraph breaks when dumping to HTML.\n\nI am thinking the same needs to be true for description.\n\nThe alternative would be newlines in the YAML, which I'm not sure how to do and it would probably be a bit messy.\n\nAssuming that, I think we can go full speed ahead and document everything.\n\nFYI -- in case I didn't make it clear already, there won't be a need to generate the rst/\\* files as I am likely wanting to generate bootstrap HTML instead -- there's going to be a new documentation site probably in the next 2 or so weeks.   I'll take care of writing the thing that produces those docs.\n\nNot a priority but just thinking about it -- One thing that might be nice is a script to generate module manpages for each module -- that's been requested before but not something we've been able to do.   Not sure what manpage section those would go in, but I assume it would be like man ansible-module-get_url etc ?\n\nUpdate:  I may also need to do HTML links or inline styling in a few places.  If you are doing anything to generate LaTeX, you may want to try to throw away HTML tags <.*> or something similar.  There shouldn't be too much of that.\n"
    },
    {
      "author_login": "jpmens",
      "body": "Re notes & description: I agree to making lists -- will try.\nRe HTML links & inline styling: **DISAGREE** with adding HTML: I'd mentioned that earlier: we need a language-agnostic markup for that. I was thinking along the lines of Markdown or rST or something easy which can be \"translated\" by either Python or Jinja2.\n"
    },
    {
      "author_login": "mpdehaan",
      "body": "Yeah, point.   That could get ugly.\n\nSo we could just add a:\n\nsee_also:\n    - link_name1: link_address1\n    - link_name2: link_address2\n\nand only the webapp could use it and render those after the examples.  That\nmay be enough.     Should be ok.\n\nThe idea of using Markdown or rST inside of YAML would hurt my brain :)\n"
    },
    {
      "author_login": "mpdehaan",
      "body": "Merged, feel free to decorate any of the other modules, I can add stuff to the YAML as needed.  Looks very future proof to me now.\n\nThank  you very much for figuring this all out.  This is great.\n"
    }
  ],
  "reviews": []
}