{
  "pr_number": 1089,
  "url": "https://github.com/ansible/ansible/pull/1089",
  "title": "Add 'pause' action plugin and support plugins skipping the host loop.",
  "author_login": "timlnx",
  "state": "MERGED",
  "merged_by_login": "mpdehaan",
  "body": "```\n<tbielawa>@(griddle)[~/Projects/ansible] 1:13:47  (runner_pause)\n$ git log -1\ncommit 58a4d2f7b4551b6222f9def382cac87970fc3aea\nAuthor: Tim Bielawa <tbielawa@redhat.com>\nDate:   Sat Sep 22 02:07:49 2012 -0400\n\n    Add 'pause' action plugin and support plugins skipping the host loop.\n\n<tbielawa>@(griddle)[~/Projects/ansible] 1:13:51  (runner_pause)\n$ make tests\nPYTHONPATH=./lib nosetests -v\ntest_complex_enumeration (TestInventory.TestInventory) ... ok\ntest_complex_exclude (TestInventory.TestInventory) ... ok\ntest_complex_vars (TestInventory.TestInventory) ... ok\nTest the case when playbook 'hosts' var is a list. ... ok\ntest_script (TestInventory.TestInventory) ... ok\ntest_script_all (TestInventory.TestInventory) ... ok\ntest_script_combined (TestInventory.TestInventory) ... ok\ntest_script_norse (TestInventory.TestInventory) ... ok\ntest_script_restrict (TestInventory.TestInventory) ... ok\ntest_script_vars (TestInventory.TestInventory) ... ok\ntest_simple (TestInventory.TestInventory) ... ok\ntest_simple_all (TestInventory.TestInventory) ... ok\ntest_simple_combined (TestInventory.TestInventory) ... ok\ntest_simple_norse (TestInventory.TestInventory) ... ok\ntest_simple_port (TestInventory.TestInventory) ... ok\ntest_simple_restrict (TestInventory.TestInventory) ... ok\ntest_simple_ungrouped (TestInventory.TestInventory) ... ok\ntest_simple_vars (TestInventory.TestInventory) ... ok\ntest_one (TestPlayBook.TestPlaybook) ... ok\ntest_playbook_vars (TestPlayBook.TestPlaybook) ... ok\ntest_yaml_hosts_list (TestPlayBook.TestPlaybook) ... ok\ntest_assemble (TestRunner.TestRunner) ... ok\ntest_async (TestRunner.TestRunner) ... ok\ntest_command (TestRunner.TestRunner) ... ok\ntest_copy (TestRunner.TestRunner) ... ok\ntest_facter (TestRunner.TestRunner) ... ok\ntest_fetch (TestRunner.TestRunner) ... ok\ntest_file (TestRunner.TestRunner) ... ok\ntest_git (TestRunner.TestRunner) ... ok\ntest_large_output (TestRunner.TestRunner) ... ok\ntest_ping (TestRunner.TestRunner) ... ok\ntest_parse_kv_basic (TestUtils.TestUtils) ... ok\ntest_template_basic (TestUtils.TestUtils) ... ok\ntest_template_unicode (TestUtils.TestUtils) ... ok\ntest_template_varReplace_iterated (TestUtils.TestUtils) ... ok\ntest_template_whitespace (TestUtils.TestUtils) ... ok\ntest_varLookup_list (TestUtils.TestUtils) ... ok\ntest_varReplace_almost_alternative (TestUtils.TestUtils) ... ok\ntest_varReplace_almost_alternative2 (TestUtils.TestUtils) ... ok\ntest_varReplace_alternative (TestUtils.TestUtils) ... ok\ntest_varReplace_alternative_greed (TestUtils.TestUtils) ... ok\ntest_varReplace_caps (TestUtils.TestUtils) ... ok\ntest_varReplace_include (TestUtils.TestUtils) ... ok\ntest_varReplace_include_script (TestUtils.TestUtils) ... ok\ntest_varReplace_invalid_list (TestUtils.TestUtils) ... ok\ntest_varReplace_list (TestUtils.TestUtils) ... ok\ntest_varReplace_list_nolist (TestUtils.TestUtils) ... ok\ntest_varReplace_list_oob (TestUtils.TestUtils) ... ok\ntest_varReplace_middle (TestUtils.TestUtils) ... ok\ntest_varReplace_multiple (TestUtils.TestUtils) ... ok\ntest_varReplace_nested (TestUtils.TestUtils) ... ok\ntest_varReplace_nested_int (TestUtils.TestUtils) ... ok\ntest_varReplace_nested_list (TestUtils.TestUtils) ... ok\ntest_varReplace_notcomplex (TestUtils.TestUtils) ... ok\ntest_varReplace_simple (TestUtils.TestUtils) ... ok\ntest_varReplace_unicode (TestUtils.TestUtils) ... ok\n\n----------------------------------------------------------------------\nRan 56 tests in 42.295s\n```\n",
  "labels": [],
  "additions": 172,
  "deletions": 11,
  "changed_files_count": 3,
  "changed_files_list": [
    "ansible/runner/action_plugins/pause.py b/lib/ansible/runner/action_plugins/pause.py",
    "ansible/utils.py b/lib/ansible/utils.py"
  ],
  "files": [
    {
      "file_path": "ansible/runner/action_plugins/pause.py b/lib/ansible/runner/action_plugins/pause.py",
      "status": "added",
      "additions": 131,
      "deletions": 0,
      "file_diff": "diff --git a/lib/ansible/runner/action_plugins/pause.py b/lib/ansible/runner/action_plugins/pause.py\nnew file mode 100644\nindex 00000000000000..e3fbdfdbd03215\n--- /dev/null\n+++ b/lib/ansible/runner/action_plugins/pause.py\n@@ -0,0 +1,131 @@\n+# Copyright 2012, Tim Bielawa <tbielawa@redhat.com>\n+#\n+# This file is part of Ansible\n+#\n+# Ansible is free software: you can redistribute it and/or modify\n+# it under the terms of the GNU General Public License as published by\n+# the Free Software Foundation, either version 3 of the License, or\n+# (at your option) any later version.\n+#\n+# Ansible is distributed in the hope that it will be useful,\n+# but WITHOUT ANY WARRANTY; without even the implied warranty of\n+# MERCHANTABILITY or FITNESS FOR A PARTICULAR PURPOSE.  See the\n+# GNU General Public License for more details.\n+#\n+# You should have received a copy of the GNU General Public License\n+# along with Ansible.  If not, see <http://www.gnu.org/licenses/>.\n+\n+from ansible.callbacks import vv\n+from ansible.errors import AnsibleError as ae\n+from ansible.runner.return_data import ReturnData\n+from ansible.utils import getch\n+from termios import tcflush, TCIFLUSH\n+import datetime\n+import sys\n+import time\n+\n+\n+class ActionModule(object):\n+    ''' pauses execution for a length or time, or until input is received '''\n+\n+    PAUSE_TYPES = ['seconds', 'minutes', 'prompt', '']\n+    BYPASS_HOST_LOOP = True\n+\n+    def __init__(self, runner):\n+        self.runner = runner\n+        # Set defaults\n+        self.duration_unit = 'minutes'\n+        self.prompt = None\n+        self.seconds = None\n+        self.result = {'changed': False,\n+                       'rc': 0,\n+                       'stderr': '',\n+                       'stdout': '',\n+                       'start': None,\n+                       'stop': None,\n+                       'delta': None,\n+                       }\n+\n+    def run(self, conn, tmp, module_name, module_args, inject):\n+        ''' run the pause actionmodule '''\n+        args = self.runner.module_args\n+        hosts = ', '.join(map(lambda x: x[1], self.runner.host_set))\n+\n+        (self.pause_type, sep, pause_params) = args.partition('=')\n+\n+        if self.pause_type == '':\n+            self.pause_type = 'prompt'\n+        elif not self.pause_type in self.PAUSE_TYPES:\n+            raise ae(\"invalid parameter for pause, '%s'. must be one of: %s\" % \\\n+                         (self.pause_type, \", \".join(self.PAUSE_TYPES)))\n+\n+        # error checking\n+        if self.pause_type in ['minutes', 'seconds']:\n+            try:\n+                int(pause_params)\n+            except ValueError:\n+                raise ae(\"value given to %s parameter invalid: '%s', must be an integer\" % \\\n+                             self.pause_type, pause_params)\n+\n+        # The time() command operates in seconds so we need to\n+        # recalculate for minutes=X values.\n+        if self.pause_type == 'minutes':\n+            self.seconds = int(pause_params) * 60\n+        elif self.pause_type == 'seconds':\n+            self.seconds = int(pause_params)\n+            self.duration_unit = 'seconds'\n+        else:\n+            # if no args are given we pause with a prompt\n+            if pause_params == '':\n+                self.prompt = \"[%s]\\nPress enter to continue: \" % hosts\n+            else:\n+                self.prompt = \"[%s]\\n%s: \" % (hosts, pause_params)\n+\n+        vv(\"created 'pause' ActionModule: pause_type=%s, duration_unit=%s, calculated_seconds=%s, prompt=%s\" % \\\n+                (self.pause_type, self.duration_unit, self.seconds, self.prompt))\n+\n+        try:\n+            self._start()\n+            if not self.pause_type == 'prompt':\n+                print \"[%s]\\nPausing for %s seconds\" % (hosts, self.seconds)\n+                time.sleep(self.seconds)\n+            else:\n+                # Clear out any unflushed buffered input which would\n+                # otherwise be consumed by raw_input() prematurely.\n+                tcflush(sys.stdin, TCIFLUSH)\n+                raw_input(self.prompt)\n+        except KeyboardInterrupt:\n+            while True:\n+                print '\\nAction? (a)bort/(c)ontinue: '\n+                c = getch()\n+                if c == 'c':\n+                    # continue playbook evaluation\n+                    break\n+                elif c == 'a':\n+                    # abort further playbook evaluation\n+                    raise ae('user requested abort!')\n+        finally:\n+            self._stop()\n+\n+        return ReturnData(conn=conn, result=self.result)\n+\n+    def _start(self):\n+        ''' mark the time of execution for duration calculations later '''\n+        self.start = time.time()\n+        self.result['start'] = str(datetime.datetime.now())\n+        if not self.pause_type == 'prompt':\n+            print \"(^C-c = continue early, ^C-a = abort)\"\n+\n+    def _stop(self):\n+        ''' calculate the duration we actually paused for and then\n+        finish building the task result string '''\n+        duration = time.time() - self.start\n+        self.result['stop'] = str(datetime.datetime.now())\n+        self.result['delta'] = int(duration)\n+\n+        if self.duration_unit == 'minutes':\n+            duration = round(duration / 60.0, 2)\n+        else:\n+            duration = round(duration, 2)\n+\n+        self.result['stdout'] = \"Paused for %s %s\" % (duration, self.duration_unit)"
    },
    {
      "file_path": "ansible/utils.py b/lib/ansible/utils.py",
      "status": "modified",
      "additions": 21,
      "deletions": 10,
      "file_diff": "diff --git a/lib/ansible/utils.py b/lib/ansible/utils.py\nindex 76459a8a3a64cd..d6eee065165a5f 100644\n--- a/lib/ansible/utils.py\n+++ b/lib/ansible/utils.py\n@@ -33,6 +33,8 @@\n import glob\n import subprocess\n import stat\n+import termios\n+import tty\n \n VERBOSITY=0\n \n@@ -375,7 +377,7 @@ def _gitinfo():\n     ''' returns a string containing git branch, commit id and commit date '''\n     result = None\n     repo_path = os.path.join(os.path.dirname(__file__), '..', '..', '.git')\n-    \n+\n     if os.path.exists(repo_path):\n         # Check if the .git is a file. If it is a file, it means that we are in a submodule structure.\n         if os.path.isfile(repo_path):\n@@ -397,7 +399,7 @@ def _gitinfo():\n             commit = f.readline()[:10]\n             f.close()\n             date = time.localtime(os.stat(branch_path).st_mtime)\n-            if time.daylight == 0:  \n+            if time.daylight == 0:\n                 offset = time.timezone\n             else:\n                 offset = time.altzone\n@@ -414,6 +416,17 @@ def version(prog):\n         result = result + \" {0}\".format(gitinfo)\n     return result\n \n+def getch():\n+    ''' read in a single character '''\n+    fd = sys.stdin.fileno()\n+    old_settings = termios.tcgetattr(fd)\n+    try:\n+        tty.setraw(sys.stdin.fileno())\n+        ch = sys.stdin.read(1)\n+    finally:\n+        termios.tcsetattr(fd, termios.TCSADRAIN, old_settings)\n+    return ch\n+\n ####################################################################\n # option handling code for /usr/bin/ansible and ansible-playbook\n # below this line\n@@ -429,7 +442,7 @@ def increment_debug(option, opt, value, parser):\n     global VERBOSITY\n     VERBOSITY += 1\n \n-def base_parser(constants=C, usage=\"\", output_opts=False, runas_opts=False, \n+def base_parser(constants=C, usage=\"\", output_opts=False, runas_opts=False,\n     async_opts=False, connect_opts=False, subset_opts=False):\n     ''' create an options parser for any ansible script '''\n \n@@ -515,15 +528,15 @@ def last_non_blank_line(buf):\n         if (len(line) > 0):\n             return line\n     # shouldn't occur unless there's no output\n-    return \"\"  \n+    return \"\"\n \n def filter_leading_non_json_lines(buf):\n-    ''' \n+    '''\n     used to avoid random output from SSH at the top of JSON output, like messages from\n     tcagetattr, or where dropbear spews MOTD on every single command (which is nuts).\n-    \n+\n     need to filter anything which starts not with '{', '[', ', '=' or is an empty line.\n-    filter only leading lines since multiline JSON is valid. \n+    filter only leading lines since multiline JSON is valid.\n     '''\n \n     filtered_lines = StringIO.StringIO()\n@@ -536,12 +549,10 @@ def filter_leading_non_json_lines(buf):\n \n def import_plugins(directory):\n     modules = {}\n-    for path in glob.glob(os.path.join(directory, '*.py')): \n+    for path in glob.glob(os.path.join(directory, '*.py')):\n         if path.startswith(\"_\"):\n             continue\n         name, ext = os.path.splitext(os.path.basename(path))\n         if not name.startswith(\"_\"):\n             modules[name] = imp.load_source(name, path)\n     return modules\n-\n-\n"
    }
  ],
  "comments": [
    {
      "author_login": "mpdehaan",
      "body": "This is extremely killer stuff and happens to work fine on OS X.  Merged, thanks!\n\nNote the new docs project is named ansible/ansible-docs since ansible/ansible.github.com is just redirects to the new site now.\n"
    }
  ],
  "reviews": []
}