{
  "pr_number": 10078,
  "url": "https://github.com/ansible/ansible/pull/10078",
  "title": "Ansible support for Consul",
  "author_login": "sgargan",
  "state": "MERGED",
  "merged_by_login": "bcoca",
  "body": "##### Issue Type:\n\nFeature Pull Request\n##### Ansible Version:\n\n1.9\n##### Environment:\n\nOSX 10.10 (Yosemite)\nLinux (Ubuntu 14.04 Trusty Tahr) 3.13.0-37-generic\n##### Summary:\n\nInitial commit of Ansible support for the Consul clustering framework (http://consul.io).\n\nSubmission includes support for\n- creating and registering services and checks\n- reading, writing and lookup for values in consul's kv store\n- creating and manipulating sessions for distributed locking on values in the kv\n- creating and manipulating ACLs for restricting access to the kv store\n- inventory support that reads the Consul catalog and group nodes according to\n  - datacenters\n  - exposed services\n  - service availability\n  - arbitrary groupings from the kv store\n\nThis submission makes extensive use of the python-consul library and this is required\nas a dependency and can be installed from pip.\n##### Steps To Reproduce:\n\nThe tests were written to target a vagrant cluster which can be setup by following the\ninstructions here http://github.com/sgargan/consul-vagrant\n\nNote that this submission contains only the inventory & lookup plugins and tests, the modules are contained in a commit to the ansible-modules-extras project. \n",
  "labels": [
    "new_plugin"
  ],
  "additions": 1121,
  "deletions": 1,
  "changed_files_count": 12,
  "changed_files_list": [
    "plugins/inventory/consul.ini",
    "plugins/inventory/consul_io.py",
    "test/integration/Makefile",
    "test/integration/consul.yml",
    "test/integration/consul_inventory.yml",
    "test/integration/consul_running.py",
    "test/integration/roles/test_consul_acl/tasks/main.yml",
    "test/integration/roles/test_consul_inventory/tasks/main.yml",
    "test/integration/roles/test_consul_kv/tasks/main.yml",
    "test/integration/roles/test_consul_service/tasks/main.yml",
    "test/integration/roles/test_consul_session/tasks/main.yml"
  ],
  "files": [
    {
      "file_path": "plugins/inventory/consul.ini",
      "status": "added",
      "additions": 37,
      "deletions": 0,
      "file_diff": "diff --git a/plugins/inventory/consul.ini b/plugins/inventory/consul.ini\nnew file mode 100644\nindex 00000000000000..8761494ab97895\n--- /dev/null\n+++ b/plugins/inventory/consul.ini\n@@ -0,0 +1,37 @@\n+# Ansible Consul external inventory script settings.\n+\n+[consul]\n+\n+# restrict included nodes to those from this datacenter\n+#datacenter = nyc1\n+\n+# url of the the consul cluster to query\n+#url = http://demo.consul.io\n+url = http://localhost:8500\n+\n+# suffix added to each service to create a group name e.g Service of 'redis' and\n+# a suffix of '_servers' will add each address to the group name 'redis_servers'\n+servers_suffix = _servers\n+\n+# if specified then the inventory will generate domain names that will resolve\n+# via Consul's inbuilt DNS. \n+#domain=consul\n+\n+# make groups from service tags. the name of the group is derived from the\n+# service name and the tag name e.g. a service named nginx with tags ['master', 'v1']\n+# will create groups nginx_master and nginx_v1\n+tags = true\n+\n+# looks up the node name at the given path for a list of groups to which the\n+# node should be added.\n+kv_groups=ansible/groups\n+\n+# looks up the node name at the given path for a json dictionary of metadata that\n+# should be attached as metadata for the node\n+kv_metadata=ansible/metadata\n+\n+# looks up the health of each service and adds the node to 'up' and 'down' groups\n+# based on the service availibility\n+availability = true\n+available_suffix = _up\n+unavailable_suffix = _down"
    },
    {
      "file_path": "plugins/inventory/consul_io.py",
      "status": "added",
      "additions": 427,
      "deletions": 0,
      "file_diff": "diff --git a/plugins/inventory/consul_io.py b/plugins/inventory/consul_io.py\nnew file mode 100755\nindex 00000000000000..46d47fd3bf5456\n--- /dev/null\n+++ b/plugins/inventory/consul_io.py\n@@ -0,0 +1,427 @@\n+#!/usr/bin/env python\n+\n+#\n+# (c) 2015, Steve Gargan <steve.gargan@gmail.com>\n+#\n+# This file is part of Ansible,\n+#\n+# Ansible is free software: you can redistribute it and/or modify\n+# it under the terms of the GNU General Public License as published by\n+# the Free Software Foundation, either version 3 of the License, or\n+# (at your option) any later version.\n+#\n+# Ansible is distributed in the hope that it will be useful,\n+# but WITHOUT ANY WARRANTY; without even the implied warranty of\n+# MERCHANTABILITY or FITNESS FOR A PARTICULAR PURPOSE.  See the\n+# GNU General Public License for more details.\n+#\n+# You should have received a copy of the GNU General Public License\n+# along with Ansible.  If not, see <http://www.gnu.org/licenses/>.\n+\n+######################################################################\n+\n+'''\n+Consul.io inventory script (http://consul.io)\n+======================================\n+\n+Generates Ansible inventory from nodes in a Consul cluster. This script will\n+group nodes by:\n+ - datacenter,\n+ - registered service\n+ - service tags\n+ - service status\n+ - values from the k/v store\n+\n+This script can be run with the switches\n+--list as expected groups all the nodes in all datacenters\n+--datacenter, to restrict the nodes to a single datacenter\n+--host to restrict the inventory to a single named node. (requires datacenter config)\n+\n+The configuration for this plugin is read from a consul.ini file located in the\n+same directory as this inventory script. All config options in the config file\n+are optional except the host and port, which must point to a valid agent or\n+server running the http api. For more information on enabling the endpoint see.\n+\n+http://www.consul.io/docs/agent/options.html\n+\n+Other options include:\n+\n+'datacenter':\n+\n+which restricts the included nodes to those from the given datacenter\n+\n+'domain':\n+\n+if specified then the inventory will generate domain names that will resolve\n+via Consul's inbuilt DNS. The name is derived from the node name, datacenter\n+and domain <node_name>.node.<datacenter>.<domain>. Note that you will need to\n+have consul hooked into your DNS server for these to resolve. See the consul\n+DNS docs for more info.\n+\n+which restricts the included nodes to those from the given datacenter\n+\n+'servers_suffix':\n+\n+defining the a suffix to add to the service name when creating the service\n+group. e.g Service name of 'redis' and a suffix of '_servers' will add\n+each nodes address to the group name 'redis_servers'. No suffix is added\n+if this is not set\n+\n+'tags':\n+\n+boolean flag defining if service tags should be used to create Inventory\n+groups e.g. an nginx service with the tags ['master', 'v1'] will create\n+groups nginx_master and nginx_v1 to which the node running the service\n+will be added. No tag groups are created if this is missing.\n+\n+'token':\n+\n+ACL token to use to authorize access to the key value store. May be required\n+to retrieve the kv_groups and kv_metadata based on your consul configuration.\n+\n+'kv_groups':\n+\n+This is used to lookup groups for a node in the key value store. It specifies a\n+path to which each discovered node's name will be added to create a key to query\n+the key/value store. There it expects to find a comma separated list of group\n+names to which the node should be added e.g. if the inventory contains\n+'nyc-web-1' and kv_groups = 'ansible/groups' then the key\n+'v1/kv/ansible/groups/nyc-web-1' will be queried for a group list. If this query\n+ returned 'test,honeypot' then the node address to both groups.\n+\n+'kv_metadata':\n+\n+kv_metadata is used to lookup metadata for each discovered node. Like kv_groups\n+above it is used to build a path to lookup in the kv store where it expects to\n+find a json dictionary of metadata entries. If found, each key/value pair in the\n+dictionary is added to the metadata for the node.\n+\n+'availability':\n+\n+if true then availability groups will be created for each service. The node will\n+be added to one of the groups based on the health status of the service. The\n+group name is derived from the service name and the configurable availability\n+suffixes\n+\n+'available_suffix':\n+\n+suffix that should be appended to the service availability groups for available\n+services e.g. if the suffix is '_up' and the service is nginx, then nodes with\n+healthy nginx services will be added to the nginix_up group. Defaults to\n+'_available'\n+\n+'unavailable_suffix':\n+\n+as above but for unhealthy services, defaults to '_unavailable'\n+\n+Note that if the inventory discovers an 'ssh' service running on a node it will\n+register the port as ansible_ssh_port in the node's metadata and this port will\n+be used to access the machine.\n+```\n+\n+'''\n+\n+import os\n+import re\n+import argparse\n+from time import time\n+import ConfigParser\n+import urllib, urllib2, base64\n+\n+try:\n+  import json\n+except ImportError:\n+  import simplejson as json\n+\n+try:\n+  import consul\n+except ImportError, e:\n+  print \"\"\"failed=True msg='python-consul required for this module. see\n+  http://python-consul.readthedocs.org/en/latest/#installation'\"\"\"\n+  sys.exit(1)\n+\n+\n+\n+class ConsulInventory(object):\n+\n+  def __init__(self):\n+    ''' Create an inventory based on the catalog of nodes and services\n+    registered in a consul cluster'''\n+    self.node_metadata = {}\n+    self.nodes = {}\n+    self.nodes_by_service = {}\n+    self.nodes_by_tag = {}\n+    self.nodes_by_datacenter = {}\n+    self.nodes_by_kv = {}\n+    self.nodes_by_availability = {}\n+    self.current_dc = None\n+\n+    config = ConsulConfig()\n+    self.config = config\n+\n+    self.consul_api = config.get_consul_api()\n+\n+    if config.has_config('datacenter'):\n+      if config.has_config('host'):\n+        self.load_data_for_node(config.host, config.datacenter)\n+      else:\n+        self.load_data_for_datacenter(config.datacenter)\n+    else:\n+      self.load_all_data_consul()\n+\n+    self.combine_all_results()\n+    print json.dumps(self.inventory, sort_keys=True, indent=2)\n+\n+  def load_all_data_consul(self):\n+    ''' cycle through each of the datacenters in the consul catalog and process\n+        the nodes in each '''\n+    self.datacenters = self.consul_api.catalog.datacenters()\n+    for datacenter in self.datacenters:\n+      self.current_dc = datacenter\n+      self.load_data_for_datacenter(datacenter)\n+\n+\n+  def load_availability_groups(self, node, datacenter):\n+    '''check the health of each service on a node and add add the node to either\n+    an 'available' or 'unavailable' grouping. The suffix for each group can be\n+    controlled from the config'''\n+    if self.config.has_config('availability'):\n+      for service_name, service in node['Services'].iteritems():\n+        for node in self.consul_api.health.service(service_name)[1]:\n+            for check in node['Checks']:\n+                if check['ServiceName'] == service_name:\n+                      ok = 'passing' == check['Status']\n+                      if ok:\n+                        suffix = self.config.get_availability_suffix(\n+                                    'available_suffix', '_available')\n+                      else:\n+                        suffix = self.config.get_availability_suffix(\n+                                    'unavailable_suffix', '_unavailable')\n+                      self.add_node_to_map(self.nodes_by_availability,\n+                                            service_name + suffix, node['Node'])\n+\n+\n+  def load_data_for_datacenter(self, datacenter):\n+    '''processes all the nodes in a particular datacenter'''\n+    index, nodes = self.consul_api.catalog.nodes(dc=datacenter)\n+    for node in nodes:\n+      self.add_node_to_map(self.nodes_by_datacenter, datacenter, node)\n+      self.load_data_for_node(node['Node'], datacenter)\n+\n+  def load_data_for_node(self, node, datacenter):\n+    '''loads the data for a sinle node adding it to various groups based on\n+    metadata retrieved from the kv store and service availablity'''\n+\n+    index, node_data = self.consul_api.catalog.node(node, datacenter)\n+    node = node_data['Node']\n+    self.add_node_to_map(self.nodes, 'all', node)\n+    self.add_metadata(node_data, \"consul_datacenter\", datacenter)\n+    self.add_metadata(node_data, \"consul_nodename\", node['Node'])\n+\n+    self.load_groups_from_kv(node_data)\n+    self.load_node_metadata_from_kv(node_data)\n+    self.load_availability_groups(node_data, datacenter)\n+\n+    for name, service in node_data['Services'].items():\n+      self.load_data_from_service(name, service, node_data)\n+\n+  def load_node_metadata_from_kv(self, node_data):\n+    ''' load the json dict at the metadata path defined by the kv_metadata value\n+        and the node name add each entry in the dictionary to the the node's\n+        metadata '''\n+    node = node_data['Node']\n+    if  self.config.has_config('kv_metadata'):\n+      key = \"%s/%s/%s\" % (self.config.kv_metadata, self.current_dc, node['Node'])\n+      index, metadata = self.consul_api.kv.get(key)\n+      if metadata and metadata['Value']:\n+        try:\n+            metadata = json.loads(metadata['Value'])\n+            for k,v in metadata.items():\n+              self.add_metadata(node_data, k, v)\n+        except:\n+            pass\n+\n+  def load_groups_from_kv(self, node_data):\n+    ''' load the comma separated list of groups at the path defined by the\n+        kv_groups config value and the node name add the node address to each\n+        group found '''\n+    node = node_data['Node']\n+    if  self.config.has_config('kv_groups'):\n+      key = \"%s/%s/%s\" % (self.config.kv_groups, self.current_dc, node['Node'])\n+      index, groups = self.consul_api.kv.get(key)\n+      if groups and groups['Value']:\n+        for group in groups['Value'].split(','):\n+          self.add_node_to_map(self.nodes_by_kv, group.strip(), node)\n+\n+  def load_data_from_service(self, service_name, service, node_data):\n+    '''process a service registered on a node, adding the node to a group with\n+    the service name. Each service tag is extracted and the node is added to a\n+    tag grouping also'''\n+    self.add_metadata(node_data, \"consul_services\", service_name, True)\n+\n+    if self.is_service(\"ssh\", service_name):\n+      self.add_metadata(node_data, \"ansible_ssh_port\", service['Port'])\n+\n+    if self.config.has_config('servers_suffix'):\n+      service_name = service_name + self.config.servers_suffix\n+\n+    self.add_node_to_map(self.nodes_by_service, service_name, node_data['Node'])\n+    self.extract_groups_from_tags(service_name, service, node_data)\n+\n+  def is_service(self, target, name):\n+    return name and (name.lower() == target.lower())\n+\n+  def extract_groups_from_tags(self, service_name, service, node_data):\n+    '''iterates each service tag and adds the node to groups derived from the\n+    service and tag names e.g. nginx_master'''\n+    if self.config.has_config('tags') and service['Tags']:\n+      tags = service['Tags']\n+      self.add_metadata(node_data, \"consul_%s_tags\" % service_name, tags)\n+      for tag in service['Tags']:\n+        tagname = service_name +'_'+tag\n+        self.add_node_to_map(self.nodes_by_tag, tagname, node_data['Node'])\n+\n+  def combine_all_results(self):\n+    '''prunes and sorts all groupings for combination into the final map'''\n+    self.inventory = {\"_meta\": { \"hostvars\" : self.node_metadata}}\n+    groupings = [self.nodes, self.nodes_by_datacenter, self.nodes_by_service,\n+                self.nodes_by_tag, self.nodes_by_kv, self.nodes_by_availability]\n+    for grouping in groupings:\n+      for name, addresses in grouping.items():\n+        self.inventory[name] = sorted(list(set(addresses)))\n+\n+  def add_metadata(self, node_data, key, value, is_list = False):\n+    ''' Pushed an element onto a metadata dict for the node, creating\n+        the dict if it doesn't exist '''\n+    key = self.to_safe(key)\n+    node = self.get_inventory_name(node_data['Node'])\n+\n+    if node in self.node_metadata:\n+      metadata = self.node_metadata[node]\n+    else:\n+      metadata = {}\n+      self.node_metadata[node] = metadata\n+    if is_list:\n+      self.push(metadata, key, value)\n+    else:\n+      metadata[key] = value\n+\n+  def get_inventory_name(self, node_data):\n+      '''return the ip or a node name that can be looked up in consul's dns'''\n+      domain = self.config.domain\n+      if domain:\n+          node_name = node_data['Node']\n+          if self.current_dc:\n+              return '%s.node.%s.%s' % ( node_name, self.current_dc, domain)\n+          else:\n+              return '%s.node.%s' % ( node_name, domain)\n+      else:\n+          return node_data['Address']\n+\n+  def add_node_to_map(self, map, name, node):\n+      self.push(map, name, self.get_inventory_name(node))\n+\n+\n+  def push(self, my_dict, key, element):\n+    ''' Pushed an element onto an array that may not have been defined in the\n+        dict '''\n+    key = self.to_safe(key)\n+    if key in my_dict:\n+      my_dict[key].append(element)\n+    else:\n+      my_dict[key] = [element]\n+\n+  def to_safe(self, word):\n+    ''' Converts 'bad' characters in a string to underscores so they can be used\n+     as Ansible groups '''\n+    return re.sub('[^A-Za-z0-9\\-\\.]', '_', word)\n+\n+  def sanitize_dict(self, d):\n+\n+    new_dict = {}\n+    for k, v in d.items():\n+      if v != None:\n+        new_dict[self.to_safe(str(k))] = self.to_safe(str(v))\n+    return new_dict\n+\n+  def sanitize_list(self, seq):\n+    new_seq = []\n+    for d in seq:\n+      new_seq.append(self.sanitize_dict(d))\n+    return new_seq\n+\n+\n+class ConsulConfig(dict):\n+\n+  def __init__(self):\n+    self.read_settings()\n+    self.read_cli_args()\n+\n+  def has_config(self, name):\n+    if hasattr(self, name):\n+      return getattr(self, name)\n+    else:\n+      return False\n+\n+  def read_settings(self):\n+    ''' Reads the settings from the consul.ini file '''\n+    config = ConfigParser.SafeConfigParser()\n+    config.read(os.path.dirname(os.path.realpath(__file__)) + '/consul.ini')\n+\n+    config_options = ['host', 'token', 'datacenter', 'servers_suffix',\n+                      'tags', 'kv_metadata', 'kv_groups', 'availability',\n+                      'unavailable_suffix', 'available_suffix', 'url',\n+                      'domain']\n+    for option in config_options:\n+      value = None\n+      if config.has_option('consul', option):\n+          value = config.get('consul', option)\n+      setattr(self, option, value)\n+\n+  def read_cli_args(self):\n+    ''' Command line argument processing '''\n+    parser = argparse.ArgumentParser(description=\n+        'Produce an Ansible Inventory file based nodes in a Consul cluster')\n+\n+    parser.add_argument('--list', action='store_true',\n+        help='Get all inventory variables from all nodes in the consul cluster')\n+    parser.add_argument('--host', action='store',\n+        help='Get all inventory variables about a specific consul node, \\\n+              requires datacenter set in consul.ini.')\n+    parser.add_argument('--datacenter', action='store',\n+        help='Get all inventory about a specific consul datacenter')\n+\n+    args = parser.parse_args()\n+    arg_names = ['host', 'datacenter']\n+\n+    for arg in arg_names:\n+      if getattr(args, arg):\n+        setattr(self, arg, getattr(args, arg))\n+\n+  def get_availability_suffix(self, suffix, default):\n+      if self.has_config(suffix):\n+        return self.has_config(suffix)\n+      return default\n+\n+\n+  def get_consul_api(self):\n+      '''get an instance of the api based on the supplied configuration'''\n+      host = 'localhost'\n+      port =  8500\n+      token = None\n+\n+      if hasattr(self, 'url'):\n+          from urlparse import urlparse\n+          o = urlparse(self.url)\n+          if o.hostname:\n+              host = o.hostname\n+          if o.port:\n+              port = o.port\n+\n+      if hasattr(self, 'token'):\n+          token = self.token\n+          if not token:\n+              token = 'anonymous'\n+      return consul.Consul(host=host, port=port, token=token)\n+\n+ConsulInventory()"
    },
    {
      "file_path": "test/integration/Makefile",
      "status": "modified",
      "additions": 13,
      "deletions": 1,
      "file_diff": "diff --git a/test/integration/Makefile b/test/integration/Makefile\nindex 7a00a5addee113..56414d91a4e125 100644\n--- a/test/integration/Makefile\n+++ b/test/integration/Makefile\n@@ -19,6 +19,8 @@ TMPDIR = $(shell mktemp -d 2>/dev/null || mktemp -d -t 'mytmpdir')\n \n VAULT_PASSWORD_FILE = vault-password\n \n+CONSUL_RUNNING := $(shell python consul_running.py)\n+\n all: parsing test_var_precedence unicode non_destructive destructive includes check_mode test_hash test_handlers test_group_by test_vault\n \n parsing:\n@@ -30,7 +32,7 @@ parsing:\n \tansible-playbook good_parsing.yml -i $(INVENTORY) -e @$(VARS_FILE) $(CREDENTIALS_ARG) -v $(TEST_FLAGS)\n \n includes:\n-\tansible-playbook test_includes.yml -i $(INVENTORY) -e @$(VARS_FILE) $(CREDENTIALS_ARG) $(TEST_FLAGS) \n+\tansible-playbook test_includes.yml -i $(INVENTORY) -e @$(VARS_FILE) $(CREDENTIALS_ARG) $(TEST_FLAGS)\n \n unicode:\n \tansible-playbook unicode.yml -i $(INVENTORY) -e @$(VARS_FILE) -v $(TEST_FLAGS)\n@@ -119,6 +121,16 @@ rackspace: $(CREDENTIALS_FILE)\n     CLOUD_RESOURCE_PREFIX=\"$(CLOUD_RESOURCE_PREFIX)\" make rackspace_cleanup ; \\\n     exit $$RC;\n \n+$(CONSUL_RUNNING):\n+\n+consul:\n+ifeq ($(CONSUL_RUNNING), True)\n+\tansible-playbook -i $(INVENTORY) consul.yml ; \\\n+\tansible-playbook -i ../../plugins/inventory/consul_io.py consul_inventory.yml\n+else\n+\t@echo \"Consul agent is not running locally. To run a cluster locally see http://github.com/sgargan/consul-vagrant\"\n+endif\n+\n test_galaxy: test_galaxy_spec test_galaxy_yaml\n \n test_galaxy_spec:"
    },
    {
      "file_path": "test/integration/consul.yml",
      "status": "added",
      "additions": 82,
      "deletions": 0,
      "file_diff": "diff --git a/test/integration/consul.yml b/test/integration/consul.yml\nnew file mode 100644\nindex 00000000000000..c85e703e87cbc9\n--- /dev/null\n+++ b/test/integration/consul.yml\n@@ -0,0 +1,82 @@\n+- hosts: localhost\n+  connection: local\n+  gather_facts: false\n+\n+  vars:\n+    # these are the defaults from the consul-vagrant cluster setup\n+    - mgmt_token: '4791402A-D875-4C18-8316-E652DBA53B18'\n+    - acl_host: '11.0.0.2'\n+    - metadata_json: '{\"clearance\": \"top_secret\"}'\n+\n+  pre_tasks:\n+    # this works except for the KV_lookusp\n+    - name: check that the consul agent is running locally\n+      local_action: wait_for port=8500 timeout=5\n+      ignore_errors: true\n+      register: consul_running\n+\n+  roles:\n+\n+    - {role: test_consul_service,\n+       when: not consul_running.failed is defined}\n+\n+    - {role: test_consul_kv,\n+       when: not consul_running.failed is defined}\n+\n+    - {role: test_consul_acl,\n+       when: not consul_running.failed is defined}\n+\n+    - {role: test_consul_session,\n+       when: not consul_running.failed is defined}\n+\n+  tasks:\n+\n+    - name: setup services with passing check for consul inventory test\n+      consul:\n+        service_name: nginx\n+        service_port: 80\n+        script: \"sh -c true\"\n+        interval: 5\n+        token: '4791402A-D875-4C18-8316-E652DBA53B18'\n+        tags:\n+          - dev\n+          - master\n+\n+\n+    - name: setup failing service for inventory test\n+      consul:\n+        service_name: nginx\n+        service_port: 443\n+        script: \"sh -c false\"\n+        interval: 5\n+        tags:\n+          - qa\n+          - slave\n+\n+    - name: setup ssh service for inventory test\n+      consul:\n+        service_name: ssh\n+        service_port: 2222\n+        script: \"sh -c true\"\n+        interval: 5\n+        token: '4791402A-D875-4C18-8316-E652DBA53B18'\n+\n+    - name: update the Anonymous token to allow anon access to kv store\n+      consul_acl:\n+        mgmt_token: '{{mgmt_token}}'\n+        host: '{{acl_host}}'\n+        token: 'anonymous'\n+        rules:\n+          - key: ''\n+            policy: write\n+      register: inventory_token\n+\n+    - name: add metadata for the node through kv_store\n+      consul_kv: \"key=ansible/metadata/dc1/consul-1 value='{{metadata_json}}'\"\n+\n+    - name: add metadata for the node through kv_store\n+      consul_kv: key=ansible/groups/dc1/consul-1 value='a_group, another_group'\n+\n+    - name: warn that tests are ignored if consul agent is not running\n+      debug: msg=\"A consul agent needs to be running inorder to run the tests. To setup a vagrant cluster for use in testing see http://github.com/sgargan/consul-vagrant\"\n+      when: consul_running.failed is defined"
    },
    {
      "file_path": "test/integration/consul_inventory.yml",
      "status": "added",
      "additions": 19,
      "deletions": 0,
      "file_diff": "diff --git a/test/integration/consul_inventory.yml b/test/integration/consul_inventory.yml\nnew file mode 100644\nindex 00000000000000..0007a0965d4af7\n--- /dev/null\n+++ b/test/integration/consul_inventory.yml\n@@ -0,0 +1,19 @@\n+- hosts: all;!localhost\n+  gather_facts: false\n+\n+  pre_tasks:\n+    - name: check that the consul agent is running locally\n+      local_action: wait_for port=8500 timeout=5\n+      ignore_errors: true\n+      register: consul_running\n+\n+  roles:\n+\n+    - {role: test_consul_inventory,\n+       when: not consul_running.failed is defined}\n+\n+  tasks:\n+\n+    - name: warn that tests are ignored if consul agent is not running\n+      debug: msg=\"A consul agent needs to be running inorder to run the tests. To setup a vagrant cluster for use in testing see http://github.com/sgargan/consul-vagrant\"\n+      when: consul_running.failed is defined"
    },
    {
      "file_path": "test/integration/consul_running.py",
      "status": "added",
      "additions": 11,
      "deletions": 0,
      "file_diff": "diff --git a/test/integration/consul_running.py b/test/integration/consul_running.py\nnew file mode 100644\nindex 00000000000000..9fdff9ef5961b5\n--- /dev/null\n+++ b/test/integration/consul_running.py\n@@ -0,0 +1,11 @@\n+''' Checks that the consul agent is running locally. '''\n+\n+if __name__ == '__main__':\n+\n+    try:\n+        import consul\n+        consul = consul.Consul(host='0.0.0.0', port=8500)\n+        consul.catalog.nodes()\n+        print \"True\"\n+    except:\n+        pass"
    },
    {
      "file_path": "test/integration/roles/test_consul_acl/tasks/main.yml",
      "status": "added",
      "additions": 42,
      "deletions": 0,
      "file_diff": "diff --git a/test/integration/roles/test_consul_acl/tasks/main.yml b/test/integration/roles/test_consul_acl/tasks/main.yml\nnew file mode 100644\nindex 00000000000000..1448c63741bd40\n--- /dev/null\n+++ b/test/integration/roles/test_consul_acl/tasks/main.yml\n@@ -0,0 +1,42 @@\n+- name: create a new acl token\n+  consul_acl:\n+    mgmt_token: '{{mgmt_token}}'\n+    host: '{{acl_host}}'\n+    name: 'New ACL'\n+  register: new_ruleless\n+\n+- name: verify ruleless key created\n+  assert:\n+    that:\n+      - new_ruleless.token | length == 36\n+      - new_ruleless.name == 'New ACL'\n+\n+- name: add rules to an acl token\n+  consul_acl:\n+    mgmt_token: '{{mgmt_token}}'\n+    host: '{{acl_host}}'\n+    name: 'With rule'\n+    rules:\n+      - key: 'foo'\n+        policy: read\n+      - key: 'private/foo'\n+        policy: deny\n+  register: with_rules\n+\n+- name: verify rules created\n+  assert:\n+    that:\n+      - with_rules.token | length == 36\n+      - with_rules.name == 'With rule'\n+      - with_rules.rules | match('.*\"foo\".*')\n+      - with_rules.rules | match('.*\"private/foo\".*')\n+\n+- name: clear up\n+  consul_acl:\n+    mgmt_token: '{{mgmt_token}}'\n+    host: '{{acl_host}}'\n+    token: '{{item}}'\n+    state: absent\n+  with_items:\n+    - '{{new_ruleless.token}}'\n+    - '{{with_rules.token}}'"
    },
    {
      "file_path": "test/integration/roles/test_consul_inventory/tasks/main.yml",
      "status": "added",
      "additions": 39,
      "deletions": 0,
      "file_diff": "diff --git a/test/integration/roles/test_consul_inventory/tasks/main.yml b/test/integration/roles/test_consul_inventory/tasks/main.yml\nnew file mode 100644\nindex 00000000000000..f65de2fae007d1\n--- /dev/null\n+++ b/test/integration/roles/test_consul_inventory/tasks/main.yml\n@@ -0,0 +1,39 @@\n+- name: there are three hosts with an available consul service\n+  assert:\n+    that:\n+        - groups.consul_servers | length == 3\n+\n+\n+- name: there is one host with an available ssh service\n+  assert:\n+    that:\n+        - groups.ssh_up | length == 1\n+\n+- name: there is one host with a failing nginx service\n+  assert:\n+    that:\n+        - groups.nginx_down | length == 1\n+\n+- name: services get added to groups with their tags\n+  assert:\n+    that:\n+        - groups.nginx_servers_qa | length == 1\n+        - groups.nginx_servers_slave | length == 1\n+\n+- name: metadata from the kv store gets added to the facts for a host\n+  assert:\n+    that:\n+        - clearance | match('top_secret')\n+  when: inventory_hostname == '11.0.0.2'\n+\n+- name: extra groups a host should be added to can be loaded from kv\n+  assert:\n+    that:\n+        - groups.a_group | length == 1\n+        - groups.another_group | length == 1\n+\n+- name: ansible_ssh_port is set if the ssh service is registered\n+  assert:\n+    that:\n+        - ansible_ssh_port == 2222\n+  when: not inventory_hostname in  ['11.0.0.2', '11.0.0.3', '11.0.0.4']"
    },
    {
      "file_path": "test/integration/roles/test_consul_kv/tasks/main.yml",
      "status": "added",
      "additions": 90,
      "deletions": 0,
      "file_diff": "diff --git a/test/integration/roles/test_consul_kv/tasks/main.yml b/test/integration/roles/test_consul_kv/tasks/main.yml\nnew file mode 100644\nindex 00000000000000..4aff909418b778\n--- /dev/null\n+++ b/test/integration/roles/test_consul_kv/tasks/main.yml\n@@ -0,0 +1,90 @@\n+- name: add rules to an acl token\n+  consul_acl:\n+    mgmt_token: '{{mgmt_token}}'\n+    host: '{{acl_host}}'\n+    name: 'ACL rule for testing'\n+    rules:\n+      - key: 'somekey'\n+        policy: all\n+  register: test_acl\n+\n+- name: cleanup from previous failed runs\n+  consul_kv: key={{item}} state=absent token='{{test_acl.token}}'\n+  with_items:\n+    - somekey\n+\n+- name: add a kv pair to the kv store\n+  consul_kv: key=somekey value=somevalue token='{{test_acl.token}}'\n+  register: new_key\n+\n+- name: verify new key\n+  assert:\n+    that:\n+      - new_key.key == 'somekey'\n+      - new_key.data.Value == 'somevalue'\n+      - new_key.changed == true\n+\n+- name: add an existing kv to the kv store\n+  consul_kv: key=somekey value=somevalue token='{{test_acl.token}}'\n+  register: existing_key\n+\n+- name: verify existing key cause no change\n+  assert:\n+    that:\n+      - existing_key.key == 'somekey'\n+      - existing_key.data.Value == 'somevalue'\n+      - existing_key.changed == False\n+\n+- name: remove an existing kv from the kv store\n+  consul_kv: key=somekey state=absent token='{{test_acl.token}}'\n+  register: remove_key\n+\n+- name: verify removal causes change and existing value is returned\n+  assert:\n+    that:\n+      - remove_key.key == 'somekey'\n+      - remove_key.data.Value == 'somevalue'\n+      - remove_key.changed == True\n+\n+- name: attempting to remove an non-existant kv from the kv store causes no change\n+  consul_kv: key=not_present state=absent token='{{test_acl.token}}'\n+  register: non_existant_key\n+\n+- name: verify removal causes change and existing value is returned\n+  assert:\n+    that:\n+      - non_existant_key.key == 'not_present'\n+      - non_existant_key.data == None\n+      - non_existant_key.changed == False\n+\n+- name: Add a key to lookup with the lookup capability\n+  consul_kv: key='key/to/lookup_{{item}}' value='somevalue_{{item}}' token='{{test_acl.token}}'\n+  with_items:\n+    - one\n+    - two\n+  register: lookup_keys\n+\n+  # necessary to make the new token available to the\n+- set_fact: acl_token={{test_acl.token}}\n+\n+- name: kv test\n+  assert:\n+    that:\n+      -  \"{{item | match('somevalue_one')}}\"\n+  with_consul_kv:\n+    - 'key/to/lookup_one token={{acl_token}}'\n+\n+\n+- name: recursive kv lookup test\n+  assert:\n+    that:\n+      -  \"{{item| match('somevalue_(one|two)')}}\"\n+  with_consul_kv:\n+    - 'key/to recurse=true token={{acl_token}}'\n+\n+- name: remove test acl rule\n+  consul_acl:\n+    mgmt_token: '{{mgmt_token}}'\n+    host: '{{acl_host}}'\n+    token: '{{test_acl.token}}'\n+    state: absent"
    },
    {
      "file_path": "test/integration/roles/test_consul_service/tasks/main.yml",
      "status": "added",
      "additions": 156,
      "deletions": 0,
      "file_diff": "diff --git a/test/integration/roles/test_consul_service/tasks/main.yml b/test/integration/roles/test_consul_service/tasks/main.yml\nnew file mode 100644\nindex 00000000000000..dff2252c10769b\n--- /dev/null\n+++ b/test/integration/roles/test_consul_service/tasks/main.yml\n@@ -0,0 +1,156 @@\n+- name: cleanup any previous failed runs\n+  consul:\n+    service_id: '{{item}}'\n+    state: absent\n+  with_items:\n+      - service1\n+      - service2\n+      - with_check\n+      - with_tags\n+\n+- name: register very basic service with consul gets default id\n+  consul:\n+    service_name: service1\n+    service_port: 80\n+  register: basic_result\n+\n+- name: verify basic service registration\n+  assert:\n+    that:\n+        - basic_result.changed\n+        - basic_result.service_port == 80\n+        - basic_result.service_id == 'service1'\n+        - basic_result.service_name == 'service1'\n+\n+- name: register very basic service with explicit id\n+  consul:\n+    service_name: Basic Service\n+    service_id: service2\n+    service_port: 80\n+  register: basic2_result\n+\n+- name: verify service2 registration\n+  assert:\n+    that:\n+        - basic2_result.changed\n+        - basic2_result.service_port == 80\n+        - basic2_result.service_id == 'service2'\n+        - basic2_result.service_name == 'Basic Service'\n+\n+- name: register very basic service with check script\n+  consul:\n+    service_name: with_check\n+    service_port: 80\n+    script: \"sh -c true\"\n+    interval: 60\n+  register: script_result\n+\n+- name: verify service with check registration\n+  assert:\n+    that:\n+        - script_result.changed\n+        - script_result.service_port == 80\n+        - script_result.service_id == 'with_check'\n+        - script_result.checks | length == 1\n+\n+- name: register service with some service tags\n+  consul:\n+    service_name: with_tags\n+    service_port: 80\n+    tags:\n+      - prod\n+      - webservers\n+  register: tags_result\n+\n+\n+- name: verify tags registration\n+  assert:\n+    that:\n+        - tags_result.changed\n+        - \"tags_result.tags == ['prod', 'webservers']\"\n+\n+- name: create a node level check\n+  consul:\n+    check_name: Node Level Check\n+    check_id: node_level\n+    script: \"sh -c true\"\n+    interval: 50m\n+  register: nodelevel_result\n+\n+- name: verify service with check registration\n+  assert:\n+    that:\n+        - nodelevel_result.changed\n+        - nodelevel_result.check_name == 'Node Level Check'\n+        - nodelevel_result.check_id == 'node_level'\n+        - nodelevel_result.script == 'sh -c true'\n+        - nodelevel_result.interval == '50m'\n+\n+- name: remove a service\n+  consul:\n+    service_id: 'service1'\n+    state: absent\n+  register: delete_service_result\n+\n+- name: verify service removal\n+  assert:\n+    that:\n+      - delete_service_result.changed\n+\n+- name: removal of an non-existant service causes no change\n+  consul:\n+    service_id: 'service1'\n+    state: absent\n+  register: delete_service_result\n+\n+- name: verify service removal caused no change\n+  assert:\n+    that:\n+      - not delete_service_result.changed\n+\n+- name: remove a check\n+  consul:\n+    check_id: 'node_level'\n+    state: absent\n+  register: delete_check_result\n+\n+- name: verify check removal\n+  assert:\n+    that:\n+      - delete_check_result.changed\n+\n+- name: removal of an non-existant check causes no change\n+  consul:\n+    check_id: 'node_level'\n+    state: absent\n+  register: delete_check_result\n+\n+- name: verify check removal cause no change\n+  assert:\n+    that:\n+      - not delete_service_result.changed\n+\n+- name: add service to test removal by name\n+  consul:\n+    service_name: by_name\n+    service_port: 12345\n+\n+- name: remove service by name\n+  consul:\n+    service_name: by_name\n+    state: absent\n+  register: delete_service_by_name_result\n+\n+- name: verify service removal\n+  assert:\n+    that:\n+      - delete_service_by_name_result.changed\n+\n+- name: cleanup\n+  consul:\n+    service_id: '{{item}}'\n+    state: absent\n+  with_items:\n+    - service2\n+    - with_check\n+    - with_tags"
    },
    {
      "file_path": "test/integration/roles/test_consul_session/tasks/main.yml",
      "status": "added",
      "additions": 77,
      "deletions": 0,
      "file_diff": "diff --git a/test/integration/roles/test_consul_session/tasks/main.yml b/test/integration/roles/test_consul_session/tasks/main.yml\nnew file mode 100644\nindex 00000000000000..7e556aa6905a85\n--- /dev/null\n+++ b/test/integration/roles/test_consul_session/tasks/main.yml\n@@ -0,0 +1,77 @@\n+- name: register basic session with consul\n+  consul_session:\n+    name: session1\n+  register: basic_result\n+\n+- name: verify basic session registration\n+  assert:\n+    that:\n+        - basic_result.changed\n+        - basic_result.session_id | length == 36\n+        - basic_result.name == 'session1'\n+\n+- name: add checks for session health check\n+  consul:\n+    check_name: session_check\n+    script: /usr/bin/true\n+    interval: 15\n+\n+- name: register a session with check\n+  consul_session:\n+    name: session_with_check\n+    checks:\n+      - session_check\n+  register: with_check\n+\n+- name: verify basic session registration\n+  assert:\n+    that:\n+        - with_check.changed\n+        - with_check.session_id | length == 36\n+        - with_check.name == 'session_with_check'\n+        - with_check.checks == ['session_check']\n+\n+- name: register a session with lock_delay\n+  consul_session:\n+    name: session_with_delay\n+    delay: 20\n+  register: with_delay\n+\n+- name: verify registration of session with delay\n+  assert:\n+    that:\n+        - with_delay.changed\n+        - with_delay.session_id | length == 36\n+        - with_delay.name == 'session_with_delay'\n+        - with_delay.delay == 20\n+\n+\n+- name: retrieve session by id\n+  consul_session: id='{{with_delay.session_id}}' state=info\n+  register: retrieved_by_id\n+\n+- name: verify retrieval by id\n+  assert:\n+    that:\n+      - with_delay.session_id == retrieved_by_id.sessions[1].ID\n+\n+- name: retrieve sessions by id\n+  consul_session: state=list\n+  register: retrieved_by_list\n+\n+- name: verify retrieval by list\n+  assert:\n+    that:\n+      - 3 <= retrieved_by_list.sessions[0]\n+\n+- name: remove sessions\n+  consul_session: id={{item}} state=absent\n+  with_items:\n+    - basic_result.session_id\n+    - with_check.session_id\n+    - with_delay.session_id\n+\n+- name: remove check\n+  consul:\n+    check_name: session_check\n+    state: absent\n"
    }
  ],
  "comments": [
    {
      "author_login": "davidvasandani",
      "body": "+1 can't wait for this. @sgargan Does this support lookup expressions?\n\n`secret: \"{{ lookup('consul', 'key/to/retrieve') }}\"`\n\nvs\n\n```\nwith_consul_kv:\n    - 'key/to/retrieve'\n```\n\nThis would be inline with the other lookup plugins like etcd\n\n```\n- debug: msg=\"{{ lookup('etcd', 'foo') }} is a value from a locally running etcd\"\n```\n\nDocumented here: http://docs.ansible.com/playbooks_lookups.html#more-lookups\n"
    },
    {
      "author_login": "xakraz",
      "body": "+1: Can't wait either !\n\nI have already written and am using a lookup_plugin for consul\nI was thinking to submit it but yours is great !\n"
    },
    {
      "author_login": "davidvasandani",
      "body": "@bcoca Now that this has been merged where is the best place to have discussion regarding consul lookup expressions?\n"
    },
    {
      "author_login": "sgargan",
      "body": "Here is good for on the record stuff, the irc channel is better for a quick\nresponse. What would you like the lookup plugins to do?\n\nOn Fri, Feb 13, 2015 at 4:18 PM, David Neudorfer notifications@github.com\nwrote:\n\n> @bcoca https://github.com/bcoca Now that this has been merged where is\n> the best place to have discussion regarding consul lookup expressions?\n> \n> —\n> Reply to this email directly or view it on GitHub\n> https://github.com/ansible/ansible/pull/10078#issuecomment-74279391.\n"
    },
    {
      "author_login": "davidvasandani",
      "body": "I was hoping that this plugin would use similar formatting to etcd.\n\netcd using a lookup expression that looks like:\n\n`- debug: msg=\"{{ lookup('etcd', 'foo') }} is a value from a locally running etcd\"`\n\nI'd like to do something like this with the consul plugin:\n\n`debug: msg=\"{{ lookup('consul', 'key/to/retrieve') }}\"`\n\nThanks @sgargan\n"
    },
    {
      "author_login": "sgargan",
      "body": "David,\n\nThe behavior you're looking for is there, its just named consul_kv not\nconsul; naming it consul caused a namespace collision with the consul\nlibrary and caused it to load the wrong file. You can see examples of using\nit toward the end of this integration script\n\nhttps://github.com/ansible/ansible/blob/devel/test/integration/roles/test_consul_kv/tasks/main.yml\n\nlook for with_consul_kv.\n\nLet me know if this works for you.\n\nSteve.\n\nOn Mon, Feb 16, 2015 at 6:01 PM, David Neudorfer notifications@github.com\nwrote:\n\n> I was hoping that this plugin would use similar formatting to etcd.\n> \n> etcd using a lookup expression that looks like:\n> - debug: msg=\"{{ lookup('etcd', 'foo') }} is a value from a locally\n>   running etcd\"\n> \n> I'd like to do something like this with the consul plugin:\n> \n> debug: msg=\"{{ lookup('consul', 'key/to/retrieve') }}\"\n> \n> Thanks @sgargan https://github.com/sgargan sgargan\n> \n> —\n> Reply to this email directly or view it on GitHub\n> https://github.com/ansible/ansible/pull/10078#issuecomment-74548697.\n"
    },
    {
      "author_login": "xakraz",
      "body": "@davidneudorfer , Yes my lookup was inspired by the one written by @jpmens : #4664\n\nIt was just a basic substitution between etcd / Consul key path + B64 decoding support ...\n\nI don't know how I can submit the contribution somewhere \n"
    },
    {
      "author_login": "tzz",
      "body": "It's great that this was merged.  Will there be docs for the inventory and metadata modules?  I couldn't find them, if they exist already.\n"
    },
    {
      "author_login": "davidbirdsong",
      "body": "+1 was about to write a simpler version of this and was lucky to turn up this PR after a few searches.\n"
    }
  ],
  "reviews": []
}