{
  "pr_number": 1132,
  "url": "https://github.com/ansible/ansible/pull/1132",
  "title": "removed EXAMPLES from ini_file",
  "author_login": "jpmens",
  "state": "MERGED",
  "merged_by_login": "mpdehaan",
  "body": "testing YAML in YAML: small glitch in rst template; a </pre></p> is outdented and causes messy display in modules.html; please take anyway: I'll look into it. \n",
  "labels": [],
  "additions": 9,
  "deletions": 12,
  "changed_files_count": 1,
  "changed_files_list": [
    "library/ini_file"
  ],
  "files": [
    {
      "file_path": "library/ini_file",
      "status": "modified",
      "additions": 9,
      "deletions": 12,
      "file_diff": "diff --git a/library/ini_file b/library/ini_file\nindex 7f1d93372c07ec..21a8b185edc563 100755\n--- a/library/ini_file\n+++ b/library/ini_file\n@@ -62,6 +62,15 @@ options:\n      description:\n        - all arguments accepted by the M(file) module also work here\n      required: false\n+examples:\n+   - code: ini_file dest=/etc/conf section=drinks option=fav value=lemonade mode=0600 backup=true\n+     description: Ensure C(fav=lemonade) is in section C([drinks]) in said file\n+   - code: |\n+           ini_file dest=/etc/anotherconf\n+                    section=drinks\n+                    option=temperature\n+                    value=cold\n+                    backup=true\n notes:\n    - While it is possible to add an I(option) without specifying a I(value), this makes\n      no sense.\n@@ -69,18 +78,6 @@ requirements: [ ConfigParser ]\n author: Jan-Piet Mens\n '''\n \n-EXAMPLES = [\n-\"\"\" \n-- code: ini_file dest=/etc/conf section=drinks option=fav value=lemonade mode=0600 backup=true\n-  description: Ensure C(fav=lemonade) is in section C([drinks]) in said file\n-\"\"\",\n-\"\"\" ini_file dest=/etc/anotherconf\n-        section=drinks\n-        option=temperature\n-        value=cold\n-        backup=true\n-\"\"\"\n-]\n \n import ConfigParser\n \n"
    }
  ],
  "comments": [
    {
      "author_login": "mpdehaan",
      "body": "merged, thanks!\n"
    }
  ],
  "reviews": []
}