{
  "pr_number": 11142,
  "url": "https://github.com/ansible/ansible/pull/11142",
  "title": "Add common fonctions for F5 modules (FQ Name functions)",
  "author_login": "Etienne-Carriere",
  "state": "MERGED",
  "merged_by_login": "bcoca",
  "body": "Complete the common F5 functions\n",
  "labels": [
    "feature"
  ],
  "additions": 14,
  "deletions": 1,
  "changed_files_count": 1,
  "changed_files_list": [
    "ansible/module_utils/f5.py b/lib/ansible/module_utils/f5.py"
  ],
  "files": [
    {
      "file_path": "ansible/module_utils/f5.py b/lib/ansible/module_utils/f5.py",
      "status": "modified",
      "additions": 14,
      "deletions": 1,
      "file_diff": "diff --git a/lib/ansible/module_utils/f5.py b/lib/ansible/module_utils/f5.py\nindex 2d97662a0b6576..097a6370afe8ab 100644\n--- a/lib/ansible/module_utils/f5.py\n+++ b/lib/ansible/module_utils/f5.py\n@@ -50,7 +50,7 @@ def f5_parse_arguments(module):\n         module.fail_json(msg=\"the python bigsuds module is required\")\n     if not module.params['validate_certs']:\n         disable_ssl_cert_validation()\n-    return (module.params['server'],module.params['user'],module.params['password'],module.params['state'],module.params['partition'])\n+    return (module.params['server'],module.params['user'],module.params['password'],module.params['state'],module.params['partition'],module.params['validate_certs'])\n \n def bigip_api(bigip, user, password):\n     api = bigsuds.BIGIP(hostname=bigip, username=user, password=password)\n@@ -62,3 +62,16 @@ def disable_ssl_cert_validation():\n     import ssl\n     ssl._create_default_https_context = ssl._create_unverified_context\n \n+# Fully Qualified name (with the partition)\n+def fq_name(partition,name):\n+    if name is not None and not name.startswith('/'):\n+        return '/%s/%s' % (partition,name)\n+    return name\n+\n+# Fully Qualified name (with partition) for a list \n+def fq_list_names(partition,list_names):\n+    if list_names is None:\n+        return None\n+    return map(lambda x: fq_name(partition,x),list_names)\n+\n+\n"
    }
  ],
  "comments": [
    {
      "author_login": "Etienne-Carriere",
      "body": "Begin of the code factor : https://github.com/ansible/ansible-modules-extras/pull/574\n"
    },
    {
      "author_login": "Etienne-Carriere",
      "body": "@bcoca : applied the proposed simplification\n"
    },
    {
      "author_login": "bcoca",
      "body": "a simpler expression of same:\n\n```\nif name is not None and name[0] != '/: #  or .startswith('/')\n    return '/%s/%s' % (partition,name)\n\nreturn name\n```\n",
      "file_path": "lib/ansible/module_utils/f5.py",
      "diff_hunk": "@@ -62,3 +62,19 @@ def disable_ssl_cert_validation():\n     import ssl\n     ssl._create_default_https_context = ssl._create_unverified_context\n \n+# Fully Qualified name (with the partition)\n+def fq_name(partition,name):\n+    if name is None:\n+        return None\n+    if name[0] is '/':\n+        return name\n+    else:\n+        return '/%s/%s' % (partition,name)",
      "comment_type": "review_comment"
    }
  ],
  "reviews": []
}