{
  "pr_number": 10684,
  "url": "https://github.com/ansible/ansible/pull/10684",
  "title": "Fixed wrong example of 'environment' for setting PATH",
  "author_login": "eroldan",
  "state": "MERGED",
  "merged_by_login": "bcoca",
  "body": "",
  "labels": [
    "P2",
    "docs"
  ],
  "additions": 9,
  "deletions": 7,
  "changed_files_count": 1,
  "changed_files_list": [
    "docsite/rst/faq.rst"
  ],
  "files": [
    {
      "file_path": "docsite/rst/faq.rst",
      "status": "modified",
      "additions": 8,
      "deletions": 7,
      "file_diff": "diff --git a/docsite/rst/faq.rst b/docsite/rst/faq.rst\nindex 1b499c547406bb..ba3ae1264ffd3d 100644\n--- a/docsite/rst/faq.rst\n+++ b/docsite/rst/faq.rst\n@@ -3,15 +3,17 @@ Frequently Asked Questions\n \n Here are some commonly-asked questions and their answers.\n \n-.. _users_and_ports:\n+.. _set_environment:\n \n-If you are looking to set environment variables remotely for your project (in a task, not locally for Ansible)\n-The keyword is simply `environment`\n+How can I set the PATH or any other environment variable for a task or entire playbook?\n++++++++++++++++++++++++++++++++++++++++++++++++++++++++++++++++++++++++++++++++++++++++++++\n+\n+Setting environment variables can be done with the `environment` keyword. It can be used at task or playbook level::\n+\n+    environment:\n+      PATH: {{ ansible_env.PATH }}:/thingy/bin\n+      SOME: value\n \n-```\n-  environment:\n-     PATH:$PATH:/thingy/bin \n-```\n \n \n How do I handle different machines needing different user accounts or ports to log in with?\n"
    }
  ],
  "comments": [],
  "reviews": []
}