{
  "pr_number": 1109,
  "url": "https://github.com/ansible/ansible/pull/1109",
  "title": "Fix only_if statements referencing non-string types",
  "author_login": "dhozac",
  "state": "MERGED",
  "merged_by_login": "mpdehaan",
  "body": "This fixes e.g. only_if: ${task.changed} which would always\nevaluate to true due to it having been replaced by a string for its\nboolean value. Also adds a test case to ensure it doesn't get\nmissed again.\n",
  "labels": [],
  "additions": 16,
  "deletions": 5,
  "changed_files_count": 2,
  "changed_files_list": [
    "test/TestUtils.py"
  ],
  "files": [
    {
      "file_path": "test/TestUtils.py",
      "status": "modified",
      "additions": 10,
      "deletions": 0,
      "file_diff": "diff --git a/test/TestUtils.py b/test/TestUtils.py\nindex 471418f4648b91..6537da1b93a6c7 100644\n--- a/test/TestUtils.py\n+++ b/test/TestUtils.py\n@@ -251,6 +251,16 @@ def test_varReplace_repr_varpartindex(self):\n         res = ansible.utils.varReplace(template, vars, do_repr=True)\n         assert eval(res)\n \n+    def test_varReplace_repr_nonstr(self):\n+        vars = {\n+            'foo': True,\n+            'bar': 1L,\n+        }\n+\n+        template = '${foo} == $bar'\n+        res = ansible.utils.varReplace(template, vars, do_repr=True)\n+        assert res == 'True == 1L'\n+\n     def test_template_varReplace_iterated(self):\n         template = 'hello $who'\n         vars = {\n"
    }
  ],
  "comments": [
    {
      "author_login": "mpdehaan",
      "body": "merged, thanks!\n"
    }
  ],
  "reviews": []
}