{
  "pr_number": 11246,
  "url": "https://github.com/ansible/ansible/pull/11246",
  "title": "Update guide_gce.rst",
  "author_login": "soupdiver",
  "state": "MERGED",
  "merged_by_login": "bcoca",
  "body": "Make the docs more specific.\n",
  "labels": [
    "docs"
  ],
  "additions": 3,
  "deletions": 1,
  "changed_files_count": 1,
  "changed_files_list": [
    "docsite/rst/guide_gce.rst"
  ],
  "files": [
    {
      "file_path": "docsite/rst/guide_gce.rst",
      "status": "modified",
      "additions": 3,
      "deletions": 1,
      "file_diff": "diff --git a/docsite/rst/guide_gce.rst b/docsite/rst/guide_gce.rst\nindex ed236544a3d14c..fbcab9ba2a4938 100644\n--- a/docsite/rst/guide_gce.rst\n+++ b/docsite/rst/guide_gce.rst\n@@ -22,7 +22,7 @@ The GCE modules all require the apache-libcloud module, which you can install fr\n Credentials\n -----------\n \n-To work with the GCE modules, you'll first need to get some credentials. You can create new one from the `console <https://console.developers.google.com/>`_ by going to the \"APIs and Auth\" section and choosing to create a new client ID for a service account. Once you've created a new client ID and downloaded the generated private key (in the `pkcs12 format <http://en.wikipedia.org/wiki/PKCS_12>`_), you'll need to convert the key by running the following command:\n+To work with the GCE modules, you'll first need to get some credentials. You can create new one from the `console <https://console.developers.google.com/>`_ by going to the \"APIs and Auth\" section and choosing to create a new client ID for a service account. Once you've created a new client ID and downloaded (you must click **Generate new P12 Key**) the generated private key (in the `pkcs12 format <http://en.wikipedia.org/wiki/PKCS_12>`_), you'll need to convert the key by running the following command:\n \n .. code-block:: bash\n \n@@ -79,6 +79,8 @@ Create a file ``secrets.py`` looking like following, and put it in some folder w\n     GCE_PARAMS = ('i...@project.googleusercontent.com', '/path/to/project.pem')\n     GCE_KEYWORD_PARAMS = {'project': 'project_id'}\n \n+Ensure to enter the email adress from the created services account and not the one from your main account.\n+\n Now the modules can be used as above, but the account information can be omitted.\n \n GCE Dynamic Inventory\n"
    }
  ],
  "comments": [
    {
      "author_login": "soupdiver",
      "body": "I easily overlooked these points and I think it helps to be a bit more specific :)\n"
    }
  ],
  "reviews": []
}