{
  "pr_number": 10432,
  "url": "https://github.com/ansible/ansible/pull/10432",
  "title": "fixed traceback when x_user implicitly sets the become method",
  "author_login": "bcoca",
  "state": "MERGED",
  "merged_by_login": "jimi-c",
  "body": "Fixes #10430\n\nAlso removed redundant resolution of sudo/su for backwards compatibility which\nconfused the conflict detection code.\n",
  "labels": [
    "P1",
    "bug"
  ],
  "additions": 19,
  "deletions": 27,
  "changed_files_count": 3,
  "changed_files_list": [
    "ansible/playbook/task.py b/lib/ansible/playbook/task.py",
    "ansible/runner/action_plugins/template.py b/lib/ansible/runner/action_plugins/template.py"
  ],
  "files": [
    {
      "file_path": "ansible/playbook/task.py b/lib/ansible/playbook/task.py",
      "status": "modified",
      "additions": 18,
      "deletions": 3,
      "file_diff": "diff --git a/lib/ansible/playbook/task.py b/lib/ansible/playbook/task.py\nindex a43c2ab89d5872..77cb97e5c0fda1 100644\n--- a/lib/ansible/playbook/task.py\n+++ b/lib/ansible/playbook/task.py\n@@ -173,19 +173,34 @@ def __init__(self, play, ds, module_vars=None, play_vars=None, play_file_vars=No\n \n         # set only if passed in current task data\n         if 'sudo' in ds or 'sudo_user' in ds:\n-            self.become=ds['sudo']\n             self.become_method='sudo'\n+\n+            if 'sudo' in ds:\n+                self.become=ds['sudo']\n+                del ds['sudo']\n+            else:\n+                self.become=True\n             if 'sudo_user' in ds:\n                 self.become_user = ds['sudo_user']\n+                del ds['sudo_user']\n             if 'sudo_pass' in ds:\n                 self.become_pass = ds['sudo_pass']\n-        if 'su' in ds or 'su_user' in ds:\n-            self.become=ds['su']\n+                del ds['sudo_pass']\n+\n+        elif 'su' in ds or 'su_user' in ds:\n             self.become_method='su'\n+\n+            if 'su' in ds:\n+                self.become=ds['su']\n+            else:\n+                self.become=True\n+                del ds['su']\n             if 'su_user' in ds:\n                 self.become_user = ds['su_user']\n+                del ds['su_user']\n             if 'su_pass' in ds:\n                 self.become_pass = ds['su_pass']\n+                del ds['su_pass']\n \n         # Both are defined\n         if ('action' in ds) and ('local_action' in ds):"
    },
    {
      "file_path": "ansible/runner/action_plugins/template.py b/lib/ansible/runner/action_plugins/template.py",
      "status": "modified",
      "additions": 1,
      "deletions": 1,
      "file_diff": "diff --git a/lib/ansible/runner/action_plugins/template.py b/lib/ansible/runner/action_plugins/template.py\nindex e6e33d354f6bd8..a824a6e4b8e152 100644\n--- a/lib/ansible/runner/action_plugins/template.py\n+++ b/lib/ansible/runner/action_plugins/template.py\n@@ -133,7 +133,7 @@ def run(self, conn, tmp, module_name, module_args, inject, complex_args=None, **\n             xfered = self.runner._transfer_str(conn, tmp, 'source', resultant)\n \n             # fix file permissions when the copy is done as a different user\n-            if self.runner.become and self.runner.become_user != 'root' or self.runner.su and self.runner.su_user != 'root':\n+            if self.runner.become and self.runner.become_user != 'root':\n                 self.runner._remote_chmod(conn, 'a+r', xfered, tmp)\n \n             # run the copy module\n"
    }
  ],
  "comments": [],
  "reviews": []
}