{
  "pr_number": 1053,
  "url": "https://github.com/ansible/ansible/pull/1053",
  "title": "Allow including files through variables",
  "author_login": "dhozac",
  "state": "MERGED",
  "merged_by_login": "mpdehaan",
  "body": "This makes things like\naction: authorized_key user=root key=\"${<files/ansible_ssh_key.pub}\"\npossible, as well as allowing arbitrary scripts to be executed and their output consumed, with e.g.\naction: authorized_key user=root key=\"${|cat files/ansible_ssh_key.pub}\"\nfor a UUoC award.\n",
  "labels": [],
  "additions": 81,
  "deletions": 30,
  "changed_files_count": 10,
  "changed_files_list": [
    "ansible/playbook/play.py b/lib/ansible/playbook/play.py",
    "ansible/playbook/task.py b/lib/ansible/playbook/task.py",
    "ansible/runner/__init__.py b/lib/ansible/runner/__init__.py",
    "ansible/runner/action_plugins/copy.py b/lib/ansible/runner/action_plugins/copy.py",
    "ansible/runner/action_plugins/fetch.py b/lib/ansible/runner/action_plugins/fetch.py",
    "ansible/runner/action_plugins/template.py b/lib/ansible/runner/action_plugins/template.py",
    "ansible/utils.py b/lib/ansible/utils.py",
    "test/TestUtils.py",
    "test/world"
  ],
  "files": [
    {
      "file_path": "ansible/playbook/play.py b/lib/ansible/playbook/play.py",
      "status": "modified",
      "additions": 8,
      "deletions": 8,
      "file_diff": "diff --git a/lib/ansible/playbook/play.py b/lib/ansible/playbook/play.py\nindex 1b507df0ecf932..e2b57064e7bc7b 100644\n--- a/lib/ansible/playbook/play.py\n+++ b/lib/ansible/playbook/play.py\n@@ -57,7 +57,7 @@ def __init__(self, playbook, ds, basedir):\n             raise errors.AnsibleError('hosts declaration is required')\n         elif isinstance(hosts, list):\n             hosts = ';'.join(hosts)\n-        hosts = utils.template(hosts, playbook.extra_vars)\n+        hosts = utils.template(basedir, hosts, playbook.extra_vars)\n         self._ds          = ds\n         self.playbook     = playbook\n         self.basedir      = basedir\n@@ -69,7 +69,7 @@ def __init__(self, playbook, ds, basedir):\n         self.vars         = self._get_vars()\n         self._tasks       = ds.get('tasks', [])\n         self._handlers    = ds.get('handlers', [])\n-        self.remote_user  = utils.template(ds.get('user', self.playbook.remote_user), playbook.extra_vars)\n+        self.remote_user  = utils.template(basedir, ds.get('user', self.playbook.remote_user), playbook.extra_vars)\n         self.remote_port  = ds.get('port', self.playbook.remote_port)\n         self.sudo         = ds.get('sudo', self.playbook.sudo)\n         self.sudo_user    = ds.get('sudo_user', self.playbook.sudo_user)\n@@ -106,8 +106,8 @@ def _load_tasks(self, ds, keyname):\n                 tokens = shlex.split(x['include'])\n                 for t in tokens[1:]:\n                     (k,v) = t.split(\"=\", 1)\n-                    task_vars[k] = utils.template(v, task_vars)\n-                include_file = utils.template(tokens[0], task_vars)\n+                    task_vars[k] = utils.template(self.basedir, v, task_vars)\n+                include_file = utils.template(self.basedir, tokens[0], task_vars)\n                 data = utils.parse_yaml_from_file(utils.path_dwim(self.basedir, include_file))\n             elif type(x) == dict:\n                 data = [x]\n@@ -261,10 +261,10 @@ def _update_vars_files_for_host(self, host):\n                 found = False\n                 sequence = []\n                 for real_filename in filename:\n-                    filename2 = utils.template(real_filename, self.vars)\n+                    filename2 = utils.template(self.basedir, real_filename, self.vars)\n                     filename3 = filename2\n                     if host is not None:\n-                        filename3 = utils.template(filename2, self.playbook.SETUP_CACHE[host])\n+                        filename3 = utils.template(self.basedir, filename2, self.playbook.SETUP_CACHE[host])\n                     filename4 = utils.path_dwim(self.basedir, filename3)\n                     sequence.append(filename4)\n                     if os.path.exists(filename4):\n@@ -294,10 +294,10 @@ def _update_vars_files_for_host(self, host):\n             else:\n                 # just one filename supplied, load it!\n \n-                filename2 = utils.template(filename, self.vars)\n+                filename2 = utils.template(self.basedir, filename, self.vars)\n                 filename3 = filename2\n                 if host is not None:\n-                    filename3 = utils.template(filename2, self.playbook.SETUP_CACHE[host])\n+                    filename3 = utils.template(self.basedir, filename2, self.playbook.SETUP_CACHE[host])\n                 filename4 = utils.path_dwim(self.basedir, filename3)\n                 if self._has_vars_in(filename4):\n                     return"
    },
    {
      "file_path": "ansible/playbook/task.py b/lib/ansible/playbook/task.py",
      "status": "modified",
      "additions": 2,
      "deletions": 2,
      "file_diff": "diff --git a/lib/ansible/playbook/task.py b/lib/ansible/playbook/task.py\nindex 09d5446a13e61a..50e6f26a2495f6 100644\n--- a/lib/ansible/playbook/task.py\n+++ b/lib/ansible/playbook/task.py\n@@ -101,8 +101,8 @@ def __init__(self, play, ds, module_vars=None):\n             # allow the user to list comma delimited tags\n             import_tags = import_tags.split(\",\")\n \n-        self.name = utils.template(self.name, self.module_vars)\n-        self.action = utils.template(self.action, self.module_vars)\n+        self.name = utils.template(None, self.name, self.module_vars)\n+        self.action = utils.template(None, self.action, self.module_vars)\n \n         # handle mutually incompatible options\n         if self.with_items is not None and self.first_available_file is not None:"
    },
    {
      "file_path": "ansible/runner/__init__.py b/lib/ansible/runner/__init__.py",
      "status": "modified",
      "additions": 6,
      "deletions": 6,
      "file_diff": "diff --git a/lib/ansible/runner/__init__.py b/lib/ansible/runner/__init__.py\nindex 8f983b87aa21f1..aadc0b5ffd6302 100644\n--- a/lib/ansible/runner/__init__.py\n+++ b/lib/ansible/runner/__init__.py\n@@ -200,7 +200,7 @@ def _execute_module(self, conn, tmp, module_name, args,\n \n         cmd = \"\"\n         if not is_new_style:\n-            args = utils.template(args, inject)\n+            args = utils.template(self.basedir, args, inject)\n             argsfile = self._transfer_str(conn, tmp, 'arguments', args)\n             if async_jid is None:\n                 cmd = \"%s %s\" % (remote_module_path, argsfile)\n@@ -258,7 +258,7 @@ def _executor_internal(self, host):\n \n         items = self.module_vars.get('items', [])\n         if isinstance(items, basestring) and items.startswith(\"$\"):\n-            items = utils.varLookup(items, inject)\n+            items = utils.varLookup(self.basedir, items, inject)\n         if type(items) != list:\n             raise errors.AnsibleError(\"with_items only takes a list: %s\" % items)\n \n@@ -327,13 +327,13 @@ def _executor_internal_inner(self, host, inject, port, is_chained=False):\n             for (k,v) in self.module_args.iteritems():\n                 new_args = new_args + \"%s='%s' \" % (k,v)\n             self.module_args = new_args\n-        self.module_args = utils.template(self.module_args, inject)\n+        self.module_args = utils.template(self.basedir, self.module_args, inject)\n \n         def _check_conditional(conditional):\n             def is_set(var):\n                 return not var.startswith(\"$\")\n             return eval(conditional)\n-        conditional = utils.template(self.conditional, inject)\n+        conditional = utils.template(self.basedir, self.conditional, inject)\n         if not _check_conditional(conditional):\n             result = utils.jsonify(dict(skipped=True))\n             self.callbacks.on_skipped(host, inject.get('item',None))\n@@ -352,7 +352,7 @@ def is_set(var):\n             result = dict(failed=True, msg=\"FAILED: %s\" % str(e))\n             return ReturnData(host=host, comm_ok=False, result=result)\n \n-        module_name = utils.template(self.module_name, inject)\n+        module_name = utils.template(self.basedir, self.module_name, inject)\n \n         tmp = ''\n         if self.module_name != 'raw':\n@@ -499,7 +499,7 @@ def _copy_module(self, conn, tmp, module, inject):\n             if module_common.REPLACER in module_data:\n                 is_new_style=True\n             module_data = module_data.replace(module_common.REPLACER, module_common.MODULE_COMMON)\n-            encoded_args = \"\\\"\\\"\\\"%s\\\"\\\"\\\"\" % utils.template(self.module_args, inject).replace(\"\\\"\",\"\\\\\\\"\")\n+            encoded_args = \"\\\"\\\"\\\"%s\\\"\\\"\\\"\" % utils.template(self.basedir, self.module_args, inject).replace(\"\\\"\",\"\\\\\\\"\")\n             module_data = module_data.replace(module_common.REPLACER_ARGS, encoded_args)\n \n         # use the correct python interpreter for the host"
    },
    {
      "file_path": "ansible/runner/action_plugins/copy.py b/lib/ansible/runner/action_plugins/copy.py",
      "status": "modified",
      "additions": 2,
      "deletions": 2,
      "file_diff": "diff --git a/lib/ansible/runner/action_plugins/copy.py b/lib/ansible/runner/action_plugins/copy.py\nindex 2747ad959be850..812a2484c86d40 100644\n--- a/lib/ansible/runner/action_plugins/copy.py\n+++ b/lib/ansible/runner/action_plugins/copy.py\n@@ -48,7 +48,7 @@ def run(self, conn, tmp, module_name, inject):\n         if 'first_available_file' in inject:\n             found = False\n             for fn in inject.get('first_available_file'):\n-                fn = utils.template(fn, inject)\n+                fn = utils.template(self.runner.basedir, fn, inject)\n                 if os.path.exists(fn):\n                     source = fn\n                     found = True\n@@ -57,7 +57,7 @@ def run(self, conn, tmp, module_name, inject):\n                 results=dict(failed=True, msg=\"could not find src in first_available_file list\")\n                 return ReturnData(conn=conn, results=results)\n \n-        source = utils.template(source, inject)\n+        source = utils.template(self.runner.basedir, source, inject)\n         source = utils.path_dwim(self.runner.basedir, source)\n \n         local_md5 = utils.md5(source)"
    },
    {
      "file_path": "ansible/runner/action_plugins/fetch.py b/lib/ansible/runner/action_plugins/fetch.py",
      "status": "modified",
      "additions": 2,
      "deletions": 2,
      "file_diff": "diff --git a/lib/ansible/runner/action_plugins/fetch.py b/lib/ansible/runner/action_plugins/fetch.py\nindex a487094bbc6d3b..b0c81614515807 100644\n--- a/lib/ansible/runner/action_plugins/fetch.py\n+++ b/lib/ansible/runner/action_plugins/fetch.py\n@@ -44,9 +44,9 @@ def run(self, conn, tmp, module_name, inject):\n             return ReturnData(conn=conn, result=results)\n \n         # apply templating to source argument\n-        source = utils.template(source, inject)\n+        source = utils.template(self.runner.basedir, source, inject)\n         # apply templating to dest argument\n-        dest = utils.template(dest, inject)\n+        dest = utils.template(self.runner.basedir, dest, inject)\n \n         # files are saved in dest dir, with a subdir for each host, then the filename\n         dest   = \"%s/%s/%s\" % (utils.path_dwim(self.runner.basedir, dest), conn.host, source)"
    },
    {
      "file_path": "ansible/runner/action_plugins/template.py b/lib/ansible/runner/action_plugins/template.py",
      "status": "modified",
      "additions": 2,
      "deletions": 2,
      "file_diff": "diff --git a/lib/ansible/runner/action_plugins/template.py b/lib/ansible/runner/action_plugins/template.py\nindex 61f2da147187c9..91a50bdede5f5e 100644\n--- a/lib/ansible/runner/action_plugins/template.py\n+++ b/lib/ansible/runner/action_plugins/template.py\n@@ -51,7 +51,7 @@ def run(self, conn, tmp, module_name, inject):\n         if 'first_available_file' in inject:\n             found = False\n             for fn in self.runner.module_vars.get('first_available_file'):\n-                fn = utils.template(fn, inject)\n+                fn = utils.template(self.runner.basedir, fn, inject)\n                 if os.path.exists(fn):\n                     source = fn\n                     found = True\n@@ -60,7 +60,7 @@ def run(self, conn, tmp, module_name, inject):\n                 result = dict(failed=True, msg=\"could not find src in first_available_file list\")\n                 return ReturnData(conn=conn, comm_ok=False, result=result)\n \n-        source = utils.template(source, inject)\n+        source = utils.template(self.runner.basedir, source, inject)\n \n         # template the source data locally & transfer\n         try:"
    },
    {
      "file_path": "ansible/utils.py b/lib/ansible/utils.py",
      "status": "modified",
      "additions": 41,
      "deletions": 5,
      "file_diff": "diff --git a/lib/ansible/utils.py b/lib/ansible/utils.py\nindex 107d7061f92ff2..3ebf5b38464620 100644\n--- a/lib/ansible/utils.py\n+++ b/lib/ansible/utils.py\n@@ -31,6 +31,7 @@\n import StringIO\n import imp\n import glob\n+import subprocess\n \n VERBOSITY=0\n \n@@ -182,7 +183,7 @@ def _varLookup(name, vars):\n _KEYCRE = re.compile(r\"\\$(?P<complex>\\{){0,1}((?(complex)[\\w\\.\\[\\]]+|\\w+))(?(complex)\\})\")\n \n def varLookup(varname, vars):\n-    ''' helper function used by varReplace '''\n+    ''' helper function used by with_items '''\n \n     m = _KEYCRE.search(varname)\n     if not m:\n@@ -206,10 +207,9 @@ def varReplace(raw, vars):\n \n         # Determine replacement value (if unknown variable then preserve\n         # original)\n-        varname = m.group(2)\n \n         try:\n-            replacement = unicode(_varLookup(varname, vars))\n+            replacement = unicode(_varLookup(m.group(2), vars))\n         except VarNotFoundException:\n             replacement = m.group()\n \n@@ -220,7 +220,42 @@ def varReplace(raw, vars):\n \n     return ''.join(done)\n \n-def template(text, vars):\n+_FILEPIPECRE = re.compile(r\"\\$(?P<special>FILE|PIPE)\\{([^\\}]+)\\}\")\n+def varReplaceFilesAndPipes(basedir, raw):\n+    done = [] # Completed chunks to return\n+\n+    while raw:\n+        m = _FILEPIPECRE.search(raw)\n+        if not m:\n+            done.append(raw)\n+            break\n+\n+        # Determine replacement value (if unknown variable then preserve\n+        # original)\n+\n+        if m.group(1) == \"FILE\":\n+            try:\n+                f = open(path_dwim(basedir, m.group(2)), \"r\")\n+            except IOError:\n+                raise VarNotFoundException()\n+            replacement = f.read()\n+            f.close()\n+        elif m.group(1) == \"PIPE\":\n+            p = subprocess.Popen(m.group(2), shell=True, stdout=subprocess.PIPE)\n+            (stdout, stderr) = p.communicate()\n+            if p.returncode != 0:\n+                raise VarNotFoundException()\n+            replacement = stdout\n+\n+        start, end = m.span()\n+        done.append(raw[:start])    # Keep stuff leading up to token\n+        done.append(replacement)    # Append replacement value\n+        raw = raw[end:]             # Continue with remainder of string\n+\n+    return ''.join(done)\n+\n+\n+def template(basedir, text, vars):\n     ''' run a text buffer through the templating engine until it no longer changes '''\n \n     prev_text = ''\n@@ -235,6 +270,7 @@ def template(text, vars):\n             raise errors.AnsibleError(\"template recursion depth exceeded\")\n         prev_text = text\n         text = varReplace(unicode(text), vars)\n+    text = varReplaceFilesAndPipes(basedir, text)\n     return text\n \n def template_from_file(basedir, path, vars):\n@@ -251,7 +287,7 @@ def template_from_file(basedir, path, vars):\n     res = t.render(vars)\n     if data.endswith('\\n') and not res.endswith('\\n'):\n         res = res + '\\n'\n-    return template(res, vars)\n+    return template(basedir, res, vars)\n \n def parse_yaml(data):\n     ''' convert a yaml string to a data structure '''"
    },
    {
      "file_path": "test/TestUtils.py",
      "status": "modified",
      "additions": 16,
      "deletions": 2,
      "file_diff": "diff --git a/test/TestUtils.py b/test/TestUtils.py\nindex 00eee68fcfc2e1..1f5c9b6e74c628 100644\n--- a/test/TestUtils.py\n+++ b/test/TestUtils.py\n@@ -16,7 +16,7 @@ def test_varLookup_list(self):\n             }\n         }\n \n-        res = ansible.utils._varLookup('data.who', vars)\n+        res = ansible.utils.varLookup('${data.who}', vars)\n \n         assert sorted(res) == sorted(vars['data']['who'])\n \n@@ -209,10 +209,24 @@ def test_template_varReplace_iterated(self):\n             'person': 'one',\n         }\n \n-        res = ansible.utils.template(template, vars)\n+        res = ansible.utils.template(None, template, vars)\n \n         assert res == u'hello oh great one'\n \n+    def test_varReplace_include(self):\n+        template = 'hello $FILE{world}'\n+\n+        res = ansible.utils.template(\"test\", template, {})\n+\n+        assert res == u'hello world\\n'\n+\n+    def test_varReplace_include_script(self):\n+        template = 'hello $PIPE{echo world}'\n+\n+        res = ansible.utils.template(\"test\", template, {})\n+\n+        assert res == u'hello world\\n'\n+\n     #####################################\n     ### Template function tests\n "
    },
    {
      "file_path": "test/world",
      "status": "added",
      "additions": 1,
      "deletions": 0,
      "file_diff": "diff --git a/test/world b/test/world\nnew file mode 100644\nindex 00000000000000..cc628ccd10742b\n--- /dev/null\n+++ b/test/world\n@@ -0,0 +1 @@\n+world\n"
    }
  ],
  "comments": [
    {
      "author_login": "mpdehaan",
      "body": "I very much like the feature and generic piping here solves some other problems.   I think many people are comfortable with variables being deferenced by \"${foo} but \"${<\" is kind of in the vein of operators we like to make fun of other tools for, unfortunately.   \n\nWhat other options might we have for syntax?\n\nOriginally I had proposed\n\n<<${filename)>>\n\nfor loading from files, but what about something simpler?\n\n$FILE{...}\n\nand\n\n$PIPE{...}\n\n?\n"
    },
    {
      "author_login": "dhozac",
      "body": "Yeah, I wasn't happy with the syntax either. I only went with ${< and ${| because they were the easiest to implement in the regexp. They're now $FILE{...} and $PIPE{...} instead.\n"
    },
    {
      "author_login": "mpdehaan",
      "body": "Wow, you are quick!\n\nThe other thing I was thinking is people are going to try to do is run this on things that aren't variables.\n\nPerhaps this gets done /after/ varLookup?  (And at the end of the template function?)\n\nThis may actually imply $FILE( ) and $PIPE( ) and we drop the FILE{ } and PIPE{ } since that feels a little weird still.\n\nSo you could do $FILE($foo) and still $FILE(/etc/foo.txt) just the same\n\n(edit: fixed $foo)\n"
    },
    {
      "author_login": "dhozac",
      "body": "I'm not sure I understand what you mean, you mean try to use these on things that don't get interpolated by varReplace? \n"
    },
    {
      "author_login": "mpdehaan",
      "body": "Exactly\n"
    },
    {
      "author_login": "dhozac",
      "body": "I'm not sure how you're suggesting that gets fixed, other than running varReplace on it...\n"
    },
    {
      "author_login": "mpdehaan",
      "body": "I didn't mean to press close, one sec\n"
    },
    {
      "author_login": "mpdehaan",
      "body": "Ok, so make a new function called \"varReplaceFilesAndPipes\"\n\nutils.template does it's varReplace thing (which is a recursive loop), then it (may) call Jinja2, this gets called at the end of all that.   So it's a third kind of templating where we already have 2 that runs at the end of utils.template.  If the code looks a lot like varReplace that is ok.\n"
    },
    {
      "author_login": "dhozac",
      "body": "The only downside of doing it as a separate step in the templating process, is that you won't be able to put variables that get interpolated in your files. I'm tempted to call that a feature though...\n\nDo you want me to squash these before merging?\n"
    },
    {
      "author_login": "mpdehaan",
      "body": "yes please, thanks!\n"
    },
    {
      "author_login": "dhozac",
      "body": "Okay, that should do it.\n"
    },
    {
      "author_login": "mpdehaan",
      "body": "in queue for testing/merging/understanding, thanks very much!!!\n"
    },
    {
      "author_login": "mpdehaan",
      "body": "merged, thanks!\n"
    }
  ],
  "reviews": []
}