{
  "pr_number": 114,
  "url": "https://github.com/ansible/ansible/pull/114",
  "title": "Introduce task local variables.",
  "author_login": "jhoekx",
  "state": "MERGED",
  "merged_by_login": "mpdehaan",
  "body": "Add task local variables and use them in templates.\n\nThis closes #111 for me.\n",
  "labels": [],
  "additions": 49,
  "deletions": 19,
  "changed_files_count": 3,
  "changed_files_list": [
    "ansible/runner.py b/lib/ansible/runner.py",
    "library/template"
  ],
  "files": [
    {
      "file_path": "ansible/runner.py b/lib/ansible/runner.py",
      "status": "modified",
      "additions": 22,
      "deletions": 13,
      "file_diff": "diff --git a/lib/ansible/runner.py b/lib/ansible/runner.py\nindex 0218ea2406e5cc..b2cf3518b9951e 100755\n--- a/lib/ansible/runner.py\n+++ b/lib/ansible/runner.py\n@@ -74,8 +74,8 @@ def __init__(self, host_list=C.DEFAULT_HOST_LIST, module_path=C.DEFAULT_MODULE_P\n         remote_user=C.DEFAULT_REMOTE_USER, remote_pass=C.DEFAULT_REMOTE_PASS,\n         remote_port=C.DEFAULT_REMOTE_PORT, background=0, basedir=None, setup_cache=None,\n         transport='paramiko', conditional='True', groups={}, callbacks=None, verbose=False,\n-        debug=False, sudo=False, extra_vars=None):\n-    \n+        debug=False, sudo=False, extra_vars=None, module_vars=None):\n+   \n         if setup_cache is None:\n             setup_cache = {}\n         if basedir is None: \n@@ -101,6 +101,7 @@ def __init__(self, host_list=C.DEFAULT_HOST_LIST, module_path=C.DEFAULT_MODULE_P\n         self.forks       = int(forks)\n         self.pattern     = pattern\n         self.module_args = module_args\n+        self.module_vars = module_vars\n         self.extra_vars  = extra_vars\n         self.timeout     = timeout\n         self.debug       = debug\n@@ -267,7 +268,7 @@ def _transfer_module(self, conn, tmp, module):\n \n     # *****************************************************\n \n-    def _transfer_argsfile(self, conn, tmp, args_str):\n+    def _transfer_str(self, conn, tmp, name, args_str):\n         ''' transfer arguments as a single file to be fed to the module. '''\n \n         args_fd, args_file = tempfile.mkstemp()\n@@ -276,7 +277,7 @@ def _transfer_argsfile(self, conn, tmp, args_str):\n         args_fo.flush()\n         args_fo.close()\n \n-        args_remote = os.path.join(tmp, 'arguments')\n+        args_remote = os.path.join(tmp, name)\n         conn.put_file(args_file, args_remote)\n         os.unlink(args_file)\n \n@@ -355,7 +356,7 @@ def _execute_module(self, conn, tmp, remote_module_path, args,\n         module_name_tail = remote_module_path.split(\"/\")[-1]\n         client_executed_str = \"%s %s\" % (module_name_tail, args.strip())\n \n-        argsfile = self._transfer_argsfile(conn, tmp, args)\n+        argsfile = self._transfer_str(conn, tmp, 'arguments', args)\n         if async_jid is None:\n             cmd = \"%s %s\" % (remote_module_path, argsfile)\n         else:\n@@ -498,8 +499,16 @@ def _execute_template(self, conn, host, tmp):\n         # install the template module\n         template_module = self._transfer_module(conn, tmp, 'template')\n \n+        # transfer module vars\n+        if self.module_vars:\n+            vars = utils.bigjson(self.module_vars)\n+            vars_path = self._transfer_str(conn, tmp, 'module_vars', vars)\n+            vars_arg=\" vars=%s\"%(vars_path)\n+        else:\n+            vars_arg=\"\"\n+        \n         # run the template module\n-        args = \"src=%s dest=%s metadata=%s\" % (temppath, dest, metadata)\n+        args = \"src=%s dest=%s metadata=%s%s\" % (temppath, dest, metadata, vars_arg)\n         (result1, err, executed) = self._execute_module(conn, tmp, template_module, args)\n         (host, ok, data, err) = self._return_from_module(conn, host, result1, err, executed)\n \n@@ -637,13 +646,13 @@ def _parallel_exec(self, hosts):\n             prc.start()\n             workers.append(prc)\n \n-            try:\n-                for worker in workers:\n-                    worker.join()\n-            except KeyboardInterrupt:\n-                for worker in workers:\n-                    worker.terminate()\n-                    worker.join()\n+        try:\n+            for worker in workers:\n+                worker.join()\n+        except KeyboardInterrupt:\n+            for worker in workers:\n+                worker.terminate()\n+                worker.join()\n \n         results = []\n         while not result_queue.empty():"
    },
    {
      "file_path": "library/template",
      "status": "modified",
      "additions": 14,
      "deletions": 1,
      "file_diff": "diff --git a/library/template b/library/template\nindex 3421f497ccce93..0b13422d5ab83a 100755\n--- a/library/template\n+++ b/library/template\n@@ -48,7 +48,7 @@ for x in items:\n source  = params['src']\n dest    = params['dest']\n metadata = params.get('metadata', '/etc/ansible/setup') \n-\n+module_vars = params.get('vars')\n  \n # raise an error if there is no template metadata\n if not os.path.exists(metadata):\n@@ -71,6 +71,19 @@ except:\n    })\n    sys.exit(1)\n \n+if module_vars:\n+    try:\n+        f = open(module_vars)\n+        vars = json.loads(f.read())\n+        data.update(vars)\n+        f.close()\n+    except:\n+        print json.dumps({\n+            \"failed\" : 1,\n+            \"msg\"    : \"Failed to parse/load %s.\" % module_vars\n+        })\n+        sys.exit(1)\n+\n if not os.path.exists(source):\n     print json.dumps({\n         \"failed\" : 1,\n"
    }
  ],
  "comments": [
    {
      "author_login": "mpdehaan",
      "body": "Ok, thanks, will look into merging this tonight.   I'm thinking maybe the string transfer could be replaced by passing them directly to the template module, possibly.  (So that any extra variables fed to the template module are treated as variables, and we automatically feed module_vars like that)\n\nMuch appreciated!\n"
    },
    {
      "author_login": "mpdehaan",
      "body": "ended up taking this verbatim, indeed a bit of a complicated corner case.   Good catch on finding this and this fix should be fine.\n"
    },
    {
      "author_login": "mpdehaan",
      "body": "also, thanks again!\n"
    }
  ],
  "reviews": []
}