{
  "pr_number": 11390,
  "url": "https://github.com/ansible/ansible/pull/11390",
  "title": "Pin modules to the matching stable-1.9 branch",
  "author_login": "omgjlk",
  "state": "MERGED",
  "merged_by_login": "abadger",
  "body": "This is to keep module changes on devel from breaking when ran on\nstable-1.9 Ansible.\n",
  "labels": [],
  "additions": 4,
  "deletions": 4,
  "changed_files_count": 1,
  "changed_files_list": [
    ".gitmodules"
  ],
  "files": [
    {
      "file_path": ".gitmodules",
      "status": "modified",
      "additions": 4,
      "deletions": 4,
      "file_diff": "diff --git a/.gitmodules b/.gitmodules\nindex 3f14953ec8f250..9de30d02c5b097 100644\n--- a/.gitmodules\n+++ b/.gitmodules\n@@ -1,16 +1,16 @@\n [submodule \"lib/ansible/modules/core\"]\n \tpath = lib/ansible/modules/core\n \turl = https://github.com/ansible/ansible-modules-core.git\n-\tbranch = devel\n+\tbranch = stable-1.9\n [submodule \"lib/ansible/modules/extras\"]\n \tpath = lib/ansible/modules/extras\n \turl = https://github.com/ansible/ansible-modules-extras.git\n-\tbranch = devel\n+\tbranch = stable-1.9\n [submodule \"v2/ansible/modules/core\"]\n \tpath = v2/ansible/modules/core\n \turl = https://github.com/ansible/ansible-modules-core.git\n-\tbranch = devel\n+\tbranch = stable-1.9\n [submodule \"v2/ansible/modules/extras\"]\n \tpath = v2/ansible/modules/extras\n \turl = https://github.com/ansible/ansible-modules-extras.git\n-\tbranch = devel\n+\tbranch = stable-1.9\n"
    }
  ],
  "comments": [
    {
      "author_login": "abadger",
      "body": "Thanks Jesse!\n\n# Merged\n\nHi!\n\nThis has been merged in, and will also be included in the next major release.\n\nIf you or anyone else has any further questions, please let us know by stopping by one of the two mailing lists, as appropriate:\n- https://groups.google.com/forum/#!forum/ansible-project - for user questions, tips, and tricks\n- https://groups.google.com/forum/#!forum/ansible-devel - for strategy, future planning, and questions about writing code\n\nBecause this project is very active, we're unlikely to see comments made on closed tickets, but the mailing list is a great way to ask questions, or post if you don't think this particular\nissue is resolved.\n\nThank you!\n"
    }
  ],
  "reviews": []
}