{
  "pr_number": 1080,
  "url": "https://github.com/ansible/ansible/pull/1080",
  "title": "Add an only_if option to vars_prompt to make prompts conditional",
  "author_login": "dagwieers",
  "state": "MERGED",
  "merged_by_login": "mpdehaan",
  "body": "Sometimes you may want to allow variables through host_vars or inventory, but prompt for a value if it is not set or if the value does not conform to something specific. This option allows you to specify when you want to offer a prompt.\n",
  "labels": [],
  "additions": 11,
  "deletions": 6,
  "changed_files_count": 3,
  "changed_files_list": [
    "ansible/runner/__init__.py b/lib/ansible/runner/__init__.py",
    "ansible/utils.py b/lib/ansible/utils.py"
  ],
  "files": [
    {
      "file_path": "ansible/runner/__init__.py b/lib/ansible/runner/__init__.py",
      "status": "modified",
      "additions": 1,
      "deletions": 5,
      "file_diff": "diff --git a/lib/ansible/runner/__init__.py b/lib/ansible/runner/__init__.py\nindex 1c3977e86b060d..328661ddc5eb1b 100644\n--- a/lib/ansible/runner/__init__.py\n+++ b/lib/ansible/runner/__init__.py\n@@ -329,12 +329,8 @@ def _executor_internal_inner(self, host, inject, port, is_chained=False):\n             self.module_args = new_args\n         self.module_args = utils.template(self.basedir, self.module_args, inject)\n \n-        def _check_conditional(conditional):\n-            def is_set(var):\n-                return not var.startswith(\"$\")\n-            return eval(conditional)\n         conditional = utils.template(self.basedir, self.conditional, inject)\n-        if not _check_conditional(conditional):\n+        if not utils.check_conditional(conditional):\n             result = utils.jsonify(dict(skipped=True))\n             self.callbacks.on_skipped(host, inject.get('item',None))\n             return ReturnData(host=host, result=result)"
    },
    {
      "file_path": "ansible/utils.py b/lib/ansible/utils.py",
      "status": "modified",
      "additions": 7,
      "deletions": 0,
      "file_diff": "diff --git a/lib/ansible/utils.py b/lib/ansible/utils.py\nindex 6fefd091640f38..2e81a5db95789c 100644\n--- a/lib/ansible/utils.py\n+++ b/lib/ansible/utils.py\n@@ -93,6 +93,13 @@ def is_failed(result):\n \n     return ((result.get('rc', 0) != 0) or (result.get('failed', False) in [ True, 'True', 'true']))\n \n+def check_conditional(conditional):\n+    def is_set(var):\n+        return not var.startswith(\"$\")\n+    def is_unset(var):\n+        return var.startswith(\"$\")\n+    return eval(conditional)\n+\n def prepare_writeable_dir(tree):\n     ''' make sure a directory exists and is writeable '''\n \n"
    }
  ],
  "comments": [
    {
      "author_login": "mpdehaan",
      "body": "Can you share what this would look like in a playbook?\n"
    },
    {
      "author_login": "dagwieers",
      "body": "This is a real-world sample of our example. We have 4 modules: esx_facts, ilo_facts, esx_boot and ilo_boot. The first two provide us important information about the system (uuid, macaddress). The second two allow us to boot our own media (ISO or PXE). We generate a custom ISO, kickstart files and pxelinux info in separate tasks but for brevity I omitted chunks.\n\nBased on inventory information coming from an enterprise Configuration Management Database (cmdb) we decide which tasks are being run, but this should also be reflected in the passwords we ask on the command line. For security reasons we cannot hardcode password information.\n\n``` yaml\n  vars_prompt:\n    - name: esxpassword\n      prompt: \"Enter password for ${esxlogin}\"\n      private: True\n      only_if: \"'${cmdb_hwtype}'.startswith('VMWare ')\"\n    - name: ilopassword\n      prompt: \"Enter password for ${ilologin}\"\n      private: True\n      only_if: \"'${cmdb_hwtype}'.startswith('HP ')\"\n\n  tasks:\n  ### Get iLO facts\n  - local_action: ilo_facts hostname='${cmdb_ilo_address}' login='${ilologin}' password='${ilopassword}' match='${inventory_hostname_short}'\n    only_if: \" ( '${cmdb_status}' == 'to-be-staged' and '${cmdb_model}'.startswith('HP ') )\"\n\n  ### Get ESX facts\n  - local_action: esx_facts hostname='${cmdb_esx_address}' login='${esxlogin}' password='${esxpassword}' vmname='${inventory_hostname_short}'\n    only_if: \" ( '${cmdb_status}' == 'to-be-staged' and '${cmdb_model}'.startswith('VMWare ') )\"\n```\n\nIf we could make play's conditional, it would make our lives easier, since we could make a separate play for each installation methode (ESX or iLO, in the future maybe KVM or hyperv).\n"
    },
    {
      "author_login": "dagwieers",
      "body": "Maybe a more simple example to show this particular use-case is:\n\n``` yaml\nvars_prompt:\n  - name: ipaddress\n    prompt: \"Enter ipaddress for ${inventory_hostname_short}\"\n    only_if: \"not is_set('${ipaddress}')\"\n```\n\nWhen ipaddress is not set by host_vars/hostname, prompt for it.\n"
    },
    {
      "author_login": "mpdehaan",
      "body": "Yeah /true/ conditional plays are problematic unless it was just a\nshorthand to add an implied only_if to every task and vars_prompt.   I'm\nnot against that.  The output might look a little gross, but it would\nwork.    It would just be syntactic sugar more or less.\n\nUnrelated code thing -- I'd like to see the duplication of \"is_set\"\neliminated between here and elsewhere, how about an eval function in utils\nthat always adds it where we can share between the two?\n\n--Michael\n"
    },
    {
      "author_login": "dagwieers",
      "body": "I suggested this earlier (above), so if you say \"go\", I will update the feature branch.\n"
    },
    {
      "author_login": "mpdehaan",
      "body": "Nice example.\n\nUnrelated, and not neccessarily needing to be part of this, I am also kinda\nwondering if we should have a \"only_if_unset\" ... as if 'isset' is a common\npattern, which it seems to be, this might be nice:\n\nonly_if_set: $ipaddress\nonly_if_unset: $ipaddress\n\nNot just here, but also in the normal case.   I kinda hate the look of the\nraw python in the otherwise mostly clean YAML where we can avoid it.\n\nIt's kind of boilerplate that I can't actually remember, which makes it\nsomething I think we should strive to reduce.\n"
    },
    {
      "author_login": "dagwieers",
      "body": "I do want to have conditional plays, especially for my first use-case although I think it would be better if tasks/plays are not shown if that particular task/play does not have any hosts associated with it. Which is typical in our case when we provision a single machine (or e.g. 5 VMware systems), however I can see how this can confuse people.\n"
    },
    {
      "author_login": "dagwieers",
      "body": "Problem is that only_if_set and only_if_unset do not cover all use-cases, and as such will not replace only_if. So I think it's not a good idea to complicate things even more.\n\n```\nonly_if: \"is_set('${ipaddress}')\"\n```\n\nIs not _that_ ugly. But I don't like the use of quoting above and would prefer:\n\n```\nonly_if: is_set(${ipaddress))\n```\n\nOr even\n\n```\nonly_if: is_set($ipaddress)\n```\n\nCouldn't we add quotes automatically to \"${...}\" sequences if it is a string or something like that ?\n"
    },
    {
      "author_login": "mpdehaan",
      "body": "Less directives sounds good.\n\nI agree about quoting too -- if we can do that in a backwards compatible way, I would definitely take a patch to make quoting less required with only_if.\n"
    },
    {
      "author_login": "mpdehaan",
      "body": "merged, thanks!\n"
    }
  ],
  "reviews": []
}