{
  "pr_number": 10983,
  "url": "https://github.com/ansible/ansible/pull/10983",
  "title": "changelog: add cs_account",
  "author_login": "resmo",
  "state": "MERGED",
  "merged_by_login": "bcoca",
  "body": "",
  "labels": [
    "docs"
  ],
  "additions": 1,
  "deletions": 0,
  "changed_files_count": 1,
  "changed_files_list": [
    "CHANGELOG.md"
  ],
  "files": [
    {
      "file_path": "CHANGELOG.md",
      "status": "modified",
      "additions": 1,
      "deletions": 0,
      "file_diff": "diff --git a/CHANGELOG.md b/CHANGELOG.md\nindex fbf7f8e9e78bd7..6dba043feb08b2 100644\n--- a/CHANGELOG.md\n+++ b/CHANGELOG.md\n@@ -20,6 +20,7 @@ New Modules:\n   * consul_kv\n   * consul_session\n   * cloudtrail\n+  * cloudstack: cs_account\n   * cloudstack: cs_affinitygroup\n   * cloudstack: cs_firewall\n   * cloudstack: cs_iso\n"
    }
  ],
  "comments": [],
  "reviews": []
}