{
  "pr_number": 1081,
  "url": "https://github.com/ansible/ansible/pull/1081",
  "title": "Modified 'ok' to 'changed' when a change has occured",
  "author_login": "dsummersl",
  "state": "MERGED",
  "merged_by_login": "mpdehaan",
  "body": " When color is not present its currently not possible (w/o verbose, anyway) to see which tasks were changed. This is a simple change so that tasks that make changes print 'changed' rather than 'ok'.\n",
  "labels": [],
  "additions": 9,
  "deletions": 5,
  "changed_files_count": 1,
  "changed_files_list": [
    "ansible/callbacks.py b/lib/ansible/callbacks.py"
  ],
  "files": [
    {
      "file_path": "ansible/callbacks.py b/lib/ansible/callbacks.py",
      "status": "modified",
      "additions": 9,
      "deletions": 5,
      "file_diff": "diff --git a/lib/ansible/callbacks.py b/lib/ansible/callbacks.py\nindex cf223fef366e66..44a6a4cb16d7e3 100644\n--- a/lib/ansible/callbacks.py\n+++ b/lib/ansible/callbacks.py\n@@ -310,25 +310,29 @@ def on_ok(self, host, host_result):\n \n         host_result2 = host_result.copy()\n         host_result2.pop('invocation', None)\n+        changed = 'changed' in host_result2 or host_result['changed']\n+        ok_or_changed = 'ok'\n+        if changed:\n+            ok_or_changed = 'changed'\n \n         # show verbose output for non-setup module results if --verbose is used\n         msg = ''\n         if not self.verbose or host_result2.get(\"verbose_override\",None) is not None:\n             if item:\n-                msg = \"ok: [%s] => (item=%s)\" % (host,item)\n+                msg = \"ok: [%s] => (item=%s)\" % (host, item)\n             else:\n                 if 'ansible_job_id' not in host_result or 'finished' in host_result:\n-                    msg = \"ok: [%s]\" % (host)\n+                    msg = \"%s: [%s]\" % (ok_or_changed, host)\n         else:\n             # verbose ...\n             if item:\n-                msg = \"ok: [%s] => (item=%s) => %s\" % (host, item, utils.jsonify(host_result2))\n+                msg = \"%s: [%s] => (item=%s) => %s\" % (ok_or_changed, host, item, utils.jsonify(host_result2))\n             else:\n                 if 'ansible_job_id' not in host_result or 'finished' in host_result2:\n-                    msg = \"ok: [%s] => %s\" % (host, utils.jsonify(host_result2))\n+                    msg = \"%s: [%s] => %s\" % (host, utils.jsonify(host_result2))\n \n         if msg != '':\n-            if not 'changed' in host_result2 or not host_result['changed']:\n+            if not changed:\n                 print stringc(msg, 'green')\n             else:\n                 print stringc(msg, 'yellow')\n"
    }
  ],
  "comments": [
    {
      "author_login": "mpdehaan",
      "body": "merged, thanks!\n"
    }
  ],
  "reviews": []
}