{
  "pr_number": 10893,
  "url": "https://github.com/ansible/ansible/pull/10893",
  "title": "Allow the use of HTTP on custom ports in the fetch_url function",
  "author_login": "sidick",
  "state": "MERGED",
  "merged_by_login": "bcoca",
  "body": "Currently if you try to use fetch_url on a URL when specifying https and a custom port the port doesn't get converted to an int.\n",
  "labels": [
    "bug"
  ],
  "additions": 1,
  "deletions": 0,
  "changed_files_count": 1,
  "changed_files_list": [
    "ansible/module_utils/urls.py b/lib/ansible/module_utils/urls.py"
  ],
  "files": [
    {
      "file_path": "ansible/module_utils/urls.py b/lib/ansible/module_utils/urls.py",
      "status": "modified",
      "additions": 1,
      "deletions": 0,
      "file_diff": "diff --git a/lib/ansible/module_utils/urls.py b/lib/ansible/module_utils/urls.py\nindex 962b868ee0d2b4..d56cc89395e338 100644\n--- a/lib/ansible/module_utils/urls.py\n+++ b/lib/ansible/module_utils/urls.py\n@@ -377,6 +377,7 @@ def fetch_url(module, url, data=None, headers=None, method=None,\n                 netloc = netloc.split('@', 1)[1]\n             if ':' in netloc:\n                 hostname, port = netloc.split(':', 1)\n+                port = int(port)\n             else:\n                 hostname = netloc\n                 port = 443\n"
    }
  ],
  "comments": [],
  "reviews": []
}