{
  "pr_number": 10768,
  "url": "https://github.com/ansible/ansible/pull/10768",
  "title": "Port some changes that occured on v1 get_facts modules to v2",
  "author_login": "mscherer",
  "state": "MERGED",
  "merged_by_login": "bcoca",
  "body": "- 5c64956a7 Set distribution, release, and version for NetBSD\n- ec01e071d adjusted for the possibility of lsblk not existing\n  for fact gathering\n- d4eddabb2 Patch for bug #10485 - ansible_distribution fact\n  populates as 'RedHat' on Oracle Linux systems\n- 7813ffd71 Adding uptime_seconds fact for linux and darwin platforms\n- 29cca0191 Adding oVirt recognition for oVirt guests.\n- d0197195e Handle /etc/os-release files with 'Raspbian' in them\n- 58a5f8dfa Pulls machine id in ansible facts\n- 1968f9969 Wrong OS_FAMILY declaration for openSUSE\n- 5dec45e24 Fix wrong distribution facts on SLES/openSUSE\n\nand a few others\n",
  "labels": [
    "bug",
    "feature"
  ],
  "additions": 170,
  "deletions": 29,
  "changed_files_count": 1,
  "changed_files_list": [
    "v2/ansible/module_utils/facts.py"
  ],
  "files": [
    {
      "file_path": "v2/ansible/module_utils/facts.py",
      "status": "modified",
      "additions": 170,
      "deletions": 29,
      "file_diff": "diff --git a/v2/ansible/module_utils/facts.py b/v2/ansible/module_utils/facts.py\nindex 5844c4f67871d0..5d70df4294c980 100644\n--- a/v2/ansible/module_utils/facts.py\n+++ b/v2/ansible/module_utils/facts.py\n@@ -87,7 +87,8 @@ class Facts(object):\n     _I386RE = re.compile(r'i([3456]86|86pc)')\n     # For the most part, we assume that platform.dist() will tell the truth.\n     # This is the fallback to handle unknowns or exceptions\n-    OSDIST_LIST = ( ('/etc/redhat-release', 'RedHat'),\n+    OSDIST_LIST = ( ('/etc/oracle-release', 'Oracle Linux'),\n+                    ('/etc/redhat-release', 'RedHat'),\n                     ('/etc/vmware-release', 'VMwareESX'),\n                     ('/etc/openwrt_release', 'OpenWrt'),\n                     ('/etc/system-release', 'OtherLinux'),\n@@ -170,9 +171,14 @@ def get_platform_facts(self):\n         if self.facts['system'] == 'Linux':\n             self.get_distribution_facts()\n         elif self.facts['system'] == 'AIX':\n-            rc, out, err = module.run_command(\"/usr/sbin/bootinfo -p\")\n-            data = out.split('\\n')\n-            self.facts['architecture'] = data[0]\n+            try:\n+                rc, out, err = module.run_command(\"/usr/sbin/bootinfo -p\")\n+                data = out.split('\\n')\n+                self.facts['architecture'] = data[0]\n+            except:\n+                self.facts['architecture'] = 'Not Available'\n+        elif self.facts['system'] == 'OpenBSD':\n+            self.facts['architecture'] = platform.uname()[5]\n \n \n     def get_local_facts(self):\n@@ -229,8 +235,8 @@ def get_distribution_facts(self):\n             RedHat = 'RedHat', Fedora = 'RedHat', CentOS = 'RedHat', Scientific = 'RedHat',\n             SLC = 'RedHat', Ascendos = 'RedHat', CloudLinux = 'RedHat', PSBM = 'RedHat',\n             OracleLinux = 'RedHat', OVS = 'RedHat', OEL = 'RedHat', Amazon = 'RedHat',\n-            XenServer = 'RedHat', Ubuntu = 'Debian', Debian = 'Debian', SLES = 'Suse',\n-            SLED = 'Suse', OpenSuSE = 'Suse', SuSE = 'Suse', Gentoo = 'Gentoo', Funtoo = 'Gentoo',\n+            XenServer = 'RedHat', Ubuntu = 'Debian', Debian = 'Debian', Raspbian = 'Debian', SLES = 'Suse',\n+            SLED = 'Suse', openSUSE = 'Suse', SuSE = 'Suse', Gentoo = 'Gentoo', Funtoo = 'Gentoo',\n             Archlinux = 'Archlinux', Mandriva = 'Mandrake', Mandrake = 'Mandrake',\n             Solaris = 'Solaris', Nexenta = 'Solaris', OmniOS = 'Solaris', OpenIndiana = 'Solaris',\n             SmartOS = 'Solaris', AIX = 'AIX', Alpine = 'Alpine', MacOSX = 'Darwin',\n@@ -261,6 +267,10 @@ def get_distribution_facts(self):\n             self.facts['distribution'] = 'FreeBSD'\n             self.facts['distribution_release'] = platform.release()\n             self.facts['distribution_version'] = platform.version()\n+        elif self.facts['system'] == 'NetBSD':\n+            self.facts['distribution'] = 'NetBSD'\n+            self.facts['distribution_release'] = platform.release()\n+            self.facts['distribution_version'] = platform.version()\n         elif self.facts['system'] == 'OpenBSD':\n             self.facts['distribution'] = 'OpenBSD'\n             self.facts['distribution_release'] = platform.release()\n@@ -284,6 +294,13 @@ def get_distribution_facts(self):\n                             # Once we determine the value is one of these distros\n                             # we trust the values are always correct\n                             break\n+                        elif name == 'Oracle Linux':\n+                            data = get_file_content(path)\n+                            if 'Oracle Linux' in data:\n+                                self.facts['distribution'] = name\n+                            else:\n+                                self.facts['distribution'] = data.split()[0]\n+                            break\n                         elif name == 'RedHat':\n                             data = get_file_content(path)\n                             if 'Red Hat' in data:\n@@ -354,24 +371,49 @@ def get_distribution_facts(self):\n                             data = get_file_content(path)\n                             if 'suse' in data.lower():\n                                 if path == '/etc/os-release':\n-                                    release = re.search(\"PRETTY_NAME=[^(]+ \\(?([^)]+?)\\)\", data)\n-                                    distdata = get_file_content(path).split('\\n')[0]\n-                                    self.facts['distribution'] = distdata.split('=')[1]\n-                                    if release:\n-                                        self.facts['distribution_release'] = release.groups()[0]\n-                                        break\n+                                    for line in data.splitlines():\n+                                        distribution = re.search(\"^NAME=(.*)\", line)\n+                                        if distribution:\n+                                            self.facts['distribution'] = distribution.group(1).strip('\"')\n+                                        distribution_version = re.search('^VERSION_ID=\"?([0-9]+\\.?[0-9]*)\"?', line) # example pattern are 13.04 13.0 13\n+                                        if distribution_version:\n+                                             self.facts['distribution_version'] = distribution_version.group(1)\n+                                        if 'open' in data.lower():\n+                                            release = re.search(\"^PRETTY_NAME=[^(]+ \\(?([^)]+?)\\)\", line)\n+                                            if release:\n+                                                self.facts['distribution_release'] = release.groups()[0]\n+                                        elif 'enterprise' in data.lower():\n+                                             release = re.search('^VERSION_ID=\"?[0-9]+\\.?([0-9]*)\"?', line) # SLES doesn't got funny release names\n+                                             if release:\n+                                                 release = release.group(1)\n+                                             else:\n+                                                 release = \"0\" # no minor number, so it is the first release\n+                                             self.facts['distribution_release'] = release\n+                                    break\n                                 elif path == '/etc/SuSE-release':\n-                                    data = data.splitlines()\n-                                    distdata = get_file_content(path).split('\\n')[0]\n-                                    self.facts['distribution'] = distdata.split()[0]\n-                                    for line in data:\n-                                        release = re.search('CODENAME *= *([^\\n]+)', line)\n-                                        if release:\n-                                            self.facts['distribution_release'] = release.groups()[0].strip()\n-                                            break\n+                                    if 'open' in data.lower():\n+                                        data = data.splitlines()\n+                                        distdata = get_file_content(path).split('\\n')[0]\n+                                        self.facts['distribution'] = distdata.split()[0]\n+                                        for line in data:\n+                                            release = re.search('CODENAME *= *([^\\n]+)', line)\n+                                            if release:\n+                                                self.facts['distribution_release'] = release.groups()[0].strip()\n+                                    elif 'enterprise' in data.lower():\n+                                        lines = data.splitlines()\n+                                        distribution = lines[0].split()[0]\n+                                        if \"Server\" in data:\n+                                            self.facts['distribution'] = \"SLES\"\n+                                        elif \"Desktop\" in data:\n+                                            self.facts['distribution'] = \"SLED\"\n+                                        for line in lines:\n+                                            release = re.search('PATCHLEVEL = ([0-9]+)', line) # SLES doesn't got funny release names\n+                                            if release:\n+                                                self.facts['distribution_release'] = release.group(1)\n+                                                self.facts['distribution_version'] = self.facts['distribution_version'] + '.' + release.group(1)\n                         elif name == 'Debian':\n                             data = get_file_content(path)\n-                            if 'Debian' in data:\n+                            if 'Debian' in data or 'Raspbian' in data:\n                                 release = re.search(\"PRETTY_NAME=[^(]+ \\(?([^)]+?)\\)\", data)\n                                 if release:\n                                     self.facts['distribution_release'] = release.groups()[0]\n@@ -403,7 +445,10 @@ def get_distribution_facts(self):\n                                     self.facts['distribution_release'] = release.group(1).strip('\"')\n                     else:\n                         self.facts['distribution'] = name\n-\n+        machine_id = get_file_content(\"/var/lib/dbus/machine-id\") or get_file_content(\"/etc/machine-id\")\n+        if machine_id:\n+            machine_id = machine_id.split('\\n')[0]\n+            self.facts[\"machine_id\"] = machine_id\n         self.facts['os_family'] = self.facts['distribution']\n         if self.facts['distribution'] in OS_FAMILY:\n             self.facts['os_family'] = OS_FAMILY[self.facts['distribution']]\n@@ -462,7 +507,7 @@ def get_lsb_facts(self):\n             if rc == 0:\n                 self.facts['lsb'] = {}\n             for line in out.split('\\n'):\n-                if len(line) < 1:\n+                if len(line) < 1 or ':' not in line:\n                     continue\n                 value = line.split(':', 1)[1].strip()\n                 if 'LSB Version:' in line:\n@@ -635,6 +680,7 @@ def populate(self):\n         self.get_memory_facts()\n         self.get_dmi_facts()\n         self.get_device_facts()\n+        self.get_uptime_facts()\n         try:\n             self.get_mount_facts()\n         except TimeoutError:\n@@ -855,13 +901,14 @@ def get_mount_facts(self):\n                         size_available = statvfs_result.f_bsize * (statvfs_result.f_bavail)\n                     except OSError, e:\n                         continue\n+\n+                    uuid = 'NA'\n                     lsblkPath = module.get_bin_path(\"lsblk\")\n-                    rc, out, err = module.run_command(\"%s -ln --output UUID %s\" % (lsblkPath, fields[0]), use_unsafe_shell=True)\n+                    if lsblkPath:\n+                        rc, out, err = module.run_command(\"%s -ln --output UUID %s\" % (lsblkPath, fields[0]), use_unsafe_shell=True)\n \n-                    if rc == 0:\n-                        uuid = out.strip()\n-                    else:\n-                        uuid = 'NA'\n+                        if rc == 0:\n+                            uuid = out.strip()\n \n                     self.facts['mounts'].append(\n                         {'mount': fields[1],\n@@ -973,6 +1020,9 @@ def get_device_facts(self):\n \n             self.facts['devices'][diskname] = d\n \n+    def get_uptime_facts(self):\n+        uptime_seconds_string = get_file_content('/proc/uptime').split(' ')[0]\n+        self.facts['uptime_seconds'] = int(float(uptime_seconds_string))\n \n class SunOSHardware(Hardware):\n     \"\"\"\n@@ -987,6 +1037,10 @@ def __init__(self):\n     def populate(self):\n         self.get_cpu_facts()\n         self.get_memory_facts()\n+        try:\n+            self.get_mount_facts()\n+        except TimeoutError:\n+            pass\n         return self.facts\n \n     def get_cpu_facts(self):\n@@ -1047,6 +1101,17 @@ def get_memory_facts(self):\n         self.facts['swap_allocated_mb'] = allocated / 1024\n         self.facts['swap_reserved_mb'] = reserved / 1024\n \n+    @timeout(10)\n+    def get_mount_facts(self):\n+        self.facts['mounts'] = []\n+        # For a detailed format description see mnttab(4)\n+        #   special mount_point fstype options time\n+        fstab = get_file_content('/etc/mnttab')\n+        if fstab:\n+            for line in fstab.split('\\n'):\n+                fields = line.rstrip('\\n').split('\\t')\n+                self.facts['mounts'].append({'mount': fields[1], 'device': fields[0], 'fstype' : fields[2], 'options': fields[3], 'time': fields[4]})\n+\n class OpenBSDHardware(Hardware):\n     \"\"\"\n     OpenBSD-specific subclass of Hardware. Defines memory, CPU and device facts:\n@@ -1071,6 +1136,7 @@ def populate(self):\n         self.get_memory_facts()\n         self.get_processor_facts()\n         self.get_device_facts()\n+        self.get_mount_facts()\n         return self.facts\n \n     def get_sysctl(self):\n@@ -1083,6 +1149,19 @@ def get_sysctl(self):\n             sysctl[key] = value.strip()\n         return sysctl\n \n+    @timeout(10)\n+    def get_mount_facts(self):\n+        self.facts['mounts'] = []\n+        fstab = get_file_content('/etc/fstab')\n+        if fstab:\n+            for line in fstab.split('\\n'):\n+                if line.startswith('#') or line.strip() == '':\n+                    continue\n+                fields = re.sub(r'\\s+',' ',line.rstrip('\\n')).split()\n+                if fields[1] == 'none' or fields[3] == 'xx':\n+                    continue\n+                self.facts['mounts'].append({'mount': fields[1], 'device': fields[0], 'fstype' : fields[2], 'options': fields[3]})\n+\n     def get_memory_facts(self):\n         # Get free memory. vmstat output looks like:\n         #  procs    memory       page                    disks    traps          cpu\n@@ -2133,7 +2212,40 @@ def get_interfaces_info(self, ifconfig_path):\n                     self.parse_inet6_line(words, current_if, ips)\n                 else:\n                     self.parse_unknown_line(words, current_if, ips)\n-\n+            uname_path = module.get_bin_path('uname')\n+            if uname_path:\n+                rc, out, err = module.run_command([uname_path, '-W'])\n+                # don't bother with wpars it does not work\n+                # zero means not in wpar\n+                if out.split()[0] == '0':\n+                    if current_if['macaddress'] == 'unknown' and re.match('^en', current_if['device']):\n+                        entstat_path = module.get_bin_path('entstat')\n+                        if entstat_path:\n+                            rc, out, err = module.run_command([entstat_path, current_if['device'] ])\n+                            if rc != 0:\n+                                break\n+                            for line in out.split('\\n'):\n+                                if not line:\n+                                    pass\n+                                buff = re.match('^Hardware Address: (.*)', line)\n+                                if buff:\n+                                    current_if['macaddress'] = buff.group(1)\n+\n+                                buff = re.match('^Device Type:', line)\n+                                if buff and re.match('.*Ethernet', line):\n+                                    current_if['type'] = 'ether'\n+                    # device must have mtu attribute in ODM\n+                    if 'mtu' not in current_if:\n+                        lsattr_path = module.get_bin_path('lsattr')\n+                        if lsattr_path:\n+                            rc, out, err = module.run_command([lsattr_path,'-El', current_if['device'] ])\n+                            if rc != 0:\n+                                break\n+                            for line in out.split('\\n'):\n+                                if line:\n+                                    words = line.split()\n+                                    if words[0] == 'mtu':\n+                                        current_if['mtu'] = words[1]\n         return interfaces, ips\n \n     # AIX 'ifconfig -a' does not inform about MTU, so remove current_if['mtu'] here\n@@ -2360,6 +2472,11 @@ def get_virtual_facts(self):\n             self.facts['virtualization_role'] = 'guest'\n             return\n \n+        if sys_vendor == 'oVirt':\n+            self.facts['virtualization_type'] = 'kvm'\n+            self.facts['virtualization_role'] = 'guest'\n+            return\n+\n         if os.path.exists('/proc/self/status'):\n             for line in get_file_lines('/proc/self/status'):\n                 if re.match('^VxID: \\d+', line):\n@@ -2514,6 +2631,30 @@ def get_virtual_facts(self):\n                 if 'VirtualBox' in line:\n                     self.facts['virtualization_type'] = 'virtualbox'\n                     self.facts['virtualization_role'] = 'guest'\n+        # Detect domaining on Sparc hardware\n+        if os.path.exists(\"/usr/sbin/virtinfo\"):\n+            # The output of virtinfo is different whether we are on a machine with logical\n+            # domains ('LDoms') on a T-series or domains ('Domains') on a M-series. Try LDoms first.\n+            rc, out, err = module.run_command(\"/usr/sbin/virtinfo -p\")\n+            # The output contains multiple lines with different keys like this:\n+            #   DOMAINROLE|impl=LDoms|control=false|io=false|service=false|root=false\n+            # The output may also be not formated and the returncode is set to 0 regardless of the error condition:\n+            #   virtinfo can only be run from the global zone\n+            try:\n+                for line in out.split('\\n'):\n+                    fields = line.split('|')\n+                    if( fields[0] == 'DOMAINROLE' and fields[1] == 'impl=LDoms' ):\n+                        self.facts['virtualization_type'] = 'ldom'\n+                        self.facts['virtualization_role'] = 'guest'\n+                        hostfeatures = []\n+                        for field in fields[2:]:\n+                            arg = field.split('=')\n+                            if( arg[1] == 'true' ):\n+                                hostfeatures.append(arg[0])\n+                        if( len(hostfeatures) > 0 ):\n+                            self.facts['virtualization_role'] = 'host (' + ','.join(hostfeatures) + ')'\n+            except ValueError, e:\n+                pass\n \n def get_file_content(path, default=None, strip=True):\n     data = default\n"
    }
  ],
  "comments": [],
  "reviews": []
}