{
  "pr_number": 11027,
  "url": "https://github.com/ansible/ansible/pull/11027",
  "title": "added module checklist docs",
  "author_login": "bcoca",
  "state": "MERGED",
  "merged_by_login": "bcoca",
  "body": "",
  "labels": [
    "docs"
  ],
  "additions": 40,
  "deletions": 0,
  "changed_files_count": 1,
  "changed_files_list": [
    "docsite/rst/developing_modules.rst"
  ],
  "files": [
    {
      "file_path": "docsite/rst/developing_modules.rst",
      "status": "modified",
      "additions": 40,
      "deletions": 0,
      "file_diff": "diff --git a/docsite/rst/developing_modules.rst b/docsite/rst/developing_modules.rst\nindex 3b563ee755f42f..dd4d6b4d7ad312 100644\n--- a/docsite/rst/developing_modules.rst\n+++ b/docsite/rst/developing_modules.rst\n@@ -449,6 +449,46 @@ a github pull request to the `extras <https://github.com/ansible/ansible-modules\n Included modules will ship with ansible, and also have a chance to be promoted to 'core' status, which\n gives them slightly higher development priority (though they'll work in exactly the same way).\n \n+Module checklist\n+````````````````\n+\n+* The shebang should always be #!/usr/bin/python, this allows ansible_python_interpreter to work\n+* Documentation: Make sure it exists\n+  * `required` should always be present, be it true or false\n+  * If `required` is false you need to document `default`, even if its 'null'\n+  * `default` is not needed for `required: true`\n+  * Remove unnecessary doc like `aliases: []` or `choices: []`\n+  * The version is not a float number and value the current development version\n+  * The verify that arguments in doc and module spec dict are identical\n+  * For password / secret arguments no_log=True should be set\n+  * Requirements should  be documented, using the `requirements=[]` field\n+  * Author should be set, name and github id at least\n+  * Made use of U() for urls, C() for files and options, I() for params, M() for modules?\n+  * GPL License header\n+  * Examples: make sure they are reproducible\n+  * Return: document the return structure of the module\n+* Does module use check_mode? Could it be modified to use it? Document it\n+* Exceptions: The module must handle them. (exceptions are bugs)\n+    * Give out useful messages on what you were doing and you can add the exception message to that.\n+    * Avoid catchall exceptions, they are not very useful unless the underlying API gives very good error messages pertaining the attempted action.\n+* The module must not use sys.exit() --> use fail_json() from the module object\n+* Import custom packages in try/except and handled with fail_json() in main() e.g.::\n+* The return structure should be consistent, even if NA/None are used for keys normally returned under other options.\n+\n+  try:\n+    import foo\n+    HAS_LIB=True\n+  except:\n+    HAS_LIB=False\n+\n+* Are module actions idempotent? If not document in the descriptions or the notes\n+* Import module snippets `from ansible.module_utils.basic import *` at the bottom, conserves line numbers for debugging.\n+* Try to normalize parameters with other modules, you can have aliases for when user is more familiar with underlying API name for the option\n+* Being pep8 compliant is nice, but not a requirement. Specifically, the 80 column limit now hinders readability more that it improves it\n+* Avoid '`action`/`command`', they are imperative and not declarative, there are other ways to express the same thing\n+* Sometimes you want to split the module, specially if you are adding a list/info state, you want a _facts version\n+* If you are asking 'how can i have a module execute other modules' ... you want to write a role\n+\n \n Deprecating and making module aliases\n ``````````````````````````````````````\n"
    }
  ],
  "comments": [
    {
      "author_login": "omgjlk",
      "body": "This is missing my ask, the docs on what data is returned and would be accessible from a register variable.\n"
    },
    {
      "author_login": "bcoca",
      "body": "updated\n"
    },
    {
      "author_login": "omgjlk",
      "body": ":+1: \n"
    },
    {
      "author_login": "jhawkesworth",
      "body": "Would it be possible to add some guidelines for powershell modules too.\n\nPretty much all of the documentation stuff ought to be common, but here's\nmy suggestions for powershell-specific modules.\n\nAnsible powershell modules checklist\n\n.ps1 file\nstart with\n#!powershell\nthen\nGPL header\nthen\n\n# WANT_JSON\n\n# POWERSHELL_COMMON\n\nMake sure you haven't duplicated any code or methods that are already in\nansible/lib/ansible/module_utils/powershell.ps1\n\narguments:\nTry and use state present and state absent like other modules.\nHave you checked all your mandatory args are present? and sane\nLook at existing modules for examples of argument checking.\n\nModule logic\nFavour native powershell and .net ways of doing things over calls to COM\nlibraries or calls\nto native executables which may or may not be present in all versions of\nwindows.\n\nReturning results\nresult object\n    should allways contain an attribute called changed set to either $true\nor $false\ncreate your result object like this:\n\n```\n$result = New-Object psobject @{\n          changed = $false\n          other_result_attribute = $some_value\n};\n```\n\nIf all is well, exit with a\n    Exit-Json $result\n\nEnsure anything you return, including errors can be converted to json.\nBe aware that because exception messages could contain almost anything.\nConvertTo-Json will fail if it encounters a trailing \\ in a string.\n\nIf not use Fail-Json to exit.\n\nHave you tested for powershell 3.0 and 4.0 compliance?\n\nOn Tue, May 19, 2015 at 8:37 PM, Jesse Keating notifications@github.com\nwrote:\n\n> [image: :+1:]\n> \n> —\n> Reply to this email directly or view it on GitHub\n> https://github.com/ansible/ansible/pull/11027#issuecomment-103646823.\n"
    },
    {
      "author_login": "jhawkesworth",
      "body": "Oops, missed the merge notification there.\nOn May 19, 2015 9:34 PM, \"Jon Hawkesworth\" jon@unity.demon.co.uk wrote:\n\n> Would it be possible to add some guidelines for powershell modules too.\n> \n> Pretty much all of the documentation stuff ought to be common, but here's\n> my suggestions for powershell-specific modules.\n> \n> Ansible powershell modules checklist\n> \n> .ps1 file\n> start with\n> #!powershell\n> then\n> GPL header\n> then\n> \n> # WANT_JSON\n> \n> # POWERSHELL_COMMON\n> \n> Make sure you haven't duplicated any code or methods that are already in\n> ansible/lib/ansible/module_utils/powershell.ps1\n> \n> arguments:\n> Try and use state present and state absent like other modules.\n> Have you checked all your mandatory args are present? and sane\n> Look at existing modules for examples of argument checking.\n> \n> Module logic\n> Favour native powershell and .net ways of doing things over calls to COM\n> libraries or calls\n> to native executables which may or may not be present in all versions of\n> windows.\n> \n> Returning results\n> result object\n>     should allways contain an attribute called changed set to either $true\n> or $false\n> create your result object like this:\n> \n> ```\n> $result = New-Object psobject @{\n>           changed = $false\n>           other_result_attribute = $some_value\n> };\n> ```\n> \n> If all is well, exit with a\n>     Exit-Json $result\n> \n> Ensure anything you return, including errors can be converted to json.\n> Be aware that because exception messages could contain almost anything.\n> ConvertTo-Json will fail if it encounters a trailing \\ in a string.\n> \n> If not use Fail-Json to exit.\n> \n> Have you tested for powershell 3.0 and 4.0 compliance?\n> \n> On Tue, May 19, 2015 at 8:37 PM, Jesse Keating notifications@github.com\n> wrote:\n> \n> > [image: :+1:]\n> > \n> > —\n> > Reply to this email directly or view it on GitHub\n> > https://github.com/ansible/ansible/pull/11027#issuecomment-103646823.\n"
    }
  ],
  "reviews": []
}