{
  "pr_number": 10351,
  "url": "https://github.com/ansible/ansible/pull/10351",
  "title": "Update doc for testing PR with mock dependency",
  "author_login": "lekum",
  "state": "MERGED",
  "merged_by_login": "bcoca",
  "body": "Update in the docsite reflecting the mock dependency for running the unit tests. For example, for the test introduced in #10346\n",
  "labels": [
    "docs"
  ],
  "additions": 1,
  "deletions": 0,
  "changed_files_count": 1,
  "changed_files_list": [
    "docsite/rst/developing_test_pr.rst"
  ],
  "files": [
    {
      "file_path": "docsite/rst/developing_test_pr.rst",
      "status": "modified",
      "additions": 1,
      "deletions": 0,
      "file_diff": "diff --git a/docsite/rst/developing_test_pr.rst b/docsite/rst/developing_test_pr.rst\nindex ee4520bf6c930c..b6ec4e10ba5ec6 100644\n--- a/docsite/rst/developing_test_pr.rst\n+++ b/docsite/rst/developing_test_pr.rst\n@@ -35,6 +35,7 @@ suites. You will need at least::\n    git\n    python-nosetests (sometimes named python-nose)\n    python-passlib\n+   python-mock\n \n If you want to run the full integration test suite you'll also need the following packages installed::\n \n"
    }
  ],
  "comments": [],
  "reviews": []
}