{
  "pr_number": 1153,
  "url": "https://github.com/ansible/ansible/pull/1153",
  "title": "Ignoring PyCharm/IntelliJ and Mac OS X stuff (2nd try)",
  "author_login": "SleeplessAnnoyedNerd",
  "state": "MERGED",
  "merged_by_login": "mpdehaan",
  "body": "Hello again,\n\ngit and I will never be friends, doesn't matter how hard I try. :|\nBut this time it should be a cleaner pull request.\nThank your for your patience.\n\nThanks,\nDietmar\n",
  "labels": [],
  "additions": 4,
  "deletions": 0,
  "changed_files_count": 1,
  "changed_files_list": [
    ".gitignore"
  ],
  "files": [
    {
      "file_path": ".gitignore",
      "status": "modified",
      "additions": 4,
      "deletions": 0,
      "file_diff": "diff --git a/.gitignore b/.gitignore\nindex 6f851ae0a9a8eb..3fc174d9c1151d 100644\n--- a/.gitignore\n+++ b/.gitignore\n@@ -10,3 +10,7 @@ rpm-build\n # Eclipse/PyDev stuff...\n .project\n .pydevproject\n+# PyCharm stuff\n+.idea\n+# Mac OS X stuff\n+.DS_Store\n"
    }
  ],
  "comments": [
    {
      "author_login": "mpdehaan",
      "body": "perfect, thanks\n"
    }
  ],
  "reviews": []
}