{
  "pr_number": 10455,
  "url": "https://github.com/ansible/ansible/pull/10455",
  "title": "Add tox and travis-ci support",
  "author_login": "jlaska",
  "state": "MERGED",
  "merged_by_login": "bcoca",
  "body": "Add tox integration to run unittests in supported python releases.  Travis-CI is used for test execution.  \n\nAdditionally, the unittest `TestQuotePgIdentifier` was updated to support using `assert_raises_regexp` on python-2.6.\n\nSample travis-ci output available at https://travis-ci.org/ansible/ansible/builds/54189977\n",
  "labels": [
    "P2",
    "feature"
  ],
  "additions": 61,
  "deletions": 19,
  "changed_files_count": 8,
  "changed_files_list": [
    ".gitignore",
    ".travis.yml",
    "Makefile",
    "README.md",
    "test-requirements.txt",
    "test/units/TestModuleUtilsDatabase.py",
    "tox.ini"
  ],
  "files": [
    {
      "file_path": ".gitignore",
      "status": "modified",
      "additions": 1,
      "deletions": 0,
      "file_diff": "diff --git a/.gitignore b/.gitignore\nindex 5fe1d994e3c43e..5d3970a168353d 100644\n--- a/.gitignore\n+++ b/.gitignore\n@@ -42,6 +42,7 @@ deb-build\n credentials.yml\n # test output\n .coverage\n+.tox\n results.xml\n coverage.xml\n /test/units/cover-html"
    },
    {
      "file_path": ".travis.yml",
      "status": "added",
      "additions": 11,
      "deletions": 0,
      "file_diff": "diff --git a/.travis.yml b/.travis.yml\nnew file mode 100644\nindex 00000000000000..6e18e06050cd88\n--- /dev/null\n+++ b/.travis.yml\n@@ -0,0 +1,11 @@\n+sudo: false\n+language: python\n+env:\n+  - TOXENV=py26\n+  - TOXENV=py27\n+install:\n+  - pip install tox\n+script:\n+  - tox\n+after_success:\n+  - coveralls"
    },
    {
      "file_path": "Makefile",
      "status": "modified",
      "additions": 1,
      "deletions": 1,
      "file_diff": "diff --git a/Makefile b/Makefile\nindex f688bd73bf607b..81e24efab367d5 100644\n--- a/Makefile\n+++ b/Makefile\n@@ -93,7 +93,7 @@ NOSETESTS3 ?= nosetests-3.3\n all: clean python\n \n tests:\n-\tPYTHONPATH=./lib $(NOSETESTS) -d -w test/units -v # Could do: --with-coverage --cover-package=ansible\n+\tPYTHONPATH=./lib $(NOSETESTS) -d -w test/units -v --with-coverage --cover-package=ansible --cover-branches\n \n newtests:\n \tPYTHONPATH=./v2:./lib $(NOSETESTS) -d -w v2/test -v --with-coverage --cover-package=ansible --cover-branches"
    },
    {
      "file_path": "README.md",
      "status": "modified",
      "additions": 3,
      "deletions": 1,
      "file_diff": "diff --git a/README.md b/README.md\nindex 8bfe58a5433377..e052e78dcde29e 100644\n--- a/README.md\n+++ b/README.md\n@@ -1,4 +1,6 @@\n-[![PyPI version](https://badge.fury.io/py/ansible.png)](http://badge.fury.io/py/ansible) [![PyPI downloads](https://pypip.in/d/ansible/badge.png)](https://pypi.python.org/pypi/ansible)\n+[![PyPI version](https://badge.fury.io/py/ansible.png)](http://badge.fury.io/py/ansible)\n+[![PyPI downloads](https://pypip.in/d/ansible/badge.png)](https://pypi.python.org/pypi/ansible)\n+[![Build Status](https://travis-ci.org/ansible/ansible.svg?branch=tox_and_travis)](https://travis-ci.org/ansible/ansible)\n \n \n Ansible"
    },
    {
      "file_path": "test-requirements.txt",
      "status": "modified",
      "additions": 2,
      "deletions": 0,
      "file_diff": "diff --git a/test-requirements.txt b/test-requirements.txt\nindex 714b65b7646146..abb61ed1e97c1d 100644\n--- a/test-requirements.txt\n+++ b/test-requirements.txt\n@@ -5,3 +5,5 @@\n nose\n mock\n passlib\n+coverage\n+coveralls"
    },
    {
      "file_path": "test/units/TestModuleUtilsDatabase.py",
      "status": "modified",
      "additions": 32,
      "deletions": 17,
      "file_diff": "diff --git a/test/units/TestModuleUtilsDatabase.py b/test/units/TestModuleUtilsDatabase.py\nindex 5278d6db5aab12..67da0b60e0bd03 100644\n--- a/test/units/TestModuleUtilsDatabase.py\n+++ b/test/units/TestModuleUtilsDatabase.py\n@@ -1,8 +1,26 @@\n import collections\n import mock\n import os\n-\n-from nose import tools\n+import re\n+\n+from nose.tools import eq_\n+try:\n+    from nose.tools import assert_raises_regexp\n+except ImportError:\n+    # Python < 2.7\n+    def assert_raises_regexp(expected, regexp, callable, *a, **kw):\n+        try:\n+            callable(*a, **kw)\n+        except expected as e:\n+            if isinstance(regexp, basestring):\n+                regexp = re.compile(regexp)\n+            if not regexp.search(str(e)):\n+                raise Exception('\"%s\" does not match \"%s\"' %\n+                                (regexp.pattern, str(e)))\n+        else:\n+            if hasattr(expected,'__name__'): excName = expected.__name__\n+            else: excName = str(expected)\n+            raise AssertionError(\"%s not raised\" % excName)\n \n from ansible.module_utils.database import (\n     pg_quote_identifier,\n@@ -70,34 +88,31 @@ class TestQuotePgIdentifier(object):\n     }\n \n     def check_valid_quotes(self, identifier, quoted_identifier):\n-        tools.eq_(pg_quote_identifier(identifier, 'table'), quoted_identifier)\n+        eq_(pg_quote_identifier(identifier, 'table'), quoted_identifier)\n \n     def test_valid_quotes(self):\n         for identifier in self.valid:\n             yield self.check_valid_quotes, identifier, self.valid[identifier]\n \n     def check_invalid_quotes(self, identifier, id_type, msg):\n-        if hasattr(tools, 'assert_raises_regexp'):\n-            tools.assert_raises_regexp(SQLParseError, msg, pg_quote_identifier, *(identifier, id_type))\n-        else:\n-            tools.assert_raises(SQLParseError, pg_quote_identifier, *(identifier, id_type))\n+        assert_raises_regexp(SQLParseError, msg, pg_quote_identifier, *(identifier, id_type))\n \n     def test_invalid_quotes(self):\n         for test in self.invalid:\n             yield self.check_invalid_quotes, test[0], test[1], self.invalid[test]\n \n     def test_how_many_dots(self):\n-        tools.eq_(pg_quote_identifier('role', 'role'), '\"role\"')\n-        tools.assert_raises_regexp(SQLParseError, \"PostgreSQL does not support role with more than 1 dots\", pg_quote_identifier, *('role.more', 'role'))\n+        eq_(pg_quote_identifier('role', 'role'), '\"role\"')\n+        assert_raises_regexp(SQLParseError, \"PostgreSQL does not support role with more than 1 dots\", pg_quote_identifier, *('role.more', 'role'))\n \n-        tools.eq_(pg_quote_identifier('db', 'database'), '\"db\"')\n-        tools.assert_raises_regexp(SQLParseError, \"PostgreSQL does not support database with more than 1 dots\", pg_quote_identifier, *('db.more', 'database'))\n+        eq_(pg_quote_identifier('db', 'database'), '\"db\"')\n+        assert_raises_regexp(SQLParseError, \"PostgreSQL does not support database with more than 1 dots\", pg_quote_identifier, *('db.more', 'database'))\n \n-        tools.eq_(pg_quote_identifier('db.schema', 'schema'), '\"db\".\"schema\"')\n-        tools.assert_raises_regexp(SQLParseError, \"PostgreSQL does not support schema with more than 2 dots\", pg_quote_identifier, *('db.schema.more', 'schema'))\n+        eq_(pg_quote_identifier('db.schema', 'schema'), '\"db\".\"schema\"')\n+        assert_raises_regexp(SQLParseError, \"PostgreSQL does not support schema with more than 2 dots\", pg_quote_identifier, *('db.schema.more', 'schema'))\n \n-        tools.eq_(pg_quote_identifier('db.schema.table', 'table'), '\"db\".\"schema\".\"table\"')\n-        tools.assert_raises_regexp(SQLParseError, \"PostgreSQL does not support table with more than 3 dots\", pg_quote_identifier, *('db.schema.table.more', 'table'))\n+        eq_(pg_quote_identifier('db.schema.table', 'table'), '\"db\".\"schema\".\"table\"')\n+        assert_raises_regexp(SQLParseError, \"PostgreSQL does not support table with more than 3 dots\", pg_quote_identifier, *('db.schema.table.more', 'table'))\n \n-        tools.eq_(pg_quote_identifier('db.schema.table.column', 'column'), '\"db\".\"schema\".\"table\".\"column\"')\n-        tools.assert_raises_regexp(SQLParseError, \"PostgreSQL does not support column with more than 4 dots\", pg_quote_identifier, *('db.schema.table.column.more', 'column'))\n+        eq_(pg_quote_identifier('db.schema.table.column', 'column'), '\"db\".\"schema\".\"table\".\"column\"')\n+        assert_raises_regexp(SQLParseError, \"PostgreSQL does not support column with more than 4 dots\", pg_quote_identifier, *('db.schema.table.column.more', 'column'))"
    },
    {
      "file_path": "tox.ini",
      "status": "added",
      "additions": 7,
      "deletions": 0,
      "file_diff": "diff --git a/tox.ini b/tox.ini\nnew file mode 100644\nindex 00000000000000..7c86e7e08f1ff4\n--- /dev/null\n+++ b/tox.ini\n@@ -0,0 +1,7 @@\n+[tox]\n+envlist = py26,py27\n+\n+[testenv]\n+deps = -r{toxinidir}/test-requirements.txt\n+whitelist_externals = make\n+commands = make tests\n"
    }
  ],
  "comments": [
    {
      "author_login": "sivel",
      "body": "Looks like the README points to your Travis accout. Is this on purpose?\n"
    },
    {
      "author_login": "sivel",
      "body": "Guessing not, since it looks like it's just the image for Travis \n"
    },
    {
      "author_login": "jlaska",
      "body": "@sivel Oops, good catch.  Fixed the `README.md` link\n"
    }
  ],
  "reviews": []
}