{
  "pr_number": 11519,
  "url": "https://github.com/ansible/ansible/pull/11519",
  "title": "new human_readable filter to transform bits and bytes into cake ",
  "author_login": "bcoca",
  "state": "MERGED",
  "merged_by_login": "bcoca",
  "body": "not really, it just allows for nice readable sizes\n",
  "labels": [
    "feature"
  ],
  "additions": 37,
  "deletions": 0,
  "changed_files_count": 2,
  "changed_files_list": [
    "test/integration/roles/test_filters/tasks/main.yml"
  ],
  "files": [
    {
      "file_path": "test/integration/roles/test_filters/tasks/main.yml",
      "status": "modified",
      "additions": 8,
      "deletions": 0,
      "file_diff": "diff --git a/test/integration/roles/test_filters/tasks/main.yml b/test/integration/roles/test_filters/tasks/main.yml\nindex 3d1ee322e30e96..e0a2281501782d 100644\n--- a/test/integration/roles/test_filters/tasks/main.yml\n+++ b/test/integration/roles/test_filters/tasks/main.yml\n@@ -41,3 +41,11 @@\n     that: \n         - 'diff_result.stdout == \"\"' \n \n+- name: Verify human_readable\n+  assert:\n+    that:\n+        - '\"10.00 KB\" == 10240|human_readable'\n+        - '\"97.66 MB\" == 102400000|human_readable'\n+        - '\"0.10 GB\" == 102400000|human_readable(unit=\"G\")'\n+        - '\"0.10 Gb\" == 102400000|human_readable(isbits=True, unit=\"G\")'\n+\n"
    }
  ],
  "comments": [],
  "reviews": []
}