{
  "pr_number": 10853,
  "url": "https://github.com/ansible/ansible/pull/10853",
  "title": "just a few spelling error changes",
  "author_login": "cgar",
  "state": "MERGED",
  "merged_by_login": "bcoca",
  "body": "",
  "labels": [
    "docs"
  ],
  "additions": 38,
  "deletions": 38,
  "changed_files_count": 32,
  "changed_files_list": [
    "docsite/rst/community.rst",
    "docsite/rst/playbooks_filters.rst",
    "ansible/module_utils/database.py b/lib/ansible/module_utils/database.py",
    "ansible/module_utils/facts.py b/lib/ansible/module_utils/facts.py",
    "ansible/playbook/__init__.py b/lib/ansible/playbook/__init__.py",
    "ansible/playbook/play.py b/lib/ansible/playbook/play.py",
    "ansible/runner/__init__.py b/lib/ansible/runner/__init__.py",
    "ansible/runner/connection_plugins/libvirt_lxc.py b/lib/ansible/runner/connection_plugins/libvirt_lxc.py",
    "ansible/runner/connection_plugins/zone.py b/lib/ansible/runner/connection_plugins/zone.py",
    "ansible/runner/lookup_plugins/url.py b/lib/ansible/runner/lookup_plugins/url.py",
    "ansible/utils/template.py b/lib/ansible/utils/template.py",
    "plugins/inventory/collins.py",
    "plugins/inventory/consul_io.py",
    "plugins/inventory/openstack.py",
    "tasks/main.yml b/test/integration/roles/test_ec2_elb_lb/tasks/main.yml",
    "tasks/main.yml b/test/integration/roles/test_rax_clb/tasks/main.yml",
    "test/integration/roles/test_var_blending/files/foo.txt",
    "test/integration/roles/test_var_blending/templates/foo.j2",
    "v2/ansible/executor/task_queue_manager.py",
    "v2/ansible/module_utils/database.py",
    "v2/ansible/module_utils/facts.py",
    "v2/ansible/parsing/__init__.py",
    "v2/ansible/parsing/mod_args.py",
    "v2/ansible/playbook/become.py",
    "v2/ansible/plugins/action/__init__.py",
    "v2/ansible/plugins/action/patch.py",
    "v2/ansible/plugins/connections/libvirt_lxc.py",
    "v2/ansible/plugins/connections/zone.py",
    "v2/ansible/plugins/lookup/url.py",
    "v2/ansible/template/__init__.py",
    "v2/hacking/module_formatter.py"
  ],
  "files": [
    {
      "file_path": "docsite/rst/community.rst",
      "status": "modified",
      "additions": 1,
      "deletions": 1,
      "file_diff": "diff --git a/docsite/rst/community.rst b/docsite/rst/community.rst\nindex b056c3dacc2085..561e214bd9db19 100644\n--- a/docsite/rst/community.rst\n+++ b/docsite/rst/community.rst\n@@ -183,7 +183,7 @@ to the `module development documentation <http://docs.ansible.com/developing_mod\n Ansible's aesthetic encourages simple, readable code and consistent, conservatively extending,\n backwards-compatible improvements.  Code developed for Ansible needs to support Python 2.6+,\n while code in modules must run under Python 2.4 or higher.  Please also use a 4-space indent\n-and no tabs, we do not enforce 80 column lines, we are fine wtih 120-140. We do not take 'style only'\n+and no tabs, we do not enforce 80 column lines, we are fine with 120-140. We do not take 'style only'\n requests unless the code is nearly unreadable, we are \"PEP8ish\", but not strictly compliant.\n \n You can also contribute by testing and revising other requests, specially if it is one you are interested"
    },
    {
      "file_path": "docsite/rst/playbooks_filters.rst",
      "status": "modified",
      "additions": 1,
      "deletions": 1,
      "file_diff": "diff --git a/docsite/rst/playbooks_filters.rst b/docsite/rst/playbooks_filters.rst\nindex 63b0dabf13b659..ef6185f9514859 100644\n--- a/docsite/rst/playbooks_filters.rst\n+++ b/docsite/rst/playbooks_filters.rst\n@@ -277,7 +277,7 @@ Get a string checksum::\n \n     {{ 'test2'|checksum }}\n \n-Other hashes (platform dependant)::\n+Other hashes (platform dependent)::\n \n     {{ 'test2'|hash('blowfish') }}\n "
    },
    {
      "file_path": "ansible/module_utils/database.py b/lib/ansible/module_utils/database.py",
      "status": "modified",
      "additions": 1,
      "deletions": 1,
      "file_diff": "diff --git a/lib/ansible/module_utils/database.py b/lib/ansible/module_utils/database.py\nindex 0dd1990d3e7b6c..6170614e9073d9 100644\n--- a/lib/ansible/module_utils/database.py\n+++ b/lib/ansible/module_utils/database.py\n@@ -33,7 +33,7 @@ class UnclosedQuoteError(SQLParseError):\n     pass\n \n # maps a type of identifier to the maximum number of dot levels that are\n-# allowed to specifiy that identifier.  For example, a database column can be\n+# allowed to specify that identifier.  For example, a database column can be\n # specified by up to 4 levels: database.schema.table.column\n _PG_IDENTIFIER_TO_DOT_LEVEL = dict(database=1, schema=2, table=3, column=4, role=1)\n _MYSQL_IDENTIFIER_TO_DOT_LEVEL = dict(database=1, table=2, column=3, role=1, vars=1)"
    },
    {
      "file_path": "ansible/module_utils/facts.py b/lib/ansible/module_utils/facts.py",
      "status": "modified",
      "additions": 3,
      "deletions": 3,
      "file_diff": "diff --git a/lib/ansible/module_utils/facts.py b/lib/ansible/module_utils/facts.py\nindex 4689dd2da9e907..7ded70242170a4 100644\n--- a/lib/ansible/module_utils/facts.py\n+++ b/lib/ansible/module_utils/facts.py\n@@ -1494,7 +1494,7 @@ def get_dmi_facts(self):\n \n class HPUX(Hardware):\n     \"\"\"\n-    HP-UX-specifig subclass of Hardware. Defines memory and CPU facts:\n+    HP-UX-specific subclass of Hardware. Defines memory and CPU facts:\n     - memfree_mb\n     - memtotal_mb\n     - swapfree_mb\n@@ -2062,7 +2062,7 @@ def parse_options_line(self, words, current_if, ips):\n         current_if['options'] = self.get_options(words[0])\n \n     def parse_nd6_line(self, words, current_if, ips):\n-        # FreBSD has options like this...\n+        # FreeBSD has options like this...\n         current_if['options'] = self.get_options(words[1])\n \n     def parse_ether_line(self, words, current_if, ips):\n@@ -2642,7 +2642,7 @@ def get_virtual_facts(self):\n             rc, out, err = module.run_command(\"/usr/sbin/virtinfo -p\")\n             # The output contains multiple lines with different keys like this:\n             #   DOMAINROLE|impl=LDoms|control=false|io=false|service=false|root=false\n-            # The output may also be not formated and the returncode is set to 0 regardless of the error condition:\n+            # The output may also be not formatted and the returncode is set to 0 regardless of the error condition:\n             #   virtinfo can only be run from the global zone\n             try:\n                 for line in out.split('\\n'):"
    },
    {
      "file_path": "ansible/playbook/__init__.py b/lib/ansible/playbook/__init__.py",
      "status": "modified",
      "additions": 1,
      "deletions": 1,
      "file_diff": "diff --git a/lib/ansible/playbook/__init__.py b/lib/ansible/playbook/__init__.py\nindex 93804d123c8726..24ba2d3c6e0c06 100644\n--- a/lib/ansible/playbook/__init__.py\n+++ b/lib/ansible/playbook/__init__.py\n@@ -76,7 +76,7 @@ def __init__(self,\n         any_errors_fatal = False,\n         vault_password   = False,\n         force_handlers   = False,\n-        # privelege escalation\n+        # privilege escalation\n         become           = C.DEFAULT_BECOME,\n         become_method    = C.DEFAULT_BECOME_METHOD,\n         become_user      = C.DEFAULT_BECOME_USER,"
    },
    {
      "file_path": "ansible/playbook/play.py b/lib/ansible/playbook/play.py",
      "status": "modified",
      "additions": 1,
      "deletions": 1,
      "file_diff": "diff --git a/lib/ansible/playbook/play.py b/lib/ansible/playbook/play.py\nindex 665f1ef091abac..6ee85e0bf48939 100644\n--- a/lib/ansible/playbook/play.py\n+++ b/lib/ansible/playbook/play.py\n@@ -156,7 +156,7 @@ def __init__(self, playbook, ds, basedir, vault_password=None):\n         self.no_log           = utils.boolean(ds.get('no_log', 'false'))\n         self.force_handlers   = utils.boolean(ds.get('force_handlers', self.playbook.force_handlers))\n \n-        # Fail out if user specifies conflicting privelege escalations\n+        # Fail out if user specifies conflicting privilege escalations\n         if (ds.get('become') or ds.get('become_user')) and (ds.get('sudo') or ds.get('sudo_user')):\n             raise errors.AnsibleError('sudo params (\"become\", \"become_user\") and su params (\"sudo\", \"sudo_user\") cannot be used together')\n         if (ds.get('become') or ds.get('become_user')) and (ds.get('su') or ds.get('su_user')):"
    },
    {
      "file_path": "ansible/runner/__init__.py b/lib/ansible/runner/__init__.py",
      "status": "modified",
      "additions": 1,
      "deletions": 1,
      "file_diff": "diff --git a/lib/ansible/runner/__init__.py b/lib/ansible/runner/__init__.py\nindex c153cd78ba631d..8b46683c37ec52 100644\n--- a/lib/ansible/runner/__init__.py\n+++ b/lib/ansible/runner/__init__.py\n@@ -152,7 +152,7 @@ def __init__(self,\n         run_hosts=None,                     # an optional list of pre-calculated hosts to run on\n         no_log=False,                       # option to enable/disable logging for a given task\n         run_once=False,                     # option to enable/disable host bypass loop for a given task\n-        become=False,                         # whether to run privelege escalation or not\n+        become=False,                       # whether to run privilege escalation or not\n         become_method=C.DEFAULT_BECOME_METHOD,\n         become_user=C.DEFAULT_BECOME_USER,      # ex: 'root'\n         become_pass=C.DEFAULT_BECOME_PASS,      # ex: 'password123' or None"
    },
    {
      "file_path": "ansible/runner/connection_plugins/libvirt_lxc.py b/lib/ansible/runner/connection_plugins/libvirt_lxc.py",
      "status": "modified",
      "additions": 1,
      "deletions": 1,
      "file_diff": "diff --git a/lib/ansible/runner/connection_plugins/libvirt_lxc.py b/lib/ansible/runner/connection_plugins/libvirt_lxc.py\nindex 34cdb592b246b7..832b78251c0e71 100644\n--- a/lib/ansible/runner/connection_plugins/libvirt_lxc.py\n+++ b/lib/ansible/runner/connection_plugins/libvirt_lxc.py\n@@ -76,7 +76,7 @@ def exec_command(self, cmd, tmp_path, become_user, sudoable=False, executable='/\n         if in_data:\n             raise errors.AnsibleError(\"Internal Error: this module does not support optimized module pipelining\")\n \n-        # We ignore privelege escalation!\n+        # We ignore privilege escalation!\n         local_cmd = self._generate_cmd(executable, cmd)\n \n         vvv(\"EXEC %s\" % (local_cmd), host=self.lxc)"
    },
    {
      "file_path": "ansible/runner/connection_plugins/zone.py b/lib/ansible/runner/connection_plugins/zone.py",
      "status": "modified",
      "additions": 1,
      "deletions": 1,
      "file_diff": "diff --git a/lib/ansible/runner/connection_plugins/zone.py b/lib/ansible/runner/connection_plugins/zone.py\nindex 211bd0fbcc63f8..fd3242cb6e0ebc 100644\n--- a/lib/ansible/runner/connection_plugins/zone.py\n+++ b/lib/ansible/runner/connection_plugins/zone.py\n@@ -109,7 +109,7 @@ def exec_command(self, cmd, tmp_path, become_user=None, sudoable=False, executab\n         if in_data:\n             raise errors.AnsibleError(\"Internal Error: this module does not support optimized module pipelining\")\n \n-        # We happily ignore privelege escalation\n+        # We happily ignore privilege escalation\n         if executable == '/bin/sh':\n           executable = None\n         local_cmd = self._generate_cmd(executable, cmd)"
    },
    {
      "file_path": "ansible/runner/lookup_plugins/url.py b/lib/ansible/runner/lookup_plugins/url.py",
      "status": "modified",
      "additions": 1,
      "deletions": 1,
      "file_diff": "diff --git a/lib/ansible/runner/lookup_plugins/url.py b/lib/ansible/runner/lookup_plugins/url.py\nindex 37a1df6c7af57e..b42b3b14dad051 100644\n--- a/lib/ansible/runner/lookup_plugins/url.py\n+++ b/lib/ansible/runner/lookup_plugins/url.py\n@@ -39,7 +39,7 @@ def run(self, terms, inject=None, **kwargs):\n                 utils.warnings(\"Failed lookup url for %s : %s\" % (term, str(e)))\n                 continue\n             except HTTPError, e:\n-                utils.warnings(\"Recieved HTTP error for %s : %s\" % (term, str(e)))\n+                utils.warnings(\"Received HTTP error for %s : %s\" % (term, str(e)))\n                 continue\n \n             for line in response.read().splitlines():"
    },
    {
      "file_path": "ansible/utils/template.py b/lib/ansible/utils/template.py",
      "status": "modified",
      "additions": 1,
      "deletions": 1,
      "file_diff": "diff --git a/lib/ansible/utils/template.py b/lib/ansible/utils/template.py\nindex 5f712b2675ea9e..fb35924ce1416b 100644\n--- a/lib/ansible/utils/template.py\n+++ b/lib/ansible/utils/template.py\n@@ -336,7 +336,7 @@ def template_from_string(basedir, data, vars, fail_on_undefined=False):\n             data = unicode(data, 'utf-8')\n    \n             # Check to see if the string we are trying to render is just referencing a single\n-            # var.  In this case we don't wont to accidentally change the type of the variable\n+            # var.  In this case we don't want to accidentally change the type of the variable\n             # to a string by using the jinja template renderer. We just want to pass it. \n             only_one = SINGLE_VAR.match(data)\n             if only_one:"
    },
    {
      "file_path": "plugins/inventory/collins.py",
      "status": "modified",
      "additions": 1,
      "deletions": 1,
      "file_diff": "diff --git a/plugins/inventory/collins.py b/plugins/inventory/collins.py\nindex 64e16f57069232..775beecb1d66e0 100755\n--- a/plugins/inventory/collins.py\n+++ b/plugins/inventory/collins.py\n@@ -41,7 +41,7 @@\n If errors are encountered during operation, this script will return an exit code of\n 255; otherwise, it will return an exit code of 0.\n \n-Collins attributes are accessable as variables in ansible via the COLLINS['attribute_name'].\n+Collins attributes are accessible as variables in ansible via the COLLINS['attribute_name'].\n \n Tested against Ansible 1.8.2 and Collins 1.3.0.\n \"\"\""
    },
    {
      "file_path": "plugins/inventory/consul_io.py",
      "status": "modified",
      "additions": 1,
      "deletions": 1,
      "file_diff": "diff --git a/plugins/inventory/consul_io.py b/plugins/inventory/consul_io.py\nindex 7bbe63b13e6389..4e40f96873b1b8 100755\n--- a/plugins/inventory/consul_io.py\n+++ b/plugins/inventory/consul_io.py\n@@ -211,7 +211,7 @@ def load_data_for_datacenter(self, datacenter):\n \n   def load_data_for_node(self, node, datacenter):\n     '''loads the data for a sinle node adding it to various groups based on\n-    metadata retrieved from the kv store and service availablity'''\n+    metadata retrieved from the kv store and service availability'''\n \n     index, node_data = self.consul_api.catalog.node(node, dc=datacenter)\n     node = node_data['Node']"
    },
    {
      "file_path": "plugins/inventory/openstack.py",
      "status": "modified",
      "additions": 1,
      "deletions": 1,
      "file_diff": "diff --git a/plugins/inventory/openstack.py b/plugins/inventory/openstack.py\nindex 92a81ac0e9d9f3..819380c796fcd8 100755\n--- a/plugins/inventory/openstack.py\n+++ b/plugins/inventory/openstack.py\n@@ -17,7 +17,7 @@\n # You should have received a copy of the GNU General Public License\n # along with this software.  If not, see <http://www.gnu.org/licenses/>.\n \n-# The OpenStack Inventory module uses os-client-config for configuation.\n+# The OpenStack Inventory module uses os-client-config for configuration.\n # https://github.com/stackforge/os-client-config\n # This means it will either:\n #  - Respect normal OS_* environment variables like other OpenStack tools"
    },
    {
      "file_path": "tasks/main.yml b/test/integration/roles/test_ec2_elb_lb/tasks/main.yml",
      "status": "modified",
      "additions": 1,
      "deletions": 1,
      "file_diff": "diff --git a/test/integration/roles/test_ec2_elb_lb/tasks/main.yml b/test/integration/roles/test_ec2_elb_lb/tasks/main.yml\nindex ba3968a9c2e22a..8d73e854cf0530 100644\n--- a/test/integration/roles/test_ec2_elb_lb/tasks/main.yml\n+++ b/test/integration/roles/test_ec2_elb_lb/tasks/main.yml\n@@ -7,7 +7,7 @@\n # __Test Outline__\n #\n # __ec2_elb_lb__\n-# create test elb with listeners and certificat\n+# create test elb with listeners and certificate\n # change AZ's\n # change listeners\n # remove listeners"
    },
    {
      "file_path": "tasks/main.yml b/test/integration/roles/test_rax_clb/tasks/main.yml",
      "status": "modified",
      "additions": 1,
      "deletions": 1,
      "file_diff": "diff --git a/test/integration/roles/test_rax_clb/tasks/main.yml b/test/integration/roles/test_rax_clb/tasks/main.yml\nindex 8f6a990ceb2af1..2426fa3ae5944a 100644\n--- a/test/integration/roles/test_rax_clb/tasks/main.yml\n+++ b/test/integration/roles/test_rax_clb/tasks/main.yml\n@@ -601,7 +601,7 @@\n       - rax_clb_a1.balancer.algorithm == 'LEAST_CONNECTIONS'\n       - rax_clb_a1.balancer.status == 'ACTIVE'\n \n-- name: Test rax_clb with updated algoritm 2\n+- name: Test rax_clb with updated algorithm 2\n   rax_clb:\n     username: \"{{ rackspace_username }}\"\n     api_key: \"{{ rackspace_api_key }}\""
    },
    {
      "file_path": "test/integration/roles/test_var_blending/files/foo.txt",
      "status": "modified",
      "additions": 1,
      "deletions": 1,
      "file_diff": "diff --git a/test/integration/roles/test_var_blending/files/foo.txt b/test/integration/roles/test_var_blending/files/foo.txt\nindex a90999cbd8900d..d51be39b1b3ba8 100644\n--- a/test/integration/roles/test_var_blending/files/foo.txt\n+++ b/test/integration/roles/test_var_blending/files/foo.txt\n@@ -4,7 +4,7 @@ This comes from host, not the parents or grandparents.\n The value of the grandparent variable grandparent_var is\n not overridden and is = 2000\n \n-The value of the parent variable is not overriden and\n+The value of the parent variable is not overridden and\n is = 6000\n \n The variable 'overridden_in_parent' is set in the parent"
    },
    {
      "file_path": "test/integration/roles/test_var_blending/templates/foo.j2",
      "status": "modified",
      "additions": 1,
      "deletions": 1,
      "file_diff": "diff --git a/test/integration/roles/test_var_blending/templates/foo.j2 b/test/integration/roles/test_var_blending/templates/foo.j2\nindex d3361db3433d26..10709b1adbece3 100644\n--- a/test/integration/roles/test_var_blending/templates/foo.j2\n+++ b/test/integration/roles/test_var_blending/templates/foo.j2\n@@ -4,7 +4,7 @@ This comes from host, not the parents or grandparents.\n The value of the grandparent variable grandparent_var is\n not overridden and is = {{ grandparent_var }}\n \n-The value of the parent variable is not overriden and\n+The value of the parent variable is not overridden and\n is = {{ parent_var }}\n \n The variable 'overridden_in_parent' is set in the parent"
    },
    {
      "file_path": "v2/ansible/executor/task_queue_manager.py",
      "status": "modified",
      "additions": 1,
      "deletions": 1,
      "file_diff": "diff --git a/v2/ansible/executor/task_queue_manager.py b/v2/ansible/executor/task_queue_manager.py\nindex e13930c6df8414..0785ed3f5e10b8 100644\n--- a/v2/ansible/executor/task_queue_manager.py\n+++ b/v2/ansible/executor/task_queue_manager.py\n@@ -116,7 +116,7 @@ def _initialize_notified_handlers(self, handlers):\n             for handler in handler_block.block:\n                 handler_list.append(handler)\n \n-        # then initalize it with the handler names from the handler list\n+        # then initialize it with the handler names from the handler list\n         for handler in handler_list:\n             self._notified_handlers[handler.get_name()] = []\n "
    },
    {
      "file_path": "v2/ansible/module_utils/database.py",
      "status": "modified",
      "additions": 1,
      "deletions": 1,
      "file_diff": "diff --git a/v2/ansible/module_utils/database.py b/v2/ansible/module_utils/database.py\nindex 0dd1990d3e7b6c..6170614e9073d9 100644\n--- a/v2/ansible/module_utils/database.py\n+++ b/v2/ansible/module_utils/database.py\n@@ -33,7 +33,7 @@ class UnclosedQuoteError(SQLParseError):\n     pass\n \n # maps a type of identifier to the maximum number of dot levels that are\n-# allowed to specifiy that identifier.  For example, a database column can be\n+# allowed to specify that identifier.  For example, a database column can be\n # specified by up to 4 levels: database.schema.table.column\n _PG_IDENTIFIER_TO_DOT_LEVEL = dict(database=1, schema=2, table=3, column=4, role=1)\n _MYSQL_IDENTIFIER_TO_DOT_LEVEL = dict(database=1, table=2, column=3, role=1, vars=1)"
    },
    {
      "file_path": "v2/ansible/module_utils/facts.py",
      "status": "modified",
      "additions": 3,
      "deletions": 3,
      "file_diff": "diff --git a/v2/ansible/module_utils/facts.py b/v2/ansible/module_utils/facts.py\nindex 4689dd2da9e907..7ded70242170a4 100644\n--- a/v2/ansible/module_utils/facts.py\n+++ b/v2/ansible/module_utils/facts.py\n@@ -1494,7 +1494,7 @@ def get_dmi_facts(self):\n \n class HPUX(Hardware):\n     \"\"\"\n-    HP-UX-specifig subclass of Hardware. Defines memory and CPU facts:\n+    HP-UX-specific subclass of Hardware. Defines memory and CPU facts:\n     - memfree_mb\n     - memtotal_mb\n     - swapfree_mb\n@@ -2062,7 +2062,7 @@ def parse_options_line(self, words, current_if, ips):\n         current_if['options'] = self.get_options(words[0])\n \n     def parse_nd6_line(self, words, current_if, ips):\n-        # FreBSD has options like this...\n+        # FreeBSD has options like this...\n         current_if['options'] = self.get_options(words[1])\n \n     def parse_ether_line(self, words, current_if, ips):\n@@ -2642,7 +2642,7 @@ def get_virtual_facts(self):\n             rc, out, err = module.run_command(\"/usr/sbin/virtinfo -p\")\n             # The output contains multiple lines with different keys like this:\n             #   DOMAINROLE|impl=LDoms|control=false|io=false|service=false|root=false\n-            # The output may also be not formated and the returncode is set to 0 regardless of the error condition:\n+            # The output may also be not formatted and the returncode is set to 0 regardless of the error condition:\n             #   virtinfo can only be run from the global zone\n             try:\n                 for line in out.split('\\n'):"
    },
    {
      "file_path": "v2/ansible/parsing/__init__.py",
      "status": "modified",
      "additions": 2,
      "deletions": 2,
      "file_diff": "diff --git a/v2/ansible/parsing/__init__.py b/v2/ansible/parsing/__init__.py\nindex bf96fba84202c0..9551343fbf4399 100644\n--- a/v2/ansible/parsing/__init__.py\n+++ b/v2/ansible/parsing/__init__.py\n@@ -149,12 +149,12 @@ def _get_file_contents(self, file_name):\n                     show_content = False\n             return (data, show_content)\n         except (IOError, OSError) as e:\n-            raise AnsibleParserError(\"an error occured while trying to read the file '%s': %s\" % (file_name, str(e)))\n+            raise AnsibleParserError(\"an error occurred while trying to read the file '%s': %s\" % (file_name, str(e)))\n \n     def _handle_error(self, yaml_exc, file_name, show_content):\n         '''\n         Optionally constructs an object (AnsibleBaseYAMLObject) to encapsulate the\n-        file name/position where a YAML exception occured, and raises an AnsibleParserError\n+        file name/position where a YAML exception occurred, and raises an AnsibleParserError\n         to display the syntax exception information.\n         '''\n "
    },
    {
      "file_path": "v2/ansible/parsing/mod_args.py",
      "status": "modified",
      "additions": 1,
      "deletions": 1,
      "file_diff": "diff --git a/v2/ansible/parsing/mod_args.py b/v2/ansible/parsing/mod_args.py\nindex e3fdba093d43a1..f46b525c663c32 100644\n--- a/v2/ansible/parsing/mod_args.py\n+++ b/v2/ansible/parsing/mod_args.py\n@@ -55,7 +55,7 @@ class ModuleArgsParser:\n           dest: b\n \n     # extra gross, but also legal. in this case, the args specified\n-    # will act as 'defaults' and will be overriden by any args specified\n+    # will act as 'defaults' and will be overridden by any args specified\n     # in one of the other formats (complex args under the action, or\n     # parsed from the k=v string\n     - command: 'pwd'"
    },
    {
      "file_path": "v2/ansible/playbook/become.py",
      "status": "modified",
      "additions": 1,
      "deletions": 1,
      "file_diff": "diff --git a/v2/ansible/playbook/become.py b/v2/ansible/playbook/become.py\nindex 272976929a7493..daa8c80ba943ac 100644\n--- a/v2/ansible/playbook/become.py\n+++ b/v2/ansible/playbook/become.py\n@@ -37,7 +37,7 @@ def __init__(self):\n \n     def _detect_privilege_escalation_conflict(self, ds):\n \n-        # Fail out if user specifies conflicting privelege escalations\n+        # Fail out if user specifies conflicting privilege escalations\n         has_become = 'become' in ds or 'become_user'in ds\n         has_sudo   = 'sudo' in ds or 'sudo_user' in ds\n         has_su     = 'su' in ds or 'su_user' in ds"
    },
    {
      "file_path": "v2/ansible/plugins/action/__init__.py",
      "status": "modified",
      "additions": 2,
      "deletions": 2,
      "file_diff": "diff --git a/v2/ansible/plugins/action/__init__.py b/v2/ansible/plugins/action/__init__.py\nindex aead23503719b3..4265a8a5b2a3b9 100644\n--- a/v2/ansible/plugins/action/__init__.py\n+++ b/v2/ansible/plugins/action/__init__.py\n@@ -354,9 +354,9 @@ def _execute_module(self, module_name=None, module_args=None, tmp=None, persist_\n         # FIXME: async stuff here?\n         #if (module_style != 'new' or async_jid is not None or not self._connection._has_pipelining or not C.ANSIBLE_SSH_PIPELINING or C.DEFAULT_KEEP_REMOTE_FILES):\n         if remote_module_path:\n-            debug(\"transfering module to remote\")\n+            debug(\"transferring module to remote\")\n             self._transfer_data(remote_module_path, module_data)\n-            debug(\"done transfering module to remote\")\n+            debug(\"done transferring module to remote\")\n \n         environment_string = self._compute_environment_string()\n "
    },
    {
      "file_path": "v2/ansible/plugins/action/patch.py",
      "status": "modified",
      "additions": 1,
      "deletions": 1,
      "file_diff": "diff --git a/v2/ansible/plugins/action/patch.py b/v2/ansible/plugins/action/patch.py\nindex 717cc359f4e806..bf2af1be1ecbd6 100644\n--- a/v2/ansible/plugins/action/patch.py\n+++ b/v2/ansible/plugins/action/patch.py\n@@ -34,7 +34,7 @@ def run(self, tmp=None, task_vars=dict()):\n         if src is None:\n             return dict(failed=True, msg=\"src is required\")\n         elif remote_src:\n-            # everyting is remote, so we just execute the module\n+            # everything is remote, so we just execute the module\n             # without changing any of the module arguments\n             return self._execute_module()\n "
    },
    {
      "file_path": "v2/ansible/plugins/connections/libvirt_lxc.py",
      "status": "modified",
      "additions": 1,
      "deletions": 1,
      "file_diff": "diff --git a/v2/ansible/plugins/connections/libvirt_lxc.py b/v2/ansible/plugins/connections/libvirt_lxc.py\nindex 392436073b78ee..1905eb6a665e31 100644\n--- a/v2/ansible/plugins/connections/libvirt_lxc.py\n+++ b/v2/ansible/plugins/connections/libvirt_lxc.py\n@@ -78,7 +78,7 @@ def exec_command(self, cmd, tmp_path, become_user, sudoable=False, executable='/\n         if in_data:\n             raise errors.AnsibleError(\"Internal Error: this module does not support optimized module pipelining\")\n \n-        # We ignore privelege escalation!\n+        # We ignore privilege escalation!\n         local_cmd = self._generate_cmd(executable, cmd)\n \n         vvv(\"EXEC %s\" % (local_cmd), host=self.lxc)"
    },
    {
      "file_path": "v2/ansible/plugins/connections/zone.py",
      "status": "modified",
      "additions": 1,
      "deletions": 1,
      "file_diff": "diff --git a/v2/ansible/plugins/connections/zone.py b/v2/ansible/plugins/connections/zone.py\nindex a4f8c1a027c231..f7e19c3bb4471f 100644\n--- a/v2/ansible/plugins/connections/zone.py\n+++ b/v2/ansible/plugins/connections/zone.py\n@@ -111,7 +111,7 @@ def exec_command(self, cmd, tmp_path, become_user=None, sudoable=False, executab\n         if in_data:\n             raise errors.AnsibleError(\"Internal Error: this module does not support optimized module pipelining\")\n \n-        # We happily ignore privelege escalation\n+        # We happily ignore privilege escalation\n         if executable == '/bin/sh':\n           executable = None\n         local_cmd = self._generate_cmd(executable, cmd)"
    },
    {
      "file_path": "v2/ansible/plugins/lookup/url.py",
      "status": "modified",
      "additions": 1,
      "deletions": 1,
      "file_diff": "diff --git a/v2/ansible/plugins/lookup/url.py b/v2/ansible/plugins/lookup/url.py\nindex 4361b1192d20f3..9f1a89f772ce54 100644\n--- a/v2/ansible/plugins/lookup/url.py\n+++ b/v2/ansible/plugins/lookup/url.py\n@@ -37,7 +37,7 @@ def run(self, terms, inject=None, **kwargs):\n                 utils.warnings(\"Failed lookup url for %s : %s\" % (term, str(e)))\n                 continue\n             except HTTPError as e:\n-                utils.warnings(\"Recieved HTTP error for %s : %s\" % (term, str(e)))\n+                utils.warnings(\"Received HTTP error for %s : %s\" % (term, str(e)))\n                 continue\n \n             for line in response.read().splitlines():"
    },
    {
      "file_path": "v2/ansible/template/__init__.py",
      "status": "modified",
      "additions": 1,
      "deletions": 1,
      "file_diff": "diff --git a/v2/ansible/template/__init__.py b/v2/ansible/template/__init__.py\nindex 6c41ad3cf40697..3e61028d8d0b5c 100644\n--- a/v2/ansible/template/__init__.py\n+++ b/v2/ansible/template/__init__.py\n@@ -138,7 +138,7 @@ def template(self, variable, convert_bare=False, preserve_trailing_newlines=Fals\n                 if self._contains_vars(variable):\n \n                     # Check to see if the string we are trying to render is just referencing a single\n-                    # var.  In this case we don't wont to accidentally change the type of the variable\n+                    # var.  In this case we don't want to accidentally change the type of the variable\n                     # to a string by using the jinja template renderer. We just want to pass it.\n                     only_one = SINGLE_VAR.match(variable)\n                     if only_one:"
    },
    {
      "file_path": "v2/hacking/module_formatter.py",
      "status": "modified",
      "additions": 1,
      "deletions": 1,
      "file_diff": "diff --git a/v2/hacking/module_formatter.py b/v2/hacking/module_formatter.py\nindex 7ff081c31341e9..e70eb982de041f 100755\n--- a/v2/hacking/module_formatter.py\n+++ b/v2/hacking/module_formatter.py\n@@ -384,7 +384,7 @@ def process_category(category, categories, options, env, template, outputname):\n     category_file.write(\"\"\"\\n\\n\n .. note::\n     - %s: This marks a module as deprecated, which means a module is kept for backwards compatibility but usage is discouraged.  The module documentation details page may explain more about this rationale.\n-    - %s: This marks a module as 'extras', which means it ships with ansible but may be a newer module and possibly (but not neccessarily) less activity maintained than 'core' modules.\n+    - %s: This marks a module as 'extras', which means it ships with ansible but may be a newer module and possibly (but not necessarily) less activity maintained than 'core' modules.\n     - Tickets filed on modules are filed to different repos than those on the main open source project. Core module tickets should be filed at `ansible/ansible-modules-core on GitHub <http://github.com/ansible/ansible-modules-core>`_, extras tickets to `ansible/ansible-modules-extras on GitHub <http://github.com/ansible/ansible-modules-extras>`_\n \"\"\" % (DEPRECATED, NOTCORE))\n     category_file.close()\n"
    }
  ],
  "comments": [],
  "reviews": []
}