{
  "pr_number": 10290,
  "url": "https://github.com/ansible/ansible/pull/10290",
  "title": "removed bare variable detection as this confuses people ",
  "author_login": "bcoca",
  "state": "MERGED",
  "merged_by_login": "bcoca",
  "body": "and forced us to allow for bare expressions\n",
  "labels": [
    "feature"
  ],
  "additions": 0,
  "deletions": 5,
  "changed_files_count": 1,
  "changed_files_list": [
    "ansible/playbook/task.py b/lib/ansible/playbook/task.py"
  ],
  "files": [
    {
      "file_path": "ansible/playbook/task.py b/lib/ansible/playbook/task.py",
      "status": "modified",
      "additions": 0,
      "deletions": 5,
      "file_diff": "diff --git a/lib/ansible/playbook/task.py b/lib/ansible/playbook/task.py\nindex bdffba5527c43a..7645450ee159ba 100644\n--- a/lib/ansible/playbook/task.py\n+++ b/lib/ansible/playbook/task.py\n@@ -86,11 +86,6 @@ def __init__(self, play, ds, module_vars=None, play_vars=None, play_file_vars=No\n             elif x.startswith(\"with_\"):\n                 if isinstance(ds[x], basestring):\n                     param = ds[x].strip()\n-                    # Only a variable, no logic\n-                    if (param.startswith('{{') and\n-                        param.find('}}') == len(ds[x]) - 2 and\n-                        param.find('|') == -1):\n-                        utils.warning(\"It is unnecessary to use '{{' in loops, leave variables in loop expressions bare.\")\n \n                 plugin_name = x.replace(\"with_\",\"\")\n                 if plugin_name in utils.plugins.lookup_loader:\n"
    }
  ],
  "comments": [],
  "reviews": []
}