{
  "pr_number": 10522,
  "url": "https://github.com/ansible/ansible/pull/10522",
  "title": "Doc: use literal code blocks for YAML examples",
  "author_login": "ciupicri",
  "state": "MERGED",
  "merged_by_login": "bcoca",
  "body": "Without this, the straight double quotes (`\"`) are displayed as curved\nquotes (`“` and `”`).\n",
  "labels": [
    "docs"
  ],
  "additions": 2,
  "deletions": 2,
  "changed_files_count": 1,
  "changed_files_list": [
    "docsite/rst/YAMLSyntax.rst"
  ],
  "files": [
    {
      "file_path": "docsite/rst/YAMLSyntax.rst",
      "status": "modified",
      "additions": 2,
      "deletions": 2,
      "file_diff": "diff --git a/docsite/rst/YAMLSyntax.rst b/docsite/rst/YAMLSyntax.rst\nindex 424db0ad46600b..d3eb843523173b 100644\n--- a/docsite/rst/YAMLSyntax.rst\n+++ b/docsite/rst/YAMLSyntax.rst\n@@ -85,11 +85,11 @@ That's all you really need to know about YAML to start writing\n Gotchas\n -------\n \n-While YAML is generally friendly, the following is going to result in a YAML syntax error:\n+While YAML is generally friendly, the following is going to result in a YAML syntax error::\n \n     foo: somebody said I should put a colon here: so I did\n \n-You will want to quote any hash values using colons, like so:\n+You will want to quote any hash values using colons, like so::\n \n     foo: \"somebody said I should put a colon here: so I did\"\n \n"
    }
  ],
  "comments": [],
  "reviews": []
}