{
  "pr_number": 10096,
  "url": "https://github.com/ansible/ansible/pull/10096",
  "title": "Make setup.py work with Python 3 (and requiring 2.6)",
  "author_login": "gilou",
  "state": "MERGED",
  "merged_by_login": "abadger",
  "body": "Linked to https://github.com/ansible/ansible/issues/10094\n",
  "labels": [
    "feature"
  ],
  "additions": 2,
  "deletions": 2,
  "changed_files_count": 1,
  "changed_files_list": [
    "setup.py"
  ],
  "files": [
    {
      "file_path": "setup.py",
      "status": "modified",
      "additions": 2,
      "deletions": 2,
      "file_diff": "diff --git a/setup.py b/setup.py\nindex d4ac0c3d4d2e81..2ccef8d552f79d 100644\n--- a/setup.py\n+++ b/setup.py\n@@ -9,8 +9,8 @@\n try:\n     from setuptools import setup, find_packages\n except ImportError:\n-    print \"Ansible now needs setuptools in order to build. \" \\\n-          \"Install it using your package manager (usually python-setuptools) or via pip (pip install setuptools).\"\n+    print(\"Ansible now needs setuptools in order to build. \" \\\n+          \"Install it using your package manager (usually python-setuptools) or via pip (pip install setuptools).\")\n     sys.exit(1)\n \n setup(name='ansible',\n"
    }
  ],
  "comments": [
    {
      "author_login": "abadger",
      "body": "I'm going to merge this because it is backwards compatible (older python will treat the parenthesis as simply grouping or line continuation.)\n\nHowever, ansible itself is likely pretty far from python3 compatibility.  We're hoping to make that better in the v2 branch but it's likely to be a hard enough problem that we won't make official dual python2-python3 compatibility.  Instead we'll switch from python2 to python3 as the Linux distributions get to the point where they're shipping python3 and not python2.\n\n# Merged\n\nHi!\n\nThis has been merged in, and will also be included in the next major release.\n\nIf you or anyone else has any further questions, please let us know by stopping by one of the two mailing lists, as appropriate:\n- https://groups.google.com/forum/#!forum/ansible-project - for user questions, tips, and tricks\n- https://groups.google.com/forum/#!forum/ansible-devel - for strategy, future planning, and questions about writing code\n\nBecause this project is very active, we're unlikely to see comments made on closed tickets, but the mailing list is a great way to ask questions, or post if you don't think this particular\nissue is resolved.\n\nThank you!\n"
    }
  ],
  "reviews": []
}