{
  "pr_number": 10275,
  "url": "https://github.com/ansible/ansible/pull/10275",
  "title": "Optimize plugin loader update",
  "author_login": "jensdepuydt",
  "state": "MERGED",
  "merged_by_login": "abadger",
  "body": "After testing the change requested in pull request #10268, I added a minor fix to not search for plugins in non-existing directories. \n\nIf this is not the correct way to fix an ongoing pull request, I'm sorry. I'm not aware of a possibility to do an update to an existing pull request so I created a new pull request.\n",
  "labels": [
    "bug"
  ],
  "additions": 27,
  "deletions": 11,
  "changed_files_count": 1,
  "changed_files_list": [
    "ansible/utils/plugins.py b/lib/ansible/utils/plugins.py"
  ],
  "files": [
    {
      "file_path": "ansible/utils/plugins.py b/lib/ansible/utils/plugins.py",
      "status": "modified",
      "additions": 27,
      "deletions": 11,
      "file_diff": "diff --git a/lib/ansible/utils/plugins.py b/lib/ansible/utils/plugins.py\nindex 29771d0ed97db1..8d356fa0a7198e 100644\n--- a/lib/ansible/utils/plugins.py\n+++ b/lib/ansible/utils/plugins.py\n@@ -64,6 +64,7 @@ def __init__(self, class_name, package, config, subdir, aliases={}):\n         self._plugin_path_cache = PLUGIN_PATH_CACHE[class_name]\n \n         self._extra_dirs = []\n+        self._searched_paths = set()\n \n     def print_paths(self):\n         ''' Returns a string suitable for printing of the search path '''\n@@ -167,22 +168,37 @@ def find_plugin(self, name, suffixes=None, transport=''):\n                 else:\n                     suffixes = ['.py', '']\n \n-        # loop over paths and then loop over suffixes to find plugin\n-        for i in self._get_paths():\n-            for suffix in suffixes:\n-                full_name = '%s%s' % (name, suffix)\n-\n+        potential_names = frozenset('%s%s' % (name, s) for s in suffixes)\n+        for full_name in potential_names:\n+            if full_name in self._plugin_path_cache:\n+                return self._plugin_path_cache[full_name]\n+\n+        found = None\n+        for path in [p for p in self._get_paths() if p not in self._searched_paths]:\n+            if os.path.isdir(path):\n+                for potential_file in os.listdir(path):\n+                    for suffix in suffixes:\n+                        if potential_file.endswith(suffix):\n+                            full_path = os.path.join(path, potential_file)\n+                            full_name = os.path.basename(full_path)\n+                            break\n+                    else: # Yes, this is a for-else: http://bit.ly/1ElPkyg\n+                        continue\n+    \n+                    if full_name not in self._plugin_path_cache:\n+                        self._plugin_path_cache[full_name] = full_path\n+    \n+            self._searched_paths.add(path)\n+            for full_name in potential_names:\n                 if full_name in self._plugin_path_cache:\n                     return self._plugin_path_cache[full_name]\n \n-                path = os.path.join(i, full_name)\n-                if os.path.isfile(path):\n-                    self._plugin_path_cache[full_name] = path\n-                    return path\n-\n         # if nothing is found, try finding alias/deprecated\n         if not name.startswith('_'):\n-            return self.find_plugin('_' + name, suffixes, transport)\n+            for alias_name in ('_%s' % n for n in potential_names):\n+                # We've already cached all the paths at this point\n+                if alias_name in self._plugin_path_cache:\n+                    return self._plugin_path_cache[alias_name]\n \n         return None\n \n"
    }
  ],
  "comments": [
    {
      "author_login": "abadger",
      "body": "Yep, I think you've done the right thing, both in creating the pull request and in the code :-)\n\nAnother way to do this would be to use glob.glob() instead of os.listdir().  I had code that did that but decided  it was probably faster to use os.listdir() (with glob.glob I had to have another loop for the file suffixes).\n\nYou confirmed that there was a significant speedup for some use cases using this code so I'm going to go ahead and merge it.  Thanks!\n\n# Merged\n\nHi!\n\nThis has been merged in, and will also be included in the next major release.\n\nIf you or anyone else has any further questions, please let us know by stopping by one of the two mailing lists, as appropriate:\n- https://groups.google.com/forum/#!forum/ansible-project - for user questions, tips, and tricks\n- https://groups.google.com/forum/#!forum/ansible-devel - for strategy, future planning, and questions about writing code\n\nBecause this project is very active, we're unlikely to see comments made on closed tickets, but the mailing list is a great way to ask questions, or post if you don't think this particular\nissue is resolved.\n\nThank you!\n"
    }
  ],
  "reviews": []
}