{
  "pr_number": 10044,
  "url": "https://github.com/ansible/ansible/pull/10044",
  "title": "Fix copy/paste in plugins docs.",
  "author_login": "jvoorhis",
  "state": "MERGED",
  "merged_by_login": "bcoca",
  "body": "",
  "labels": [
    "docs"
  ],
  "additions": 2,
  "deletions": 2,
  "changed_files_count": 1,
  "changed_files_list": [
    "docsite/rst/developing_plugins.rst"
  ],
  "files": [
    {
      "file_path": "docsite/rst/developing_plugins.rst",
      "status": "modified",
      "additions": 2,
      "deletions": 2,
      "file_diff": "diff --git a/docsite/rst/developing_plugins.rst b/docsite/rst/developing_plugins.rst\nindex e758644359f9a0..a54e8830f21e23 100644\n--- a/docsite/rst/developing_plugins.rst\n+++ b/docsite/rst/developing_plugins.rst\n@@ -30,7 +30,7 @@ Lookup Plugins\n \n Language constructs like \"with_fileglob\" and \"with_items\" are implemented via lookup plugins.  Just like other plugin types, you can write your own.\n \n-More documentation on writing connection plugins is pending, though you can jump into `lib/ansible/runner/lookup_plugins <https://github.com/ansible/ansible/tree/devel/lib/ansible/runner/lookup_plugins>`_ and figure\n+More documentation on writing lookup plugins is pending, though you can jump into `lib/ansible/runner/lookup_plugins <https://github.com/ansible/ansible/tree/devel/lib/ansible/runner/lookup_plugins>`_ and figure\n things out pretty easily.\n \n .. _developing_vars_plugins:\n@@ -42,7 +42,7 @@ Playbook constructs like 'host_vars' and 'group_vars' work via 'vars' plugins.\n data into ansible runs that did not come from an inventory, playbook, or command line.  Note that variables\n can also be returned from inventory, so in most cases, you won't need to write or understand vars_plugins.\n \n-More documentation on writing connection plugins is pending, though you can jump into `lib/ansible/inventory/vars_plugins <https://github.com/ansible/ansible/tree/devel/lib/ansible/inventory/vars_plugins>`_ and figure\n+More documentation on writing vars plugins is pending, though you can jump into `lib/ansible/inventory/vars_plugins <https://github.com/ansible/ansible/tree/devel/lib/ansible/inventory/vars_plugins>`_ and figure\n things out pretty easily.\n \n If you find yourself wanting to write a vars_plugin, it's more likely you should write an inventory script instead.\n"
    }
  ],
  "comments": [],
  "reviews": []
}