{
  "pr_number": 11537,
  "url": "https://github.com/ansible/ansible/pull/11537",
  "title": "assert password or ssh key provided on new image creation",
  "author_login": "chrismeyersfsu",
  "state": "MERGED",
  "merged_by_login": "bcoca",
  "body": "- grab azure credentials from env by default in example credential template\n- Remove environmental variables that define azure credentials when performing undefined credentials test\n- add test for no password or ssh key early fail\n",
  "labels": [
    "cloud",
    "feature"
  ],
  "additions": 36,
  "deletions": 4,
  "changed_files_count": 2,
  "changed_files_list": [
    "test/integration/roles/test_azure/tasks/main.yml"
  ],
  "files": [
    {
      "file_path": "test/integration/roles/test_azure/tasks/main.yml",
      "status": "modified",
      "additions": 34,
      "deletions": 2,
      "file_diff": "diff --git a/test/integration/roles/test_azure/tasks/main.yml b/test/integration/roles/test_azure/tasks/main.yml\nindex cba93e3d65c1b0..a4d5d7ef59d9fe 100644\n--- a/test/integration/roles/test_azure/tasks/main.yml\n+++ b/test/integration/roles/test_azure/tasks/main.yml\n@@ -6,6 +6,9 @@\n   azure:\n   register: result\n   ignore_errors: true\n+  environment:\n+    AZURE_SUBSCRIPTION_ID: \"\"\n+    AZURE_CERT_PATH: \"\"\n \n - name: assert failure when called with no credentials\n   assert:\n@@ -14,6 +17,7 @@\n        - 'result.msg == \"No subscription_id provided. Please set ''AZURE_SUBSCRIPTION_ID'' or use the ''subscription_id'' parameter\"'\n \n # ============================================================\n+\n - name: test credentials\n   azure:\n     subscription_id: \"{{ subscription_id }}\"\n@@ -27,6 +31,27 @@\n        - 'result.failed'\n        - 'result.msg == \"name parameter is required for new instance\"'\n \n+# ============================================================\n+- name: test with no password or ssh cert\n+  azure:\n+    subscription_id: \"{{ subscription_id }}\"\n+    management_cert_path: \"{{ cert_path }}\"\n+    name: \"{{ instance_name }}\"\n+    image: \"b39f27a8b8c64d52b05eac6a62ebad85__Ubuntu-12_04_4-LTS-amd64-server-20140514-en-us-30GB\"\n+    storage_account: \"{{ storage_account }}\"\n+    user: \"{{ user }}\"\n+    role_size: \"{{ role_size }}\"\n+    location: \"{{ location }}\"\n+    state: present\n+  register: result\n+  ignore_errors: true\n+\n+- name: assert failure when called with no password or ssh cert\n+  assert:\n+    that:\n+       - 'result.failed'\n+       - 'result.msg == \"password or ssh_cert_path parameter is required for new instance\"'\n+\n # ============================================================\n - name: test status=Running (expected changed=true)\n   azure:\n@@ -41,6 +66,7 @@\n     location: \"{{ location }}\"\n     wait: yes\n     state: present\n+    wait_timeout: 1200\n   register: result\n \n - name: assert state=Running (expected changed=true)\n@@ -56,8 +82,14 @@\n     subscription_id: \"{{ subscription_id }}\"\n     management_cert_path: \"{{ cert_path }}\"\n     name: \"{{ instance_name }}\"\n-    #storage_account: \"{{ storage_account }}\"\n-    #location: \"{{ location }}\"\n     wait: yes\n     state: absent\n+    wait_timeout: 1200\n   register: result\n+\n+- name: assert named deployment changed (expected changed=true)\n+  assert:\n+    that:\n+       - 'result.changed'\n+       - 'result.deployment.name == \"{{ instance_name }}\"'\n+\n"
    }
  ],
  "comments": [
    {
      "author_login": "chrismeyersfsu",
      "body": "Related PR https://github.com/ansible/ansible-modules-core/pull/1696\n"
    }
  ],
  "reviews": []
}