{
  "pr_number": 1105,
  "url": "https://github.com/ansible/ansible/pull/1105",
  "title": "Don't use ssh-agent if password is specified.",
  "author_login": "alopropoz",
  "state": "MERGED",
  "merged_by_login": "mpdehaan",
  "body": "Don't touch default id_{d,r}sa keys (to avoid breaking anything or making things unclear without introducing additional command-line options). Just don't use ssh-agent if password is set with \"-k\" option.\n",
  "labels": [],
  "additions": 4,
  "deletions": 1,
  "changed_files_count": 1,
  "changed_files_list": [
    "ansible/runner/connection_plugins/paramiko_ssh.py b/lib/ansible/runner/connection_plugins/paramiko_ssh.py"
  ],
  "files": [
    {
      "file_path": "ansible/runner/connection_plugins/paramiko_ssh.py b/lib/ansible/runner/connection_plugins/paramiko_ssh.py",
      "status": "modified",
      "additions": 4,
      "deletions": 1,
      "file_diff": "diff --git a/lib/ansible/runner/connection_plugins/paramiko_ssh.py b/lib/ansible/runner/connection_plugins/paramiko_ssh.py\nindex d4083f5d22a0ee..b0f8c51e4e622a 100644\n--- a/lib/ansible/runner/connection_plugins/paramiko_ssh.py\n+++ b/lib/ansible/runner/connection_plugins/paramiko_ssh.py\n@@ -58,8 +58,11 @@ def connect(self):\n         ssh = paramiko.SSHClient()\n         ssh.set_missing_host_key_policy(paramiko.AutoAddPolicy())\n \n+        allow_agent = True\n+        if self.runner.remote_pass is not None:\n+            allow_agent = False\n         try:\n-            ssh.connect(self.host, username=user, allow_agent=True, look_for_keys=True,\n+            ssh.connect(self.host, username=user, allow_agent=allow_agent, look_for_keys=True,\n                 key_filename=self.runner.private_key_file, password=self.runner.remote_pass,\n                 timeout=self.runner.timeout, port=self.port)\n         except Exception, e:\n"
    }
  ],
  "comments": [
    {
      "author_login": "mpdehaan",
      "body": "merged, thanks!\n"
    }
  ],
  "reviews": []
}