{
  "pr_number": 11372,
  "url": "https://github.com/ansible/ansible/pull/11372",
  "title": "added six to install-from-source docs",
  "author_login": "nitzmahone",
  "state": "MERGED",
  "merged_by_login": "abadger",
  "body": "v2 needs six installed- updated install-from-source docs to reflect that.\n",
  "labels": [
    "docs"
  ],
  "additions": 1,
  "deletions": 1,
  "changed_files_count": 1,
  "changed_files_list": [
    "docsite/rst/intro_installation.rst"
  ],
  "files": [
    {
      "file_path": "docsite/rst/intro_installation.rst",
      "status": "modified",
      "additions": 1,
      "deletions": 1,
      "file_diff": "diff --git a/docsite/rst/intro_installation.rst b/docsite/rst/intro_installation.rst\nindex 0f13c561f71243..53abad4fc1e385 100644\n--- a/docsite/rst/intro_installation.rst\n+++ b/docsite/rst/intro_installation.rst\n@@ -126,7 +126,7 @@ If you don't have pip installed in your version of Python, install pip::\n \n Ansible also uses the following Python modules that need to be installed::\n \n-    $ sudo pip install paramiko PyYAML Jinja2 httplib2\n+    $ sudo pip install paramiko PyYAML Jinja2 httplib2 six\n \n Note when updating ansible, be sure to not only update the source tree, but also the \"submodules\" in git\n which point at Ansible's own modules (not the same kind of modules, alas).\n"
    }
  ],
  "comments": [
    {
      "author_login": "abadger",
      "body": "Thanks for the docs fix!\n"
    }
  ],
  "reviews": []
}