{
  "pr_number": 11570,
  "url": "https://github.com/ansible/ansible/pull/11570",
  "title": "fixed Github links to plugin sources",
  "author_login": "objectified",
  "state": "MERGED",
  "merged_by_login": "bcoca",
  "body": "I've fixed the links to the Github sources in the documentation for developing plugins.\n",
  "labels": [
    "docs"
  ],
  "additions": 7,
  "deletions": 7,
  "changed_files_count": 1,
  "changed_files_list": [
    "docsite/rst/developing_plugins.rst"
  ],
  "files": [
    {
      "file_path": "docsite/rst/developing_plugins.rst",
      "status": "modified",
      "additions": 7,
      "deletions": 7,
      "file_diff": "diff --git a/docsite/rst/developing_plugins.rst b/docsite/rst/developing_plugins.rst\nindex c2349ed676f614..4f459a6ef05fdd 100644\n--- a/docsite/rst/developing_plugins.rst\n+++ b/docsite/rst/developing_plugins.rst\n@@ -21,7 +21,7 @@ Carrier Pigeon?) it's as simple as copying the format of one of the existing mod\n directory.   The value of 'smart' for a connection allows selection of paramiko or openssh based on system capabilities, and chooses\n 'ssh' if OpenSSH supports ControlPersist, in Ansible 1.2.1 an later.  Previous versions did not support 'smart'.\n \n-More documentation on writing connection plugins is pending, though you can jump into `lib/ansible/runner/connection_plugins <https://github.com/ansible/ansible/tree/devel/lib/ansible/runner/connection_plugins>`_ and figure things out pretty easily.\n+More documentation on writing connection plugins is pending, though you can jump into `lib/ansible/plugins/connections <https://github.com/ansible/ansible/tree/devel/lib/ansible/plugins/connections`_ and figure things out pretty easily.\n \n .. _developing_lookup_plugins:\n \n@@ -30,7 +30,7 @@ Lookup Plugins\n \n Language constructs like \"with_fileglob\" and \"with_items\" are implemented via lookup plugins.  Just like other plugin types, you can write your own.\n \n-More documentation on writing lookup plugins is pending, though you can jump into `lib/ansible/runner/lookup_plugins <https://github.com/ansible/ansible/tree/devel/lib/ansible/runner/lookup_plugins>`_ and figure\n+More documentation on writing lookup plugins is pending, though you can jump into `lib/ansible/plugins/lookup <https://github.com/ansible/ansible/tree/devel/lib/ansible/plugins/lookup>`_ and figure\n things out pretty easily.\n \n .. _developing_vars_plugins:\n@@ -54,7 +54,7 @@ Filter Plugins\n \n If you want more Jinja2 filters available in a Jinja2 template (filters like to_yaml and to_json are provided by default), they can be extended by writing a filter plugin.  Most of the time, when someone comes up with an idea for a new filter they would like to make available in a playbook, we'll just include them in 'core.py' instead.\n \n-Jump into `lib/ansible/runner/filter_plugins/ <https://github.com/ansible/ansible/tree/devel/lib/ansible/plugins/filter>`_ for details.\n+Jump into `lib/ansible/plugins/filter <https://github.com/ansible/ansible/tree/devel/lib/ansible/plugins/filter>`_ for details.\n \n .. _developing_callbacks:\n \n@@ -68,17 +68,17 @@ Callbacks are one of the more interesting plugin types.  Adding additional callb\n Examples\n ++++++++\n \n-Example callbacks are shown in `plugins/callbacks <https://github.com/ansible/ansible/tree/devel/plugins/callbacks>`_.\n+Example callbacks are shown in `lib/ansible/plugins/callback <https://github.com/ansible/ansible/tree/devel/lib/ansible/plugins/callback>`_.\n \n The `log_plays\n-<https://github.com/ansible/ansible/blob/devel/plugins/callbacks/log_plays.py>`_\n+<https://github.com/ansible/ansible/blob/devel/lib/ansible/plugins/callback/log_plays.py>`_\n callback is an example of how to intercept playbook events to a log\n file, and the `mail\n-<https://github.com/ansible/ansible/blob/devel/plugins/callbacks/mail.py>`_\n+<https://github.com/ansible/ansible/blob/devel/lib/ansible/plugins/callback/mail.py>`_\n callback sends email when playbooks complete.\n \n The `osx_say\n-<https://github.com/ansible/ansible/blob/devel/plugins/callbacks/osx_say.py>`_\n+<https://github.com/ansible/ansible/blob/devel/lib/ansible/plugins/callback/osx_say.py>`_\n callback provided is particularly entertaining -- it will respond with\n computer synthesized speech on OS X in relation to playbook events,\n and is guaranteed to entertain and/or annoy coworkers.\n"
    }
  ],
  "comments": [],
  "reviews": []
}