{
  "pr_number": 10770,
  "url": "https://github.com/ansible/ansible/pull/10770",
  "title": "Fix C.ANSIBLE_SSH_CONTROL_PATH string interpolation",
  "author_login": "mscherer",
  "state": "MERGED",
  "merged_by_login": "bcoca",
  "body": "Since C.ANSIBLE_SSH_CONTROL_PATH use the old format\n( \"%{directory}\" ), we need to use the % operator\nand not the format method, at least for python 2.\n",
  "labels": [
    "P2",
    "bug"
  ],
  "additions": 2,
  "deletions": 2,
  "changed_files_count": 1,
  "changed_files_list": [
    "v2/ansible/plugins/connections/ssh.py"
  ],
  "files": [
    {
      "file_path": "v2/ansible/plugins/connections/ssh.py",
      "status": "modified",
      "additions": 2,
      "deletions": 2,
      "file_diff": "diff --git a/v2/ansible/plugins/connections/ssh.py b/v2/ansible/plugins/connections/ssh.py\nindex c07582f6b747cd..1d54d3ba48c7b6 100644\n--- a/v2/ansible/plugins/connections/ssh.py\n+++ b/v2/ansible/plugins/connections/ssh.py\n@@ -74,7 +74,7 @@ def _connect(self):\n             self._common_args += (\n                 \"-o\", \"ControlMaster=auto\",\n                 \"-o\", \"ControlPersist=60s\",\n-                \"-o\", \"ControlPath=\\\"{0}\\\"\".format(C.ANSIBLE_SSH_CONTROL_PATH.format(dict(directory=self._cp_dir))),\n+                \"-o\", \"ControlPath=\\\"{0}\\\"\".format(C.ANSIBLE_SSH_CONTROL_PATH % dict(directory=self._cp_dir)),\n             )\n \n         cp_in_use = False\n@@ -87,7 +87,7 @@ def _connect(self):\n \n         if cp_in_use and not cp_path_set:\n             self._common_args += (\"-o\", \"ControlPath=\\\"{0}\\\"\".format(\n-                C.ANSIBLE_SSH_CONTROL_PATH.format(dict(directory=self._cp_dir)))\n+                C.ANSIBLE_SSH_CONTROL_PATH % dict(directory=self._cp_dir))\n             )\n \n         if not C.HOST_KEY_CHECKING:\n"
    }
  ],
  "comments": [],
  "reviews": []
}