{
  "pr_number": 10255,
  "url": "https://github.com/ansible/ansible/pull/10255",
  "title": "valutpass fix in password reorg",
  "author_login": "bcoca",
  "state": "MERGED",
  "merged_by_login": "bcoca",
  "body": "should fix #10254\n",
  "labels": [
    "P2",
    "bug"
  ],
  "additions": 1,
  "deletions": 1,
  "changed_files_count": 1,
  "changed_files_list": [
    "ansible/utils/__init__.py b/lib/ansible/utils/__init__.py"
  ],
  "files": [
    {
      "file_path": "ansible/utils/__init__.py b/lib/ansible/utils/__init__.py",
      "status": "modified",
      "additions": 1,
      "deletions": 1,
      "file_diff": "diff --git a/lib/ansible/utils/__init__.py b/lib/ansible/utils/__init__.py\nindex c9a999357acff0..6ed01266b33eea 100644\n--- a/lib/ansible/utils/__init__.py\n+++ b/lib/ansible/utils/__init__.py\n@@ -1132,7 +1132,7 @@ def ask_passwords(ask_pass=False, ask_sudo_pass=False, ask_su_pass=False, ask_va\n     if ask_vault_pass:\n         vaultpass = getpass.getpass(prompt=\"Vault password: \")\n         if vaultpass:\n-            vaultpass = to_bytes(vault_pass, errors='strict', nonstring='simplerepr').strip()\n+            vaultpass = to_bytes(vaultpass, errors='strict', nonstring='simplerepr').strip()\n \n     return (sshpass, sudopass, supass, vaultpass)\n \n"
    }
  ],
  "comments": [],
  "reviews": []
}