{
  "pr_number": 11163,
  "url": "https://github.com/ansible/ansible/pull/11163",
  "title": "Re-introduce ssh connection private key support",
  "author_login": "sivel",
  "state": "MERGED",
  "merged_by_login": "bcoca",
  "body": "This PR addresses a \"FIXME\" in the ssh connection plugin to pull the `private_key_file` from connection info.\n",
  "labels": [
    "P1",
    "bug"
  ],
  "additions": 2,
  "deletions": 5,
  "changed_files_count": 1,
  "changed_files_list": [
    "ansible/plugins/connections/ssh.py b/lib/ansible/plugins/connections/ssh.py"
  ],
  "files": [
    {
      "file_path": "ansible/plugins/connections/ssh.py b/lib/ansible/plugins/connections/ssh.py",
      "status": "modified",
      "additions": 2,
      "deletions": 5,
      "file_diff": "diff --git a/lib/ansible/plugins/connections/ssh.py b/lib/ansible/plugins/connections/ssh.py\nindex b3ada343c0454d..1d79cb4e90cbae 100644\n--- a/lib/ansible/plugins/connections/ssh.py\n+++ b/lib/ansible/plugins/connections/ssh.py\n@@ -95,11 +95,8 @@ def _connect(self):\n \n         if self._connection_info.port is not None:\n             self._common_args += (\"-o\", \"Port={0}\".format(self._connection_info.port))\n-        # FIXME: need to get this from connection info\n-        #if self.private_key_file is not None:\n-        #    self._common_args += (\"-o\", \"IdentityFile=\\\"{0}\\\"\".format(os.path.expanduser(self.private_key_file)))\n-        #elif self.runner.private_key_file is not None:\n-        #    self._common_args += (\"-o\", \"IdentityFile=\\\"{0}\\\"\".format(os.path.expanduser(self.runner.private_key_file)))\n+        if self._connection_info.private_key_file is not None:\n+            self._common_args += (\"-o\", \"IdentityFile=\\\"{0}\\\"\".format(os.path.expanduser(self._connection_info.private_key_file)))\n         if self._connection_info.password:\n             self._common_args += (\"-o\", \"GSSAPIAuthentication=no\",\n                                  \"-o\", \"PubkeyAuthentication=no\")\n"
    }
  ],
  "comments": [],
  "reviews": []
}