{
  "pr_number": 10185,
  "url": "https://github.com/ansible/ansible/pull/10185",
  "title": "better missing editor message",
  "author_login": "bcoca",
  "state": "MERGED",
  "merged_by_login": "bcoca",
  "body": "fixes #10182\n",
  "labels": [
    "bug"
  ],
  "additions": 4,
  "deletions": 1,
  "changed_files_count": 1,
  "changed_files_list": [
    "ansible/utils/vault.py b/lib/ansible/utils/vault.py"
  ],
  "files": [
    {
      "file_path": "ansible/utils/vault.py b/lib/ansible/utils/vault.py",
      "status": "modified",
      "additions": 4,
      "deletions": 1,
      "file_diff": "diff --git a/lib/ansible/utils/vault.py b/lib/ansible/utils/vault.py\nindex 66f18d5c9bada3..3622b500b15496 100644\n--- a/lib/ansible/utils/vault.py\n+++ b/lib/ansible/utils/vault.py\n@@ -203,7 +203,10 @@ def _edit_file_helper(self, existing_data=None, cipher=None):\n             self.write_data(existing_data, tmp_path)\n \n         # drop the user into an editor on the tmp file\n-        call(self._editor_shell_command(tmp_path))\n+        try:\n+            call(self._editor_shell_command(tmp_path))\n+        except OSError, e:\n+           raise Exception(\"Failed to open editor (%s): %s\" % (self._editor_shell_command(tmp_path)[0],str(e)))\n         tmpdata = self.read_data(tmp_path)\n \n         # create new vault\n"
    }
  ],
  "comments": [],
  "reviews": []
}