{
  "pr_number": 11062,
  "url": "https://github.com/ansible/ansible/pull/11062",
  "title": "Factor primitives for F5 modules",
  "author_login": "Etienne-Carriere",
  "state": "MERGED",
  "merged_by_login": "bcoca",
  "body": "Factor the standard elements for all F5 Big IP modules : \n- F5 standard arguments \n- F5 login method \n",
  "labels": [
    "feature"
  ],
  "additions": 64,
  "deletions": 0,
  "changed_files_count": 1,
  "changed_files_list": [
    "ansible/module_utils/f5.py b/lib/ansible/module_utils/f5.py"
  ],
  "files": [
    {
      "file_path": "ansible/module_utils/f5.py b/lib/ansible/module_utils/f5.py",
      "status": "added",
      "additions": 64,
      "deletions": 0,
      "file_diff": "diff --git a/lib/ansible/module_utils/f5.py b/lib/ansible/module_utils/f5.py\nnew file mode 100644\nindex 00000000000000..2d97662a0b6576\n--- /dev/null\n+++ b/lib/ansible/module_utils/f5.py\n@@ -0,0 +1,64 @@\n+# This code is part of Ansible, but is an independent component.\n+# This particular file snippet, and this file snippet only, is BSD licensed.\n+# Modules you write using this snippet, which is embedded dynamically by Ansible\n+# still belong to the author of the module, and may assign their own license\n+# to the complete work.\n+#\n+# Copyright (c), Etienne Carrière <etienne.carriere@gmail.com>,2015\n+# All rights reserved.\n+#\n+# Redistribution and use in source and binary forms, with or without modification,\n+# are permitted provided that the following conditions are met:\n+#\n+#    * Redistributions of source code must retain the above copyright\n+#      notice, this list of conditions and the following disclaimer.\n+#    * Redistributions in binary form must reproduce the above copyright notice,\n+#      this list of conditions and the following disclaimer in the documentation\n+#      and/or other materials provided with the distribution.\n+#\n+# THIS SOFTWARE IS PROVIDED BY THE COPYRIGHT HOLDERS AND CONTRIBUTORS \"AS IS\" AND\n+# ANY EXPRESS OR IMPLIED WARRANTIES, INCLUDING, BUT NOT LIMITED TO, THE IMPLIED\n+# WARRANTIES OF MERCHANTABILITY AND FITNESS FOR A PARTICULAR PURPOSE ARE DISCLAIMED.\n+# IN NO EVENT SHALL THE COPYRIGHT HOLDER OR CONTRIBUTORS BE LIABLE FOR ANY DIRECT, INDIRECT,\n+# INCIDENTAL, SPECIAL, EXEMPLARY, OR CONSEQUENTIAL DAMAGES (INCLUDING, BUT NOT LIMITED TO,\n+# PROCUREMENT OF SUBSTITUTE GOODS OR SERVICES; LOSS OF USE, DATA, OR PROFITS; OR BUSINESS\n+# INTERRUPTION) HOWEVER CAUSED AND ON ANY THEORY OF LIABILITY, WHETHER IN CONTRACT, STRICT\n+# LIABILITY, OR TORT (INCLUDING NEGLIGENCE OR OTHERWISE) ARISING IN ANY WAY OUT OF THE\n+# USE OF THIS SOFTWARE, EVEN IF ADVISED OF THE POSSIBILITY OF SUCH DAMAGE.\n+\n+try:\n+    import bigsuds\n+except ImportError:\n+    bigsuds_found = False\n+else:\n+    bigsuds_found = True\n+\n+\n+def f5_argument_spec():\n+    return dict(\n+        server=dict(type='str', required=True),\n+        user=dict(type='str', required=True),\n+        password=dict(type='str', aliases=['pass', 'pwd'], required=True, no_log=True),\n+        validate_certs = dict(default='yes', type='bool'),\n+        state = dict(type='str', default='present', choices=['present', 'absent']),\n+        partition = dict(type='str', default='Common')\n+    )\n+\n+\n+def f5_parse_arguments(module):\n+    if not bigsuds_found:\n+        module.fail_json(msg=\"the python bigsuds module is required\")\n+    if not module.params['validate_certs']:\n+        disable_ssl_cert_validation()\n+    return (module.params['server'],module.params['user'],module.params['password'],module.params['state'],module.params['partition'])\n+\n+def bigip_api(bigip, user, password):\n+    api = bigsuds.BIGIP(hostname=bigip, username=user, password=password)\n+    return api\n+\n+def disable_ssl_cert_validation():\n+    # You probably only want to do this for testing and never in production.\n+    # From https://www.python.org/dev/peps/pep-0476/#id29\n+    import ssl\n+    ssl._create_default_https_context = ssl._create_unverified_context\n+\n"
    }
  ],
  "comments": [
    {
      "author_login": "srgvg",
      "body": "cc @mhite \n"
    },
    {
      "author_login": "mhite",
      "body": "Presuming this is preparation work for moving common elements into a shared library now that Ansible supports it?\n"
    },
    {
      "author_login": "Etienne-Carriere",
      "body": "Yes, I plan to factor, in a first phase, the login phase and the associated parameters. Perhaps there will be more elements to factor in the future\n"
    }
  ],
  "reviews": []
}