{
  "pr_number": 1009,
  "url": "https://github.com/ansible/ansible/pull/1009",
  "title": "--version is now taking the correct head",
  "author_login": "andronat",
  "state": "MERGED",
  "merged_by_login": "mpdehaan",
  "body": "At the previous pull request I was calling the head of the general repository. Not the ansible repository.\n",
  "labels": [],
  "additions": 5,
  "deletions": 3,
  "changed_files_count": 1,
  "changed_files_list": [
    "ansible/utils.py b/lib/ansible/utils.py"
  ],
  "files": [
    {
      "file_path": "ansible/utils.py b/lib/ansible/utils.py",
      "status": "modified",
      "additions": 5,
      "deletions": 3,
      "file_diff": "diff --git a/lib/ansible/utils.py b/lib/ansible/utils.py\nindex 9bf489a508a7f9..58b085a26f9548 100644\n--- a/lib/ansible/utils.py\n+++ b/lib/ansible/utils.py\n@@ -328,10 +328,12 @@ def _gitinfo():\n         # Check if the .git is a file. If it is a file, it means that we are in a submodule structure.\n         if os.path.isfile(repo_path):\n             try:\n-                central_gitdir = yaml.load(open(repo_path)).get('gitdir').split('.git')[0]\n-                repo_path = repo_path.split('.git')[0]\n+                gitdir = yaml.load(open(repo_path)).get('gitdir')\n                 # There is a posibility the .git file to have an absolute path.\n-                repo_path = os.path.join(repo_path, os.path.relpath(central_gitdir), '.git')\n+                if os.path.isabs(gitdir):\n+                    repo_path = gitdir\n+                else:\n+                    repo_path = os.path.join(repo_path.split('.git')[0], gitdir)\n             except (IOError, AttributeError):\n                 return ''\n         f = open(os.path.join(repo_path, \"HEAD\"))\n"
    }
  ],
  "comments": [
    {
      "author_login": "andronat",
      "body": "I am really sorry I mixed up the paths. I was taking a wrong head from .git. Now it works fine.\n"
    },
    {
      "author_login": "mpdehaan",
      "body": "don't worry about it!\n\nmerged, thanks!\n"
    }
  ],
  "reviews": []
}