{
  "pr_number": 106,
  "url": "https://github.com/ansible/ansible/pull/106",
  "title": "raise error if executable host file execution fails",
  "author_login": "mgwilliams",
  "state": "MERGED",
  "merged_by_login": "mpdehaan",
  "body": "",
  "labels": [],
  "additions": 3,
  "deletions": 0,
  "changed_files_count": 1,
  "changed_files_list": [
    "ansible/runner.py b/lib/ansible/runner.py"
  ],
  "files": [
    {
      "file_path": "ansible/runner.py b/lib/ansible/runner.py",
      "status": "modified",
      "additions": 3,
      "deletions": 0,
      "file_diff": "diff --git a/lib/ansible/runner.py b/lib/ansible/runner.py\nindex 3d83640fb4918f..5342e7ddf0406a 100755\n--- a/lib/ansible/runner.py\n+++ b/lib/ansible/runner.py\n@@ -160,6 +160,9 @@ def parse_hosts_from_script(cls, host_list, extra_vars):\n             cmd.extend(['--extra-vars', extra_vars])\n         cmd = subprocess.Popen(cmd, stdout=subprocess.PIPE, stderr=subprocess.PIPE, shell=False)\n         out, err = cmd.communicate()\n+        rc = cmd.returncode\n+        if rc:\n+            raise errors.AnsibleError(\"%s: %s\" % (host_list, err))\n         try:\n             groups = utils.json_loads(out)\n         except:\n"
    }
  ],
  "comments": [],
  "reviews": []
}