{
  "pr_number": 11079,
  "url": "https://github.com/ansible/ansible/pull/11079",
  "title": "Avoid too broad except in Inventory",
  "author_login": "amegianeg",
  "state": "MERGED",
  "merged_by_login": "jimi-c",
  "body": "Capture only IOError when reading shebang from inventory file, to avoid ignoring other possible exceptions like timeouts from a task.\nWe are using Celery to manage different tasks and if eventually a task times out at this part of the code, it will not rollback as expected and will keep on executing the rest of the code, leading it to a hard timeout\n",
  "labels": [
    "bug"
  ],
  "additions": 7,
  "deletions": 8,
  "changed_files_count": 1,
  "changed_files_list": [
    "ansible/inventory/__init__.py b/lib/ansible/inventory/__init__.py"
  ],
  "files": [
    {
      "file_path": "ansible/inventory/__init__.py b/lib/ansible/inventory/__init__.py",
      "status": "modified",
      "additions": 7,
      "deletions": 8,
      "file_diff": "diff --git a/lib/ansible/inventory/__init__.py b/lib/ansible/inventory/__init__.py\nindex f012246e227016..e4080e39d825a1 100644\n--- a/lib/ansible/inventory/__init__.py\n+++ b/lib/ansible/inventory/__init__.py\n@@ -105,19 +105,18 @@ def __init__(self, host_list=C.DEFAULT_HOST_LIST, vault_password=None):\n                 # class we can show a more apropos error\n                 shebang_present = False\n                 try:\n-                    inv_file = open(host_list)\n-                    first_line = inv_file.readlines()[0]\n-                    inv_file.close()\n-                    if first_line.startswith('#!'):\n-                        shebang_present = True\n-                except:\n+                    with open(host_list, \"r\") as inv_file:\n+                        first_line = inv_file.readline()\n+                        if first_line.startswith(\"#!\"):\n+                            shebang_present = True\n+                except IOError:\n                     pass\n \n                 if utils.is_executable(host_list):\n                     try:\n                         self.parser = InventoryScript(filename=host_list)\n                         self.groups = self.parser.groups.values()\n-                    except:\n+                    except errors.AnsibleError:\n                         if not shebang_present:\n                             raise errors.AnsibleError(\"The file %s is marked as executable, but failed to execute correctly. \" % host_list + \\\n                                                       \"If this is not supposed to be an executable script, correct this with `chmod -x %s`.\" % host_list)\n@@ -127,7 +126,7 @@ def __init__(self, host_list=C.DEFAULT_HOST_LIST, vault_password=None):\n                     try:\n                         self.parser = InventoryParser(filename=host_list)\n                         self.groups = self.parser.groups.values()\n-                    except:\n+                    except errors.AnsibleError:\n                         if shebang_present:\n                             raise errors.AnsibleError(\"The file %s looks like it should be an executable inventory script, but is not marked executable. \" % host_list + \\\n                                                       \"Perhaps you want to correct this with `chmod +x %s`?\" % host_list)\n"
    }
  ],
  "comments": [
    {
      "author_login": "jimi-c",
      "body": "Merged, thanks!\n"
    }
  ],
  "reviews": []
}