{
  "pr_number": 10395,
  "url": "https://github.com/ansible/ansible/pull/10395",
  "title": "Mention `view` in the ansible vault docs",
  "author_login": "ErinCall",
  "state": "MERGED",
  "merged_by_login": "bcoca",
  "body": "I'm not sure this is the correct way to include the \"1.8+\" note; please update this or tell me if there's a better way.\n",
  "labels": [
    "docs"
  ],
  "additions": 11,
  "deletions": 0,
  "changed_files_count": 1,
  "changed_files_list": [
    "docsite/rst/playbooks_vault.rst"
  ],
  "files": [
    {
      "file_path": "docsite/rst/playbooks_vault.rst",
      "status": "modified",
      "additions": 11,
      "deletions": 0,
      "file_diff": "diff --git a/docsite/rst/playbooks_vault.rst b/docsite/rst/playbooks_vault.rst\nindex 692c9efb730637..56cb3c78bd8de1 100644\n--- a/docsite/rst/playbooks_vault.rst\n+++ b/docsite/rst/playbooks_vault.rst\n@@ -72,6 +72,17 @@ If you have existing files that you no longer want to keep encrypted, you can pe\n \n     ansible-vault decrypt foo.yml bar.yml baz.yml\n \n+.. _viewing_files:\n+\n+Viewing Encrypted Files\n+```````````````````````\n+\n+_Available since Ansible 1.8_\n+\n+If you want to view the contents of an encrypted file without editing it, you can use the `ansible-vault view` command::\n+\n+    ansible-vault view foo.yml bar.yml baz.yml\n+\n .. _running_a_playbook_with_vault:\n \n Running a Playbook With Vault\n"
    }
  ],
  "comments": [],
  "reviews": []
}