{
  "pr_number": 11221,
  "url": "https://github.com/ansible/ansible/pull/11221",
  "title": "Update README.md",
  "author_login": "arcz",
  "state": "MERGED",
  "merged_by_login": "bcoca",
  "body": "There are over 1000 contributors now :)\n",
  "labels": [
    "docs"
  ],
  "additions": 1,
  "deletions": 1,
  "changed_files_count": 1,
  "changed_files_list": [
    "README.md"
  ],
  "files": [
    {
      "file_path": "README.md",
      "status": "modified",
      "additions": 1,
      "deletions": 1,
      "file_diff": "diff --git a/README.md b/README.md\nindex 2a7d8e03af7181..8bfc18c7ca4028 100644\n--- a/README.md\n+++ b/README.md\n@@ -51,7 +51,7 @@ Branch Info\n Authors\n =======\n \n-Ansible was created by [Michael DeHaan](https://github.com/mpdehaan) (michael.dehaan/gmail/com) and has contributions from over 900 users (and growing).  Thanks everyone!\n+Ansible was created by [Michael DeHaan](https://github.com/mpdehaan) (michael.dehaan/gmail/com) and has contributions from over 1000 users (and growing).  Thanks everyone!\n \n Ansible is sponsored by [Ansible, Inc](http://ansible.com)\n \n"
    }
  ],
  "comments": [
    {
      "author_login": "bcoca",
      "body": "we might need to make this 'dynamic'\n"
    }
  ],
  "reviews": []
}