{
  "pr_number": 11106,
  "url": "https://github.com/ansible/ansible/pull/11106",
  "title": "Minor tweaks to winrm integration tests",
  "author_login": "cchurch",
  "state": "MERGED",
  "merged_by_login": "bcoca",
  "body": "- Allow prepare_win_tests role to run multiple times.\n- Fail play when any host fails.\n",
  "labels": [
    "windows",
    "feature"
  ],
  "additions": 4,
  "deletions": 0,
  "changed_files_count": 2,
  "changed_files_list": [
    "test/integration/test_winrm.yml"
  ],
  "files": [
    {
      "file_path": "test/integration/test_winrm.yml",
      "status": "modified",
      "additions": 1,
      "deletions": 0,
      "file_diff": "diff --git a/test/integration/test_winrm.yml b/test/integration/test_winrm.yml\nindex 69d3b652a6f727..b249224cb8ab8d 100644\n--- a/test/integration/test_winrm.yml\n+++ b/test/integration/test_winrm.yml\n@@ -18,6 +18,7 @@\n \n - hosts: windows\n   gather_facts: false\n+  max_fail_percentage: 1\n   roles: \n     - { role: test_win_raw, tags: test_win_raw }\n     - { role: test_win_script, tags: test_win_script }\n"
    }
  ],
  "comments": [],
  "reviews": []
}