{
  "pr_number": 10587,
  "url": "https://github.com/ansible/ansible/pull/10587",
  "title": "dont break everything when one of the vars in inject does not template",
  "author_login": "bcoca",
  "state": "MERGED",
  "merged_by_login": "bcoca",
  "body": "wait till its used  somewhere else to fail\n\nhopefully fixes #9944\n",
  "labels": [
    "P2",
    "bug"
  ],
  "additions": 9,
  "deletions": 2,
  "changed_files_count": 2,
  "changed_files_list": [
    "ansible/utils/template.py b/lib/ansible/utils/template.py"
  ],
  "files": [
    {
      "file_path": "ansible/utils/template.py b/lib/ansible/utils/template.py",
      "status": "modified",
      "additions": 4,
      "deletions": 1,
      "file_diff": "diff --git a/lib/ansible/utils/template.py b/lib/ansible/utils/template.py\nindex a58b93997157f6..9426e254eb5826 100644\n--- a/lib/ansible/utils/template.py\n+++ b/lib/ansible/utils/template.py\n@@ -118,7 +118,10 @@ def template(basedir, varname, templatevars, lookup_fatal=True, depth=0, expand_\n \n         if isinstance(varname, basestring):\n             if '{{' in varname or '{%' in varname:\n-                varname = template_from_string(basedir, varname, templatevars, fail_on_undefined)\n+                try:\n+                    varname = template_from_string(basedir, varname, templatevars, fail_on_undefined)\n+                except errors.AnsibleError, e:\n+                    raise errors.AnsibleError(\"Failed to template %s: %s\" % (varname, str(e)))\n \n                 if (varname.startswith(\"{\") and not varname.startswith(\"{{\")) or varname.startswith(\"[\"):\n                     eval_results = utils.safe_eval(varname, locals=templatevars, include_exceptions=True)\n"
    }
  ],
  "comments": [
    {
      "author_login": "abadger",
      "body": "+1  Is there also something that needs to be done for v2?\n"
    },
    {
      "author_login": "bcoca",
      "body": "probably, hopefully we can change how we do this entirely\n"
    },
    {
      "author_login": "bcoca",
      "body": "tested with:\n\n```\n- hosts: localhost\n  gather_facts: false\n  connection: local\n  vars:\n    aunknown_hosts: \"{{lookup('file','/nonexistent')}}\"\n    known_hosts: \"{{lookup('file','/home/bcoca/.ssh/known_hosts')}}\"\n  tasks:\n        - template:\n            src: templates/test.j2\n            dest: /tmp/\n\n        - template:\n            src: templates/test.j2\n            dest: /tmp/\n          with_items: \"{{aunknown_hosts}}\"\n```\n\nfirst task should work w/o issues after patch, (before it would not even get there)\nsecond task should always error\n"
    }
  ],
  "reviews": []
}