{
  "pr_number": 10605,
  "url": "https://github.com/ansible/ansible/pull/10605",
  "title": "Port v2 to use the C version of pyyaml instead of pure python",
  "author_login": "abadger",
  "state": "MERGED",
  "merged_by_login": "abadger",
  "body": "",
  "labels": [],
  "additions": 69,
  "deletions": 40,
  "changed_files_count": 4,
  "changed_files_list": [
    "v2/ansible/parsing/yaml/constructor.py",
    "v2/ansible/parsing/yaml/loader.py",
    "v2/bin/ansible-playbook"
  ],
  "files": [
    {
      "file_path": "v2/ansible/parsing/yaml/constructor.py",
      "status": "modified",
      "additions": 17,
      "deletions": 19,
      "file_diff": "diff --git a/v2/ansible/parsing/yaml/constructor.py b/v2/ansible/parsing/yaml/constructor.py\nindex 0043b8a2f044d5..aed2553c05b9af 100644\n--- a/v2/ansible/parsing/yaml/constructor.py\n+++ b/v2/ansible/parsing/yaml/constructor.py\n@@ -20,7 +20,6 @@\n __metaclass__ = type\n \n from yaml.constructor import Constructor\n-from ansible.utils.unicode import to_unicode\n from ansible.parsing.yaml.objects import AnsibleMapping, AnsibleUnicode\n \n class AnsibleConstructor(Constructor):\n@@ -33,20 +32,11 @@ def construct_yaml_map(self, node):\n         yield data\n         value = self.construct_mapping(node)\n         data.update(value)\n-        data.ansible_pos = value.ansible_pos\n+        data.ansible_pos = self._node_position_info(node)\n \n     def construct_mapping(self, node, deep=False):\n         ret = AnsibleMapping(super(Constructor, self).construct_mapping(node, deep))\n-\n-        # in some cases, we may have pre-read the data and then\n-        # passed it to the load() call for YAML, in which case we\n-        # want to override the default datasource (which would be\n-        # '<string>') to the actual filename we read in\n-        if self._ansible_file_name:\n-            data_source = self._ansible_file_name\n-        else:\n-            data_source = node.__datasource__\n-        ret.ansible_pos = (data_source, node.__line__, node.__column__)\n+        ret.ansible_pos = self._node_position_info(node)\n \n         return ret\n \n@@ -54,17 +44,25 @@ def construct_yaml_str(self, node):\n         # Override the default string handling function\n         # to always return unicode objects\n         value = self.construct_scalar(node)\n-        value = to_unicode(value)\n-        ret = AnsibleUnicode(self.construct_scalar(node))\n+        ret = AnsibleUnicode(value)\n \n-        if self._ansible_file_name:\n-            data_source = self._ansible_file_name\n-        else:\n-            data_source = node.__datasource__\n-        ret.ansible_pos = (data_source, node.__line__, node.__column__)\n+        ret.ansible_pos = self._node_position_info(node)\n \n         return ret\n \n+    def _node_position_info(self, node):\n+        # the line number where the previous token has ended (plus empty lines)\n+        column = node.start_mark.column + 1\n+        line = node.start_mark.line + 1\n+\n+        # in some cases, we may have pre-read the data and then\n+        # passed it to the load() call for YAML, in which case we\n+        # want to override the default datasource (which would be\n+        # '<string>') to the actual filename we read in\n+        datasource = self._ansible_file_name or node.start_mark.name\n+\n+        return (datasource, line, column)\n+\n AnsibleConstructor.add_constructor(\n     u'tag:yaml.org,2002:map',\n     AnsibleConstructor.construct_yaml_map)"
    },
    {
      "file_path": "v2/ansible/parsing/yaml/loader.py",
      "status": "modified",
      "additions": 26,
      "deletions": 12,
      "file_diff": "diff --git a/v2/ansible/parsing/yaml/loader.py b/v2/ansible/parsing/yaml/loader.py\nindex 0d1300781901b7..4e0049ed2a8f3e 100644\n--- a/v2/ansible/parsing/yaml/loader.py\n+++ b/v2/ansible/parsing/yaml/loader.py\n@@ -19,20 +19,34 @@\n from __future__ import (absolute_import, division, print_function)\n __metaclass__ = type\n \n-from yaml.reader import Reader\n-from yaml.scanner import Scanner\n-from yaml.parser import Parser\n+try:\n+    from _yaml import CParser, CEmitter\n+    HAVE_PYYAML_C = True\n+except ImportError:\n+    HAVE_PYYAML_C = False\n+\n from yaml.resolver import Resolver\n \n-from ansible.parsing.yaml.composer import AnsibleComposer\n from ansible.parsing.yaml.constructor import AnsibleConstructor\n \n-class AnsibleLoader(Reader, Scanner, Parser, AnsibleComposer, AnsibleConstructor, Resolver):\n-    def __init__(self, stream, file_name=None):\n-        Reader.__init__(self, stream)\n-        Scanner.__init__(self)\n-        Parser.__init__(self)\n-        AnsibleComposer.__init__(self)\n-        AnsibleConstructor.__init__(self, file_name=file_name)\n-        Resolver.__init__(self)\n+if HAVE_PYYAML_C:\n+    class AnsibleLoader(CParser, AnsibleConstructor, Resolver):\n+        def __init__(self, stream, file_name=None):\n+            CParser.__init__(self, stream)\n+            AnsibleConstructor.__init__(self, file_name=file_name)\n+            Resolver.__init__(self)\n+else:\n+    from yaml.reader import Reader\n+    from yaml.scanner import Scanner\n+    from yaml.parser import Parser\n+\n+    from ansible.parsing.yaml.composer import AnsibleComposer\n \n+    class AnsibleLoader(Reader, Scanner, Parser, AnsibleComposer, AnsibleConstructor, Resolver):\n+        def __init__(self, stream, file_name=None):\n+            Reader.__init__(self, stream)\n+            Scanner.__init__(self)\n+            Parser.__init__(self)\n+            AnsibleComposer.__init__(self)\n+            AnsibleConstructor.__init__(self, file_name=file_name)\n+            Resolver.__init__(self)"
    },
    {
      "file_path": "v2/bin/ansible-playbook",
      "status": "modified",
      "additions": 8,
      "deletions": 5,
      "file_diff": "diff --git a/v2/bin/ansible-playbook b/v2/bin/ansible-playbook\nindex f1b590958b343b..d9771249794fd0 100755\n--- a/v2/bin/ansible-playbook\n+++ b/v2/bin/ansible-playbook\n@@ -1,4 +1,6 @@\n #!/usr/bin/env python\n+from __future__ import (absolute_import, division, print_function)\n+__metaclass__ = type\n \n import os\n import stat\n@@ -19,7 +21,8 @@ from ansible.utils.vault import read_vault_file\n from ansible.vars import VariableManager\n \n # Implement an ansible.utils.warning() function later\n-warning = getattr(__builtins__, 'print')\n+def warning(*args, **kwargs):\n+    print(*args, **kwargs)\n \n #---------------------------------------------------------------------------------------------------\n \n@@ -134,12 +137,12 @@ if __name__ == \"__main__\":\n     #display(\" \", log_only=True)\n     try:\n         sys.exit(main(sys.argv[1:]))\n-    except AnsibleError, e:\n+    except AnsibleError as e:\n         #display(\"ERROR: %s\" % e, color='red', stderr=True)\n-        print e\n+        print(e)\n         sys.exit(1)\n-    except KeyboardInterrupt, ke:\n+    except KeyboardInterrupt:\n         #display(\"ERROR: interrupted\", color='red', stderr=True)\n-        print \"keyboard interrupt\"\n+        print(\"keyboard interrupt\")\n         sys.exit(1)\n \n"
    }
  ],
  "comments": [],
  "reviews": []
}