{
  "pr_number": 10551,
  "url": "https://github.com/ansible/ansible/pull/10551",
  "title": "fix consul inventory issue (missing method param)",
  "author_login": "deimosfr",
  "state": "MERGED",
  "merged_by_login": "bcoca",
  "body": "Hi,\n\nI'm encountering an issue with the latest version of consul (0.5.0). It looks like the API changed. This update resolve the issue.\n\nThanks\n",
  "labels": [
    "P2",
    "bug"
  ],
  "additions": 1,
  "deletions": 1,
  "changed_files_count": 1,
  "changed_files_list": [
    "plugins/inventory/consul_io.py"
  ],
  "files": [
    {
      "file_path": "plugins/inventory/consul_io.py",
      "status": "modified",
      "additions": 1,
      "deletions": 1,
      "file_diff": "diff --git a/plugins/inventory/consul_io.py b/plugins/inventory/consul_io.py\nindex 46d47fd3bf5456..e0ff3fbbebd675 100755\n--- a/plugins/inventory/consul_io.py\n+++ b/plugins/inventory/consul_io.py\n@@ -212,7 +212,7 @@ def load_data_for_node(self, node, datacenter):\n     '''loads the data for a sinle node adding it to various groups based on\n     metadata retrieved from the kv store and service availablity'''\n \n-    index, node_data = self.consul_api.catalog.node(node, datacenter)\n+    index, node_data = self.consul_api.catalog.node(node, dc=datacenter)\n     node = node_data['Node']\n     self.add_node_to_map(self.nodes, 'all', node)\n     self.add_metadata(node_data, \"consul_datacenter\", datacenter)\n"
    }
  ],
  "comments": [
    {
      "author_login": "bcoca",
      "body": "will this also work with the old api or should we institute some version detection?\n"
    },
    {
      "author_login": "deimosfr",
      "body": "It looks like it changes between v0.3.7 and v0.3.8. Please look at:\nhttp://python-consul.readthedocs.org/en/v0.3.7/#consul-catalog\nhttp://python-consul.readthedocs.org/en/v0.3.8/#consul-catalog\n"
    },
    {
      "author_login": "bcoca",
      "body": "both accept dc as a parameter, the only thing I see changing in those is the order, which should not matter for named parameters.\n"
    }
  ],
  "reviews": []
}