{
  "pr_number": 10701,
  "url": "https://github.com/ansible/ansible/pull/10701",
  "title": "fixed indent when looking at delegate_to vars",
  "author_login": "bcoca",
  "state": "MERGED",
  "merged_by_login": "bcoca",
  "body": "fixes #10699 #10608 #10661\n",
  "labels": [
    "P2",
    "bug"
  ],
  "additions": 5,
  "deletions": 5,
  "changed_files_count": 1,
  "changed_files_list": [
    "ansible/runner/__init__.py b/lib/ansible/runner/__init__.py"
  ],
  "files": [
    {
      "file_path": "ansible/runner/__init__.py b/lib/ansible/runner/__init__.py",
      "status": "modified",
      "additions": 5,
      "deletions": 5,
      "file_diff": "diff --git a/lib/ansible/runner/__init__.py b/lib/ansible/runner/__init__.py\nindex 70619ecc0540e4..c153cd78ba631d 100644\n--- a/lib/ansible/runner/__init__.py\n+++ b/lib/ansible/runner/__init__.py\n@@ -394,11 +394,11 @@ def _compute_delegate_user(self, host, inject):\n                 if inject['hostvars'][host].get('ansible_ssh_user'):\n                     # user for delegate host in inventory\n                     thisuser = inject['hostvars'][host].get('ansible_ssh_user')\n-                else:\n-                    # look up the variables for the host directly from inventory\n-                    host_vars = self.inventory.get_variables(host, vault_password=self.vault_pass)\n-                    if 'ansible_ssh_user' in host_vars:\n-                        thisuser = host_vars['ansible_ssh_user']\n+            else:\n+                # look up the variables for the host directly from inventory\n+                host_vars = self.inventory.get_variables(host, vault_password=self.vault_pass)\n+                if 'ansible_ssh_user' in host_vars:\n+                    thisuser = host_vars['ansible_ssh_user']\n         except errors.AnsibleError, e:\n             # the hostname was not found in the inventory, so\n             # we just ignore this and try the next method\n"
    }
  ],
  "comments": [
    {
      "author_login": "abadger",
      "body": "Ah -- yeah, that looks good.\n\n+1\n"
    },
    {
      "author_login": "geerlingguy",
      "body": "Was hitting the same error:\n\n```\nSSH Error: Permission denied (publickey,password).\n    while connecting to 10.0.1.60:22\n```\n\nUpdating to Ansible 1.9.1 fixed the problem when I used `delegate_to`.\n"
    }
  ],
  "reviews": []
}