{
  "pr_number": 11469,
  "url": "https://github.com/ansible/ansible/pull/11469",
  "title": "Fix pyflakes error: use 'msg' variable",
  "author_login": "pilou-",
  "state": "MERGED",
  "merged_by_login": "bcoca",
  "body": "1. Error was: local variable 'msg' is assigned to but never used\n2. avoid to display \"PLAY [PLAY:]\" when name of the playbook is undefined\n",
  "labels": [
    "needs_info",
    "bug"
  ],
  "additions": 3,
  "deletions": 3,
  "changed_files_count": 3,
  "changed_files_list": [
    "ansible/plugins/callback/default.py b/lib/ansible/plugins/callback/default.py",
    "test/units/playbook/test_play.py"
  ],
  "files": [
    {
      "file_path": "ansible/plugins/callback/default.py b/lib/ansible/plugins/callback/default.py",
      "status": "modified",
      "additions": 1,
      "deletions": 1,
      "file_diff": "diff --git a/lib/ansible/plugins/callback/default.py b/lib/ansible/plugins/callback/default.py\nindex 8fbb0654bef868..b6e56f99fda4bd 100644\n--- a/lib/ansible/plugins/callback/default.py\n+++ b/lib/ansible/plugins/callback/default.py\n@@ -108,4 +108,4 @@ def v2_playbook_on_play_start(self, play):\n         else:\n             msg = \"PLAY [%s]\" % name\n \n-        self._display.banner(name)\n+        self._display.banner(msg)"
    },
    {
      "file_path": "test/units/playbook/test_play.py",
      "status": "modified",
      "additions": 1,
      "deletions": 1,
      "file_diff": "diff --git a/test/units/playbook/test_play.py b/test/units/playbook/test_play.py\nindex 561da36272b261..0dbac227bd43ad 100644\n--- a/test/units/playbook/test_play.py\n+++ b/test/units/playbook/test_play.py\n@@ -39,7 +39,7 @@ def tearDown(self):\n \n     def test_empty_play(self):\n         p = Play.load(dict())\n-        self.assertEqual(str(p), \"PLAY: \")\n+        self.assertEqual(str(p), '')\n \n     def test_basic_play(self):\n         p = Play.load(dict(\n"
    }
  ],
  "comments": [
    {
      "author_login": "bcoca",
      "body": "I'm pretty sure we want the PLAY: to be there for all plays, for the plays w/o names we might want to remove the redundancy there.\n"
    },
    {
      "author_login": "pilou-",
      "body": "With these modifications, `PLAY` is here for all plays:\n- without name:\n  \n  ```\n  PLAY ****************************************************************************\n  TASK [setup] ********************************************************************\n  ```\n- with name:\n  \n  ```\n  PLAY [a test] *******************************************************************\n  TASK [setup] ********************************************************************\n  ```\n\nWould you prefer the outputs below ?\n- without name:\n  \n  ```\n  PLAY: ****************************************************************************\n  ```\n- with name:\n  \n  ```\n  PLAY: a test *********************************************************************\n  ```\n"
    },
    {
      "author_login": "bcoca",
      "body": "the \"outputs below\" is what we already get, not sure what you are looking to do with this PR\n"
    },
    {
      "author_login": "pilou-",
      "body": "['msg' variable is defined but not used](https://github.com/ansible/ansible/blob/29f2b549c2bf4f1809be1b4011c624c16697d19c/lib/ansible/plugins/callback/default.py#L139), it should be fixed.\n"
    },
    {
      "author_login": "amenonsen",
      "body": "@bcoca, this PR is correct. The code used to do:\n\n```\nname = ...\n<define msg based on name>\nself._display.banner(name_instead_of_msg)\n```\n\nWhat the patch does is to change the last `name` to `msg`. The second patch in the PR correctly changes `get_name()` to not add the \"PLAY\" part (since we're going to prepend it again).\n\nI'm not sure where the merge conflict came from, but here's an updated diff for both changes:\n\n```\ndiff --git a/lib/ansible/plugins/callback/default.py b/lib/ansible/plugins/callback/default.py\nindex 8fbb065..b6e56f9 100644\n--- a/lib/ansible/plugins/callback/default.py\n+++ b/lib/ansible/plugins/callback/default.py\n@@ -108,4 +108,4 @@ class CallbackModule(CallbackBase):\n         else:\n             msg = \"PLAY [%s]\" % name\n\n-        self._display.banner(name)\n+        self._display.banner(msg)\ndiff --git a/test/units/playbook/test_play.py b/test/units/playbook/test_play.py\nindex 561da36..0dbac22 100644\ndiff --git a/lib/ansible/playbook/play.py b/lib/ansible/playbook/play.py\nindex ecaeac2..e8477c4 100644\n--- a/lib/ansible/playbook/play.py\n+++ b/lib/ansible/playbook/play.py\n@@ -95,7 +95,7 @@ class Play(Base, Taggable, Become):\n\n     def get_name(self):\n        ''' return the name of the Play '''\n-       return \"PLAY: %s\" % self._attributes.get('name')\n+       return self._attributes.get('name')\n\n     @staticmethod\n     def load(data, variable_manager=None, loader=None):\n--- a/test/units/playbook/test_play.py\n+++ b/test/units/playbook/test_play.py\n@@ -39,7 +39,7 @@ class TestPlay(unittest.TestCase):\n\n     def test_empty_play(self):\n         p = Play.load(dict())\n-        self.assertEqual(str(p), \"PLAY: \")\n+        self.assertEqual(str(p), '')\n\n     def test_basic_play(self):\n         p = Play.load(dict(\n```\n\nThis can be merged.\n"
    },
    {
      "author_login": "pilou-",
      "body": "PR updated (merge conflict resolved).\n"
    }
  ],
  "reviews": []
}