{
  "pr_number": 11293,
  "url": "https://github.com/ansible/ansible/pull/11293",
  "title": "for tags with empty value, do not append separator",
  "author_login": "tamsky",
  "state": "MERGED",
  "merged_by_login": "bcoca",
  "body": "",
  "labels": [
    "bug"
  ],
  "additions": 4,
  "deletions": 1,
  "changed_files_count": 1,
  "changed_files_list": [
    "plugins/inventory/ec2.py"
  ],
  "files": [
    {
      "file_path": "plugins/inventory/ec2.py",
      "status": "modified",
      "additions": 4,
      "deletions": 1,
      "file_diff": "diff --git a/plugins/inventory/ec2.py b/plugins/inventory/ec2.py\nindex 16ac93f5ee4827..112f5c29e86c0e 100755\n--- a/plugins/inventory/ec2.py\n+++ b/plugins/inventory/ec2.py\n@@ -520,7 +520,10 @@ def add_instance(self, instance, region):\n         # Inventory: Group by tag keys\n         if self.group_by_tag_keys:\n             for k, v in instance.tags.items():\n-                key = self.to_safe(\"tag_\" + k + \"=\" + v)\n+                if v:\n+                    key = self.to_safe(\"tag_\" + k + \"=\" + v)\n+                else:\n+                    key = self.to_safe(\"tag_\" + k)\n                 self.push(self.inventory, key, dest)\n                 if self.nested_groups:\n                     self.push_group(self.inventory, 'tags', self.to_safe(\"tag_\" + k))\n"
    }
  ],
  "comments": [],
  "reviews": []
}