{
  "pr_number": 10529,
  "url": "https://github.com/ansible/ansible/pull/10529",
  "title": "rst.j2 template better core module source wording",
  "author_login": "famousgarkin",
  "state": "MERGED",
  "merged_by_login": "bcoca",
  "body": "",
  "labels": [
    "docs"
  ],
  "additions": 1,
  "deletions": 1,
  "changed_files_count": 1,
  "changed_files_list": [
    "hacking/templates/rst.j2"
  ],
  "files": [
    {
      "file_path": "hacking/templates/rst.j2",
      "status": "modified",
      "additions": 1,
      "deletions": 1,
      "file_diff": "diff --git a/hacking/templates/rst.j2 b/hacking/templates/rst.j2\nindex 6873c3fea5855d..d6d252c5c6b005 100644\n--- a/hacking/templates/rst.j2\n+++ b/hacking/templates/rst.j2\n@@ -177,7 +177,7 @@ Common return values are documented here :doc:`common_return_values`, the follow\n This is a Core Module\n ---------------------\n \n-This source of this module is hosted on GitHub in the `ansible-modules-core <http://github.com/ansible/ansible-modules-core>`_ repo.\n+The source of this module is hosted on GitHub in the `ansible-modules-core <http://github.com/ansible/ansible-modules-core>`_ repo.\n \n If you believe you have found a bug in this module, and are already running the latest stable or development version of Ansible, first look in the `issue tracker at github.com/ansible/ansible-modules-core <http://github.com/ansible/ansible-modules-core>`_ to see if a bug has already been filed.  If not, we would be grateful if you would file one.\n \n"
    }
  ],
  "comments": [],
  "reviews": []
}