{
  "pr_number": 10199,
  "url": "https://github.com/ansible/ansible/pull/10199",
  "title": "fixes su/ssh with null prompt",
  "author_login": "bcoca",
  "state": "MERGED",
  "merged_by_login": "bcoca",
  "body": "this should fix #10170\n",
  "labels": [
    "P2",
    "bug"
  ],
  "additions": 1,
  "deletions": 1,
  "changed_files_count": 1,
  "changed_files_list": [
    "ansible/runner/connection_plugins/ssh.py b/lib/ansible/runner/connection_plugins/ssh.py"
  ],
  "files": [
    {
      "file_path": "ansible/runner/connection_plugins/ssh.py b/lib/ansible/runner/connection_plugins/ssh.py",
      "status": "modified",
      "additions": 1,
      "deletions": 1,
      "file_diff": "diff --git a/lib/ansible/runner/connection_plugins/ssh.py b/lib/ansible/runner/connection_plugins/ssh.py\nindex 104f60fd3512e1..0ab4d0b859e2f0 100644\n--- a/lib/ansible/runner/connection_plugins/ssh.py\n+++ b/lib/ansible/runner/connection_plugins/ssh.py\n@@ -335,7 +335,7 @@ def exec_command(self, cmd, tmp_path, sudo_user=None, sudoable=False, executable\n                         \"sudo\", \"Sorry, try again.\")\n                     if sudo_errput.strip().endswith(\"%s%s\" % (prompt, incorrect_password)):\n                         raise errors.AnsibleError('Incorrect sudo password')\n-                    elif sudo_errput.endswith(prompt):\n+                    elif prompt and sudo_errput.endswith(prompt):\n                         stdin.write(self.runner.sudo_pass + '\\n')\n \n                 if p.stdout in rfd:\n"
    }
  ],
  "comments": [],
  "reviews": []
}