{
  "pr_number": 11510,
  "url": "https://github.com/ansible/ansible/pull/11510",
  "title": "Update index.rst",
  "author_login": "jaceklaskowski",
  "state": "MERGED",
  "merged_by_login": "bcoca",
  "body": "Fix a typo\n",
  "labels": [
    "docs"
  ],
  "additions": 2,
  "deletions": 2,
  "changed_files_count": 1,
  "changed_files_list": [
    "docsite/rst/index.rst"
  ],
  "files": [
    {
      "file_path": "docsite/rst/index.rst",
      "status": "modified",
      "additions": 2,
      "deletions": 2,
      "file_diff": "diff --git a/docsite/rst/index.rst b/docsite/rst/index.rst\nindex 26db29ab82f43c..936a485c9e482a 100644\n--- a/docsite/rst/index.rst\n+++ b/docsite/rst/index.rst\n@@ -11,9 +11,9 @@ such as continuous deployments or zero downtime rolling updates.\n \n Ansible's main goals are simplicity and ease-of-use. It also has a strong focus on security and reliability, featuring a minimum of moving parts, usage of OpenSSH for transport (with an accelerated socket mode and pull modes as alternatives), and a language that is designed around auditability by humans--even those not familiar with the program.\n \n-We believe simplicity is relevant to all sizes of environments, so we design for busy users of all types: developers, sysadmins, release engineers, IT managers, and everyone in between. Ansible is appropriate for managing all ennvironements, from small setups with a handful of instances to enterprise environments with many thousands of instances.\n+We believe simplicity is relevant to all sizes of environments, so we design for busy users of all types: developers, sysadmins, release engineers, IT managers, and everyone in between. Ansible is appropriate for managing all environments, from small setups with a handful of instances to enterprise environments with many thousands of instances.\n \n-Ansible manages machines in an agentless manner. There is never a question of how to\n+Ansible manages machines in an agent-less manner. There is never a question of how to\n upgrade remote daemons or the problem of not being able to manage systems because daemons are uninstalled.  Because OpenSSH is one of the most peer-reviewed open source components, security exposure is greatly reduced. Ansible is decentralized--it relies on your existing OS credentials to control access to remote machines. If needed, Ansible can easily connect with Kerberos, LDAP, and other centralized authentication management systems.\n \n This documentation covers the current released version of Ansible (1.9.1) and also some development version features (2.0).  For recent features, we note in each section the version of Ansible where the feature was added.  \n"
    }
  ],
  "comments": [],
  "reviews": []
}