{
  "pr_number": 10716,
  "url": "https://github.com/ansible/ansible/pull/10716",
  "title": "Fix the name of the exported class ( pylint )",
  "author_login": "mscherer",
  "state": "MERGED",
  "merged_by_login": "abadger",
  "body": "",
  "labels": [],
  "additions": 1,
  "deletions": 1,
  "changed_files_count": 1,
  "changed_files_list": [
    "v2/ansible/executor/process/worker.py"
  ],
  "files": [
    {
      "file_path": "v2/ansible/executor/process/worker.py",
      "status": "modified",
      "additions": 1,
      "deletions": 1,
      "file_diff": "diff --git a/v2/ansible/executor/process/worker.py b/v2/ansible/executor/process/worker.py\nindex 8e624fe401e6ca..f24e6abd5e0f47 100644\n--- a/v2/ansible/executor/process/worker.py\n+++ b/v2/ansible/executor/process/worker.py\n@@ -41,7 +41,7 @@\n \n from ansible.utils.debug import debug\n \n-__all__ = ['ExecutorProcess']\n+__all__ = ['WorkerProcess']\n \n \n class WorkerProcess(multiprocessing.Process):\n"
    }
  ],
  "comments": [
    {
      "author_login": "abadger",
      "body": "Thanks!\n\n# Merged\n\nHi!\n\nThis has been merged in, and will also be included in the next major release.\n\nIf you or anyone else has any further questions, please let us know by stopping by one of the two mailing lists, as appropriate:\n- https://groups.google.com/forum/#!forum/ansible-project - for user questions, tips, and tricks\n- https://groups.google.com/forum/#!forum/ansible-devel - for strategy, future planning, and questions about writing code\n\nBecause this project is very active, we're unlikely to see comments made on closed tickets, but the mailing list is a great way to ask questions, or post if you don't think this particular\nissue is resolved.\n\nThank you!\n"
    }
  ],
  "reviews": []
}