{
  "pr_number": 11483,
  "url": "https://github.com/ansible/ansible/pull/11483",
  "title": "implement jinja2 header overrides",
  "author_login": "pilou-",
  "state": "MERGED",
  "merged_by_login": "bcoca",
  "body": "Complete 4098e8283e8cf7c13ced8c04796d838caf304c81, the code comes from [v1](https://github.com/ansible/ansible/blob/de98dc2968f312b5c565631a56f4bf153ccd9bec/v1/ansible/utils/template.py#L252).\n",
  "labels": [
    "bug"
  ],
  "additions": 12,
  "deletions": 0,
  "changed_files_count": 1,
  "changed_files_list": [
    "ansible/template/__init__.py b/lib/ansible/template/__init__.py"
  ],
  "files": [
    {
      "file_path": "ansible/template/__init__.py b/lib/ansible/template/__init__.py",
      "status": "modified",
      "additions": 12,
      "deletions": 0,
      "file_diff": "diff --git a/lib/ansible/template/__init__.py b/lib/ansible/template/__init__.py\nindex 8ce243f55f22a5..f10ea22fb5bb0b 100644\n--- a/lib/ansible/template/__init__.py\n+++ b/lib/ansible/template/__init__.py\n@@ -19,6 +19,7 @@\n from __future__ import (absolute_import, division, print_function)\n __metaclass__ = type\n \n+import ast\n import re\n \n from jinja2 import Environment\n@@ -256,6 +257,17 @@ def _do_template(self, data, preserve_trailing_newlines=False, fail_on_undefined\n                 overrides = JINJA2_ALLOWED_OVERRIDES.intersection(set(overrides))\n                 myenv = self.environment.overlay(overrides)\n \n+            # Get jinja env overrides from template\n+            if data.startswith(JINJA2_OVERRIDE):\n+                eol = data.find('\\n')\n+                line = data[len(JINJA2_OVERRIDE):eol]\n+                data = data[eol+1:]\n+                for pair in line.split(','):\n+                    (key,val) = pair.split(':')\n+                    key = key.strip()\n+                    if key in JINJA2_ALLOWED_OVERRIDES:\n+                        setattr(myenv, key, ast.literal_eval(val.strip()))\n+\n             #FIXME: add tests\n             myenv.filters.update(self._get_filters())\n \n"
    }
  ],
  "comments": [],
  "reviews": []
}