{
  "pr_number": 10130,
  "url": "https://github.com/ansible/ansible/pull/10130",
  "title": "made inventory consistent in config file, deprecated old config hostfile",
  "author_login": "bcoca",
  "state": "MERGED",
  "merged_by_login": "abadger",
  "body": "should bring naming consistency as per #10104\n",
  "labels": [],
  "additions": 3,
  "deletions": 3,
  "changed_files_count": 3,
  "changed_files_list": [
    "ansible/constants.py b/lib/ansible/constants.py",
    "v2/ansible/constants.py"
  ],
  "files": [
    {
      "file_path": "ansible/constants.py b/lib/ansible/constants.py",
      "status": "modified",
      "additions": 1,
      "deletions": 1,
      "file_diff": "diff --git a/lib/ansible/constants.py b/lib/ansible/constants.py\nindex 861dd5325c16cf..01b33ea94c285a 100644\n--- a/lib/ansible/constants.py\n+++ b/lib/ansible/constants.py\n@@ -98,7 +98,7 @@ def shell_expand_path(path):\n DEFAULTS='defaults'\n \n # configurable things\n-DEFAULT_HOST_LIST         = shell_expand_path(get_config(p, DEFAULTS, 'hostfile', 'ANSIBLE_HOSTS', '/etc/ansible/hosts'))\n+DEFAULT_HOST_LIST         = shell_expand_path(get_config(p, DEFAULTS, 'inventory', 'ANSIBLE_INVENTORY', get_config(p, DEFAULTS,'hostfile','ANSIBLE_HOSTS', '/etc/ansible/hosts')))\n DEFAULT_MODULE_PATH       = get_config(p, DEFAULTS, 'library',          'ANSIBLE_LIBRARY',          None)\n DEFAULT_ROLES_PATH        = shell_expand_path(get_config(p, DEFAULTS, 'roles_path',       'ANSIBLE_ROLES_PATH',       '/etc/ansible/roles'))\n DEFAULT_REMOTE_TMP        = get_config(p, DEFAULTS, 'remote_tmp',       'ANSIBLE_REMOTE_TEMP',      '$HOME/.ansible/tmp')"
    },
    {
      "file_path": "v2/ansible/constants.py",
      "status": "modified",
      "additions": 1,
      "deletions": 1,
      "file_diff": "diff --git a/v2/ansible/constants.py b/v2/ansible/constants.py\nindex 6adcdd0a9f75aa..1c2bc092b23cbc 100644\n--- a/v2/ansible/constants.py\n+++ b/v2/ansible/constants.py\n@@ -105,7 +105,7 @@ def shell_expand_path(path):\n \n # configurable things\n DEFAULT_DEBUG             = get_config(p, DEFAULTS, 'debug',            'ANSIBLE_DEBUG',            False, boolean=True)\n-DEFAULT_HOST_LIST         = shell_expand_path(get_config(p, DEFAULTS, 'hostfile', 'ANSIBLE_HOSTS', '/etc/ansible/hosts'))\n+DEFAULT_HOST_LIST         = shell_expand_path(get_config(p, DEFAULTS, 'inventory', 'ANSIBLE_INVENTORY', get_config(p, DEFAULTS,'hostfile','ANSIBLE_HOSTS', '/etc/ansible/hosts')))\n DEFAULT_MODULE_PATH       = get_config(p, DEFAULTS, 'library',          'ANSIBLE_LIBRARY',          None)\n DEFAULT_ROLES_PATH        = shell_expand_path(get_config(p, DEFAULTS, 'roles_path',       'ANSIBLE_ROLES_PATH',       '/etc/ansible/roles'))\n DEFAULT_REMOTE_TMP        = get_config(p, DEFAULTS, 'remote_tmp',       'ANSIBLE_REMOTE_TEMP',      '$HOME/.ansible/tmp')\n"
    }
  ],
  "comments": [
    {
      "author_login": "tyll",
      "body": "This beaks overriding the inventory with ANSIBLE_HOSTS, becaus it introduces ANSIBLE_INVENTORY. ANSIBLE_INVENTORY is also not added to the documentation, only ANSIBLE_HOSTS.\n"
    },
    {
      "author_login": "bcoca",
      "body": "ANSIBLE_HOSTS should still work to override the hostfile entry, but made note to update docs with ANSIBLE_INVENTORY\n"
    },
    {
      "author_login": "tyll",
      "body": "ANSIBLE_HOSTS does not work if there is a \"inventory\" section in the config file. This seems to be silently addressed by you for the v2 branch in commit cdefeb6d84499d86bf6fef8352b06d626c1bf4ae - this will make ANSIBLE_INVENTORY not work if there is a \"hosts\" section in the config file, which might cause less trouble.\n"
    },
    {
      "author_login": "bcoca",
      "body": "I thought that was case in both trees, v2 is about to be merged in so leaving it as is\n"
    }
  ],
  "reviews": []
}