{
  "pr_number": 10633,
  "url": "https://github.com/ansible/ansible/pull/10633",
  "title": "Fixed typo",
  "author_login": "centromere",
  "state": "MERGED",
  "merged_by_login": "cchurch",
  "body": "",
  "labels": [
    "docs"
  ],
  "additions": 1,
  "deletions": 1,
  "changed_files_count": 1,
  "changed_files_list": [
    "plugins/inventory/ec2.ini"
  ],
  "files": [
    {
      "file_path": "plugins/inventory/ec2.ini",
      "status": "modified",
      "additions": 1,
      "deletions": 1,
      "file_diff": "diff --git a/plugins/inventory/ec2.ini b/plugins/inventory/ec2.ini\nindex 523a80ed8334bf..1866f0bf3d6c27 100644\n--- a/plugins/inventory/ec2.ini\n+++ b/plugins/inventory/ec2.ini\n@@ -33,7 +33,7 @@ destination_variable = public_dns_name\n # has 'subnet_id' set, this variable is used. If the subnet is public, setting\n # this to 'ip_address' will return the public IP address. For instances in a\n # private subnet, this should be set to 'private_ip_address', and Ansible must\n-# be run from with EC2. The key of an EC2 tag may optionally be used; however\n+# be run from within EC2. The key of an EC2 tag may optionally be used; however\n # the boto instance variables hold precedence in the event of a collision.\n vpc_destination_variable = ip_address\n \n"
    }
  ],
  "comments": [],
  "reviews": []
}