{
  "pr_number": 1122,
  "url": "https://github.com/ansible/ansible/pull/1122",
  "title": "Revert pull request #1091",
  "author_login": "dhozac",
  "state": "MERGED",
  "merged_by_login": "mpdehaan",
  "body": "Automatic quoting of variables in only_if breaks existing playbooks\nwhere entire statements are put in a variable, and other cases. See\nissue #1120 for details.\n",
  "labels": [],
  "additions": 4,
  "deletions": 70,
  "changed_files_count": 3,
  "changed_files_list": [
    "ansible/utils.py b/lib/ansible/utils.py",
    "test/TestUtils.py"
  ],
  "files": [
    {
      "file_path": "ansible/utils.py b/lib/ansible/utils.py",
      "status": "modified",
      "additions": 3,
      "deletions": 10,
      "file_diff": "diff --git a/lib/ansible/utils.py b/lib/ansible/utils.py\nindex c3debbd1c4d82f..a102acc311f6f9 100644\n--- a/lib/ansible/utils.py\n+++ b/lib/ansible/utils.py\n@@ -289,7 +289,7 @@ def varLookup(varname, vars):\n     except VarNotFoundException:\n         return None\n \n-def varReplace(raw, vars, do_repr=False, depth=0):\n+def varReplace(raw, vars, depth=0):\n     ''' Perform variable replacement of $variables in string raw using vars dictionary '''\n     # this code originally from yum\n \n@@ -315,13 +315,6 @@ def varReplace(raw, vars, do_repr=False, depth=0):\n             replacement = raw[m['start']:m['end']]\n \n         start, end = m['start'], m['end']\n-        if do_repr:\n-            replacement = repr(replacement)\n-            if (start > 0 and\n-                ((raw[start - 1] == \"'\" and raw[end] == \"'\") or\n-                 (raw[start - 1] == '\"' and raw[end] == '\"'))):\n-                start -= 1\n-                end += 1\n         done.append(raw[:start])          # Keep stuff leading up to token\n         done.append(unicode(replacement)) # Append replacement value\n         raw = raw[end:]                   # Continue with remainder of string\n@@ -363,7 +356,7 @@ def varReplaceFilesAndPipes(basedir, raw):\n     return ''.join(done)\n \n \n-def template(basedir, text, vars, do_repr=False):\n+def template(basedir, text, vars):\n     ''' run a text buffer through the templating engine until it no longer changes '''\n \n     prev_text = ''\n@@ -371,7 +364,7 @@ def template(basedir, text, vars, do_repr=False):\n         text = text.decode('utf-8')\n     except UnicodeEncodeError:\n         pass # already unicode\n-    text = varReplace(unicode(text), vars, do_repr)\n+    text = varReplace(unicode(text), vars)\n     text = varReplaceFilesAndPipes(basedir, text)\n     return text\n "
    },
    {
      "file_path": "test/TestUtils.py",
      "status": "modified",
      "additions": 0,
      "deletions": 59,
      "file_diff": "diff --git a/test/TestUtils.py b/test/TestUtils.py\nindex b7b20f678e9f0a..8ce5dacb0c7073 100644\n--- a/test/TestUtils.py\n+++ b/test/TestUtils.py\n@@ -202,65 +202,6 @@ def test_varReplace_nested_list(self):\n \n         assert res == 'hello world'\n \n-    def test_varReplace_repr_basic(self):\n-        vars = {\n-            'color': '$favorite_color',\n-            'favorite_color': 'blue',\n-        }\n-\n-        template = '$color == \"blue\"'\n-        res = ansible.utils.varReplace(template, vars, do_repr=True)\n-        assert eval(res)\n-\n-    def test_varReplace_repr_varinvar(self):\n-        vars = {\n-            'foo': 'foo',\n-            'bar': 'bar',\n-            'foobar': '$foo$bar',\n-            'var': {\n-                'foo': 'foo',\n-                'foobar': '$foo$bar',\n-            },\n-        }\n-\n-        template = '$foobar == \"foobar\"'\n-        res = ansible.utils.varReplace(template, vars, do_repr=True)\n-        assert eval(res)\n-\n-    def test_varReplace_repr_varindex(self):\n-        vars = {\n-            'foo': 'foo',\n-            'var': {\n-                'foo': 'bar',\n-            },\n-        }\n-\n-        template = '${var.$foo} == \"bar\"'\n-        res = ansible.utils.varReplace(template, vars, do_repr=True)\n-        assert eval(res)\n-\n-    def test_varReplace_repr_varpartindex(self):\n-        vars = {\n-            'foo': 'foo',\n-            'var': {\n-                'foobar': 'foobar',\n-            },\n-        }\n-\n-        template = '${var.${foo}bar} == \"foobar\"'\n-        res = ansible.utils.varReplace(template, vars, do_repr=True)\n-        assert eval(res)\n-\n-    def test_varReplace_repr_nonstr(self):\n-        vars = {\n-            'foo': True,\n-            'bar': 1L,\n-        }\n-\n-        template = '${foo} == $bar'\n-        res = ansible.utils.varReplace(template, vars, do_repr=True)\n-        assert res == 'True == 1L'\n-\n     def test_varReplace_consecutive_vars(self):\n         vars = {\n             'foo': 'foo',\n"
    }
  ],
  "comments": [
    {
      "author_login": "mpdehaan",
      "body": "Merged for now, thanks!\n\nI'm sure we can figure a way out on this one.\n\nIf not, only_if should at least try to yell at you if things need to be quoted and are not.\n"
    }
  ],
  "reviews": []
}