{
  "pr_number": 11112,
  "url": "https://github.com/ansible/ansible/pull/11112",
  "title": "Apply #10563 to stable-1.9",
  "author_login": "jkleckner",
  "state": "MERGED",
  "merged_by_login": "bcoca",
  "body": "Uh, the corrected pull request properly targeting stable-1.9 as stated...\n\nApply fix #10563 via cherry-pick of 104b203 to make sourcing of hacking env work.\n",
  "labels": [
    "bug"
  ],
  "additions": 1,
  "deletions": 2,
  "changed_files_count": 1,
  "changed_files_list": [
    "hacking/env-setup"
  ],
  "files": [
    {
      "file_path": "hacking/env-setup",
      "status": "modified",
      "additions": 1,
      "deletions": 2,
      "file_diff": "diff --git a/hacking/env-setup b/hacking/env-setup\nindex 9b9a529d13a4e8..4ea132a5341e42 100644\n--- a/hacking/env-setup\n+++ b/hacking/env-setup\n@@ -41,11 +41,10 @@ expr \"$MANPATH\" : \"${PREFIX_MANPATH}.*\" > /dev/null || export MANPATH=\"$PREFIX_M\n # Do the work in a function so we don't repeat ourselves later\n gen_egg_info()\n {\n-    python setup.py egg_info\n     if [ -e \"$PREFIX_PYTHONPATH/ansible.egg-info\" ] ; then\n         rm -r \"$PREFIX_PYTHONPATH/ansible.egg-info\"\n     fi\n-    mv \"ansible.egg-info\" \"$PREFIX_PYTHONPATH\"\n+    python setup.py egg_info\n }\n \n if [ \"$ANSIBLE_HOME\" != \"$PWD\" ] ; then\n"
    }
  ],
  "comments": [],
  "reviews": []
}