{
  "pr_number": 11626,
  "url": "https://github.com/ansible/ansible/pull/11626",
  "title": "profile_tasks.py requires CALLBACK_ constants or the v2 code doesn't pass the …",
  "author_login": "halberom",
  "state": "MERGED",
  "merged_by_login": "bcoca",
  "body": "…display param and it gives an error\n\nrelates to #11625 and commit a09f6236a5f9ace208e7b17893e67c386abaa802\nfixes #11627 \n\nbefore change\n\n```\n$ ansible-playbook plays/test_to_json.yml -vvv\nUsing /Users/glynch/vagrant/ansible_foo/ansible.cfg as config file\n1 plays in plays/test_to_json.yml\n [ERROR]: Unexpected Exception: __init__() takes exactly 2 arguments (1 given)\n\nthe full traceback was:\n\nTraceback (most recent call last):\n  File \"/Users/glynch/dev/ansible/bin/ansible-playbook\", line 77, in <module>\n    sys.exit(cli.run())\n  File \"/Users/glynch/dev/ansible/lib/ansible/cli/playbook.py\", line 162, in run\n    results = pbex.run()\n  File \"/Users/glynch/dev/ansible/lib/ansible/executor/playbook_executor.py\", line 128, in run\n    self._tqm.load_callbacks()\n  File \"/Users/glynch/dev/ansible/lib/ansible/executor/task_queue_manager.py\", line 154, in load_callbacks\n    self._callback_plugins.append(callback_plugin())\nTypeError: __init__() takes exactly 2 arguments (1 given)\n```\n\nafter change\n\n```\n$ ansible-playbook plays/test_to_json.yml -vvv\nUsing /Users/glynch/vagrant/ansible_foo/ansible.cfg as config file\n1 plays in plays/test_to_json.yml\n\nPLAY: ***************************************************************************\n\nTASK [debug msg={\"bob\": \"bar\", \"fox\": \"jumped over\"}] ***************************\nok: [centos66] => {\n    \"changed\": false, \n    \"msg\": {\n        \"bob\": \"bar\", \n        \"fox\": \"jumped over\"\n    }\n}\n```\n",
  "labels": [
    "P2",
    "bug"
  ],
  "additions": 8,
  "deletions": 1,
  "changed_files_count": 1,
  "changed_files_list": [
    "ansible/plugins/callback/profile_tasks.py b/lib/ansible/plugins/callback/profile_tasks.py"
  ],
  "files": [
    {
      "file_path": "ansible/plugins/callback/profile_tasks.py b/lib/ansible/plugins/callback/profile_tasks.py",
      "status": "modified",
      "additions": 8,
      "deletions": 1,
      "file_diff": "diff --git a/lib/ansible/plugins/callback/profile_tasks.py b/lib/ansible/plugins/callback/profile_tasks.py\nindex 90ee25d3a2982b..f873b75ead0cf3 100644\n--- a/lib/ansible/plugins/callback/profile_tasks.py\n+++ b/lib/ansible/plugins/callback/profile_tasks.py\n@@ -58,7 +58,14 @@ def tasktime():\n \n \n class CallbackModule(CallbackBase):\n-\n+    \"\"\"\n+    This callback module provides per-task timing, ongoing playbook elapsed time \n+    and ordered list of top 20 longest running tasks at end.\n+    \"\"\"\n+    CALLBACK_VERSION = 2.0\n+    CALLBACK_TYPE = 'aggregate'\n+    CALLBACK_NAME = 'profile_tasks'\n+ \n     def __init__(self, display):\n         self.stats = {}\n         self.current = None\n"
    }
  ],
  "comments": [],
  "reviews": []
}