{
  "pr_number": 11036,
  "url": "https://github.com/ansible/ansible/pull/11036",
  "title": "Minor Fix for broken link",
  "author_login": "jolexa",
  "state": "MERGED",
  "merged_by_login": "bcoca",
  "body": "",
  "labels": [
    "windows",
    "docs"
  ],
  "additions": 1,
  "deletions": 1,
  "changed_files_count": 1,
  "changed_files_list": [
    "docsite/rst/intro_windows.rst"
  ],
  "files": [
    {
      "file_path": "docsite/rst/intro_windows.rst",
      "status": "modified",
      "additions": 1,
      "deletions": 1,
      "file_diff": "diff --git a/docsite/rst/intro_windows.rst b/docsite/rst/intro_windows.rst\nindex b675cd77d9d683..5dd9ad5d1d0f85 100644\n--- a/docsite/rst/intro_windows.rst\n+++ b/docsite/rst/intro_windows.rst\n@@ -129,7 +129,7 @@ Note there are a few other Ansible modules that don't start with \"win\" that also\n Developers: Supported modules and how it works\n ``````````````````````````````````````````````\n \n-Developing ansible modules are covered in a `later section of the documentation <http://developing_modules.html>`_, with a focus on Linux/Unix.\n+Developing ansible modules are covered in a `later section of the documentation <http://docs.ansible.com/developing_modules.html>`_, with a focus on Linux/Unix.\n What if you want to write Windows modules for ansible though?\n \n For Windows, ansible modules are implemented in PowerShell.  Skim those Linux/Unix module development chapters before proceeding.\n"
    }
  ],
  "comments": [],
  "reviews": []
}