{
  "pr_number": 10703,
  "url": "https://github.com/ansible/ansible/pull/10703",
  "title": "Add back AnsibleFileNotFound ( used in connection plugins )",
  "author_login": "mscherer",
  "state": "MERGED",
  "merged_by_login": "abadger",
  "body": "",
  "labels": [],
  "additions": 4,
  "deletions": 0,
  "changed_files_count": 1,
  "changed_files_list": [
    "v2/ansible/errors/__init__.py"
  ],
  "files": [
    {
      "file_path": "v2/ansible/errors/__init__.py",
      "status": "modified",
      "additions": 4,
      "deletions": 0,
      "file_diff": "diff --git a/v2/ansible/errors/__init__.py b/v2/ansible/errors/__init__.py\nindex bdd6e524489c72..04beb2b3caf005 100644\n--- a/v2/ansible/errors/__init__.py\n+++ b/v2/ansible/errors/__init__.py\n@@ -167,3 +167,7 @@ class AnsibleFilterError(AnsibleRuntimeError):\n class AnsibleUndefinedVariable(AnsibleRuntimeError):\n     ''' a templating failure '''\n     pass\n+\n+class AnsibleFileNotFound(AnsibleRuntimeError):\n+    ''' a file missing failure '''\n+    pass\n"
    }
  ],
  "comments": [
    {
      "author_login": "abadger",
      "body": "# Merged\n\nHi!\n\nThis has been merged in, and will also be included in the next major release.\n\nIf you or anyone else has any further questions, please let us know by stopping by one of the two mailing lists, as appropriate:\n- https://groups.google.com/forum/#!forum/ansible-project - for user questions, tips, and tricks\n- https://groups.google.com/forum/#!forum/ansible-devel - for strategy, future planning, and questions about writing code\n\nBecause this project is very active, we're unlikely to see comments made on closed tickets, but the mailing list is a great way to ask questions, or post if you don't think this particular\nissue is resolved.\n\nThank you!\n"
    }
  ],
  "reviews": []
}