{
  "pr_number": 10138,
  "url": "https://github.com/ansible/ansible/pull/10138",
  "title": "initial draft virtualbox inventory script",
  "author_login": "bcoca",
  "state": "MERGED",
  "merged_by_login": "bcoca",
  "body": "works for me, short n simple, no cache as it is normally local\n",
  "labels": [
    "feature"
  ],
  "additions": 114,
  "deletions": 0,
  "changed_files_count": 1,
  "changed_files_list": [
    "plugins/inventory/vbox.py"
  ],
  "files": [
    {
      "file_path": "plugins/inventory/vbox.py",
      "status": "added",
      "additions": 114,
      "deletions": 0,
      "file_diff": "diff --git a/plugins/inventory/vbox.py b/plugins/inventory/vbox.py\nnew file mode 100755\nindex 00000000000000..ff31785d7e3de0\n--- /dev/null\n+++ b/plugins/inventory/vbox.py\n@@ -0,0 +1,114 @@\n+#!/usr/bin/env python\n+\n+# This file is part of Ansible,\n+#\n+# Ansible is free software: you can redistribute it and/or modify\n+# it under the terms of the GNU General Public License as published by\n+# the Free Software Foundation, either version 3 of the License, or\n+# (at your option) any later version.\n+#\n+# Ansible is distributed in the hope that it will be useful,\n+# but WITHOUT ANY WARRANTY; without even the implied warranty of\n+# MERCHANTABILITY or FITNESS FOR A PARTICULAR PURPOSE.  See the\n+# GNU General Public License for more details.\n+#\n+# You should have received a copy of the GNU General Public License\n+# along with Ansible.  If not, see <http://www.gnu.org/licenses/>.\n+\n+import sys\n+from subprocess import Popen,PIPE\n+\n+try:\n+    import json\n+except ImportError:\n+    import simplejson as json\n+\n+\n+VBOX=\"VBoxManage\"\n+\n+\n+def get_hosts(host=None):\n+\n+    returned = {}\n+    try:\n+        if host:\n+            p = Popen([VBOX, 'showvminfo', host], stdout=PIPE)\n+        else:\n+            returned = { 'all': set(), '_metadata': {}  }\n+            p = Popen([VBOX, 'list', '-l', 'vms'], stdout=PIPE)\n+    except:\n+        sys.exit(1)\n+\n+    hostvars = {}\n+    prevkey = pref_k = ''\n+\n+    for line in p.stdout.readlines():\n+\n+        try:\n+            k,v = line.split(':',1)\n+        except:\n+            continue\n+\n+        if k == '':\n+            continue\n+\n+        v = v.strip()\n+        if k.startswith('Name'):\n+            if v not in hostvars:\n+                curname = v\n+                hostvars[curname] = {}\n+                try: # try to get network info\n+                    x = Popen([VBOX, 'guestproperty', 'get', curname,\"/VirtualBox/GuestInfo/Net/0/V4/IP\"],stdout=PIPE)\n+                    ipinfo = x.stdout.read()\n+                    if 'Value' in ipinfo:\n+                        a,ip = ipinfo.split(':',1)\n+                        hostvars[curname]['ansible_ssh_host'] = ip.strip()\n+                except:\n+                    pass\n+\n+            continue\n+\n+        if not host:\n+            if k == 'Groups':\n+                for group in v.split('/'):\n+                    if group:\n+                        if group not in returned:\n+                            returned[group] = set()\n+                        returned[group].add(curname)\n+                    returned['all'].add(curname)\n+                continue\n+\n+        pref_k = 'vbox_' + k.strip().replace(' ','_')\n+        if k.startswith(' '):\n+            if prevkey not in hostvars[curname]:\n+                hostvars[curname][prevkey] = {}\n+            hostvars[curname][prevkey][pref_k]= v\n+        else:\n+            if v != '':\n+                hostvars[curname][pref_k] = v\n+\n+        prevkey = pref_k\n+\n+    if not host:\n+        returned['_metadata']['hostvars'] = hostvars\n+    else:\n+        returned = hostvars[host]\n+    return returned\n+\n+\n+if __name__ == '__main__':\n+\n+    inventory = {}\n+    hostname = None\n+\n+    if len(sys.argv) > 1:\n+        if sys.argv[1] == \"--host\":\n+            hostname = sys.argv[2]\n+\n+    if hostname:\n+        inventory = get_hosts(hostname)\n+    else:\n+        inventory = get_hosts()\n+\n+    import pprint\n+    print pprint.pprint(inventory)\n"
    }
  ],
  "comments": [
    {
      "author_login": "tersmitten",
      "body": "Great work. Is it problem that check_output is not available in python 2.6?\n"
    },
    {
      "author_login": "bcoca",
      "body": "yes it is, I'll go back to popen, I've just been waiting to find an excuse to use any other of subproces' methods.\n"
    }
  ],
  "reviews": []
}