{
  "pr_number": 10798,
  "url": "https://github.com/ansible/ansible/pull/10798",
  "title": "Fixed links",
  "author_login": "hver",
  "state": "MERGED",
  "merged_by_login": "bcoca",
  "body": "",
  "labels": [
    "docs"
  ],
  "additions": 1,
  "deletions": 1,
  "changed_files_count": 1,
  "changed_files_list": [
    "docsite/rst/community.rst"
  ],
  "files": [
    {
      "file_path": "docsite/rst/community.rst",
      "status": "modified",
      "additions": 1,
      "deletions": 1,
      "file_diff": "diff --git a/docsite/rst/community.rst b/docsite/rst/community.rst\nindex f33109337dbe27..b056c3dacc2085 100644\n--- a/docsite/rst/community.rst\n+++ b/docsite/rst/community.rst\n@@ -66,7 +66,7 @@ Bugs related to the core language should be reported to `github.com/ansible/ansi\n signing up for a free github account.  Before reporting a bug, please use the bug/issue search \n to see if the issue has already been reported.  \n \n-MODULE related bugs however should go to `ansible-modules-core <github.com/ansible/ansible-modules-core>`_ or `ansible-modules-extras <github.com/ansible/ansible-modules-extras>`_ based on the classification of the module.  This is listed on the bottom of the docs page for any module.\n+MODULE related bugs however should go to `ansible-modules-core <http://github.com/ansible/ansible-modules-core>`_ or `ansible-modules-extras <http://github.com/ansible/ansible-modules-extras>`_ based on the classification of the module.  This is listed on the bottom of the docs page for any module.\n \n When filing a bug, please use the `issue template <https://github.com/ansible/ansible/raw/devel/ISSUE_TEMPLATE.md>`_ to provide all relevant information, regardless of what repo you are filing a ticket against.\n \n"
    }
  ],
  "comments": [],
  "reviews": []
}