{
  "pr_number": 11487,
  "url": "https://github.com/ansible/ansible/pull/11487",
  "title": "Be more specific describing groups of groups,",
  "author_login": "mikeputnam",
  "state": "MERGED",
  "merged_by_login": "bcoca",
  "body": "Fixes #11397\n",
  "labels": [
    "needs_revision",
    "docs"
  ],
  "additions": 1,
  "deletions": 3,
  "changed_files_count": 1,
  "changed_files_list": [
    "docsite/rst/intro_inventory.rst"
  ],
  "files": [
    {
      "file_path": "docsite/rst/intro_inventory.rst",
      "status": "modified",
      "additions": 1,
      "deletions": 3,
      "file_diff": "diff --git a/docsite/rst/intro_inventory.rst b/docsite/rst/intro_inventory.rst\nindex d97032e0635dc6..70709890cd08f8 100644\n--- a/docsite/rst/intro_inventory.rst\n+++ b/docsite/rst/intro_inventory.rst\n@@ -106,9 +106,7 @@ Variables can also be applied to an entire group at once::\n Groups of Groups, and Group Variables\n +++++++++++++++++++++++++++++++++++++\n \n-It is also possible to make groups of groups and assign\n-variables to groups.  These variables can be used by /usr/bin/ansible-playbook, but not\n-/usr/bin/ansible::\n+It is also possible to make groups of groups using the ``:children`` suffix. Just like above, you can apply variables using ``:vars``.\n \n    [atlanta]\n    host1\n"
    }
  ],
  "comments": [
    {
      "author_login": "bcoca",
      "body": "so this seems to be a remnant of not being able to use template in adhoc, but vars are still available for use.\n"
    },
    {
      "author_login": "bcoca",
      "body": "inventory vars get loaded no matter which executable you are using, this last line is not true\n\nI know you did not add it, trying to find who/why it was added\n",
      "file_path": "docsite/rst/intro_inventory.rst",
      "diff_hunk": "@@ -106,9 +106,8 @@ Variables can also be applied to an entire group at once::\n Groups of Groups, and Group Variables\n +++++++++++++++++++++++++++++++++++++\n \n-It is also possible to make groups of groups and assign\n-variables to groups.  These variables can be used by /usr/bin/ansible-playbook, but not\n-/usr/bin/ansible::\n+It is also possible to make groups of groups using the ``:children`` suffix. Just like above, you can apply variables using ``:vars``.\n+These variables can be used by /usr/bin/ansible-playbook, but not /usr/bin/ansible::",
      "comment_type": "review_comment"
    }
  ],
  "reviews": []
}