{
  "pr_number": 100,
  "url": "https://github.com/ansible/ansible/pull/100",
  "title": "file module: mode formatting & directory ownership",
  "author_login": "mgwilliams",
  "state": "MERGED",
  "merged_by_login": "mpdehaan",
  "body": "",
  "labels": [],
  "additions": 3,
  "deletions": 3,
  "changed_files_count": 1,
  "changed_files_list": [
    "library/file"
  ],
  "files": [
    {
      "file_path": "library/file",
      "status": "modified",
      "additions": 3,
      "deletions": 3,
      "file_diff": "diff --git a/library/file b/library/file\nindex e00e036b45df82..ad2f62c9b81d03 100755\n--- a/library/file\n+++ b/library/file\n@@ -152,7 +152,7 @@ def set_mode_if_different(path, mode, changed):\n        return changed\n    try:\n        # FIXME: support English modes\n-       mode = int(\"0%s\" % mode)\n+       mode = int(mode, 8)\n    except Exception, e:\n        fail_json(path=path, msg='mode needs to be something octalish', details=str(e))  \n  \n@@ -233,8 +233,8 @@ elif state == 'directory':\n     # set modes owners and context as needed\n     changed = set_context_if_different(path, secontext, changed)\n     changed = set_owner_if_different(path, owner, changed)\n-    changed = set_group_if_different(path, owner, changed)\n-    changed = set_mode_if_different(path, owner, changed)\n+    changed = set_group_if_different(path, group, changed)\n+    changed = set_mode_if_different(path, mode, changed)\n \n     exit_json(path=path, changed=changed)\n \n"
    }
  ],
  "comments": [],
  "reviews": []
}