{
  "pr_number": 11643,
  "url": "https://github.com/ansible/ansible/pull/11643",
  "title": "Meta inventory and fixes",
  "author_login": "bcoca",
  "state": "MERGED",
  "merged_by_login": "bcoca",
  "body": "added meta: refresh_inventory\ncleaned up AnsibleError to match general style\nnow dir and single file share same logic on dealing with files\nif executable fails, we try ini aftewards and only then really fail\ninventory ignored files are now configurable\nadded note to plugins/inventory that it is not currently used code\n\nfixes  #8830,  #10068, #10369 and some cases of #9526\n",
  "labels": [
    "feature"
  ],
  "additions": 155,
  "deletions": 70,
  "changed_files_count": 10,
  "changed_files_list": [
    "ansible/constants.py b/lib/ansible/constants.py",
    "ansible/inventory/__init__.py b/lib/ansible/inventory/__init__.py",
    "ansible/inventory/dir.py b/lib/ansible/inventory/dir.py",
    "ansible/plugins/inventory/README.md b/lib/ansible/plugins/inventory/README.md",
    "ansible/plugins/inventory/directory.py b/lib/ansible/plugins/inventory/directory.py",
    "ansible/plugins/inventory/ini.py b/lib/ansible/plugins/inventory/ini.py",
    "ansible/plugins/inventory/script.py b/lib/ansible/plugins/inventory/script.py",
    "ansible/plugins/strategies/__init__.py b/lib/ansible/plugins/strategies/__init__.py",
    "ansible/plugins/strategies/linear.py b/lib/ansible/plugins/strategies/linear.py"
  ],
  "files": [
    {
      "file_path": "ansible/constants.py b/lib/ansible/constants.py",
      "status": "modified",
      "additions": 2,
      "deletions": 1,
      "file_diff": "diff --git a/lib/ansible/constants.py b/lib/ansible/constants.py\nindex f43869d2cda9fe..37030276e8eb56 100644\n--- a/lib/ansible/constants.py\n+++ b/lib/ansible/constants.py\n@@ -143,6 +143,7 @@ def shell_expand_path(path):\n DEFAULT_GATHERING         = get_config(p, DEFAULTS, 'gathering', 'ANSIBLE_GATHERING', 'implicit').lower()\n DEFAULT_LOG_PATH          = shell_expand_path(get_config(p, DEFAULTS, 'log_path',           'ANSIBLE_LOG_PATH', ''))\n DEFAULT_FORCE_HANDLERS    = get_config(p, DEFAULTS, 'force_handlers', 'ANSIBLE_FORCE_HANDLERS', False, boolean=True)\n+DEFAULT_INVENTORY_IGNORE  = get_config(p, DEFAULTS, 'inventory_ignore_extensions', 'ANSIBLE_INVENTORY_IGNORE', [\"~\", \".orig\", \".bak\", \".ini\", \".cfg\", \".retry\", \".pyc\", \".pyo\"], islist=True)\n \n # selinux\n DEFAULT_SELINUX_SPECIAL_FS = get_config(p, 'selinux', 'special_context_filesystems', None, 'fuse, nfs, vboxsf, ramfs', islist=True)\n@@ -197,7 +198,7 @@ def shell_expand_path(path):\n SYSTEM_WARNINGS                = get_config(p, DEFAULTS, 'system_warnings', 'ANSIBLE_SYSTEM_WARNINGS', True, boolean=True)\n DEPRECATION_WARNINGS           = get_config(p, DEFAULTS, 'deprecation_warnings', 'ANSIBLE_DEPRECATION_WARNINGS', True, boolean=True)\n DEFAULT_CALLABLE_WHITELIST     = get_config(p, DEFAULTS, 'callable_whitelist', 'ANSIBLE_CALLABLE_WHITELIST', [], islist=True)\n-COMMAND_WARNINGS               = get_config(p, DEFAULTS, 'command_warnings', 'ANSIBLE_COMMAND_WARNINGS', False, boolean=True)\n+COMMAND_WARNINGS               = get_config(p, DEFAULTS, 'command_warnings', 'ANSIBLE_COMMAND_WARNINGS', True, boolean=True)\n DEFAULT_LOAD_CALLBACK_PLUGINS  = get_config(p, DEFAULTS, 'bin_ansible_callbacks', 'ANSIBLE_LOAD_CALLBACK_PLUGINS', False, boolean=True)\n DEFAULT_CALLBACK_WHITELIST     = get_config(p, DEFAULTS, 'callback_whitelist', 'ANSIBLE_CALLBACK_WHITELIST', [], islist=True)\n RETRY_FILES_ENABLED            = get_config(p, DEFAULTS, 'retry_files_enabled', 'ANSIBLE_RETRY_FILES_ENABLED', True, boolean=True)"
    },
    {
      "file_path": "ansible/inventory/__init__.py b/lib/ansible/inventory/__init__.py",
      "status": "modified",
      "additions": 34,
      "deletions": 50,
      "file_diff": "diff --git a/lib/ansible/inventory/__init__.py b/lib/ansible/inventory/__init__.py\nindex 0edb4dc386294c..b738c77b175e4d 100644\n--- a/lib/ansible/inventory/__init__.py\n+++ b/lib/ansible/inventory/__init__.py\n@@ -26,15 +26,12 @@\n import stat\n \n from ansible import constants as C\n-from ansible import errors\n+from ansible.errors import AnsibleError\n \n-from ansible.inventory.ini import InventoryParser\n-from ansible.inventory.script import InventoryScript\n-from ansible.inventory.dir import InventoryDirectory\n+from ansible.inventory.dir import InventoryDirectory, get_file_parser\n from ansible.inventory.group import Group\n from ansible.inventory.host import Host\n from ansible.plugins import vars_loader\n-from ansible.utils.path import is_executable\n from ansible.utils.vars import combine_vars\n \n class Inventory(object):\n@@ -63,6 +60,7 @@ def __init__(self, loader, variable_manager, host_list=C.DEFAULT_HOST_LIST):\n         self._hosts_cache    = {}\n         self._groups_list    = {}\n         self._pattern_cache  = {}\n+        self._vars_plugins   = []\n \n         # to be set by calling set_playbook_basedir by playbook code\n         self._playbook_basedir = None\n@@ -75,6 +73,10 @@ def __init__(self, loader, variable_manager, host_list=C.DEFAULT_HOST_LIST):\n         self._also_restriction = None\n         self._subset = None\n \n+        self.parse_inventory(host_list)\n+\n+    def parse_inventory(self, host_list):\n+\n         if isinstance(host_list, basestring):\n             if \",\" in host_list:\n                 host_list = host_list.split(\",\")\n@@ -102,51 +104,22 @@ def __init__(self, loader, variable_manager, host_list=C.DEFAULT_HOST_LIST):\n                     else:\n                         all.add_host(Host(x))\n         elif os.path.exists(host_list):\n+            #TODO: switch this to a plugin loader and a 'condition' per plugin on which it should be tried, restoring 'inventory pllugins'\n             if os.path.isdir(host_list):\n                 # Ensure basedir is inside the directory\n-                self.host_list = os.path.join(self.host_list, \"\")\n+                host_list = os.path.join(self.host_list, \"\")\n                 self.parser = InventoryDirectory(loader=self._loader, filename=host_list)\n-                self.groups = self.parser.groups.values()\n             else:\n-                # check to see if the specified file starts with a\n-                # shebang (#!/), so if an error is raised by the parser\n-                # class we can show a more apropos error\n-                shebang_present = False\n-                try:\n-                    with open(host_list, \"r\") as inv_file:\n-                        first_line = inv_file.readline()\n-                        if first_line.startswith(\"#!\"):\n-                            shebang_present = True\n-                except IOError:\n-                    pass\n-\n-                if is_executable(host_list):\n-                    try:\n-                        self.parser = InventoryScript(loader=self._loader, filename=host_list)\n-                        self.groups = self.parser.groups.values()\n-                    except errors.AnsibleError:\n-                        if not shebang_present:\n-                            raise errors.AnsibleError(\"The file %s is marked as executable, but failed to execute correctly. \" % host_list + \\\n-                                                      \"If this is not supposed to be an executable script, correct this with `chmod -x %s`.\" % host_list)\n-                        else:\n-                            raise\n-                else:\n-                    try:\n-                        self.parser = InventoryParser(filename=host_list)\n-                        self.groups = self.parser.groups.values()\n-                    except errors.AnsibleError:\n-                        if shebang_present:\n-                            raise errors.AnsibleError(\"The file %s looks like it should be an executable inventory script, but is not marked executable. \" % host_list + \\\n-                                                      \"Perhaps you want to correct this with `chmod +x %s`?\" % host_list)\n-                        else:\n-                            raise\n+                self.parser = get_file_parser(hostsfile, self._loader)\n+                vars_loader.add_directory(self.basedir(), with_subdir=True)\n \n-            vars_loader.add_directory(self.basedir(), with_subdir=True)\n-        else:\n-            raise errors.AnsibleError(\"Unable to find an inventory file (%s), \"\n-                                      \"specify one with -i ?\" % host_list)\n+            if self.parser:\n+                self.groups = self.parser.groups.values()\n+            else:\n+                # should never happen, but JIC\n+                raise AnsibleError(\"Unable to parse %s as an inventory source\" % host_list)\n \n-        self._vars_plugins = [ x for x in vars_loader.all(self) ]\n+            self._vars_plugins = [ x for x in vars_loader.all(self) ]\n \n         # FIXME: shouldn't be required, since the group/host vars file\n         #        management will be done in VariableManager\n@@ -166,7 +139,7 @@ def _match(self, str, pattern_str):\n             else:\n                 return fnmatch.fnmatch(str, pattern_str)\n         except Exception, e:\n-            raise errors.AnsibleError('invalid host pattern: %s' % pattern_str)\n+            raise AnsibleError('invalid host pattern: %s' % pattern_str)\n \n     def _match_list(self, items, item_attr, pattern_str):\n         results = []\n@@ -176,7 +149,7 @@ def _match_list(self, items, item_attr, pattern_str):\n             else:\n                 pattern = re.compile(pattern_str[1:])\n         except Exception, e:\n-            raise errors.AnsibleError('invalid host pattern: %s' % pattern_str)\n+            raise AnsibleError('invalid host pattern: %s' % pattern_str)\n \n         for item in items:\n             if pattern.match(getattr(item, item_attr)):\n@@ -286,7 +259,7 @@ def _enumeration_info(self, pattern):\n             first = int(first)\n             if last:\n                 if first < 0:\n-                    raise errors.AnsibleError(\"invalid range: negative indices cannot be used as the first item in a range\")\n+                    raise AnsibleError(\"invalid range: negative indices cannot be used as the first item in a range\")\n                 last = int(last)\n             else:\n                 last = first\n@@ -324,7 +297,7 @@ def _apply_ranges(self, pat, hosts):\n             else:\n                 return [ hosts[left] ]\n         except IndexError:\n-            raise errors.AnsibleError(\"no hosts matching the pattern '%s' were found\" % pat)\n+            raise AnsibleError(\"no hosts matching the pattern '%s' were found\" % pat)\n \n     def _create_implicit_localhost(self, pattern):\n         new_host = Host(pattern)\n@@ -467,7 +440,7 @@ def _get_host_variables(self, hostname, vault_password=None):\n \n         host = self.get_host(hostname)\n         if host is None:\n-            raise errors.AnsibleError(\"host not found: %s\" % hostname)\n+            raise AnsibleError(\"host not found: %s\" % hostname)\n \n         vars = {}\n \n@@ -499,7 +472,7 @@ def add_group(self, group):\n             self.groups.append(group)\n             self._groups_list = None  # invalidate internal cache \n         else:\n-            raise errors.AnsibleError(\"group already in inventory: %s\" % group.name)\n+            raise AnsibleError(\"group already in inventory: %s\" % group.name)\n \n     def list_hosts(self, pattern=\"all\"):\n \n@@ -670,3 +643,14 @@ def _get_hostgroup_vars(self, host=None, group=None, new_pb_basedir=False):\n         # all done, results is a dictionary of variables for this particular host.\n         return results\n \n+    def refresh_inventory(self):\n+\n+        self.clear_pattern_cache()\n+\n+        self._hosts_cache    = {}\n+        self._vars_per_host  = {}\n+        self._vars_per_group = {}\n+        self._groups_list    = {}\n+        self.groups = []\n+\n+        self.parse_inventory(self.host_list)"
    },
    {
      "file_path": "ansible/inventory/dir.py b/lib/ansible/inventory/dir.py",
      "status": "modified",
      "additions": 58,
      "deletions": 7,
      "file_diff": "diff --git a/lib/ansible/inventory/dir.py b/lib/ansible/inventory/dir.py\nindex 735f32d62c35a6..e456a950d41138 100644\n--- a/lib/ansible/inventory/dir.py\n+++ b/lib/ansible/inventory/dir.py\n@@ -27,11 +27,58 @@\n \n from ansible.inventory.host import Host\n from ansible.inventory.group import Group\n-from ansible.inventory.ini import InventoryParser\n-from ansible.inventory.script import InventoryScript\n-from ansible.utils.path import is_executable\n from ansible.utils.vars import combine_vars\n \n+from ansible.utils.path import is_executable\n+from ansible.inventory.ini import InventoryParser as InventoryINIParser\n+from ansible.inventory.script import InventoryScript\n+\n+__all__ = ['get_file_parser']\n+\n+def get_file_parser(hostsfile, loader):\n+    # check to see if the specified file starts with a\n+    # shebang (#!/), so if an error is raised by the parser\n+    # class we can show a more apropos error\n+\n+    shebang_present = False\n+    processed = False\n+    myerr = []\n+    parser = None\n+\n+    try:\n+        inv_file = open(hostsfile)\n+        first_line = inv_file.readlines()[0]\n+        inv_file.close()\n+        if first_line.startswith('#!'):\n+            shebang_present = True\n+    except:\n+        pass\n+\n+    if is_executable(hostsfile):\n+        try:\n+            parser = InventoryScript(loader=loader, filename=hostsfile)\n+            processed = True\n+        except Exception as e:\n+            myerr.append(\"The file %s is marked as executable, but failed to execute correctly. \" % hostsfile + \\\n+                            \"If this is not supposed to be an executable script, correct this with `chmod -x %s`.\" % hostsfile)\n+            myerr.append(str(e))\n+\n+    if not processed:\n+        try:\n+            parser = InventoryINIParser(filename=hostsfile)\n+            processed = True\n+        except Exception as e:\n+            if shebang_present and not is_executable(hostsfile):\n+                myerr.append(\"The file %s looks like it should be an executable inventory script, but is not marked executable. \" % hostsfile + \\\n+                              \"Perhaps you want to correct this with `chmod +x %s`?\" % hostsfile)\n+            else:\n+                myerr.append(str(e))\n+\n+    if not processed and myerr:\n+        raise AnsibleError( '\\n'.join(myerr) )\n+\n+    return parser\n+\n class InventoryDirectory(object):\n     ''' Host inventory parser for ansible using a directory of inventories. '''\n \n@@ -48,7 +95,7 @@ def __init__(self, loader, filename=C.DEFAULT_HOST_LIST):\n         for i in self.names:\n \n             # Skip files that end with certain extensions or characters\n-            if any(i.endswith(ext) for ext in (\"~\", \".orig\", \".bak\", \".ini\", \".cfg\", \".retry\", \".pyc\", \".pyo\")):\n+            if any(i.endswith(ext) for ext in C.DEFAULT_INVENTORY_IGNORE):\n                 continue\n             # Skip hidden files\n             if i.startswith('.') and not i.startswith('./'):\n@@ -59,10 +106,14 @@ def __init__(self, loader, filename=C.DEFAULT_HOST_LIST):\n             fullpath = os.path.join(self.directory, i)\n             if os.path.isdir(fullpath):\n                 parser = InventoryDirectory(loader=loader, filename=fullpath)\n-            elif is_executable(fullpath):\n-                parser = InventoryScript(loader=loader, filename=fullpath)\n             else:\n-                parser = InventoryParser(filename=fullpath)\n+                parser = get_file_parser(fullpath, loader)\n+                if parser is None:\n+                    #FIXME: needs to use display\n+                    import warnings\n+                    warnings.warning(\"Could not find parser for %s, skipping\" % fullpath)\n+                    continue\n+\n             self.parsers.append(parser)\n \n             # retrieve all groups and hosts form the parser and add them to"
    },
    {
      "file_path": "ansible/plugins/inventory/README.md b/lib/ansible/plugins/inventory/README.md",
      "status": "added",
      "additions": 1,
      "deletions": 0,
      "file_diff": "diff --git a/lib/ansible/plugins/inventory/README.md b/lib/ansible/plugins/inventory/README.md\nnew file mode 100644\nindex 00000000000000..1988f9adc6bb96\n--- /dev/null\n+++ b/lib/ansible/plugins/inventory/README.md\n@@ -0,0 +1 @@\n+These are not currently in use, but this is what the future of inventory will become after 2.0"
    },
    {
      "file_path": "ansible/plugins/inventory/directory.py b/lib/ansible/plugins/inventory/directory.py",
      "status": "modified",
      "additions": 4,
      "deletions": 1,
      "file_diff": "diff --git a/lib/ansible/plugins/inventory/directory.py b/lib/ansible/plugins/inventory/directory.py\nindex a75ad44ea6cfb7..2a2a3c319332ad 100644\n--- a/lib/ansible/plugins/inventory/directory.py\n+++ b/lib/ansible/plugins/inventory/directory.py\n@@ -22,11 +22,14 @@\n __metaclass__ = type\n \n import os\n+from ansible import constants as C\n \n from . aggregate import InventoryAggregateParser\n \n class InventoryDirectoryParser(InventoryAggregateParser):\n \n+    CONDITION=\"is_dir(%s)\"\n+\n     def __init__(self, inven_directory):\n         directory = inven_directory\n         names = os.listdir(inven_directory)\n@@ -35,7 +38,7 @@ def __init__(self, inven_directory):\n         # Clean up the list of filenames\n         for filename in names:\n             # Skip files that end with certain extensions or characters\n-            if any(filename.endswith(ext) for ext in (\"~\", \".orig\", \".bak\", \".ini\", \".retry\", \".pyc\", \".pyo\")):\n+            if any(filename.endswith(ext) for ext in C.DEFAULT_INVENTORY_IGNORE):\n                 continue\n             # Skip hidden files\n             if filename.startswith('.') and not filename.startswith('.{0}'.format(os.path.sep)):"
    },
    {
      "file_path": "ansible/plugins/inventory/ini.py b/lib/ansible/plugins/inventory/ini.py",
      "status": "modified",
      "additions": 4,
      "deletions": 1,
      "file_diff": "diff --git a/lib/ansible/plugins/inventory/ini.py b/lib/ansible/plugins/inventory/ini.py\nindex e185c1a7858290..7c6c3aa95a86fd 100644\n--- a/lib/ansible/plugins/inventory/ini.py\n+++ b/lib/ansible/plugins/inventory/ini.py\n@@ -23,10 +23,13 @@\n \n import os\n \n+from ansible import constants as C\n from . import InventoryParser\n \n class InventoryIniParser(InventoryAggregateParser):\n \n+    CONDITION=\"is_file(%s)\"\n+\n     def __init__(self, inven_directory):\n         directory = inven_directory\n         names = os.listdir(inven_directory)\n@@ -35,7 +38,7 @@ def __init__(self, inven_directory):\n         # Clean up the list of filenames\n         for filename in names:\n             # Skip files that end with certain extensions or characters\n-            if any(filename.endswith(ext) for ext in (\"~\", \".orig\", \".bak\", \".ini\", \".retry\", \".pyc\", \".pyo\")):\n+            if any(filename.endswith(ext) for ext in C.DEFAULT_INVENTORY_IGNORE):\n                 continue\n             # Skip hidden files\n             if filename.startswith('.') and not filename.startswith('.{0}'.format(os.path.sep)):"
    },
    {
      "file_path": "ansible/plugins/inventory/script.py b/lib/ansible/plugins/inventory/script.py",
      "status": "added",
      "additions": 31,
      "deletions": 0,
      "file_diff": "diff --git a/lib/ansible/plugins/inventory/script.py b/lib/ansible/plugins/inventory/script.py\nnew file mode 100644\nindex 00000000000000..1346bf35622c72\n--- /dev/null\n+++ b/lib/ansible/plugins/inventory/script.py\n@@ -0,0 +1,31 @@\n+# (c) 2012-2014, Michael DeHaan <michael.dehaan@gmail.com>\n+#\n+# This file is part of Ansible\n+#\n+# Ansible is free software: you can redistribute it and/or modify\n+# it under the terms of the GNU General Public License as published by\n+# the Free Software Foundation, either version 3 of the License, or\n+# (at your option) any later version.\n+#\n+# Ansible is distributed in the hope that it will be useful,\n+# but WITHOUT ANY WARRANTY; without even the implied warranty of\n+# MERCHANTABILITY or FITNESS FOR A PARTICULAR PURPOSE.  See the\n+# GNU General Public License for more details.\n+#\n+# You should have received a copy of the GNU General Public License\n+# along with Ansible.  If not, see <http://www.gnu.org/licenses/>.\n+\n+#############################################\n+\n+# Make coding more python3-ish\n+from __future__ import (absolute_import, division, print_function)\n+__metaclass__ = type\n+\n+import os\n+\n+from ansible import constants as C\n+from . import InventoryParser\n+\n+class InventoryScriptParser(InventoryParser):\n+\n+    CONDITION=\"is_file(%s) and is_executable(%s)\""
    },
    {
      "file_path": "ansible/plugins/strategies/__init__.py b/lib/ansible/plugins/strategies/__init__.py",
      "status": "modified",
      "additions": 18,
      "deletions": 0,
      "file_diff": "diff --git a/lib/ansible/plugins/strategies/__init__.py b/lib/ansible/plugins/strategies/__init__.py\nindex 0728750bdec3ff..9a7bd2db3a5c4a 100644\n--- a/lib/ansible/plugins/strategies/__init__.py\n+++ b/lib/ansible/plugins/strategies/__init__.py\n@@ -506,3 +506,21 @@ def _take_step(self, task, host=None):\n         self._display.banner(msg)\n \n         return ret\n+\n+    def _execute_meta(self, task, play_context, iterator):\n+\n+        # meta tasks store their args in the _raw_params field of args,\n+        # since they do not use k=v pairs, so get that\n+        meta_action = task.args.get('_raw_params')\n+\n+        if meta_action == 'noop':\n+            # FIXME: issue a callback for the noop here?\n+            pass\n+        elif meta_action == 'flush_handlers':\n+            self.run_handlers(iterator, play_context)\n+        elif meta_action == 'refresh_inventory':\n+            self._inventory.refresh_inventory()\n+        #elif meta_action == 'reset_connection':\n+        #    connection_info.connection.close()\n+        else:\n+            raise AnsibleError(\"invalid meta action requested: %s\" % meta_action, obj=task._ds)"
    },
    {
      "file_path": "ansible/plugins/strategies/linear.py b/lib/ansible/plugins/strategies/linear.py",
      "status": "modified",
      "additions": 1,
      "deletions": 10,
      "file_diff": "diff --git a/lib/ansible/plugins/strategies/linear.py b/lib/ansible/plugins/strategies/linear.py\nindex 1a05d18430113d..4b84884c6cba97 100644\n--- a/lib/ansible/plugins/strategies/linear.py\n+++ b/lib/ansible/plugins/strategies/linear.py\n@@ -178,16 +178,7 @@ def run(self, iterator, play_context):\n                             continue\n \n                     if task.action == 'meta':\n-                        # meta tasks store their args in the _raw_params field of args,\n-                        # since they do not use k=v pairs, so get that\n-                        meta_action = task.args.get('_raw_params')\n-                        if meta_action == 'noop':\n-                            # FIXME: issue a callback for the noop here?\n-                            continue\n-                        elif meta_action == 'flush_handlers':\n-                            self.run_handlers(iterator, play_context)\n-                        else:\n-                            raise AnsibleError(\"invalid meta action requested: %s\" % meta_action, obj=task._ds)\n+                        self._execute_meta(task, play_context, iterator)\n                     else:\n                         # handle step if needed, skip meta actions as they are used internally\n                         if self._step and choose_step:\n"
    }
  ],
  "comments": [
    {
      "author_login": "abadger",
      "body": "Probably need to integrate new_inventory along with this.  Old inventory doesn't utilise plugins/inventory\n"
    },
    {
      "author_login": "bcoca",
      "body": "only added a readme for the new plugins to note that they are not currently in use, I did not think it would be ready for 2.0 so I pushed the changes to the currently running code.\n"
    },
    {
      "author_login": "abadger",
      "body": "Okay, no objections from me but you might want @jimi-c to give it a once over as well.  I'v forgotten everything I knew about how current inventory works ;-)\n"
    }
  ],
  "reviews": []
}