{
  "pr_number": 10502,
  "url": "https://github.com/ansible/ansible/pull/10502",
  "title": "ignore PE methods that are not sudo for checksums",
  "author_login": "bcoca",
  "state": "MERGED",
  "merged_by_login": "bcoca",
  "body": " until we get them working universally, this restores previous behavior since su was added.\n",
  "labels": [
    "P1",
    "bug"
  ],
  "additions": 7,
  "deletions": 1,
  "changed_files_count": 1,
  "changed_files_list": [
    "ansible/runner/__init__.py b/lib/ansible/runner/__init__.py"
  ],
  "files": [
    {
      "file_path": "ansible/runner/__init__.py b/lib/ansible/runner/__init__.py",
      "status": "modified",
      "additions": 7,
      "deletions": 1,
      "file_diff": "diff --git a/lib/ansible/runner/__init__.py b/lib/ansible/runner/__init__.py\nindex 5c5554816179f8..8e326935b09dff 100644\n--- a/lib/ansible/runner/__init__.py\n+++ b/lib/ansible/runner/__init__.py\n@@ -1243,7 +1243,13 @@ def _remote_checksum(self, conn, tmp, path, inject):\n             python_interp = 'python'\n \n         cmd = conn.shell.checksum(path, python_interp)\n-        data = self._low_level_exec_command(conn, cmd, tmp, sudoable=True)\n+\n+        #TODO: remove this horrible hack and find way to get checksum to work with other privilege escalation methods\n+        if self.become_method == 'sudo':\n+            sudoable = True\n+        else:\n+            sudoable = False\n+        data = self._low_level_exec_command(conn, cmd, tmp, sudoable=sudoable)\n         data2 = utils.last_non_blank_line(data['stdout'])\n         try:\n             if data2 == '':\n"
    }
  ],
  "comments": [],
  "reviews": []
}