{
  "pr_number": 10151,
  "url": "https://github.com/ansible/ansible/pull/10151",
  "title": "Modified version of PR 9560",
  "author_login": "abadger",
  "state": "MERGED",
  "merged_by_login": "abadger",
  "body": "This addresses cleanups asked for in the comments of #9560.\n\n@drybjed has tested the code with the examples in his README and everything passes.  jimi-c and bcoca took a quick look as well.  We're good to merge code-wise.\n\n@drybjed will work up a separate PR to document the new filters.\n",
  "labels": [],
  "additions": 626,
  "deletions": 0,
  "changed_files_count": 1,
  "changed_files_list": [
    "ansible/runner/filter_plugins/ipaddr.py b/lib/ansible/runner/filter_plugins/ipaddr.py"
  ],
  "files": [
    {
      "file_path": "ansible/runner/filter_plugins/ipaddr.py b/lib/ansible/runner/filter_plugins/ipaddr.py",
      "status": "added",
      "additions": 626,
      "deletions": 0,
      "file_diff": "diff --git a/lib/ansible/runner/filter_plugins/ipaddr.py b/lib/ansible/runner/filter_plugins/ipaddr.py\nnew file mode 100644\nindex 00000000000000..bcb19b16fde507\n--- /dev/null\n+++ b/lib/ansible/runner/filter_plugins/ipaddr.py\n@@ -0,0 +1,626 @@\n+# (c) 2014, Maciej Delmanowski <drybjed@gmail.com>\n+#\n+# This file is part of Ansible\n+#\n+# Ansible is free software: you can redistribute it and/or modify\n+# it under the terms of the GNU General Public License as published by\n+# the Free Software Foundation, either version 3 of the License, or\n+# (at your option) any later version.\n+#\n+# Ansible is distributed in the hope that it will be useful,\n+# but WITHOUT ANY WARRANTY; without even the implied warranty of\n+# MERCHANTABILITY or FITNESS FOR A PARTICULAR PURPOSE.  See the\n+# GNU General Public License for more details.\n+#\n+# You should have received a copy of the GNU General Public License\n+# along with Ansible.  If not, see <http://www.gnu.org/licenses/>.\n+\n+from functools import partial\n+\n+try:\n+    import netaddr\n+except ImportError:\n+    # in this case, we'll make the filters return error messages (see bottom)\n+    netaddr = None\n+else:\n+    class mac_linux(netaddr.mac_unix):\n+        pass\n+    mac_linux.word_fmt = '%.2x'\n+\n+from ansible import errors\n+\n+\n+# ---- IP address and network query helpers ----\n+\n+def _empty_ipaddr_query(v, vtype):\n+    # We don't have any query to process, so just check what type the user\n+    # expects, and return the IP address in a correct format\n+    if v:\n+        if vtype == 'address':\n+            return str(v.ip)\n+        elif vtype == 'network':\n+            return str(v)\n+\n+def _6to4_query(v, vtype, value):\n+    if v.version == 4:\n+\n+        if v.size == 1:\n+            ipconv = str(v.ip)\n+        elif v.size > 1:\n+            if v.ip != v.network:\n+                ipconv = str(v.ip)\n+            else:\n+                ipconv = False\n+\n+        if ipaddr(ipconv, 'public'):\n+            numbers = list(map(int, ipconv.split('.')))\n+\n+        try:\n+            return '2002:{:02x}{:02x}:{:02x}{:02x}::1/48'.format(*numbers)\n+        except:\n+            return False\n+\n+    elif v.version == 6:\n+        if vtype == 'address':\n+            if ipaddr(str(v), '2002::/16'):\n+                return value\n+        elif vtype == 'network':\n+            if v.ip != v.network:\n+                if ipaddr(str(v.ip), '2002::/16'):\n+                    return value\n+            else:\n+                return False\n+\n+def _ip_query(v):\n+    if v.size == 1:\n+        return str(v.ip)\n+    if v.size > 1:\n+        if v.ip != v.network:\n+            return str(v.ip)\n+\n+def _gateway_query(v):\n+    if v.size > 1:\n+        if v.ip != v.network:\n+            return str(v.ip) + '/' + str(v.prefixlen)\n+\n+def _bool_ipaddr_query(v):\n+    if v:\n+        return True\n+\n+def _broadcast_query(v):\n+    if v.size > 1:\n+        return str(v.broadcast)\n+\n+def _cidr_query(v):\n+    return str(v)\n+\n+def _cidr_lookup_query(v, iplist, value):\n+    try:\n+        if v in iplist:\n+            return value\n+    except:\n+        return False\n+\n+def _host_query(v):\n+    if v.size == 1:\n+        return str(v)\n+    elif v.size > 1:\n+        if v.ip != v.network:\n+            return str(v.ip) + '/' + str(v.prefixlen)\n+\n+def _hostmask_query(v):\n+    return str(v.hostmask)\n+\n+def _int_query(v, vtype):\n+    if vtype == 'address':\n+        return int(v.ip)\n+    elif vtype == 'network':\n+        return str(int(v.ip)) + '/' + str(int(v.prefixlen))\n+\n+def _ipv4_query(v, value):\n+    if v.version == 6:\n+        try:\n+            return str(v.ipv4())\n+        except:\n+            return False\n+    else:\n+        return value\n+\n+def _ipv6_query(v, value):\n+    if v.version == 4:\n+        return str(v.ipv6())\n+    else:\n+        return value\n+\n+def _link_local_query(v, value):\n+    v_ip = netaddr.IPAddress(str(v.ip))\n+    if v.version == 4:\n+        if ipaddr(str(v_ip), '169.254.0.0/24'):\n+            return value\n+\n+    elif v.version == 6:\n+        if ipaddr(str(v_ip), 'fe80::/10'):\n+            return value\n+\n+def _loopback_query(v, value):\n+    v_ip = netaddr.IPAddress(str(v.ip))\n+    if v_ip.is_loopback():\n+        return value\n+\n+def _multicast_query(v, value):\n+    if v.is_multicast():\n+        return value\n+\n+def _net_query(v):\n+        if v.size > 1:\n+            if v.ip == v.network:\n+                return str(v.network) + '/' + str(v.prefixlen)\n+\n+def _netmask_query(v):\n+    if v.size > 1:\n+        return str(v.netmask)\n+\n+def _network_query(v):\n+    if v.size > 1:\n+        return str(v.network)\n+\n+def _prefix_query(v):\n+    return int(v.prefixlen)\n+\n+def _private_query(v, value):\n+    if v.is_private():\n+        return value\n+\n+def _public_query(v, value):\n+    v_ip = netaddr.IPAddress(str(v.ip))\n+    if v_ip.is_unicast() and not v_ip.is_private() and \\\n+        not v_ip.is_loopback() and not v_ip.is_netmask() and \\\n+        not v_ip.is_hostmask():\n+        return value\n+\n+def _revdns_query(v):\n+    v_ip = netaddr.IPAddress(str(v.ip))\n+    return v_ip.reverse_dns\n+\n+def _size_query(v):\n+    return v.size\n+\n+def _subnet_query(v):\n+    return str(v.cidr)\n+\n+def _type_query(v):\n+    if v.size == 1:\n+        return 'address'\n+    if v.size > 1:\n+        if v.ip != v.network:\n+            return 'address'\n+        else:\n+            return 'network'\n+\n+def _unicast_query(v, value):\n+    if v.is_unicast():\n+        return value\n+\n+def _version_query(v):\n+    return v.version\n+\n+def _wrap_query(v, vtype, value):\n+    if v.version == 6:\n+        if vtype == 'address':\n+            return '[' + str(v.ip) + ']'\n+        elif vtype == 'network':\n+            return '[' + str(v.ip) + ']/' + str(v.prefixlen)\n+    else:\n+        return value\n+\n+\n+# ---- HWaddr query helpers ----\n+def _bare_query(v):\n+    v.dialect = netaddr.mac_bare\n+    return str(v)\n+\n+def _bool_hwaddr_query(v):\n+    if v:\n+        return True\n+\n+def _cisco_query(v):\n+    v.dialect = netaddr.mac_cisco\n+    return str(v)\n+\n+def _empty_hwaddr_query(v, value):\n+    if v:\n+        return value\n+\n+def _linux_query(v):\n+    v.dialect = mac_linux\n+    return str(v)\n+\n+def _postgresql_query(v):\n+    v.dialect = netaddr.mac_pgsql\n+    return str(v)\n+\n+def _unix_query(v):\n+    v.dialect = netaddr.mac_unix\n+    return str(v)\n+\n+def _win_query(v):\n+    v.dialect = netaddr.mac_eui48\n+    return str(v)\n+\n+\n+# ---- IP address and network filters ----\n+\n+def ipaddr(value, query = '', version = False, alias = 'ipaddr'):\n+    ''' Check if string is an IP address or network and filter it '''\n+\n+    query_func_extra_args = {\n+            '': ('vtype',),\n+            '6to4': ('vtype', 'value'),\n+            'cidr_lookup': ('iplist', 'value'),\n+            'int': ('vtype',),\n+            'ipv4': ('value',),\n+            'ipv6': ('value',),\n+            'link-local': ('value',),\n+            'loopback': ('value',),\n+            'lo': ('value',),\n+            'multicast': ('value',),\n+            'private': ('value',),\n+            'public': ('value',),\n+            'unicast': ('value',),\n+            'wrap': ('vtype', 'value'),\n+            }\n+    query_func_map = {\n+            '': _empty_ipaddr_query,\n+            '6to4': _6to4_query,\n+            'address': _ip_query,\n+            'address/prefix': _gateway_query,\n+            'bool': _bool_ipaddr_query,\n+            'broadcast': _broadcast_query,\n+            'cidr': _cidr_query,\n+            'cidr_lookup': _cidr_lookup_query,\n+            'gateway': _gateway_query,\n+            'gw': _gateway_query,\n+            'host': _host_query,\n+            'host/prefix': _gateway_query,\n+            'hostmask': _hostmask_query,\n+            'hostnet': _gateway_query,\n+            'int': _int_query,\n+            'ip': _ip_query,\n+            'ipv4': _ipv4_query,\n+            'ipv6': _ipv6_query,\n+            'link-local': _link_local_query,\n+            'lo': _loopback_query,\n+            'loopback': _loopback_query,\n+            'multicast': _multicast_query,\n+            'net': _net_query,\n+            'netmask': _netmask_query,\n+            'network': _network_query,\n+            'prefix': _prefix_query,\n+            'private': _private_query,\n+            'public': _public_query,\n+            'revdns': _revdns_query,\n+            'router': _gateway_query,\n+            'size': _size_query,\n+            'subnet': _subnet_query,\n+            'type': _type_query,\n+            'unicast': _unicast_query,\n+            'v4': _ipv4_query,\n+            'v6': _ipv6_query,\n+            'version': _version_query,\n+            'wrap': _wrap_query,\n+            }\n+\n+    vtype = None\n+\n+    if not value:\n+        return False\n+\n+    elif value == True:\n+        return False\n+\n+    # Check if value is a list and parse each element\n+    elif isinstance(value, (list, tuple)):\n+\n+        _ret = []\n+        for element in value:\n+            if ipaddr(element, str(query), version):\n+                    _ret.append(ipaddr(element, str(query), version))\n+\n+        if _ret:\n+            return _ret\n+        else:\n+            return list()\n+\n+    # Check if value is a number and convert it to an IP address\n+    elif str(value).isdigit():\n+\n+        # We don't know what IP version to assume, so let's check IPv4 first,\n+        # then IPv6\n+        try:\n+            if ((not version) or (version and version == 4)):\n+                v = netaddr.IPNetwork('0.0.0.0/0')\n+                v.value = int(value)\n+                v.prefixlen = 32\n+            elif version and version == 6:\n+                v = netaddr.IPNetwork('::/0')\n+                v.value = int(value)\n+                v.prefixlen = 128\n+\n+        # IPv4 didn't work the first time, so it definitely has to be IPv6\n+        except:\n+            try:\n+                v = netaddr.IPNetwork('::/0')\n+                v.value = int(value)\n+                v.prefixlen = 128\n+\n+            # The value is too big for IPv6. Are you a nanobot?\n+            except:\n+                return False\n+\n+        # We got an IP address, let's mark it as such\n+        value = str(v)\n+        vtype = 'address'\n+\n+    # value has not been recognized, check if it's a valid IP string\n+    else:\n+        try:\n+            v = netaddr.IPNetwork(value)\n+\n+            # value is a valid IP string, check if user specified\n+            # CIDR prefix or just an IP address, this will indicate default\n+            # output format\n+            try:\n+                address, prefix = value.split('/')\n+                vtype = 'network'\n+            except:\n+                vtype = 'address'\n+\n+        # value hasn't been recognized, maybe it's a numerical CIDR?\n+        except:\n+            try:\n+                address, prefix = value.split('/')\n+                address.isdigit()\n+                address = int(address)\n+                prefix.isdigit()\n+                prefix = int(prefix)\n+\n+            # It's not numerical CIDR, give up\n+            except:\n+                return False\n+\n+            # It is something, so let's try and build a CIDR from the parts\n+            try:\n+                v = netaddr.IPNetwork('0.0.0.0/0')\n+                v.value = address\n+                v.prefixlen = prefix\n+\n+            # It's not a valid IPv4 CIDR\n+            except:\n+                try:\n+                    v = netaddr.IPNetwork('::/0')\n+                    v.value = address\n+                    v.prefixlen = prefix\n+\n+                # It's not a valid IPv6 CIDR. Give up.\n+                except:\n+                    return False\n+\n+            # We have a valid CIDR, so let's write it in correct format\n+            value = str(v)\n+            vtype = 'network'\n+\n+    # We have a query string but it's not in the known query types. Check if\n+    # that string is a valid subnet, if so, we can check later if given IP\n+    # address/network is inside that specific subnet\n+    try:\n+        ### ?? 6to4 and link-local were True here before.  Should they still?\n+        if query and (query not in query_func_map or query == 'cidr_lookup') and ipaddr(query, 'network'):\n+            iplist = netaddr.IPSet([netaddr.IPNetwork(query)])\n+            query = 'cidr_lookup'\n+    except:\n+        pass\n+\n+    # This code checks if value maches the IP version the user wants, ie. if\n+    # it's any version (\"ipaddr()\"), IPv4 (\"ipv4()\") or IPv6 (\"ipv6()\")\n+    # If version does not match, return False\n+    if version and v.version != version:\n+        return False\n+\n+    extras = []\n+    for arg in query_func_extra_args.get(query, tuple()):\n+        extras.append(locals()[arg])\n+    try:\n+        return query_func_map[query](v, *extras)\n+    except KeyError:\n+        try:\n+            float(query)\n+            if v.size == 1:\n+                if vtype == 'address':\n+                    return str(v.ip)\n+                elif vtype == 'network':\n+                    return str(v)\n+\n+            elif v.size > 1:\n+                try:\n+                    return str(v[query]) + '/' + str(v.prefixlen)\n+                except:\n+                    return False\n+\n+            else:\n+                return value\n+\n+        except:\n+            raise errors.AnsibleFilterError(alias + ': unknown filter type: %s' % query)\n+\n+    return False\n+\n+\n+def ipwrap(value, query = ''):\n+    try:\n+        if isinstance(value, (list, tuple)):\n+            _ret = []\n+            for element in value:\n+                if ipaddr(element, query, version = False, alias = 'ipwrap'):\n+                    _ret.append(ipaddr(element, 'wrap'))\n+                else:\n+                    _ret.append(element)\n+\n+            return _ret\n+        else:\n+            _ret = ipaddr(value, query, version = False, alias = 'ipwrap')\n+            if _ret:\n+                return ipaddr(_ret, 'wrap')\n+            else:\n+                return value\n+\n+    except:\n+        return value\n+\n+\n+def ipv4(value, query = ''):\n+    return ipaddr(value, query, version = 4, alias = 'ipv4')\n+\n+\n+def ipv6(value, query = ''):\n+    return ipaddr(value, query, version = 6, alias = 'ipv6')\n+\n+\n+# Split given subnet into smaller subnets or find out the biggest subnet of\n+# a given IP address with given CIDR prefix\n+# Usage:\n+#\n+#  - address or address/prefix | ipsubnet\n+#      returns CIDR subnet of a given input\n+#\n+#  - address/prefix | ipsubnet(cidr)\n+#      returns number of possible subnets for given CIDR prefix\n+#\n+#  - address/prefix | ipsubnet(cidr, index)\n+#      returns new subnet with given CIDR prefix\n+#\n+#  - address | ipsubnet(cidr)\n+#      returns biggest subnet with given CIDR prefix that address belongs to\n+#\n+#  - address | ipsubnet(cidr, index)\n+#      returns next indexed subnet which contains given address\n+def ipsubnet(value, query = '', index = 'x'):\n+    ''' Manipulate IPv4/IPv6 subnets '''\n+\n+    try:\n+        vtype = ipaddr(value, 'type')\n+        if vtype == 'address':\n+            v = ipaddr(value, 'cidr')\n+        elif vtype == 'network':\n+            v = ipaddr(value, 'subnet')\n+\n+        value = netaddr.IPNetwork(v)\n+    except:\n+        return False\n+\n+    if not query:\n+        return str(value)\n+\n+    elif str(query).isdigit():\n+        vsize = ipaddr(v, 'size')\n+        query = int(query)\n+\n+        try:\n+            float(index)\n+            index = int(index)\n+\n+            if vsize > 1:\n+                try:\n+                    return str(list(value.subnet(query))[index])\n+                except:\n+                    return False\n+\n+            elif vsize == 1:\n+                try:\n+                    return str(value.supernet(query)[index])\n+                except:\n+                    return False\n+\n+        except:\n+            if vsize > 1:\n+                try:\n+                    return str(len(list(value.subnet(query))))\n+                except:\n+                    return False\n+\n+            elif vsize == 1:\n+                try:\n+                    return str(value.supernet(query)[0])\n+                except:\n+                    return False\n+\n+    return False\n+\n+\n+# ---- HWaddr / MAC address filters ----\n+\n+def hwaddr(value, query = '', alias = 'hwaddr'):\n+    ''' Check if string is a HW/MAC address and filter it '''\n+\n+    query_func_extra_args = {\n+            '': ('value',),\n+            }\n+    query_func_map = {\n+            '': _empty_hwaddr_query,\n+            'bare': _bare_query,\n+            'bool': _bool_hwaddr_query,\n+            'cisco': _cisco_query,\n+            'eui48': _win_query,\n+            'linux': _linux_query,\n+            'pgsql': _postgresql_query,\n+            'postgresql': _postgresql_query,\n+            'psql': _postgresql_query,\n+            'unix': _unix_query,\n+            'win': _win_query,\n+            }\n+\n+    try:\n+        v = netaddr.EUI(value)\n+    except:\n+        if query and query != 'bool':\n+            raise errors.AnsibleFilterError(alias + ': not a hardware address: %s' % value)\n+\n+    extras = []\n+    for arg in query_func_extra_args.get(query, tuple()):\n+        extras.append(locals()[arg])\n+    try:\n+        return query_func_map[query](v, *extras)\n+    except KeyError:\n+        raise errors.AnsibleFilterError(alias + ': unknown filter type: %s' % query)\n+\n+    return False\n+\n+def macaddr(value, query = ''):\n+    return hwaddr(value, query, alias = 'macaddr')\n+\n+def _need_netaddr(f_name, *args, **kwargs):\n+    raise errors.AnsibleFilterError('The {0} filter requires python-netaddr be'\n+            ' installed on the ansible controller'.format(f_name))\n+\n+# ---- Ansible filters ----\n+\n+class FilterModule(object):\n+    ''' IP address and network manipulation filters '''\n+    filter_map =  {\n+        # IP addresses and networks\n+        'ipaddr': ipaddr,\n+        'ipwrap': ipwrap,\n+        'ipv4': ipv4,\n+        'ipv6': ipv6,\n+        'ipsubnet': ipsubnet,\n+\n+        # MAC / HW addresses\n+        'hwaddr': hwaddr,\n+        'macaddr': macaddr\n+    }\n+\n+    def filters(self):\n+        if netaddr:\n+            return self.filter_map\n+        else:\n+            # Need to install python-netaddr for these filters to work\n+            return dict((f, partial(_need_netaddr, f)) for f in self.filter_map)\n"
    }
  ],
  "comments": [
    {
      "author_login": "abadger",
      "body": "# Merged\n\nHi!\n\nThis has been merged in, and will also be included in the next major release.\n\nIf you or anyone else has any further questions, please let us know by stopping by one of the two mailing lists, as appropriate:\n- https://groups.google.com/forum/#!forum/ansible-project - for user questions, tips, and tricks\n- https://groups.google.com/forum/#!forum/ansible-devel - for strategy, future planning, and questions about writing code\n\nBecause this project is very active, we're unlikely to see comments made on closed tickets, but the mailing list is a great way to ask questions, or post if you don't think this particular\nissue is resolved.\n\nThank you!\n"
    }
  ],
  "reviews": []
}