{
  "pr_number": 10112,
  "url": "https://github.com/ansible/ansible/pull/10112",
  "title": "Adds integration tests for new ec2_asg features",
  "author_login": "jsmartin",
  "state": "MERGED",
  "merged_by_login": "abadger",
  "body": "Fixes ASG termination in cleanup script.  Depends on https://github.com/ansible/ansible-modules-core/pull/601.\n",
  "labels": [
    "feature"
  ],
  "additions": 215,
  "deletions": 9,
  "changed_files_count": 2,
  "changed_files_list": [
    "test/integration/roles/test_ec2_asg/tasks/main.yml"
  ],
  "files": [
    {
      "file_path": "test/integration/roles/test_ec2_asg/tasks/main.yml",
      "status": "modified",
      "additions": 182,
      "deletions": 8,
      "file_diff": "diff --git a/test/integration/roles/test_ec2_asg/tasks/main.yml b/test/integration/roles/test_ec2_asg/tasks/main.yml\nindex 6c670375d9418f..091eb2ab2b3b40 100644\n--- a/test/integration/roles/test_ec2_asg/tasks/main.yml\n+++ b/test/integration/roles/test_ec2_asg/tasks/main.yml\n@@ -1,31 +1,69 @@\n ---\n # tasks file for test_ec2_asg\n \n+# we are using a custom built AMI that runs an apache server to verify\n+# ELB health checks and perform rolling ASG updates\n+# this will only work on us-east-1\n+\n # ============================================================\n # create and kill an ASG\n-- name: lookup ami id\n-  ec2_ami_search: distro=ubuntu region={{ ec2_region }} release=trusty\n-  register: ubuntu_image\n - name: ensure launch config exists\n   ec2_lc:\n     name: \"{{ resource_prefix }}-lc\"\n     ec2_access_key: \"{{ ec2_access_key }}\"\n     ec2_secret_key: \"{{ ec2_secret_key }}\"\n     region: \"{{ ec2_region }}\"\n-    image_id: \"{{ ubuntu_image.ami }}\"\n-    instance_type: t1.micro\n-- name: launch asg\n+    image_id: ami-964a0efe\n+    instance_type: t2.micro\n+\n+- name: launch asg and wait for instances to be deemed healthy (no ELB)\n+  ec2_asg:\n+    name: \"{{ resource_prefix }}-asg\"\n+    ec2_access_key: \"{{ ec2_access_key }}\"\n+    ec2_secret_key: \"{{ ec2_secret_key }}\"\n+    launch_config_name: \"{{ resource_prefix }}-lc\"\n+    desired_capacity: 1\n+    min_size: 1\n+    max_size: 1\n+    region: \"{{ ec2_region }}\"\n+    state: present\n+    wait_for_instances: yes\n+  register: output\n+\n+- assert:\n+    that:\n+      - \"output.viable_instances == 1\"\n+\n+# - name: pause for a bit to make sure that the group can't be trivially deleted\n+#   pause: seconds=30\n+- name: kill asg\n+  ec2_asg:\n+    name: \"{{ resource_prefix }}-asg\"\n+    ec2_access_key: \"{{ ec2_access_key }}\"\n+    ec2_secret_key: \"{{ ec2_secret_key }}\"\n+    region: \"{{ ec2_region }}\"\n+    state: absent\n+  async: 300\n+\n+\n+- name: launch asg and do not wait for instances to be deemed healthy (no ELB)\n   ec2_asg:\n     name: \"{{ resource_prefix }}-asg\"\n     ec2_access_key: \"{{ ec2_access_key }}\"\n     ec2_secret_key: \"{{ ec2_secret_key }}\"\n     launch_config_name: \"{{ resource_prefix }}-lc\"\n+    desired_capacity: 1\n     min_size: 1\n     max_size: 1\n     region: \"{{ ec2_region }}\"\n+    wait_for_instances: no\n     state: present\n-- name: pause for a bit to make sure that the group can't be trivially deleted\n-  pause: seconds=30\n+  register: output\n+\n+- assert:\n+    that:\n+      - \"output.viable_instances == 0\"\n+\n - name: kill asg\n   ec2_asg:\n     name: \"{{ resource_prefix }}-asg\"\n@@ -34,3 +72,139 @@\n     region: \"{{ ec2_region }}\"\n     state: absent\n   async: 300\n+\n+- name: launch load balancer\n+  ec2_elb_lb:\n+    name: \"{{ resource_prefix }}-lb\"\n+    region: \"{{ ec2_region }}\"\n+    state: present\n+    ec2_access_key: \"{{ ec2_access_key }}\"\n+    ec2_secret_key: \"{{ ec2_secret_key }}\"\n+    zones:\n+      - \"{{ ec2_region }}b\"\n+      - \"{{ ec2_region }}c\"\n+    connection_draining_timeout: 60\n+    listeners:\n+      - protocol: http\n+        load_balancer_port: 80\n+        instance_port: 80\n+    health_check:\n+        ping_protocol: http \n+        ping_port: 80\n+        ping_path: \"/\"\n+        response_timeout: 5 \n+        interval: 30\n+        unhealthy_threshold: 3\n+        healthy_threshold: 3\n+  register: load_balancer\n+\n+\n+- name: launch asg and wait for instances to be deemed healthy (ELB)\n+  ec2_asg:\n+    name: \"{{ resource_prefix }}-asg\"\n+    availability_zones:\n+      - \"{{ ec2_region }}b\"\n+      - \"{{ ec2_region }}c\"\n+    ec2_access_key: \"{{ ec2_access_key }}\"\n+    ec2_secret_key: \"{{ ec2_secret_key }}\"\n+    launch_config_name: \"{{ resource_prefix }}-lc\"\n+    health_check_type: ELB\n+    desired_capacity: 1\n+    min_size: 1\n+    max_size: 1\n+    health_check_period: 120\n+    load_balancers: \"{{ resource_prefix }}-lb\"\n+    region: \"{{ ec2_region }}\"\n+    wait_for_instances: yes\n+    wait_timeout: 600\n+    state: present\n+  register: output\n+\n+- assert:\n+    that:\n+      - \"output.viable_instances == 1\"\n+\n+\n+# grow scaling group to 3 \n+\n+- name: add 2 more instances wait for instances to be deemed healthy (ELB)\n+  ec2_asg:\n+    name: \"{{ resource_prefix }}-asg\"\n+    availability_zones:\n+      - \"{{ ec2_region }}b\"\n+      - \"{{ ec2_region }}c\"\n+    ec2_access_key: \"{{ ec2_access_key }}\"\n+    ec2_secret_key: \"{{ ec2_secret_key }}\"\n+    launch_config_name: \"{{ resource_prefix }}-lc\"\n+    health_check_type: ELB\n+    desired_capacity: 3\n+    min_size: 3\n+    max_size: 5\n+    health_check_period: 120\n+    load_balancers: ec2-asg-int-test\n+    region: \"{{ ec2_region }}\"\n+    wait_for_instances: yes\n+    wait_timeout: 600\n+    state: present\n+  register: output\n+\n+- assert:\n+    that:\n+      - \"output.viable_instances == 3\"\n+\n+# # create new launch config with alternate AMI\n+\n+- name: ensure launch config exists\n+  ec2_lc:\n+    name: \"{{ resource_prefix }}-lc-2\"\n+    ec2_access_key: \"{{ ec2_access_key }}\"\n+    ec2_secret_key: \"{{ ec2_secret_key }}\"\n+    region: \"{{ ec2_region }}\"\n+    image_id: ami-2a4a0e42\n+    instance_type: t2.micro\n+\n+\n+# # perform rolling replace\n+\n+- name: perform rolling update to new AMI\n+  ec2_asg:\n+    name: \"{{ resource_prefix }}-asg\"\n+    availability_zones:\n+      - \"{{ ec2_region }}b\"\n+      - \"{{ ec2_region }}c\"\n+    ec2_access_key: \"{{ ec2_access_key }}\"\n+    ec2_secret_key: \"{{ ec2_secret_key }}\"\n+    launch_config_name: \"{{ resource_prefix }}-lc-2\"\n+    health_check_type: ELB\n+    desired_capacity: 3\n+    min_size: 3\n+    max_size: 5\n+    health_check_period: 120\n+    load_balancers: ec2-asg-int-test\n+    region: \"{{ ec2_region }}\"\n+    wait_for_instances: yes\n+    replace_all_instances: yes\n+    wait_timeout: 600\n+    state: present\n+  register: output\n+\n+# ensure that all instances have new launch config\n+- assert:\n+    that:\n+      - \"item.value.launch_config_name == '{{ resource_prefix }}-lc-2'\"\n+  with_dict: output.instance_facts\n+\n+# assert they are all healthy\n+- assert:\n+    that:\n+      - \"output.viable_instances >= 3\"\n+\n+\n+- name: kill asg\n+  ec2_asg:\n+    name: \"{{ resource_prefix }}-asg\"\n+    ec2_access_key: \"{{ ec2_access_key }}\"\n+    ec2_secret_key: \"{{ ec2_secret_key }}\"\n+    region: \"{{ ec2_region }}\"\n+    state: absent\n+  async: 300\n\\ No newline at end of file\n"
    }
  ],
  "comments": [
    {
      "author_login": "abadger",
      "body": "# Merged\n\nHi!\n\nThis has been merged in, and will also be included in the next major release.\n\nIf you or anyone else has any further questions, please let us know by stopping by one of the two mailing lists, as appropriate:\n- https://groups.google.com/forum/#!forum/ansible-project - for user questions, tips, and tricks\n- https://groups.google.com/forum/#!forum/ansible-devel - for strategy, future planning, and questions about writing code\n\nBecause this project is very active, we're unlikely to see comments made on closed tickets, but the mailing list is a great way to ask questions, or post if you don't think this particular\nissue is resolved.\n\nThank you!\n"
    }
  ],
  "reviews": []
}