{
  "pr_number": 10985,
  "url": "https://github.com/ansible/ansible/pull/10985",
  "title": "correct unbound error in ec2.py's RDS code path",
  "author_login": "jmhodges",
  "state": "MERGED",
  "merged_by_login": "bcoca",
  "body": "Fixes #10910\n",
  "labels": [
    "bug"
  ],
  "additions": 1,
  "deletions": 0,
  "changed_files_count": 1,
  "changed_files_list": [
    "plugins/inventory/ec2.py"
  ],
  "files": [
    {
      "file_path": "plugins/inventory/ec2.py",
      "status": "modified",
      "additions": 1,
      "deletions": 0,
      "file_diff": "diff --git a/plugins/inventory/ec2.py b/plugins/inventory/ec2.py\nindex 5f7bd061d7210d..3a6513c6845570 100755\n--- a/plugins/inventory/ec2.py\n+++ b/plugins/inventory/ec2.py\n@@ -382,6 +382,7 @@ def get_rds_instances_by_region(self, region):\n                 for instance in instances:\n                     self.add_rds_instance(instance, region)\n         except boto.exception.BotoServerError, e:\n+            error = e.message\n             if e.error_code == 'AuthFailure':\n                 error = self.get_auth_error_message()\n             if not e.reason == \"Forbidden\":\n"
    }
  ],
  "comments": [],
  "reviews": []
}