{
  "pr_number": 11616,
  "url": "https://github.com/ansible/ansible/pull/11616",
  "title": "fixes 11607, override ansible_ssh_port in group/host_vars",
  "author_login": "halberom",
  "state": "MERGED",
  "merged_by_login": "bcoca",
  "body": "Tested with `ansible myhost -m ping -vvvv`.  It correctly picks up ansible_ssh_port in the following order\n- host_vars\n- group_vars\n- remote_port (default) in ansible.cfg\n\nFull testing can be seen in https://gist.github.com/halberom/2195fe0d6dfa996d9439\n\nOnly thing I'm not sure about is whether it should be assigned to a class variable?  Also I took a look at the unit tests and although i could see there's a port test in executor.connection_info, I've no idea how to validate or expand on it.  Any tips appreciated.\n",
  "labels": [
    "bug"
  ],
  "additions": 4,
  "deletions": 2,
  "changed_files_count": 1,
  "changed_files_list": [
    "ansible/inventory/host.py b/lib/ansible/inventory/host.py"
  ],
  "files": [
    {
      "file_path": "ansible/inventory/host.py b/lib/ansible/inventory/host.py",
      "status": "modified",
      "additions": 4,
      "deletions": 2,
      "file_diff": "diff --git a/lib/ansible/inventory/host.py b/lib/ansible/inventory/host.py\nindex c14a6f4a25e52c..c8083edb928656 100644\n--- a/lib/ansible/inventory/host.py\n+++ b/lib/ansible/inventory/host.py\n@@ -78,8 +78,6 @@ def __init__(self, name=None, port=None):\n \n         if port and port != C.DEFAULT_REMOTE_PORT:\n             self.set_variable('ansible_ssh_port', int(port))\n-        else:\n-            self.set_variable('ansible_ssh_port', C.DEFAULT_REMOTE_PORT)\n \n         self._gathered_facts = False\n \n@@ -124,6 +122,10 @@ def get_vars(self):\n         results['inventory_hostname'] = self.name\n         results['inventory_hostname_short'] = self.name.split('.')[0]\n         results['ansible_ssh_host'] = self.ipv4_address\n+\n+        if 'ansible_ssh_port' not in results:\n+            results['ansible_ssh_port'] = C.DEFAULT_REMOTE_PORT\n+\n         results['group_names'] = sorted([ g.name for g in groups if g.name != 'all'])\n         return results\n \n"
    }
  ],
  "comments": [
    {
      "author_login": "halberom",
      "body": "Noted, tested commenting out remote_port in ansible.cfg (and host_vars and group_vars) and it falls through to using port 22.  Seems None is handled in https://github.com/ansible/ansible/blob/devel/lib/ansible/plugins/connections/ssh.py#L107.\n"
    },
    {
      "author_login": "bcoca",
      "body": "cc @jimi-c \n"
    },
    {
      "author_login": "bcoca",
      "body": "DEFAULT_REMOTE_PORT is None by default\n",
      "file_path": "lib/ansible/inventory/host.py",
      "diff_hunk": "@@ -124,6 +122,10 @@ def get_vars(self):\n         results['inventory_hostname'] = self.name\n         results['inventory_hostname_short'] = self.name.split('.')[0]\n         results['ansible_ssh_host'] = self.ipv4_address\n+\n+        if 'ansible_ssh_port' not in results:\n+            results['ansible_ssh_port'] = C.DEFAULT_REMOTE_PORT",
      "comment_type": "review_comment"
    }
  ],
  "reviews": []
}