{
  "pr_number": 1033,
  "url": "https://github.com/ansible/ansible/pull/1033",
  "title": "Fix inventory.get_hosts when hosts is a list.",
  "author_login": "jkleint",
  "state": "MERGED",
  "merged_by_login": "mpdehaan",
  "body": "Am I really the only one who uses this?  ;)\n\nUnit test included.\n",
  "labels": [],
  "additions": 11,
  "deletions": 1,
  "changed_files_count": 2,
  "changed_files_list": [
    "test/TestInventory.py"
  ],
  "files": [
    {
      "file_path": "test/TestInventory.py",
      "status": "modified",
      "additions": 8,
      "deletions": 0,
      "file_diff": "diff --git a/test/TestInventory.py b/test/TestInventory.py\nindex ec71f54bc104ce..048126cc7845cb 100644\n--- a/test/TestInventory.py\n+++ b/test/TestInventory.py\n@@ -238,3 +238,11 @@ def test_script_vars(self):\n                         'group_names': ['norse'],\n                         'inventory_hostname': 'thor',\n                         'inventory_hostname_short': 'thor'}\n+\n+    def test_hosts_list(self):\n+        \"\"\"Test the case when playbook 'hosts' var is a list.\"\"\"\n+        inventory = self.script_inventory()\n+        host_names = sorted(['thor', 'loki', 'odin'])       # Not sure if sorting is in the contract or not\n+        actual_hosts = inventory.get_hosts(host_names)\n+        actual_host_names = [host.name for host in actual_hosts]\n+        assert host_names == actual_host_names\n"
    }
  ],
  "comments": [
    {
      "author_login": "mpdehaan",
      "body": "Probably, I suspect everyone is sending it as \"pattern:pattern2:etc\"\n\ntest is a good idea :)\n"
    },
    {
      "author_login": "mpdehaan",
      "body": "merged, thanks!\n"
    }
  ],
  "reviews": []
}