{
  "pr_number": 11192,
  "url": "https://github.com/ansible/ansible/pull/11192",
  "title": "Raise AnsibleParserError instead of AssertionError",
  "author_login": "sivel",
  "state": "MERGED",
  "merged_by_login": "bcoca",
  "body": "Currently if there is a parser error, we raise an AssertionError in several functions instead of AnsibleParserError.\n\nThis causes a traceback, and doesn't cause ansible to print a useful message.\n\nThis PR converts the AssertionError to AnsibleParserError\n##### Traceback\n\n```\nTraceback (most recent call last):\n  File \"/Users/matt/python_venvs/ansibledev/ansible/bin/ansible-playbook\", line 66, in <module>\n    sys.exit(cli.run())\n  File \"/Users/matt/python_venvs/ansibledev/ansible/lib/ansible/cli/playbook.py\", line 160, in run\n    results = pbex.run()\n  File \"/Users/matt/python_venvs/ansibledev/ansible/lib/ansible/executor/playbook_executor.py\", line 68, in run\n    pb = Playbook.load(playbook_path, variable_manager=self._variable_manager, loader=self._loader)\n  File \"/Users/matt/python_venvs/ansibledev/ansible/lib/ansible/playbook/__init__.py\", line 47, in load\n    pb._load_playbook_data(file_name=file_name, variable_manager=variable_manager)\n  File \"/Users/matt/python_venvs/ansibledev/ansible/lib/ansible/playbook/__init__.py\", line 78, in _load_playbook_data\n    entry_obj = Play.load(entry, variable_manager=variable_manager, loader=self._loader)\n  File \"/Users/matt/python_venvs/ansibledev/ansible/lib/ansible/playbook/play.py\", line 98, in load\n    return p.load_data(data, variable_manager=variable_manager, loader=loader)\n  File \"/Users/matt/python_venvs/ansibledev/ansible/lib/ansible/playbook/base.py\", line 175, in load_data\n    self._attributes[name] = method(name, ds[name])\n  File \"/Users/matt/python_venvs/ansibledev/ansible/lib/ansible/playbook/play.py\", line 151, in _load_tasks\n    return load_list_of_blocks(ds=ds, play=self, variable_manager=self._variable_manager, loader=self._loader)\n  File \"/Users/matt/python_venvs/ansibledev/ansible/lib/ansible/playbook/helpers.py\", line 39, in load_list_of_blocks\n    assert ds is None or isinstance(ds, list), 'block has bad type: %s' % type(ds)\nAssertionError: block has bad type: <class 'ansible.parsing.yaml.objects.AnsibleMapping'>\n```\n##### Helpful Error\n\n```\nERROR! block has bad type: \"AnsibleMapping\". Expecting \"list\"\n\nThe error appears to have been in '/Users/matt/python_venvs/ansibledev/playbooks/ds_error.yml': line 4, column 5, but may\nbe elsewhere in the file depending on the exact syntax problem.\n\nThe offending line appears to be:\n\n  tasks:\n    command: whoami\n    ^ here\n```\n",
  "labels": [
    "P1",
    "bug"
  ],
  "additions": 7,
  "deletions": 4,
  "changed_files_count": 1,
  "changed_files_list": [
    "ansible/playbook/helpers.py b/lib/ansible/playbook/helpers.py"
  ],
  "files": [
    {
      "file_path": "ansible/playbook/helpers.py b/lib/ansible/playbook/helpers.py",
      "status": "modified",
      "additions": 7,
      "deletions": 4,
      "file_diff": "diff --git a/lib/ansible/playbook/helpers.py b/lib/ansible/playbook/helpers.py\nindex 302e14a6e097a4..d98241397180bc 100644\n--- a/lib/ansible/playbook/helpers.py\n+++ b/lib/ansible/playbook/helpers.py\n@@ -36,7 +36,8 @@ def load_list_of_blocks(ds, play, parent_block=None, role=None, task_include=Non\n     # we import here to prevent a circular dependency with imports\n     from ansible.playbook.block import Block\n \n-    assert ds is None or isinstance(ds, list), 'block has bad type: %s' % type(ds)\n+    if not isinstance(ds, (list, type(None))):\n+        raise AnsibleParserError('block has bad type: \"%s\". Expecting \"list\"' % type(ds).__name__, obj=ds)\n \n     block_list = []\n     if ds:\n@@ -67,12 +68,13 @@ def load_list_of_tasks(ds, play, block=None, role=None, task_include=None, use_h\n     from ansible.playbook.handler import Handler\n     from ansible.playbook.task import Task\n \n-    assert isinstance(ds, list), 'task has bad type: %s' % type(ds)\n+    if not isinstance(ds, list):\n+        raise AnsibleParserError('task has bad type: \"%s\". Expected \"list\"' % type(ds).__name__, obj=ds)\n \n     task_list = []\n     for task in ds:\n         if not isinstance(task, dict):\n-            raise AnsibleParserError(\"task/handler entries must be dictionaries (got a %s)\" % type(task), obj=ds)\n+            raise AnsibleParserError('task/handler has bad type: \"%s\". Expected \"dict\"' % type(task).__name__, obj=task)\n \n         if 'block' in task:\n             t = Block.load(\n@@ -105,7 +107,8 @@ def load_list_of_roles(ds, current_role_path=None, variable_manager=None, loader\n     # we import here to prevent a circular dependency with imports\n     from ansible.playbook.role.include import RoleInclude\n \n-    assert isinstance(ds, list), 'roles has bad type: %s' % type(ds)\n+    if not isinstance(ds, list):\n+        raise AnsibleParserError('roles has bad type: \"%s\". Expectes \"list\"' % type(ds).__name__, obj=ds)\n \n     roles = []\n     for role_def in ds:\n"
    }
  ],
  "comments": [],
  "reviews": []
}