{
  "pr_number": 11011,
  "url": "https://github.com/ansible/ansible/pull/11011",
  "title": "attempt to fix selinux context on fuse filesystems",
  "author_login": "bcoca",
  "state": "MERGED",
  "merged_by_login": "bcoca",
  "body": "hopefully fixes #10931\n",
  "labels": [
    "bug"
  ],
  "additions": 32,
  "deletions": 15,
  "changed_files_count": 5,
  "changed_files_list": [
    "ansible/constants.py b/lib/ansible/constants.py",
    "ansible/inventory/__init__.py b/lib/ansible/inventory/__init__.py",
    "ansible/module_common.py b/lib/ansible/module_common.py",
    "ansible/module_utils/basic.py b/lib/ansible/module_utils/basic.py"
  ],
  "files": [
    {
      "file_path": "ansible/constants.py b/lib/ansible/constants.py",
      "status": "modified",
      "additions": 4,
      "deletions": 1,
      "file_diff": "diff --git a/lib/ansible/constants.py b/lib/ansible/constants.py\nindex 089de5b7c5bf15..2cdc08d8ce87ac 100644\n--- a/lib/ansible/constants.py\n+++ b/lib/ansible/constants.py\n@@ -134,7 +134,10 @@ def shell_expand_path(path):\n DEFAULT_SU_USER           = get_config(p, DEFAULTS, 'su_user', 'ANSIBLE_SU_USER', 'root')\n DEFAULT_ASK_SU_PASS       = get_config(p, DEFAULTS, 'ask_su_pass', 'ANSIBLE_ASK_SU_PASS', False, boolean=True)\n DEFAULT_GATHERING         = get_config(p, DEFAULTS, 'gathering', 'ANSIBLE_GATHERING', 'implicit').lower()\n-DEFAULT_LOG_PATH               = shell_expand_path(get_config(p, DEFAULTS, 'log_path',           'ANSIBLE_LOG_PATH', ''))\n+DEFAULT_LOG_PATH          = shell_expand_path(get_config(p, DEFAULTS, 'log_path',           'ANSIBLE_LOG_PATH', ''))\n+\n+# selinux\n+DEFAULT_SELINUX_SPECIAL_FS = get_config(p, 'selinux', 'special_context_filesystems', None, 'fuse, nfs, vboxsf', islist=True)\n \n #TODO: get rid of ternary chain mess\n BECOME_METHODS            = ['sudo','su','pbrun','pfexec','runas']"
    },
    {
      "file_path": "ansible/inventory/__init__.py b/lib/ansible/inventory/__init__.py",
      "status": "modified",
      "additions": 2,
      "deletions": 2,
      "file_diff": "diff --git a/lib/ansible/inventory/__init__.py b/lib/ansible/inventory/__init__.py\nindex 2048046d3c1f21..f012246e227016 100644\n--- a/lib/ansible/inventory/__init__.py\n+++ b/lib/ansible/inventory/__init__.py\n@@ -36,7 +36,7 @@ class Inventory(object):\n     Host inventory for ansible.\n     \"\"\"\n \n-    __slots__ = [ 'host_list', 'groups', '_restriction', '_also_restriction', '_subset', \n+    __slots__ = [ 'host_list', 'groups', '_restriction', '_also_restriction', '_subset',\n                   'parser', '_vars_per_host', '_vars_per_group', '_hosts_cache', '_groups_list',\n                   '_pattern_cache', '_vault_password', '_vars_plugins', '_playbook_basedir']\n \n@@ -53,7 +53,7 @@ def __init__(self, host_list=C.DEFAULT_HOST_LIST, vault_password=None):\n         self._vars_per_host  = {}\n         self._vars_per_group = {}\n         self._hosts_cache    = {}\n-        self._groups_list    = {} \n+        self._groups_list    = {}\n         self._pattern_cache  = {}\n \n         # to be set by calling set_playbook_basedir by playbook code"
    },
    {
      "file_path": "ansible/module_common.py b/lib/ansible/module_common.py",
      "status": "modified",
      "additions": 6,
      "deletions": 3,
      "file_diff": "diff --git a/lib/ansible/module_common.py b/lib/ansible/module_common.py\nindex 118c757f8dcae1..fba5b9137da881 100644\n--- a/lib/ansible/module_common.py\n+++ b/lib/ansible/module_common.py\n@@ -33,6 +33,8 @@\n REPLACER_COMPLEX = \"\\\"<<INCLUDE_ANSIBLE_MODULE_COMPLEX_ARGS>>\\\"\"\n REPLACER_WINDOWS = \"# POWERSHELL_COMMON\"\n REPLACER_VERSION = \"\\\"<<ANSIBLE_VERSION>>\\\"\"\n+REPLACER_SELINUX = \"<<SELINUX_SPECIAL_FILESYSTEMS>>\"\n+\n \n class ModuleReplacer(object):\n \n@@ -41,14 +43,14 @@ class ModuleReplacer(object):\n     transfer.  Rather than doing classical python imports, this allows for more\n     efficient transfer in a no-bootstrapping scenario by not moving extra files\n     over the wire, and also takes care of embedding arguments in the transferred\n-    modules.  \n+    modules.\n \n     This version is done in such a way that local imports can still be\n     used in the module code, so IDEs don't have to be aware of what is going on.\n \n     Example:\n \n-    from ansible.module_utils.basic import * \n+    from ansible.module_utils.basic import *\n \n        ... will result in the insertion basic.py into the module\n \n@@ -94,7 +96,7 @@ def _find_snippet_imports(self, module_data, module_path):\n             module_style = 'new'\n         elif 'WANT_JSON' in module_data:\n             module_style = 'non_native_want_json'\n-      \n+\n         output = StringIO()\n         lines = module_data.split('\\n')\n         snippet_names = []\n@@ -167,6 +169,7 @@ def modify_module(self, module_path, complex_args, module_args, inject):\n \n             # these strings should be part of the 'basic' snippet which is required to be included\n             module_data = module_data.replace(REPLACER_VERSION, repr(__version__))\n+            module_data = module_data.replace(REPLACER_SELINUX, ','.join(C.DEFAULT_SELINUX_SPECIAL_FS))\n             module_data = module_data.replace(REPLACER_ARGS, encoded_args)\n             module_data = module_data.replace(REPLACER_COMPLEX, encoded_complex)\n "
    },
    {
      "file_path": "ansible/module_utils/basic.py b/lib/ansible/module_utils/basic.py",
      "status": "modified",
      "additions": 15,
      "deletions": 9,
      "file_diff": "diff --git a/lib/ansible/module_utils/basic.py b/lib/ansible/module_utils/basic.py\nindex 54a1a9cfff7f88..0c2e57f81a6d03 100644\n--- a/lib/ansible/module_utils/basic.py\n+++ b/lib/ansible/module_utils/basic.py\n@@ -38,6 +38,8 @@\n BOOLEANS_FALSE = ['no', 'off', '0', 'false', 0]\n BOOLEANS = BOOLEANS_TRUE + BOOLEANS_FALSE\n \n+SELINUX_SPECIAL_FS=\"<<SELINUX_SPECIAL_FILESYSTEMS>>\"\n+\n # ansible modules can be written in any language.  To simplify\n # development of Python modules, the functions available here\n # can be inserted in any module source automatically by including\n@@ -528,10 +530,10 @@ def find_mount_point(self, path):\n             path = os.path.dirname(path)\n         return path\n \n-    def is_nfs_path(self, path):\n+    def is_special_selinux_path(self, path):\n         \"\"\"\n-        Returns a tuple containing (True, selinux_context) if the given path\n-        is on a NFS mount point, otherwise the return will be (False, None).\n+        Returns a tuple containing (True, selinux_context) if the given path is on a\n+        NFS or other 'special' fs  mount point, otherwise the return will be (False, None).\n         \"\"\"\n         try:\n             f = open('/proc/mounts', 'r')\n@@ -542,9 +544,13 @@ def is_nfs_path(self, path):\n         path_mount_point = self.find_mount_point(path)\n         for line in mount_data:\n             (device, mount_point, fstype, options, rest) = line.split(' ', 4)\n-            if path_mount_point == mount_point and 'nfs' in fstype:\n-                nfs_context = self.selinux_context(path_mount_point)\n-                return (True, nfs_context)\n+\n+            if path_mount_point == mount_point:\n+                for fs in SELINUX_SPECIAL_FS.split(','):\n+                    if fs in fstype:\n+                        special_context = self.selinux_context(path_mount_point)\n+                        return (True, special_context)\n+\n         return (False, None)\n \n     def set_default_selinux_context(self, path, changed):\n@@ -562,9 +568,9 @@ def set_context_if_different(self, path, context, changed):\n         # Iterate over the current context instead of the\n         # argument context, which may have selevel.\n \n-        (is_nfs, nfs_context) = self.is_nfs_path(path)\n-        if is_nfs:\n-            new_context = nfs_context\n+        (is_special_se, sp_context) = self.is_special_selinux_path(path)\n+        if is_special_se:\n+            new_context = sp_context\n         else:\n             for i in range(len(cur_context)):\n                 if len(context) > i:\n"
    }
  ],
  "comments": [],
  "reviews": []
}