{
  "pr_number": 10710,
  "url": "https://github.com/ansible/ansible/pull/10710",
  "title": "Updated the tox.ini file to run multiple ansible versions.",
  "author_login": "rofinn",
  "state": "MERGED",
  "merged_by_login": "abadger",
  "body": "Purpose: so that devs can use tox to run v1 or v2 of ansible with various versions of python.\nFor example `tox -e py27-v2 will run python2.7 on v2. Currently, only py26 and py27 are run on v1 when\nrunning just`tox` so that we aren't breaking builds.\n",
  "labels": [],
  "additions": 15,
  "deletions": 1,
  "changed_files_count": 1,
  "changed_files_list": [
    "tox.ini"
  ],
  "files": [
    {
      "file_path": "tox.ini",
      "status": "modified",
      "additions": 15,
      "deletions": 1,
      "file_diff": "diff --git a/tox.ini b/tox.ini\nindex 7c86e7e08f1ff4..5691980b607a2a 100644\n--- a/tox.ini\n+++ b/tox.ini\n@@ -1,7 +1,21 @@\n [tox]\n-envlist = py26,py27\n+envlist = {py26,py27}-v{1}\n \n [testenv]\n deps = -r{toxinidir}/test-requirements.txt\n whitelist_externals = make\n+\n+[testenv:py26-v1]\n+commands = make tests\n+\n+[testenv:py27-v1]\n commands = make tests\n+\n+[testenv:py26-v2]\n+commands = make newtests\n+\n+[testenv:py27-v2]\n+commands = make newtests\n+\n+[testenv:py34-v2]\n+commands = make newtests\n"
    }
  ],
  "comments": [
    {
      "author_login": "abadger",
      "body": "Thanks @Rory-Finnegan !\n\n# Merged\n\nHi!\n\nThis has been merged in, and will also be included in the next major release.\n\nIf you or anyone else has any further questions, please let us know by stopping by one of the two mailing lists, as appropriate:\n- https://groups.google.com/forum/#!forum/ansible-project - for user questions, tips, and tricks\n- https://groups.google.com/forum/#!forum/ansible-devel - for strategy, future planning, and questions about writing code\n\nBecause this project is very active, we're unlikely to see comments made on closed tickets, but the mailing list is a great way to ask questions, or post if you don't think this particular\nissue is resolved.\n\nThank you!\n"
    }
  ],
  "reviews": []
}