{
  "pr_number": 11363,
  "url": "https://github.com/ansible/ansible/pull/11363",
  "title": "Add quote to a variable following a colon",
  "author_login": "danasmera",
  "state": "MERGED",
  "merged_by_login": "bcoca",
  "body": "A value after a colon, such as an ansible variable, has to be quoted. Otherwise YAML will interpret it as a dictionary.\n",
  "labels": [
    "docs"
  ],
  "additions": 1,
  "deletions": 1,
  "changed_files_count": 1,
  "changed_files_list": [
    "docsite/rst/faq.rst"
  ],
  "files": [
    {
      "file_path": "docsite/rst/faq.rst",
      "status": "modified",
      "additions": 1,
      "deletions": 1,
      "file_diff": "diff --git a/docsite/rst/faq.rst b/docsite/rst/faq.rst\nindex ba3ae1264ffd3d..faac872fad7a3b 100644\n--- a/docsite/rst/faq.rst\n+++ b/docsite/rst/faq.rst\n@@ -11,7 +11,7 @@ How can I set the PATH or any other environment variable for a task or entire pl\n Setting environment variables can be done with the `environment` keyword. It can be used at task or playbook level::\n \n     environment:\n-      PATH: {{ ansible_env.PATH }}:/thingy/bin\n+      PATH: \"{{ ansible_env.PATH }}:/thingy/bin\"\n       SOME: value\n \n \n"
    }
  ],
  "comments": [],
  "reviews": []
}