{
  "pr_number": 11078,
  "url": "https://github.com/ansible/ansible/pull/11078",
  "title": "New lookup plugin : ini",
  "author_login": "Yannig",
  "state": "MERGED",
  "merged_by_login": "bcoca",
  "body": "Can handle ini file and java properties file. Can also read a list of value in a section using regexp.\nHere's a simple example :\n\n``` yaml\n- name: \"read properties value\"\n  set_fact:\n    # java properties\n    test1:    \"{{lookup('ini', 'value1 type=properties  file=lookup.properties')}}\"\n    # ini file\n    test2:    \"{{lookup('ini', 'value1 section=global   file=lookup.ini')}}\"\n    # all value from section matching regexp value[1-2]\n    value_section:    \"{{lookup('ini', 'value[1-2] section=value_section file=lookup.ini re=true')}}\"\n- debug: var={{item}}\n  with_items: [ 'test1', 'test2', 'value_section' ]\n```\n\nThis pull request refer to #11019 (csvfile lookup plugin can now handle properties file).\nHere's the result of the test playbook bundle in the pull request:\n\n```\nansible-playbook test/integration/test_lookup_properties.yml\n\nPLAY [Lookup test] ************************************************************ \n\nGATHERING FACTS *************************************************************** \nok: [localhost]\n\nTASK: [read properties value] ************************************************* \nok: [localhost]\n\nTASK: [debug var={{item}}] **************************************************** \nok: [localhost] => (item=test1) => {\n    \"item\": \"test1\",                                                                                                                                                            \n    \"var\": {                                                                                                                                                                    \n        \"test1\": \"Text associated with value1\"                                                                                                                                  \n    }                                                                                                                                                                           \n}                                                                                                                                                                               \nok: [localhost] => (item=test2) => {\n    \"item\": \"test2\",                                                                                                                                                            \n    \"var\": {                                                                                                                                                                    \n        \"test2\": \"Same for value2\"                                                                                                                                              \n    }                                                                                                                                                                           \n}                                                                                                                                                                               \nok: [localhost] => (item=test_dot) => {\n    \"item\": \"test_dot\",                                                                                                                                                         \n    \"var\": {                                                                                                                                                                    \n        \"test_dot\": \"Properties with dot\"                                                                                                                                       \n    }                                                                                                                                                                           \n}                                                                                                                                                                               \nok: [localhost] => (item=field_with_space) => {\n    \"item\": \"field_with_space\",                                                                                                                                                 \n    \"var\": {                                                                                                                                                                    \n        \"field_with_space\": \"another space\"                                                                                                                                     \n    }                                                                                                                                                                           \n}                                                                                                                                                                               \n\nTASK: [read ini value] ******************************************************** \nok: [localhost]\n\nTASK: [debug var={{item}}] **************************************************** \nok: [localhost] => (item=value1_global) => {\n    \"item\": \"value1_global\",                                                                                                                                                    \n    \"var\": {                                                                                                                                                                    \n        \"value1_global\": \"Text associated with value1 and global section\"                                                                                                       \n    }                                                                                                                                                                           \n}                                                                                                                                                                               \nok: [localhost] => (item=value2_global) => {\n    \"item\": \"value2_global\",                                                                                                                                                    \n    \"var\": {                                                                                                                                                                    \n        \"value2_global\": \"Same for value2 and global section\"                                                                                                                   \n    }                                                                                                                                                                           \n}                                                                                                                                                                               \nok: [localhost] => (item=value1_section1) => {\n    \"item\": \"value1_section1\",                                                                                                                                                  \n    \"var\": {                                                                                                                                                                    \n        \"value1_section1\": \"Another value for section1\"                                                                                                                         \n    }                                                                                                                                                                           \n}                                                                                                                                                                               \n\nTASK: [read ini value with section and regexp] ******************************** \nok: [localhost]\n\nTASK: [debug var={{item}}] **************************************************** \nok: [localhost] => (item=value_section) => {\n    \"item\": \"value_section\",                                                                                                                                                    \n    \"var\": {                                                                                                                                                                    \n        \"value_section\": \"1,2\"                                                                                                                                                  \n    }                                                                                                                                                                           \n}                                                                                                                                                                               \nok: [localhost] => (item=other_section) => {\n    \"item\": \"other_section\",                                                                                                                                                    \n    \"var\": {                                                                                                                                                                    \n        \"other_section\": \"4,5\"                                                                                                                                                  \n    }\n}\n\nTASK: [Reading unknown value] ************************************************* \nfatal: [localhost] => Failed to template {{lookup('ini', 'value2           section=section1 file=lookup.ini')}}: Unexpected error in during lookup: No option 'value2' in section: 'section1'\n\nFATAL: all hosts have already failed -- aborting\n\nPLAY RECAP ******************************************************************** \n           to retry, use: --limit @/home/drayan/test_lookup_properties.retry\n\nlocalhost                  : ok=7    changed=0    unreachable=1    failed=0   \n```\n",
  "labels": [
    "needs_revision",
    "feature"
  ],
  "additions": 272,
  "deletions": 0,
  "changed_files_count": 6,
  "changed_files_list": [
    "docsite/rst/playbooks_loops.rst",
    "ansible/plugins/lookup/ini.py b/lib/ansible/plugins/lookup/ini.py",
    "test/integration/lookup.ini",
    "test/integration/lookup.properties",
    "test/integration/test_lookup_properties.yml"
  ],
  "files": [
    {
      "file_path": "docsite/rst/playbooks_loops.rst",
      "status": "modified",
      "additions": 48,
      "deletions": 0,
      "file_diff": "diff --git a/docsite/rst/playbooks_loops.rst b/docsite/rst/playbooks_loops.rst\nindex a76254a966cf97..5acc6ae630158a 100644\n--- a/docsite/rst/playbooks_loops.rst\n+++ b/docsite/rst/playbooks_loops.rst\n@@ -347,6 +347,54 @@ It's uncommonly used::\n       debug: msg=\"at array position {{ item.0 }} there is a value {{ item.1 }}\"\n       with_indexed_items: \"{{some_list}}\"\n \n+.. _using_ini_with_a_loop:\n+\n+Using ini file with a loop\n+``````````````````````````\n+.. versionadded: 2.0\n+\n+The ini plugin can use regexp to retrieve a set of keys. As a consequence, we can loop over this set. Here is the ini file we'll use::\n+\n+    [section1]\n+    value1=section1/value1\n+    value2=section1/value2\n+\n+    [section2]\n+    value1=section2/value1\n+    value2=section2/value2\n+\n+Here is an example of using ``with_ini``::\n+\n+    - debug: msg=\"{{item}}\"\n+      with_ini: value[1-2] section=section1 file=lookup.ini re=true\n+\n+And here is the returned value::\n+\n+    {\n+          \"changed\": false, \n+          \"msg\": \"All items completed\", \n+          \"results\": [\n+              {\n+                  \"invocation\": {\n+                      \"module_args\": \"msg=\\\"section1/value1\\\"\", \n+                      \"module_name\": \"debug\"\n+                  }, \n+                  \"item\": \"section1/value1\", \n+                  \"msg\": \"section1/value1\", \n+                  \"verbose_always\": true\n+              }, \n+              {\n+                  \"invocation\": {\n+                      \"module_args\": \"msg=\\\"section1/value2\\\"\", \n+                      \"module_name\": \"debug\"\n+                  }, \n+                  \"item\": \"section1/value2\", \n+                  \"msg\": \"section1/value2\", \n+                  \"verbose_always\": true\n+              }\n+          ]\n+      }\n+\n .. _flattening_a_list:\n \n Flattening A List"
    },
    {
      "file_path": "ansible/plugins/lookup/ini.py b/lib/ansible/plugins/lookup/ini.py",
      "status": "added",
      "additions": 96,
      "deletions": 0,
      "file_diff": "diff --git a/lib/ansible/plugins/lookup/ini.py b/lib/ansible/plugins/lookup/ini.py\nnew file mode 100644\nindex 00000000000000..0c04f06909d5d1\n--- /dev/null\n+++ b/lib/ansible/plugins/lookup/ini.py\n@@ -0,0 +1,96 @@\n+# (c) 2015, Yannig Perre <yannig.perre(at)gmail.com>\n+#\n+# This file is part of Ansible\n+#\n+# Ansible is free software: you can redistribute it and/or modify\n+# it under the terms of the GNU General Public License as published by\n+# the Free Software Foundation, either version 3 of the License, or\n+# (at your option) any later version.\n+#\n+# Ansible is distributed in the hope that it will be useful,\n+# but WITHOUT ANY WARRANTY; without even the implied warranty of\n+# MERCHANTABILITY or FITNESS FOR A PARTICULAR PURPOSE.  See the\n+# GNU General Public License for more details.\n+#\n+# You should have received a copy of the GNU General Public License\n+# along with Ansible.  If not, see <http://www.gnu.org/licenses/>.\n+from __future__ import (absolute_import, division, print_function)\n+__metaclass__ = type\n+\n+import StringIO\n+import os\n+import codecs\n+import ConfigParser\n+import re\n+\n+from ansible.errors import *\n+from ansible.plugins.lookup import LookupBase\n+\n+class LookupModule(LookupBase):\n+\n+    def read_properties(self, filename, key, dflt, is_regexp):\n+        config = StringIO.StringIO()\n+        config.write('[java_properties]\\n' + open(filename).read())\n+        config.seek(0, os.SEEK_SET)\n+        self.cp.readfp(config)\n+        return self.get_value(key, 'java_properties', dflt, is_regexp)\n+\n+    def read_ini(self, filename, key, section, dflt, is_regexp):\n+        self.cp.readfp(open(filename))\n+        return self.get_value(key, section, dflt, is_regexp)\n+\n+    def get_value(self, key, section, dflt, is_regexp):\n+        # Retrieve all values from a section using a regexp\n+        if is_regexp:\n+            return [v for k, v in self.cp.items(section) if re.match(key, k)]\n+        value = None\n+        # Retrieve a single value\n+        try:\n+            value = self.cp.get(section, key)\n+        except ConfigParser.NoOptionError, e:\n+            return dflt\n+        return value\n+\n+    def run(self, terms, variables=None, **kwargs):\n+\n+        if isinstance(terms, basestring):\n+            terms = [ terms ]\n+\n+        basedir = self.get_basedir(variables)\n+        self.basedir = basedir\n+        self.cp      = ConfigParser.ConfigParser()\n+\n+        ret = []\n+        for term in terms:\n+            params = term.split()\n+            key = params[0]\n+\n+            paramvals = {\n+                'file'     : 'ansible.ini',\n+                're'       : False,\n+                'default'  : None,\n+                'section'  : \"global\",\n+                'type'     : \"ini\",\n+            }\n+\n+            # parameters specified?\n+            try:\n+                for param in params[1:]:\n+                    name, value = param.split('=')\n+                    assert(name in paramvals)\n+                    paramvals[name] = value\n+            except (ValueError, AssertionError), e:\n+                raise errors.AnsibleError(e)\n+\n+            path = self._loader.path_dwim_relative(basedir, 'files', paramvals['file'])\n+            if paramvals['type'] == \"properties\":\n+                var = self.read_properties(path, key, paramvals['default'], paramvals['re'])\n+            else:\n+                var = self.read_ini(path, key, paramvals['section'], paramvals['default'], paramvals['re'])\n+            if var is not None:\n+                if type(var) is list:\n+                    for v in var:\n+                        ret.append(v)\n+                else:\n+                    ret.append(var)\n+        return ret"
    },
    {
      "file_path": "test/integration/lookup.ini",
      "status": "added",
      "additions": 24,
      "deletions": 0,
      "file_diff": "diff --git a/test/integration/lookup.ini b/test/integration/lookup.ini\nnew file mode 100644\nindex 00000000000000..16500fd8990d1c\n--- /dev/null\n+++ b/test/integration/lookup.ini\n@@ -0,0 +1,24 @@\n+[global]\n+# A comment\n+value1=Text associated with value1 and global section\n+value2=Same for value2 and global section\n+value.dot=Properties with dot\n+field.with.space = another space\n+\n+[section1]\n+value1=section1/value1\n+value2=section1/value2\n+\n+[value_section]\n+value1=1\n+value2=2\n+value3=3\n+other1=4\n+other2=5\n+\n+[other_section]\n+value1=1\n+value2=2\n+value3=3\n+other1=4\n+other2=5"
    },
    {
      "file_path": "test/integration/lookup.properties",
      "status": "added",
      "additions": 5,
      "deletions": 0,
      "file_diff": "diff --git a/test/integration/lookup.properties b/test/integration/lookup.properties\nnew file mode 100644\nindex 00000000000000..f388d8cfbf5ad5\n--- /dev/null\n+++ b/test/integration/lookup.properties\n@@ -0,0 +1,5 @@\n+# A comment\n+value1=Text associated with value1\n+value2=Same for value2\n+value.dot=Properties with dot\n+field.with.space = another space"
    },
    {
      "file_path": "test/integration/test_lookup_properties.yml",
      "status": "added",
      "additions": 40,
      "deletions": 0,
      "file_diff": "diff --git a/test/integration/test_lookup_properties.yml b/test/integration/test_lookup_properties.yml\nnew file mode 100644\nindex 00000000000000..4d22ce642c458c\n--- /dev/null\n+++ b/test/integration/test_lookup_properties.yml\n@@ -0,0 +1,40 @@\n+---\n+- name: \"Lookup test\"\n+  hosts: \"localhost\"\n+#  connection: local\n+  tasks:\n+    - name: \"read properties value\"\n+      set_fact:\n+        test1:            \"{{lookup('ini', 'value1            type=properties  file=lookup.properties')}}\"\n+        test2:            \"{{lookup('ini', 'value2            type=properties  file=lookup.properties')}}\"\n+        test_dot:         \"{{lookup('ini', 'value.dot         type=properties  file=lookup.properties')}}\"\n+        field_with_space: \"{{lookup('ini', 'field.with.space  type=properties  file=lookup.properties')}}\"\n+    - debug: var={{item}}\n+      with_items: [ 'test1', 'test2', 'test_dot', 'field_with_space' ]\n+    - name: \"read ini value\"\n+      set_fact:\n+        value1_global:    \"{{lookup('ini', 'value1            section=global   file=lookup.ini')}}\"\n+        value2_global:    \"{{lookup('ini', 'value2            section=global   file=lookup.ini')}}\"\n+        value1_section1:  \"{{lookup('ini', 'value1            section=section1 file=lookup.ini')}}\"\n+    - debug: var={{item}}\n+      with_items: [ 'value1_global', 'value2_global', 'value1_section1' ]\n+    - name: \"read ini value with section and regexp\"\n+      set_fact:\n+        value_section:    \"{{lookup('ini', 'value[1-2]        section=value_section file=lookup.ini re=true')}}\"\n+        other_section:    \"{{lookup('ini', 'other[1-2]        section=other_section file=lookup.ini re=true')}}\"\n+    - debug: var={{item}}\n+      with_items: [ 'value_section', 'other_section' ]\n+    - name: \"Reading unknown value\"\n+      set_fact:\n+        unknown:  \"{{lookup('ini', 'value2           default=unknown section=section1 file=lookup.ini')}}\"\n+    - debug: var=unknown\n+    - name: \"Looping over section section1\"\n+      debug: msg=\"{{item}}\"\n+      with_ini: value[1-2] section=section1      file=lookup.ini re=true\n+    - name: \"Looping over section value_section\"\n+      debug: msg=\"{{item}}\"\n+      with_ini: value[1-2] section=value_section file=lookup.ini re=true\n+    - debug: msg=\"{{item}}\"\n+      with_ini: value[1-2] section=section1 file=lookup.ini re=true\n+      register: _\n+    - debug: var=_\n"
    }
  ],
  "comments": [
    {
      "author_login": "Yannig",
      "body": "Forget to say that you can also use it in a with_ini context. Here's a simple example :\n\n``` yaml\n- name: \"All value starting with 'value' in global section file ini\"\n  debug: var={{item}}\n  with_ini: value.* file=lookup.ini section=global re=true\n\n- name: \"All value containing 'space' in global section file properties\"\n  debug: var={{item}}\n  with_ini: .*space.* type=properties file=lookup.properties re=true\n```\n\nHere's the result:\n\n``` yaml\nTASK: [All value starting with 'value' in global section file ini] ************ \nok: [localhost] => (item=Text associated with value1 and global section) => {\n    \"item\": \"Text associated with value1 and global section\", \n    \"var\": {\n        \"Text\": \"Text\"\n    }\n}\nok: [localhost] => (item=Same for value2 and global section) => {\n    \"item\": \"Same for value2 and global section\", \n    \"var\": {\n        \"Same\": \"Same\"\n    }\n}\nok: [localhost] => (item=Properties with dot) => {\n    \"item\": \"Properties with dot\", \n    \"var\": {\n        \"Properties\": \"Properties\"\n    }\n}\n\nTASK: [All value containing 'space' in global section file properties] ******** \nok: [localhost] => (item=another space) => {\n    \"item\": \"another space\", \n    \"var\": {\n        \"another\": \"another\"\n    }\n}\n```\n"
    },
    {
      "author_login": "Yannig",
      "body": "Any comments regarding this pull request? Is there's something that need to be done?\n"
    },
    {
      "author_login": "bcoca",
      "body": "no, sorry, just need some time to be able to give a final review, also need to check if it is v2 compatible (there were some changes on how lookups work).\n"
    },
    {
      "author_login": "Yannig",
      "body": "Thanks for the feedback. I will give a try on a recent version of ansible v2.\n"
    },
    {
      "author_login": "amenonsen",
      "body": "@Yannig if you're rebasing to apply to v2 (i.e. current devel), please also add some documentation.\n"
    },
    {
      "author_login": "Yannig",
      "body": "@bcoca: rebase done. The plugin is working against last version of ansible devel.\n@amenonsen: just finish to add documentation.\nThe first commit is just about a bad behaviour when the value does not exist: before this commit, ansible was exiting saying the value cannot be read from file. Now, we use the default value (just like in CSV plugin).\n"
    },
    {
      "author_login": "Yannig",
      "body": "@bcoca: sorry, I miss a commit. As you can see, I'm very confortable with git...\n"
    },
    {
      "author_login": "bcoca",
      "body": "this needs to be ported to version 2.0 type lookups, as is it won't load\n",
      "file_path": "lib/ansible/plugins/lookup/ini.py",
      "diff_hunk": "@@ -0,0 +1,94 @@\n+# (c) 2015, Yannig Perre <yannig.perre(at)gmail.com>\n+#\n+# This file is part of Ansible\n+#\n+# Ansible is free software: you can redistribute it and/or modify\n+# it under the terms of the GNU General Public License as published by\n+# the Free Software Foundation, either version 3 of the License, or\n+# (at your option) any later version.\n+#\n+# Ansible is distributed in the hope that it will be useful,\n+# but WITHOUT ANY WARRANTY; without even the implied warranty of\n+# MERCHANTABILITY or FITNESS FOR A PARTICULAR PURPOSE.  See the\n+# GNU General Public License for more details.\n+#\n+# You should have received a copy of the GNU General Public License\n+# along with Ansible.  If not, see <http://www.gnu.org/licenses/>.\n+\n+from ansible import utils, errors\n+import StringIO\n+import os\n+import codecs\n+import ConfigParser\n+import re\n+\n+class LookupModule(object):",
      "comment_type": "review_comment"
    }
  ],
  "reviews": []
}