{
  "pr_number": 1047,
  "url": "https://github.com/ansible/ansible/pull/1047",
  "title": "Return dest. Require \"thirsty\" if dest is dir.",
  "author_login": "lotia",
  "state": "MERGED",
  "merged_by_login": "mpdehaan",
  "body": "The file destination is returned.\n\nThe check for the destination being a directory is now done before\nchecking if the file exists, that way the user is informed that the\nthirsty argument is required.\n",
  "labels": [],
  "additions": 2,
  "deletions": 3,
  "changed_files_count": 1,
  "changed_files_list": [
    "library/get_url"
  ],
  "files": [
    {
      "file_path": "library/get_url",
      "status": "modified",
      "additions": 2,
      "deletions": 3,
      "file_diff": "diff --git a/library/get_url b/library/get_url\nindex f557b29ab9158b..37a713d322628e 100755\n--- a/library/get_url\n+++ b/library/get_url\n@@ -145,11 +145,10 @@ def main():\n     thirsty = module.boolean(module.params['thirsty'])\n \n     if not thirsty:\n-        if os.path.exists(dest):\n-            module.exit_json(msg=\"file already exists\", changed=False)\n         if os.path.isdir(dest):\n             module.fail_json(msg=\"non-thirsty mode needs a filename for a destination, not a directory\")\n-\n+        if os.path.exists(dest):\n+            module.exit_json(msg=\"file already exists\", dest=dest, url=url, changed=False)\n \n     # download to tmpsrc\n     tmpsrc, info = url_get(module, url, dest)\n"
    }
  ],
  "comments": [
    {
      "author_login": "mpdehaan",
      "body": "merged, thanks!\n"
    }
  ],
  "reviews": []
}