{
  "pr_number": 10590,
  "url": "https://github.com/ansible/ansible/pull/10590",
  "title": "note added to source section",
  "author_login": "lowwalker",
  "state": "MERGED",
  "merged_by_login": "bcoca",
  "body": "Added reminder to not use source install method if you're going to be installing ansible for a Tower system\n",
  "labels": [
    "P2",
    "docs"
  ],
  "additions": 5,
  "deletions": 0,
  "changed_files_count": 1,
  "changed_files_list": [
    "docsite/rst/intro_installation.rst"
  ],
  "files": [
    {
      "file_path": "docsite/rst/intro_installation.rst",
      "status": "modified",
      "additions": 5,
      "deletions": 0,
      "file_diff": "diff --git a/docsite/rst/intro_installation.rst b/docsite/rst/intro_installation.rst\nindex 303880cac11f84..bad6ea068eff07 100644\n--- a/docsite/rst/intro_installation.rst\n+++ b/docsite/rst/intro_installation.rst\n@@ -103,6 +103,11 @@ when they are implemented, and also easily contribute to the project. Because th\n nothing to install, following the development version is significantly easier than most\n open source projects.\n \n+.. note::\n+  \n+   If you are intending to use Tower as the Control Machine, do not use a source install. Please use apt/yum/pip for a stable version\n+\n+\n To install from source.\n \n .. code-block:: bash\n"
    }
  ],
  "comments": [],
  "reviews": []
}