{
  "pr_number": 10227,
  "url": "https://github.com/ansible/ansible/pull/10227",
  "title": "Small change to guid_gce.rst,  'project-name', should be 'project_id'",
  "author_login": "fullergalway",
  "state": "MERGED",
  "merged_by_login": "bcoca",
  "body": "",
  "labels": [
    "docs"
  ],
  "additions": 1,
  "deletions": 1,
  "changed_files_count": 1,
  "changed_files_list": [
    "docsite/rst/guide_gce.rst"
  ],
  "files": [
    {
      "file_path": "docsite/rst/guide_gce.rst",
      "status": "modified",
      "additions": 1,
      "deletions": 1,
      "file_diff": "diff --git a/docsite/rst/guide_gce.rst b/docsite/rst/guide_gce.rst\nindex c0f90f13e26456..ed236544a3d14c 100644\n--- a/docsite/rst/guide_gce.rst\n+++ b/docsite/rst/guide_gce.rst\n@@ -77,7 +77,7 @@ Create a file ``secrets.py`` looking like following, and put it in some folder w\n .. code-block:: python\n \n     GCE_PARAMS = ('i...@project.googleusercontent.com', '/path/to/project.pem')\n-    GCE_KEYWORD_PARAMS = {'project': 'project-name'}\n+    GCE_KEYWORD_PARAMS = {'project': 'project_id'}\n \n Now the modules can be used as above, but the account information can be omitted.\n \n"
    }
  ],
  "comments": [],
  "reviews": []
}