{
  "pr_number": 11234,
  "url": "https://github.com/ansible/ansible/pull/11234",
  "title": "changelog: add cs_network",
  "author_login": "resmo",
  "state": "MERGED",
  "merged_by_login": "bcoca",
  "body": "",
  "labels": [
    "feature"
  ],
  "additions": 1,
  "deletions": 0,
  "changed_files_count": 1,
  "changed_files_list": [
    "CHANGELOG.md"
  ],
  "files": [
    {
      "file_path": "CHANGELOG.md",
      "status": "modified",
      "additions": 1,
      "deletions": 0,
      "file_diff": "diff --git a/CHANGELOG.md b/CHANGELOG.md\nindex 23a0f8e21954e6..82c87630b3bd0b 100644\n--- a/CHANGELOG.md\n+++ b/CHANGELOG.md\n@@ -32,6 +32,7 @@ New Modules:\n   * cloudstack: cs_iso\n   * cloudstack: cs_instance\n   * cloudstack: cs_instancegroup\n+  * cloudstack: cs_network\n   * cloudstack: cs_portforward\n   * cloudstack: cs_project\n   * cloudstack: cs_sshkeypair\n"
    }
  ],
  "comments": [],
  "reviews": []
}