{
  "pr_number": 11113,
  "url": "https://github.com/ansible/ansible/pull/11113",
  "title": "Fixes OSX fact gathering for the bridge interface.",
  "author_login": "sysadmin75",
  "state": "MERGED",
  "merged_by_login": "bcoca",
  "body": "Fixes #11104\n",
  "labels": [
    "bug"
  ],
  "additions": 7,
  "deletions": 1,
  "changed_files_count": 1,
  "changed_files_list": [
    "ansible/module_utils/facts.py b/lib/ansible/module_utils/facts.py"
  ],
  "files": [
    {
      "file_path": "ansible/module_utils/facts.py b/lib/ansible/module_utils/facts.py",
      "status": "modified",
      "additions": 7,
      "deletions": 1,
      "file_diff": "diff --git a/lib/ansible/module_utils/facts.py b/lib/ansible/module_utils/facts.py\nindex 1162e05b9cfef7..f65f776a242722 100644\n--- a/lib/ansible/module_utils/facts.py\n+++ b/lib/ansible/module_utils/facts.py\n@@ -2163,7 +2163,13 @@ def parse_media_line(self, words, current_if, ips):\n         current_if['media'] = 'Unknown' # Mac does not give us this\n         current_if['media_select'] = words[1]\n         if len(words) > 2:\n-            current_if['media_type'] = words[2][1:-1]\n+            # MacOSX sets the media to '<unknown type>' for bridge interface\n+            # and parsing splits this into two words; this if/else helps\n+            if words[1] == '<unknown' and words[2] == 'type>':\n+                current_if['media_select'] = 'Unknown'\n+                current_if['media_type'] = 'unknown type'\n+            else:\n+                current_if['media_type'] = words[2][1:-1]\n         if len(words) > 3:\n             current_if['media_options'] = self.get_options(words[3])\n \n"
    }
  ],
  "comments": [
    {
      "author_login": "amenonsen",
      "body": "This looks reasonable. I would have preferred to handle this earlier so that we didn't have to combine `<unknown` and `type>` like this, but on reading the code it's not set up to make that possible. So I think this should be merged as-is. Can any OS X user confirm that it works as expected?\n"
    }
  ],
  "reviews": []
}