{
  "pr_number": 11219,
  "url": "https://github.com/ansible/ansible/pull/11219",
  "title": "ansible-pull: Add option to verify gpg signature of a commit",
  "author_login": "Erethon",
  "state": "MERGED",
  "merged_by_login": "bcoca",
  "body": "Add option '--verify-commit' to verify a GPG signature of the checked\nout commit. As noted in the git module documentantion, this requires\ngit version >= 2.1.0\n\nThis needs the new git module option `verify-commit` introduced in\nissue ansible/ansible-modules-core/issues/1491\n",
  "labels": [
    "feature"
  ],
  "additions": 6,
  "deletions": 1,
  "changed_files_count": 1,
  "changed_files_list": [
    "ansible/cli/pull.py b/lib/ansible/cli/pull.py"
  ],
  "files": [
    {
      "file_path": "ansible/cli/pull.py b/lib/ansible/cli/pull.py",
      "status": "modified",
      "additions": 6,
      "deletions": 1,
      "file_diff": "diff --git a/lib/ansible/cli/pull.py b/lib/ansible/cli/pull.py\nindex 0d37568e20e344..ff8103a1df631b 100644\n--- a/lib/ansible/cli/pull.py\n+++ b/lib/ansible/cli/pull.py\n@@ -70,7 +70,9 @@ def parse(self):\n             help='adds the hostkey for the repo url if not already added')\n         self.parser.add_option('-m', '--module-name', dest='module_name', default=self.DEFAULT_REPO_TYPE,\n             help='Repository module name, which ansible will use to check out the repo. Default is %s.' % self.DEFAULT_REPO_TYPE)\n-\n+        self.parser.add_option('--verify-commit', dest='verify', default=False, action='store_true',\n+            help='verify GPG signature of checked out commit, if it fails abort running the playbook.'\n+                 ' This needs the corresponding VCS module to support such an operation')\n \n         self.options, self.args = self.parser.parse_args()\n \n@@ -127,6 +129,9 @@ def run(self):\n             if self.options.private_key_file:\n                 repo_opts += ' key_file=%s' % self.options.private_key_file\n \n+            if self.options.verify:\n+                repo_opts += ' verify_commit=yes'\n+\n         path = module_loader.find_plugin(self.options.module_name)\n         if path is None:\n             raise AnsibleOptionsError((\"module '%s' not found.\\n\" % self.options.module_name))\n"
    }
  ],
  "comments": [
    {
      "author_login": "resmo",
      "body": "+1\nansible pull currently supports only git repos but there may be other repos like svn, hg, or even a tar.gz in the future. \n\nThis feature would be for git only, that is why I suggest to rename it to `--git-verify-commit` and remove option `-V`\n"
    },
    {
      "author_login": "bcoca",
      "body": "I would leave the --verify-commit but make note in the help that it depends on the underlying VCS system and corresponding module supporting the feature, also no -V I believe we were reserving that for something\n"
    },
    {
      "author_login": "resmo",
      "body": "@Erethon looks like @bcoca would merged it in, if you would update the help message to make clear this is git only, requires git >= 2.1.0 and if you remove the `-V`\n"
    },
    {
      "author_login": "Erethon",
      "body": "On it, will update the commit in a few minutes.\n"
    }
  ],
  "reviews": []
}