{
  "pr_number": 11410,
  "url": "https://github.com/ansible/ansible/pull/11410",
  "title": "grammar update to vault docs",
  "author_login": "bhanuvrat",
  "state": "MERGED",
  "merged_by_login": "abadger",
  "body": "grammar nazi rearrangements.\n",
  "labels": [
    "docs"
  ],
  "additions": 1,
  "deletions": 1,
  "changed_files_count": 1,
  "changed_files_list": [
    "docsite/rst/playbooks_vault.rst"
  ],
  "files": [
    {
      "file_path": "docsite/rst/playbooks_vault.rst",
      "status": "modified",
      "additions": 1,
      "deletions": 1,
      "file_diff": "diff --git a/docsite/rst/playbooks_vault.rst b/docsite/rst/playbooks_vault.rst\nindex 25dae8f5f3b90a..5cb1eb90c9c59f 100644\n--- a/docsite/rst/playbooks_vault.rst\n+++ b/docsite/rst/playbooks_vault.rst\n@@ -14,7 +14,7 @@ What Can Be Encrypted With Vault\n \n The vault feature can encrypt any structured data file used by Ansible.  This can include \"group_vars/\" or \"host_vars/\" inventory variables, variables loaded by \"include_vars\" or \"vars_files\", or variable files passed on the ansible-playbook command line with \"-e @file.yml\" or \"-e @file.json\".  Role variables and defaults are also included!\n \n-Because Ansible tasks, handlers, and so on are also data, these can also be encrypted with vault.  If you'd like to not betray what variables you are even using, you can go as far to keep an individual task file entirely encrypted.  However, that might be a little much and could annoy your coworkers :)\n+Ansible tasks, handlers, and so on are also data so these can be encrypted with vault as well. To hide the names of variables that you're using, you can encrypt the task files in their entirety. However, that might be a little too much and could annoy your coworkers :)\n \n .. _creating_files:\n \n"
    }
  ],
  "comments": [
    {
      "author_login": "bcoca",
      "body": "what about \" If you'd like to avoid exposing even the variables ...\"\n"
    },
    {
      "author_login": "abadger",
      "body": "Maybe this would be better.\n- Changes the first sentence to not lead with a conjunction\n- Get rid of the \"you would like to not betray\" phrase as those words aren't commonly put together in English (it makes for a good phrase in fiction but something clearer is better for documentation.)\n\n\"Ansible tasks, handlers, and so on are also data so these can be encrypted with vault as well.  If you don't want to even reveal the variables you are using you can go as far as keeping individual task files entirely encrypted.  However, that might be a little too much and could annoy your coworkers :)\"\n"
    },
    {
      "author_login": "erikdw",
      "body": "Since we are all focused on the middle sentence I'll propose a complete rewrite:\n\n\"If you don't want to even reveal the variables you are using you can go as far as keeping individual task files entirely encrypted.\" ->\n\n\"You can even choose to hide the variables you are using by encrypting the task files in their entirety.\"\n"
    },
    {
      "author_login": "msabramo",
      "body": "\"To hide the names of variables that you're using, you can encrypt the task files in their entirety.\"\n\nBut this is just a slight tweak of @erikdw's 2nd proposal, which I also like. \n"
    },
    {
      "author_login": "erikdw",
      "body": "Heh, been awhile since the VMware shuttle to South SJ, huh Marc?\n\nI like your variant too, though it should end with \"entirety\" instead of \"identity\".\n"
    },
    {
      "author_login": "msabramo",
      "body": "Ha ha. I knew your name sounded familiar. Hope you're doing well. \n\nIdentity - awesome example of iPhone spell \"correction\" :-)\n"
    },
    {
      "author_login": "bhanuvrat",
      "body": "@abadger's suggestion is appealing.\n@msabramo's feels concise and to the point.\nshall I make the changes?\n"
    },
    {
      "author_login": "erikdw",
      "body": "@bhanuvrat : I see the change you made to avoid starting with \"Because\".  Can you please also make @msabramo's suggested change?\n"
    },
    {
      "author_login": "bhanuvrat",
      "body": "@erikdw done.\n"
    },
    {
      "author_login": "abadger",
      "body": "@bhanuvrat  @erikdw @msabramo @bcoca  : Thanks for all the work on this paragraph guys!\n\n# Merged\n\nHi!\n\nThis has been merged in, and will also be included in the next major release.\n\nIf you or anyone else has any further questions, please let us know by stopping by one of the two mailing lists, as appropriate:\n- https://groups.google.com/forum/#!forum/ansible-project - for user questions, tips, and tricks\n- https://groups.google.com/forum/#!forum/ansible-devel - for strategy, future planning, and questions about writing code\n\nBecause this project is very active, we're unlikely to see comments made on closed tickets, but the mailing list is a great way to ask questions, or post if you don't think this particular\nissue is resolved.\n\nThank you!\n"
    },
    {
      "author_login": "erikdw",
      "body": "A couple suggestions on your suggestions:\n- I find \"If you'd not like to betray even the variables you are using\" to be confusing compared to the original wording.  Maybe just removing \"even\" within the \"you are even using\" fragment would suffice.\n- \"a little much\" is a common phrase, I don't see a need to change that.\n\nAlso, \"patch 1\" or \"patch 2\" as the title of the PR isn't very great, I'd change it to reflect that you're making grammar changes (as your commit messages state).\n",
      "file_path": "docsite/rst/playbooks_vault.rst",
      "diff_hunk": "@@ -14,7 +14,7 @@ What Can Be Encrypted With Vault\n \n The vault feature can encrypt any structured data file used by Ansible.  This can include \"group_vars/\" or \"host_vars/\" inventory variables, variables loaded by \"include_vars\" or \"vars_files\", or variable files passed on the ansible-playbook command line with \"-e @file.yml\" or \"-e @file.json\".  Role variables and defaults are also included!\n \n-Because Ansible tasks, handlers, and so on are also data, these can also be encrypted with vault.  If you'd like to not betray what variables you are even using, you can go as far to keep an individual task file entirely encrypted.  However, that might be a little much and could annoy your coworkers :)\n+Because Ansible tasks, handlers, and so on are also data, these too can be encrypted with vault.  If you'd not like to betray even the variables you are using, you can go as far as keeping individual task files entirely encrypted.  However, that might be a little too much and could annoy your coworkers :)",
      "comment_type": "review_comment"
    }
  ],
  "reviews": []
}