{
  "pr_number": 10649,
  "url": "https://github.com/ansible/ansible/pull/10649",
  "title": "Updated outdated link to module directory.",
  "author_login": "ndonegan",
  "state": "MERGED",
  "merged_by_login": "bcoca",
  "body": "Core modules link updated and Extras link added.\n",
  "labels": [
    "P2",
    "docs"
  ],
  "additions": 6,
  "deletions": 2,
  "changed_files_count": 2,
  "changed_files_list": [
    "docsite/rst/developing_modules.rst"
  ],
  "files": [
    {
      "file_path": "docsite/rst/developing_modules.rst",
      "status": "modified",
      "additions": 3,
      "deletions": 1,
      "file_diff": "diff --git a/docsite/rst/developing_modules.rst b/docsite/rst/developing_modules.rst\nindex 82edea9de894bd..3b563ee755f42f 100644\n--- a/docsite/rst/developing_modules.rst\n+++ b/docsite/rst/developing_modules.rst\n@@ -474,8 +474,10 @@ This example allows the stat module to be called with fileinfo, making the follo\n        Learn about developing plugins\n    :doc:`developing_api`\n        Learn about the Python API for playbook and task execution\n-   `GitHub modules directory <https://github.com/ansible/ansible/tree/devel/library>`_\n+   `GitHub Core modules directory <https://github.com/ansible/ansible-modules-core/tree/devel>`_\n        Browse source of core modules\n+   `Github Extras modules directory <https://github.com/ansible/ansible-modules-extras/tree/devel>`_\n+       Browse source of extras modules.\n    `Mailing List <http://groups.google.com/group/ansible-devel>`_\n        Development mailing list\n    `irc.freenode.net <http://irc.freenode.net>`_\n"
    }
  ],
  "comments": [],
  "reviews": []
}