{
  "pr_number": 10750,
  "url": "https://github.com/ansible/ansible/pull/10750",
  "title": "Add CoreOS facts detection, fix https://github.com/ansible/ansible-modul...",
  "author_login": "mscherer",
  "state": "MERGED",
  "merged_by_login": "abadger",
  "body": "...es-core/issues/1000\n",
  "labels": [],
  "additions": 32,
  "deletions": 2,
  "changed_files_count": 2,
  "changed_files_list": [
    "v2/ansible/module_utils/facts.py"
  ],
  "files": [
    {
      "file_path": "v2/ansible/module_utils/facts.py",
      "status": "modified",
      "additions": 16,
      "deletions": 1,
      "file_diff": "diff --git a/v2/ansible/module_utils/facts.py b/v2/ansible/module_utils/facts.py\nindex ae1a3094b6064d..5844c4f67871d0 100644\n--- a/v2/ansible/module_utils/facts.py\n+++ b/v2/ansible/module_utils/facts.py\n@@ -98,7 +98,8 @@ class Facts(object):\n                     ('/etc/os-release', 'SuSE'),\n                     ('/etc/gentoo-release', 'Gentoo'),\n                     ('/etc/os-release', 'Debian'),\n-                    ('/etc/lsb-release', 'Mandriva') )\n+                    ('/etc/lsb-release', 'Mandriva'),\n+                    ('/etc/os-release', 'NA') )\n     SELINUX_MODE_DICT = { 1: 'enforcing', 0: 'permissive', -1: 'disabled' }\n \n     # A list of dicts.  If there is a platform with more than one\n@@ -386,6 +387,20 @@ def get_distribution_facts(self):\n                                     self.facts['distribution_release'] = release.groups()[0]\n                                 self.facts['distribution'] = name\n                                 break\n+                        elif name == 'NA':\n+                            data = get_file_content(path)\n+                            for line in data.splitlines():\n+                                distribution = re.search(\"^NAME=(.*)\", line)\n+                                if distribution:\n+                                    self.facts['distribution'] = distribution.group(1).strip('\"')\n+                                version = re.search(\"^VERSION=(.*)\", line)\n+                                if version:\n+                                    self.facts['distribution_version'] = version.group(1).strip('\"')\n+                            if self.facts['distribution'].lower() == 'coreos':\n+                                data = get_file_content('/etc/coreos/update.conf')\n+                                release = re.search(\"^GROUP=(.*)\", data)\n+                                if release:\n+                                    self.facts['distribution_release'] = release.group(1).strip('\"')\n                     else:\n                         self.facts['distribution'] = name\n \n"
    }
  ],
  "comments": [
    {
      "author_login": "abadger",
      "body": "Thanks @mscherer!\n\n# Merged\n\nHi!\n\nThis has been merged in, and will also be included in the next major release.\n\nIf you or anyone else has any further questions, please let us know by stopping by one of the two mailing lists, as appropriate:\n- https://groups.google.com/forum/#!forum/ansible-project - for user questions, tips, and tricks\n- https://groups.google.com/forum/#!forum/ansible-devel - for strategy, future planning, and questions about writing code\n\nBecause this project is very active, we're unlikely to see comments made on closed tickets, but the mailing list is a great way to ask questions, or post if you don't think this particular\nissue is resolved.\n\nThank you!\n"
    }
  ],
  "reviews": []
}