{
  "pr_number": 11443,
  "url": "https://github.com/ansible/ansible/pull/11443",
  "title": "assertRaises should be given an exception type. Fixes 11441",
  "author_login": "sivel",
  "state": "MERGED",
  "merged_by_login": "sivel",
  "body": "This PR addresses an issue where `assertRaises` was not given an exception type to look for.  This gets unit tests passing again.\n",
  "labels": [
    "bug"
  ],
  "additions": 6,
  "deletions": 1,
  "changed_files_count": 1,
  "changed_files_list": [
    "test/units/parsing/yaml/test_loader.py"
  ],
  "files": [
    {
      "file_path": "test/units/parsing/yaml/test_loader.py",
      "status": "modified",
      "additions": 6,
      "deletions": 1,
      "file_diff": "diff --git a/test/units/parsing/yaml/test_loader.py b/test/units/parsing/yaml/test_loader.py\nindex 37eeabff83b52a..8fd617eea1954a 100644\n--- a/test/units/parsing/yaml/test_loader.py\n+++ b/test/units/parsing/yaml/test_loader.py\n@@ -29,6 +29,11 @@\n \n from ansible.parsing.yaml.loader import AnsibleLoader\n \n+try:\n+    from _yaml import ParserError\n+except ImportError:\n+    from yaml.parser import ParserError\n+\n \n class TestAnsibleLoaderBasic(unittest.TestCase):\n \n@@ -123,7 +128,7 @@ def test_parse_short_dict(self):\n     def test_error_conditions(self):\n         stream = StringIO(\"\"\"{\"\"\")\n         loader = AnsibleLoader(stream, 'myfile.yml')\n-        self.assertRaises(loader.get_single_data)\n+        self.assertRaises(ParserError, loader.get_single_data)\n \n     def test_front_matter(self):\n         stream = StringIO(\"\"\"---\\nfoo: bar\"\"\")\n"
    }
  ],
  "comments": [],
  "reviews": []
}