{
  "pr_number": 10754,
  "url": "https://github.com/ansible/ansible/pull/10754",
  "title": "Python 2/3 compatibility fixes to parsing in v2.",
  "author_login": "rofinn",
  "state": "MERGED",
  "merged_by_login": "bcoca",
  "body": "Several changes to get python2/3 compatibility in `v2/ansible/parsing`. This included some changes to `v2/ansible/utils/unicode.py`\n\nNOTES:\n-  I can always clean up the commit history if you want, but I figured more history is better than less.\n-  I've back ported VaultAES for this pull request however there may be problems with it in python3, so I'd especially appreciate some code review on it. I'll probably be submitting a more thorough rewrite using the cryptography library and removing `VaultAES.encrypt`.\n",
  "labels": [
    "feature"
  ],
  "additions": 193,
  "deletions": 129,
  "changed_files_count": 8,
  "changed_files_list": [
    "v2/ansible/parsing/vault/__init__.py",
    "v2/ansible/parsing/yaml/objects.py",
    "v2/ansible/utils/unicode.py",
    "v2/test/parsing/test_data_loader.py",
    "v2/test/parsing/vault/test_vault.py",
    "v2/test/parsing/vault/test_vault_editor.py",
    "v2/test/parsing/yaml/test_loader.py"
  ],
  "files": [
    {
      "file_path": "v2/ansible/parsing/vault/__init__.py",
      "status": "modified",
      "additions": 92,
      "deletions": 62,
      "file_diff": "diff --git a/v2/ansible/parsing/vault/__init__.py b/v2/ansible/parsing/vault/__init__.py\nindex 92c99fdad5e124..80c48a3b69c1a6 100644\n--- a/v2/ansible/parsing/vault/__init__.py\n+++ b/v2/ansible/parsing/vault/__init__.py\n@@ -22,6 +22,7 @@\n from __future__ import (absolute_import, division, print_function)\n __metaclass__ = type\n \n+import sys\n import os\n import shlex\n import shutil\n@@ -35,7 +36,10 @@\n from hashlib import md5\n from binascii import hexlify\n from binascii import unhexlify\n+from six import binary_type, byte2int, PY2, text_type\n from ansible import constants as C\n+from ansible.utils.unicode import to_unicode, to_bytes\n+\n \n try:\n     from Crypto.Hash import SHA256, HMAC\n@@ -60,15 +64,16 @@\n # AES IMPORTS\n try:\n     from Crypto.Cipher import AES as AES\n-    HAS_AES = True   \n+    HAS_AES = True\n except ImportError:\n-    HAS_AES = False    \n+    HAS_AES = False\n \n CRYPTO_UPGRADE = \"ansible-vault requires a newer version of pycrypto than the one installed on your platform. You may fix this with OS-specific commands such as: yum install python-devel; rpm -e --nodeps python-crypto; pip install pycrypto\"\n \n-HEADER='$ANSIBLE_VAULT'\n+HEADER=u'$ANSIBLE_VAULT'\n CIPHER_WHITELIST=['AES', 'AES256']\n \n+\n class VaultLib(object):\n \n     def __init__(self, password):\n@@ -76,26 +81,28 @@ def __init__(self, password):\n         self.cipher_name = None\n         self.version = '1.1'\n \n-    def is_encrypted(self, data): \n+    def is_encrypted(self, data):\n+        data = to_unicode(data)\n         if data.startswith(HEADER):\n             return True\n         else:\n             return False\n \n     def encrypt(self, data):\n+        data = to_unicode(data)\n \n         if self.is_encrypted(data):\n             raise errors.AnsibleError(\"data is already encrypted\")\n \n         if not self.cipher_name:\n             self.cipher_name = \"AES256\"\n-            #raise errors.AnsibleError(\"the cipher must be set before encrypting data\")\n+            # raise errors.AnsibleError(\"the cipher must be set before encrypting data\")\n \n-        if 'Vault' + self.cipher_name in globals() and self.cipher_name in CIPHER_WHITELIST: \n+        if 'Vault' + self.cipher_name in globals() and self.cipher_name in CIPHER_WHITELIST:\n             cipher = globals()['Vault' + self.cipher_name]\n             this_cipher = cipher()\n         else:\n-            raise errors.AnsibleError(\"%s cipher could not be found\" % self.cipher_name)\n+            raise errors.AnsibleError(\"{} cipher could not be found\".format(self.cipher_name))\n \n         \"\"\"\n         # combine sha + data\n@@ -106,11 +113,13 @@ def encrypt(self, data):\n         # encrypt sha + data\n         enc_data = this_cipher.encrypt(data, self.password)\n \n-        # add header \n+        # add header\n         tmp_data = self._add_header(enc_data)\n         return tmp_data\n \n     def decrypt(self, data):\n+        data = to_bytes(data)\n+\n         if self.password is None:\n             raise errors.AnsibleError(\"A vault password must be specified to decrypt data\")\n \n@@ -121,48 +130,47 @@ def decrypt(self, data):\n         data = self._split_header(data)\n \n         # create the cipher object\n-        if 'Vault' + self.cipher_name in globals() and self.cipher_name in CIPHER_WHITELIST: \n-            cipher = globals()['Vault' + self.cipher_name]\n+        ciphername = to_unicode(self.cipher_name)\n+        if 'Vault' + ciphername in globals() and ciphername in CIPHER_WHITELIST:\n+            cipher = globals()['Vault' + ciphername]\n             this_cipher = cipher()\n         else:\n-            raise errors.AnsibleError(\"%s cipher could not be found\" % self.cipher_name)\n+            raise errors.AnsibleError(\"{} cipher could not be found\".format(ciphername))\n \n         # try to unencrypt data\n         data = this_cipher.decrypt(data, self.password)\n         if data is None:\n             raise errors.AnsibleError(\"Decryption failed\")\n \n-        return data            \n+        return data\n \n-    def _add_header(self, data):     \n+    def _add_header(self, data):\n         # combine header and encrypted data in 80 char columns\n \n         #tmpdata = hexlify(data)\n-        tmpdata = [data[i:i+80] for i in range(0, len(data), 80)]\n-\n+        tmpdata = [to_bytes(data[i:i+80]) for i in range(0, len(data), 80)]\n         if not self.cipher_name:\n             raise errors.AnsibleError(\"the cipher must be set before adding a header\")\n \n-        dirty_data = HEADER + \";\" + str(self.version) + \";\" + self.cipher_name + \"\\n\"\n-\n+        dirty_data = to_bytes(HEADER + \";\" + self.version + \";\" + self.cipher_name + \"\\n\")\n         for l in tmpdata:\n-            dirty_data += l + '\\n'\n+            dirty_data += l + b'\\n'\n \n         return dirty_data\n \n \n-    def _split_header(self, data):        \n+    def _split_header(self, data):\n         # used by decrypt\n \n-        tmpdata = data.split('\\n')\n-        tmpheader = tmpdata[0].strip().split(';')\n+        tmpdata = data.split(b'\\n')\n+        tmpheader = tmpdata[0].strip().split(b';')\n \n-        self.version = str(tmpheader[1].strip())\n-        self.cipher_name = str(tmpheader[2].strip())\n-        clean_data = '\\n'.join(tmpdata[1:])\n+        self.version = to_unicode(tmpheader[1].strip())\n+        self.cipher_name = to_unicode(tmpheader[2].strip())\n+        clean_data = b'\\n'.join(tmpdata[1:])\n \n         \"\"\"\n-        # strip out newline, join, unhex        \n+        # strip out newline, join, unhex\n         clean_data = [ x.strip() for x in clean_data ]\n         clean_data = unhexlify(''.join(clean_data))\n         \"\"\"\n@@ -176,9 +184,9 @@ def __exit__(self, *err):\n         pass\n \n class VaultEditor(object):\n-    # uses helper methods for write_file(self, filename, data) \n-    # to write a file so that code isn't duplicated for simple \n-    # file I/O, ditto read_file(self, filename) and launch_editor(self, filename) \n+    # uses helper methods for write_file(self, filename, data)\n+    # to write a file so that code isn't duplicated for simple\n+    # file I/O, ditto read_file(self, filename) and launch_editor(self, filename)\n     # ... \"Don't Repeat Yourself\", etc.\n \n     def __init__(self, cipher_name, password, filename):\n@@ -302,7 +310,7 @@ def rekey_file(self, new_password):\n         if not HAS_AES or not HAS_COUNTER or not HAS_PBKDF2 or not HAS_HASH:\n             raise errors.AnsibleError(CRYPTO_UPGRADE)\n \n-        # decrypt \n+        # decrypt\n         tmpdata = self.read_data(self.filename)\n         this_vault = VaultLib(self.password)\n         dec_data = this_vault.decrypt(tmpdata)\n@@ -324,10 +332,10 @@ def read_data(self, filename):\n         return tmpdata\n \n     def write_data(self, data, filename):\n-        if os.path.isfile(filename): \n+        if os.path.isfile(filename):\n             os.remove(filename)\n         f = open(filename, \"wb\")\n-        f.write(data)\n+        f.write(to_bytes(data))\n         f.close()\n \n     def shuffle_files(self, src, dest):\n@@ -369,9 +377,10 @@ def aes_derive_key_and_iv(self, password, salt, key_length, iv_length):\n \n         \"\"\" Create a key and an initialization vector \"\"\"\n \n-        d = d_i = ''\n+        d = d_i = b''\n         while len(d) < key_length + iv_length:\n-            d_i = md5(d_i + password + salt).digest()\n+            text = \"{}{}{}\".format(d_i, password, salt)\n+            d_i = md5(to_bytes(text)).digest()\n             d += d_i\n \n         key = d[:key_length]\n@@ -385,28 +394,29 @@ def encrypt(self, data, password, key_length=32):\n \n \n         # combine sha + data\n-        this_sha = sha256(data).hexdigest()\n+        this_sha = sha256(to_bytes(data)).hexdigest()\n         tmp_data = this_sha + \"\\n\" + data\n \n-        in_file = BytesIO(tmp_data)\n+        in_file = BytesIO(to_bytes(tmp_data))\n         in_file.seek(0)\n         out_file = BytesIO()\n \n         bs = AES.block_size\n \n-        # Get a block of random data. EL does not have Crypto.Random.new() \n+        # Get a block of random data. EL does not have Crypto.Random.new()\n         # so os.urandom is used for cross platform purposes\n         salt = os.urandom(bs - len('Salted__'))\n \n         key, iv = self.aes_derive_key_and_iv(password, salt, key_length, bs)\n         cipher = AES.new(key, AES.MODE_CBC, iv)\n-        out_file.write('Salted__' + salt)\n+        full = to_bytes(b'Salted__' + salt)\n+        out_file.write(full)\n         finished = False\n         while not finished:\n             chunk = in_file.read(1024 * bs)\n             if len(chunk) == 0 or len(chunk) % bs != 0:\n                 padding_length = (bs - len(chunk) % bs) or bs\n-                chunk += padding_length * chr(padding_length)\n+                chunk += to_bytes(padding_length * chr(padding_length))\n                 finished = True\n             out_file.write(cipher.encrypt(chunk))\n \n@@ -416,14 +426,14 @@ def encrypt(self, data, password, key_length=32):\n \n         return tmp_data\n \n- \n+\n     def decrypt(self, data, password, key_length=32):\n \n         \"\"\" Read encrypted data from in_file and write decrypted to out_file \"\"\"\n \n         # http://stackoverflow.com/a/14989032\n \n-        data = ''.join(data.split('\\n'))\n+        data = b''.join(data.split(b'\\n'))\n         data = unhexlify(data)\n \n         in_file = BytesIO(data)\n@@ -431,41 +441,49 @@ def decrypt(self, data, password, key_length=32):\n         out_file = BytesIO()\n \n         bs = AES.block_size\n-        salt = in_file.read(bs)[len('Salted__'):]\n+        tmpsalt = in_file.read(bs)\n+        salt = tmpsalt[len('Salted__'):]\n         key, iv = self.aes_derive_key_and_iv(password, salt, key_length, bs)\n         cipher = AES.new(key, AES.MODE_CBC, iv)\n-        next_chunk = ''\n+        next_chunk = b''\n         finished = False\n \n         while not finished:\n             chunk, next_chunk = next_chunk, cipher.decrypt(in_file.read(1024 * bs))\n             if len(next_chunk) == 0:\n-                padding_length = ord(chunk[-1])\n+                if PY2:\n+                    padding_length = ord(chunk[-1])\n+                else:\n+                    padding_length = chunk[-1]\n+\n                 chunk = chunk[:-padding_length]\n                 finished = True\n+\n             out_file.write(chunk)\n+            out_file.flush()\n \n         # reset the stream pointer to the beginning\n         out_file.seek(0)\n-        new_data = out_file.read()\n+        out_data = out_file.read()\n+        out_file.close()\n+        new_data = to_unicode(out_data)\n \n         # split out sha and verify decryption\n         split_data = new_data.split(\"\\n\")\n         this_sha = split_data[0]\n         this_data = '\\n'.join(split_data[1:])\n-        test_sha = sha256(this_data).hexdigest()\n+        test_sha = sha256(to_bytes(this_data)).hexdigest()\n \n         if this_sha != test_sha:\n             raise errors.AnsibleError(\"Decryption failed\")\n \n-        #return out_file.read()\n         return this_data\n \n \n class VaultAES256(object):\n \n     \"\"\"\n-    Vault implementation using AES-CTR with an HMAC-SHA256 authentication code. \n+    Vault implementation using AES-CTR with an HMAC-SHA256 authentication code.\n     Keys are derived using PBKDF2\n     \"\"\"\n \n@@ -481,7 +499,7 @@ def gen_key_initctr(self, password, salt):\n         keylength = 32\n \n         # match the size used for counter.new to avoid extra work\n-        ivlength = 16 \n+        ivlength = 16\n \n         hash_function = SHA256\n \n@@ -489,7 +507,7 @@ def gen_key_initctr(self, password, salt):\n         pbkdf2_prf = lambda p, s: HMAC.new(p, s, hash_function).digest()\n \n \n-        derivedkey = PBKDF2(password, salt, dkLen=(2 * keylength) + ivlength, \n+        derivedkey = PBKDF2(password, salt, dkLen=(2 * keylength) + ivlength,\n                             count=10000, prf=pbkdf2_prf)\n \n         key1 = derivedkey[:keylength]\n@@ -523,28 +541,28 @@ def encrypt(self, data, password):\n         cipher = AES.new(key1, AES.MODE_CTR, counter=ctr)\n \n         # ENCRYPT PADDED DATA\n-        cryptedData = cipher.encrypt(data)                \n+        cryptedData = cipher.encrypt(data)\n \n         # COMBINE SALT, DIGEST AND DATA\n         hmac = HMAC.new(key2, cryptedData, SHA256)\n-        message = \"%s\\n%s\\n%s\" % ( hexlify(salt), hmac.hexdigest(), hexlify(cryptedData) )\n+        message = b''.join([hexlify(salt), b\"\\n\", to_bytes(hmac.hexdigest()), b\"\\n\", hexlify(cryptedData)])\n         message = hexlify(message)\n         return message\n \n     def decrypt(self, data, password):\n \n         # SPLIT SALT, DIGEST, AND DATA\n-        data = ''.join(data.split(\"\\n\"))\n+        data = b''.join(data.split(b\"\\n\"))\n         data = unhexlify(data)\n-        salt, cryptedHmac, cryptedData = data.split(\"\\n\", 2)\n+        salt, cryptedHmac, cryptedData = data.split(b\"\\n\", 2)\n         salt = unhexlify(salt)\n         cryptedData = unhexlify(cryptedData)\n \n         key1, key2, iv = self.gen_key_initctr(password, salt)\n \n-        # EXIT EARLY IF DIGEST DOESN'T MATCH \n+        # EXIT EARLY IF DIGEST DOESN'T MATCH\n         hmacDecrypt = HMAC.new(key2, cryptedData, SHA256)\n-        if not self.is_equal(cryptedHmac, hmacDecrypt.hexdigest()):\n+        if not self.is_equal(cryptedHmac, to_bytes(hmacDecrypt.hexdigest())):\n             return None\n \n         # SET THE COUNTER AND THE CIPHER\n@@ -555,19 +573,31 @@ def decrypt(self, data, password):\n         decryptedData = cipher.decrypt(cryptedData)\n \n         # UNPAD DATA\n-        padding_length = ord(decryptedData[-1])\n+        try:\n+            padding_length = ord(decryptedData[-1])\n+        except TypeError:\n+            padding_length = decryptedData[-1]\n+\n         decryptedData = decryptedData[:-padding_length]\n \n-        return decryptedData\n+        return to_unicode(decryptedData)\n \n     def is_equal(self, a, b):\n+        \"\"\"\n+        Comparing 2 byte arrrays in constant time\n+        to avoid timing attacks.\n+\n+        It would be nice if there was a library for this but\n+        hey.\n+        \"\"\"\n         # http://codahale.com/a-lesson-in-timing-attacks/\n         if len(a) != len(b):\n             return False\n-        \n+\n         result = 0\n         for x, y in zip(a, b):\n-            result |= ord(x) ^ ord(y)\n-        return result == 0     \n-\n-\n+            if PY2:\n+                result |= ord(x) ^ ord(y)\n+            else:\n+                result |= x ^ y\n+        return result == 0"
    },
    {
      "file_path": "v2/ansible/parsing/yaml/objects.py",
      "status": "modified",
      "additions": 16,
      "deletions": 7,
      "file_diff": "diff --git a/v2/ansible/parsing/yaml/objects.py b/v2/ansible/parsing/yaml/objects.py\nindex fe37eaab94a8df..33ea1ad37e42f4 100644\n--- a/v2/ansible/parsing/yaml/objects.py\n+++ b/v2/ansible/parsing/yaml/objects.py\n@@ -19,14 +19,17 @@\n from __future__ import (absolute_import, division, print_function)\n __metaclass__ = type\n \n-class AnsibleBaseYAMLObject:\n+from six import text_type\n+\n+\n+class AnsibleBaseYAMLObject(object):\n     '''\n     the base class used to sub-class python built-in objects\n     so that we can add attributes to them during yaml parsing\n \n     '''\n-    _data_source   = None\n-    _line_number   = 0\n+    _data_source = None\n+    _line_number = 0\n     _column_number = 0\n \n     def _get_ansible_position(self):\n@@ -36,21 +39,27 @@ def _set_ansible_position(self, obj):\n         try:\n             (src, line, col) = obj\n         except (TypeError, ValueError):\n-            raise AssertionError('ansible_pos can only be set with a tuple/list of three values: source, line number, column number')\n-        self._data_source   = src\n-        self._line_number   = line\n+            raise AssertionError(\n+                'ansible_pos can only be set with a tuple/list '\n+                'of three values: source, line number, column number'\n+            )\n+        self._data_source = src\n+        self._line_number = line\n         self._column_number = col\n \n     ansible_pos = property(_get_ansible_position, _set_ansible_position)\n \n+\n class AnsibleMapping(AnsibleBaseYAMLObject, dict):\n     ''' sub class for dictionaries '''\n     pass\n \n-class AnsibleUnicode(AnsibleBaseYAMLObject, unicode):\n+\n+class AnsibleUnicode(AnsibleBaseYAMLObject, text_type):\n     ''' sub class for unicode objects '''\n     pass\n \n+\n class AnsibleSequence(AnsibleBaseYAMLObject, list):\n     ''' sub class for lists '''\n     pass"
    },
    {
      "file_path": "v2/ansible/utils/unicode.py",
      "status": "modified",
      "additions": 21,
      "deletions": 16,
      "file_diff": "diff --git a/v2/ansible/utils/unicode.py b/v2/ansible/utils/unicode.py\nindex 7bd035c0075609..2cff2e5e45c76d 100644\n--- a/v2/ansible/utils/unicode.py\n+++ b/v2/ansible/utils/unicode.py\n@@ -19,6 +19,8 @@\n from __future__ import (absolute_import, division, print_function)\n __metaclass__ = type\n \n+from six import string_types, text_type, binary_type, PY3\n+\n # to_bytes and to_unicode were written by Toshio Kuratomi for the\n # python-kitchen library https://pypi.python.org/pypi/kitchen\n # They are licensed in kitchen under the terms of the GPLv2+\n@@ -35,6 +37,9 @@\n \n # EXCEPTION_CONVERTERS is defined below due to using to_unicode\n \n+if PY3:\n+    basestring = (str, bytes)\n+\n def to_unicode(obj, encoding='utf-8', errors='replace', nonstring=None):\n     '''Convert an object into a :class:`unicode` string\n \n@@ -89,12 +94,12 @@ def to_unicode(obj, encoding='utf-8', errors='replace', nonstring=None):\n     # Could use isbasestring/isunicode here but we want this code to be as\n     # fast as possible\n     if isinstance(obj, basestring):\n-        if isinstance(obj, unicode):\n+        if isinstance(obj, text_type):\n             return obj\n         if encoding in _UTF8_ALIASES:\n-            return unicode(obj, 'utf-8', errors)\n+            return text_type(obj, 'utf-8', errors)\n         if encoding in _LATIN1_ALIASES:\n-            return unicode(obj, 'latin-1', errors)\n+            return text_type(obj, 'latin-1', errors)\n         return obj.decode(encoding, errors)\n \n     if not nonstring:\n@@ -110,19 +115,19 @@ def to_unicode(obj, encoding='utf-8', errors='replace', nonstring=None):\n             simple = None\n         if not simple:\n             try:\n-                simple = str(obj)\n+                simple = text_type(obj)\n             except UnicodeError:\n                 try:\n                     simple = obj.__str__()\n                 except (UnicodeError, AttributeError):\n                     simple = u''\n-        if isinstance(simple, str):\n-            return unicode(simple, encoding, errors)\n+        if isinstance(simple, binary_type):\n+            return text_type(simple, encoding, errors)\n         return simple\n     elif nonstring in ('repr', 'strict'):\n         obj_repr = repr(obj)\n-        if isinstance(obj_repr, str):\n-            obj_repr = unicode(obj_repr, encoding, errors)\n+        if isinstance(obj_repr, binary_type):\n+            obj_repr = text_type(obj_repr, encoding, errors)\n         if nonstring == 'repr':\n             return obj_repr\n         raise TypeError('to_unicode was given \"%(obj)s\" which is neither'\n@@ -198,19 +203,19 @@ def to_bytes(obj, encoding='utf-8', errors='replace', nonstring=None):\n     # Could use isbasestring, isbytestring here but we want this to be as fast\n     # as possible\n     if isinstance(obj, basestring):\n-        if isinstance(obj, str):\n+        if isinstance(obj, binary_type):\n             return obj\n         return obj.encode(encoding, errors)\n     if not nonstring:\n         nonstring = 'simplerepr'\n \n     if nonstring == 'empty':\n-        return ''\n+        return b''\n     elif nonstring == 'passthru':\n         return obj\n     elif nonstring == 'simplerepr':\n         try:\n-            simple = str(obj)\n+            simple = binary_type(obj)\n         except UnicodeError:\n             try:\n                 simple = obj.__str__()\n@@ -220,19 +225,19 @@ def to_bytes(obj, encoding='utf-8', errors='replace', nonstring=None):\n             try:\n                 simple = obj.__unicode__()\n             except (AttributeError, UnicodeError):\n-                simple = ''\n-        if isinstance(simple, unicode):\n+                simple = b''\n+        if isinstance(simple, text_type):\n             simple = simple.encode(encoding, 'replace')\n         return simple\n     elif nonstring in ('repr', 'strict'):\n         try:\n             obj_repr = obj.__repr__()\n         except (AttributeError, UnicodeError):\n-            obj_repr = ''\n-        if isinstance(obj_repr, unicode):\n+            obj_repr = b''\n+        if isinstance(obj_repr, text_type):\n             obj_repr =  obj_repr.encode(encoding, errors)\n         else:\n-            obj_repr = str(obj_repr)\n+            obj_repr = binary_type(obj_repr)\n         if nonstring == 'repr':\n             return obj_repr\n         raise TypeError('to_bytes was given \"%(obj)s\" which is neither'"
    },
    {
      "file_path": "v2/test/parsing/test_data_loader.py",
      "status": "modified",
      "additions": 7,
      "deletions": 1,
      "file_diff": "diff --git a/v2/test/parsing/test_data_loader.py b/v2/test/parsing/test_data_loader.py\nindex 75ceb662f7327c..b9c37cdd0c7e84 100644\n--- a/v2/test/parsing/test_data_loader.py\n+++ b/v2/test/parsing/test_data_loader.py\n@@ -19,6 +19,7 @@\n from __future__ import (absolute_import, division, print_function)\n __metaclass__ = type\n \n+from six import PY2\n from yaml.scanner import ScannerError\n \n from ansible.compat.tests import unittest\n@@ -79,6 +80,11 @@ def test_parse_from_vault_1_1_file(self):\n 3135306561356164310a343937653834643433343734653137383339323330626437313562306630\n 3035\n \"\"\"\n-        with patch('__builtin__.open', mock_open(read_data=vaulted_data)):\n+        if PY2:\n+            builtins_name = '__builtin__'\n+        else:\n+            builtins_name = 'builtins'\n+\n+        with patch(builtins_name + '.open', mock_open(read_data=vaulted_data)):\n             output = self._loader.load_from_file('dummy_vault.txt')\n             self.assertEqual(output, dict(foo='bar'))"
    },
    {
      "file_path": "v2/test/parsing/vault/test_vault.py",
      "status": "modified",
      "additions": 21,
      "deletions": 18,
      "file_diff": "diff --git a/v2/test/parsing/vault/test_vault.py b/v2/test/parsing/vault/test_vault.py\nindex d24573c72945e0..2aaac27fc7e9a8 100644\n--- a/v2/test/parsing/vault/test_vault.py\n+++ b/v2/test/parsing/vault/test_vault.py\n@@ -24,11 +24,14 @@\n import shutil\n import time\n import tempfile\n+import six\n+\n from binascii import unhexlify\n from binascii import hexlify\n from nose.plugins.skip import SkipTest\n \n from ansible.compat.tests import unittest\n+from ansible.utils.unicode import to_bytes, to_unicode\n \n from ansible import errors\n from ansible.parsing.vault import VaultLib\n@@ -63,13 +66,13 @@ def test_methods_exist(self):\n                  'decrypt',\n                  '_add_header',\n                  '_split_header',]\n-        for slot in slots:         \n+        for slot in slots:\n             assert hasattr(v, slot), \"VaultLib is missing the %s method\" % slot\n \n     def test_is_encrypted(self):\n         v = VaultLib(None)\n-        assert not v.is_encrypted(\"foobar\"), \"encryption check on plaintext failed\"\n-        data = \"$ANSIBLE_VAULT;9.9;TEST\\n%s\" % hexlify(\"ansible\")\n+        assert not v.is_encrypted(u\"foobar\"), \"encryption check on plaintext failed\"\n+        data = u\"$ANSIBLE_VAULT;9.9;TEST\\n%s\" % hexlify(b\"ansible\")\n         assert v.is_encrypted(data), \"encryption check on headered text failed\"\n \n     def test_add_header(self):\n@@ -77,22 +80,22 @@ def test_add_header(self):\n         v.cipher_name = \"TEST\"\n         sensitive_data = \"ansible\"\n         data = v._add_header(sensitive_data)\n-        lines = data.split('\\n')\n+        lines = data.split(b'\\n')\n         assert len(lines) > 1, \"failed to properly add header\"\n-        header = lines[0]\n+        header = to_unicode(lines[0])\n         assert header.endswith(';TEST'), \"header does end with cipher name\"\n         header_parts = header.split(';')\n-        assert len(header_parts) == 3, \"header has the wrong number of parts\"        \n+        assert len(header_parts) == 3, \"header has the wrong number of parts\"\n         assert header_parts[0] == '$ANSIBLE_VAULT', \"header does not start with $ANSIBLE_VAULT\"\n         assert header_parts[1] == v.version, \"header version is incorrect\"\n         assert header_parts[2] == 'TEST', \"header does end with cipher name\"\n \n     def test_split_header(self):\n         v = VaultLib('ansible')\n-        data = \"$ANSIBLE_VAULT;9.9;TEST\\nansible\" \n-        rdata = v._split_header(data)        \n-        lines = rdata.split('\\n')\n-        assert lines[0] == \"ansible\"\n+        data = b\"$ANSIBLE_VAULT;9.9;TEST\\nansible\"\n+        rdata = v._split_header(data)\n+        lines = rdata.split(b'\\n')\n+        assert lines[0] == b\"ansible\"\n         assert v.cipher_name == 'TEST', \"cipher name was not set\"\n         assert v.version == \"9.9\"\n \n@@ -100,11 +103,11 @@ def test_encrypt_decrypt_aes(self):\n         if not HAS_AES or not HAS_COUNTER or not HAS_PBKDF2:\n             raise SkipTest\n         v = VaultLib('ansible')\n-        v.cipher_name = 'AES'\n+        v.cipher_name = u'AES'\n         enc_data = v.encrypt(\"foobar\")\n         dec_data = v.decrypt(enc_data)\n         assert enc_data != \"foobar\", \"encryption failed\"\n-        assert dec_data == \"foobar\", \"decryption failed\"           \n+        assert dec_data == \"foobar\", \"decryption failed\"\n \n     def test_encrypt_decrypt_aes256(self):\n         if not HAS_AES or not HAS_COUNTER or not HAS_PBKDF2:\n@@ -114,20 +117,20 @@ def test_encrypt_decrypt_aes256(self):\n         enc_data = v.encrypt(\"foobar\")\n         dec_data = v.decrypt(enc_data)\n         assert enc_data != \"foobar\", \"encryption failed\"\n-        assert dec_data == \"foobar\", \"decryption failed\"           \n+        assert dec_data == \"foobar\", \"decryption failed\"\n \n     def test_encrypt_encrypted(self):\n         if not HAS_AES or not HAS_COUNTER or not HAS_PBKDF2:\n             raise SkipTest\n         v = VaultLib('ansible')\n         v.cipher_name = 'AES'\n-        data = \"$ANSIBLE_VAULT;9.9;TEST\\n%s\" % hexlify(\"ansible\")\n+        data = \"$ANSIBLE_VAULT;9.9;TEST\\n%s\" % hexlify(six.b(\"ansible\"))\n         error_hit = False\n         try:\n             enc_data = v.encrypt(data)\n         except errors.AnsibleError as e:\n             error_hit = True\n-        assert error_hit, \"No error was thrown when trying to encrypt data with a header\"    \n+        assert error_hit, \"No error was thrown when trying to encrypt data with a header\"\n \n     def test_decrypt_decrypted(self):\n         if not HAS_AES or not HAS_COUNTER or not HAS_PBKDF2:\n@@ -139,7 +142,7 @@ def test_decrypt_decrypted(self):\n             dec_data = v.decrypt(data)\n         except errors.AnsibleError as e:\n             error_hit = True\n-        assert error_hit, \"No error was thrown when trying to decrypt data without a header\"    \n+        assert error_hit, \"No error was thrown when trying to decrypt data without a header\"\n \n     def test_cipher_not_set(self):\n         # not setting the cipher should default to AES256\n@@ -152,5 +155,5 @@ def test_cipher_not_set(self):\n             enc_data = v.encrypt(data)\n         except errors.AnsibleError as e:\n             error_hit = True\n-        assert not error_hit, \"An error was thrown when trying to encrypt data without the cipher set\"    \n-        assert v.cipher_name == \"AES256\", \"cipher name is not set to AES256: %s\" % v.cipher_name               \n+        assert not error_hit, \"An error was thrown when trying to encrypt data without the cipher set\"\n+        assert v.cipher_name == \"AES256\", \"cipher name is not set to AES256: %s\" % v.cipher_name"
    },
    {
      "file_path": "v2/test/parsing/vault/test_vault_editor.py",
      "status": "modified",
      "additions": 26,
      "deletions": 16,
      "file_diff": "diff --git a/v2/test/parsing/vault/test_vault_editor.py b/v2/test/parsing/vault/test_vault_editor.py\nindex c788df54ae53c9..2ddf3de27a2cd1 100644\n--- a/v2/test/parsing/vault/test_vault_editor.py\n+++ b/v2/test/parsing/vault/test_vault_editor.py\n@@ -21,6 +21,7 @@\n __metaclass__ = type\n #!/usr/bin/env python\n \n+import sys\n import getpass\n import os\n import shutil\n@@ -32,6 +33,7 @@\n \n from ansible.compat.tests import unittest\n from ansible.compat.tests.mock import patch\n+from ansible.utils.unicode import to_bytes, to_unicode\n \n from ansible import errors\n from ansible.parsing.vault import VaultLib\n@@ -88,12 +90,12 @@ def test_methods_exist(self):\n                  'read_data',\n                  'write_data',\n                  'shuffle_files']\n-        for slot in slots:         \n+        for slot in slots:\n             assert hasattr(v, slot), \"VaultLib is missing the %s method\" % slot\n \n     @patch.object(VaultEditor, '_editor_shell_command')\n     def test_create_file(self, mock_editor_shell_command):\n-        \n+\n         def sc_side_effect(filename):\n             return ['touch', filename]\n         mock_editor_shell_command.side_effect = sc_side_effect\n@@ -107,12 +109,16 @@ def sc_side_effect(filename):\n         self.assertTrue(os.path.exists(tmp_file.name))\n \n     def test_decrypt_1_0(self):\n-        if not HAS_AES or not HAS_COUNTER or not HAS_PBKDF2:\n+        \"\"\"\n+        Skip testing decrypting 1.0 files if we don't have access to AES, KDF or\n+        Counter, or we are running on python3 since VaultAES hasn't been backported.\n+        \"\"\"\n+        if not HAS_AES or not HAS_COUNTER or not HAS_PBKDF2 or sys.version > '3':\n             raise SkipTest\n \n         v10_file = tempfile.NamedTemporaryFile(delete=False)\n         with v10_file as f:\n-            f.write(v10_data)\n+            f.write(to_bytes(v10_data))\n \n         ve = VaultEditor(None, \"ansible\", v10_file.name)\n \n@@ -125,13 +131,13 @@ def test_decrypt_1_0(self):\n \n         # verify decrypted content\n         f = open(v10_file.name, \"rb\")\n-        fdata = f.read()\n+        fdata = to_unicode(f.read())\n         f.close()\n \n         os.unlink(v10_file.name)\n \n-        assert error_hit == False, \"error decrypting 1.0 file\"            \n-        assert fdata.strip() == \"foo\", \"incorrect decryption of 1.0 file: %s\" % fdata.strip() \n+        assert error_hit == False, \"error decrypting 1.0 file\"\n+        assert fdata.strip() == \"foo\", \"incorrect decryption of 1.0 file: %s\" % fdata.strip()\n \n \n     def test_decrypt_1_1(self):\n@@ -140,7 +146,7 @@ def test_decrypt_1_1(self):\n \n         v11_file = tempfile.NamedTemporaryFile(delete=False)\n         with v11_file as f:\n-            f.write(v11_data)\n+            f.write(to_bytes(v11_data))\n \n         ve = VaultEditor(None, \"ansible\", v11_file.name)\n \n@@ -153,28 +159,32 @@ def test_decrypt_1_1(self):\n \n         # verify decrypted content\n         f = open(v11_file.name, \"rb\")\n-        fdata = f.read()\n+        fdata = to_unicode(f.read())\n         f.close()\n \n         os.unlink(v11_file.name)\n \n-        assert error_hit == False, \"error decrypting 1.0 file\"            \n-        assert fdata.strip() == \"foo\", \"incorrect decryption of 1.0 file: %s\" % fdata.strip() \n+        assert error_hit == False, \"error decrypting 1.0 file\"\n+        assert fdata.strip() == \"foo\", \"incorrect decryption of 1.0 file: %s\" % fdata.strip()\n \n \n     def test_rekey_migration(self):\n-        if not HAS_AES or not HAS_COUNTER or not HAS_PBKDF2:\n+        \"\"\"\n+        Skip testing rekeying files if we don't have access to AES, KDF or\n+        Counter, or we are running on python3 since VaultAES hasn't been backported.\n+        \"\"\"\n+        if not HAS_AES or not HAS_COUNTER or not HAS_PBKDF2 or sys.version > '3':\n             raise SkipTest\n \n         v10_file = tempfile.NamedTemporaryFile(delete=False)\n         with v10_file as f:\n-            f.write(v10_data)\n+            f.write(to_bytes(v10_data))\n \n         ve = VaultEditor(None, \"ansible\", v10_file.name)\n \n         # make sure the password functions for the cipher\n         error_hit = False\n-        try:        \n+        try:\n             ve.rekey_file('ansible2')\n         except errors.AnsibleError as e:\n             error_hit = True\n@@ -184,7 +194,7 @@ def test_rekey_migration(self):\n         fdata = f.read()\n         f.close()\n \n-        assert error_hit == False, \"error rekeying 1.0 file to 1.1\"            \n+        assert error_hit == False, \"error rekeying 1.0 file to 1.1\"\n \n         # ensure filedata can be decrypted, is 1.1 and is AES256\n         vl = VaultLib(\"ansible2\")\n@@ -198,7 +208,7 @@ def test_rekey_migration(self):\n         os.unlink(v10_file.name)\n \n         assert vl.cipher_name == \"AES256\", \"wrong cipher name set after rekey: %s\" % vl.cipher_name\n-        assert error_hit == False, \"error decrypting migrated 1.0 file\"            \n+        assert error_hit == False, \"error decrypting migrated 1.0 file\"\n         assert dec_data.strip() == \"foo\", \"incorrect decryption of rekeyed/migrated file: %s\" % dec_data\n \n "
    },
    {
      "file_path": "v2/test/parsing/yaml/test_loader.py",
      "status": "modified",
      "additions": 9,
      "deletions": 7,
      "file_diff": "diff --git a/v2/test/parsing/yaml/test_loader.py b/v2/test/parsing/yaml/test_loader.py\nindex d393d72a0054a0..37eeabff83b52a 100644\n--- a/v2/test/parsing/yaml/test_loader.py\n+++ b/v2/test/parsing/yaml/test_loader.py\n@@ -20,6 +20,7 @@\n from __future__ import (absolute_import, division, print_function)\n __metaclass__ = type\n \n+from six import text_type, binary_type\n from six.moves import StringIO\n from collections import Sequence, Set, Mapping\n \n@@ -28,6 +29,7 @@\n \n from ansible.parsing.yaml.loader import AnsibleLoader\n \n+\n class TestAnsibleLoaderBasic(unittest.TestCase):\n \n     def setUp(self):\n@@ -52,7 +54,7 @@ def test_parse_string(self):\n         loader = AnsibleLoader(stream, 'myfile.yml')\n         data = loader.get_single_data()\n         self.assertEqual(data, u'Ansible')\n-        self.assertIsInstance(data, unicode)\n+        self.assertIsInstance(data, text_type)\n \n         self.assertEqual(data.ansible_pos, ('myfile.yml', 2, 17))\n \n@@ -63,7 +65,7 @@ def test_parse_utf8_string(self):\n         loader = AnsibleLoader(stream, 'myfile.yml')\n         data = loader.get_single_data()\n         self.assertEqual(data, u'Cafè Eñyei')\n-        self.assertIsInstance(data, unicode)\n+        self.assertIsInstance(data, text_type)\n \n         self.assertEqual(data.ansible_pos, ('myfile.yml', 2, 17))\n \n@@ -76,8 +78,8 @@ def test_parse_dict(self):\n         data = loader.get_single_data()\n         self.assertEqual(data, {'webster': 'daniel', 'oed': 'oxford'})\n         self.assertEqual(len(data), 2)\n-        self.assertIsInstance(data.keys()[0], unicode)\n-        self.assertIsInstance(data.values()[0], unicode)\n+        self.assertIsInstance(list(data.keys())[0], text_type)\n+        self.assertIsInstance(list(data.values())[0], text_type)\n \n         # Beginning of the first key\n         self.assertEqual(data.ansible_pos, ('myfile.yml', 2, 17))\n@@ -94,7 +96,7 @@ def test_parse_list(self):\n         data = loader.get_single_data()\n         self.assertEqual(data, [u'a', u'b'])\n         self.assertEqual(len(data), 2)\n-        self.assertIsInstance(data[0], unicode)\n+        self.assertIsInstance(data[0], text_type)\n \n         self.assertEqual(data.ansible_pos, ('myfile.yml', 2, 17))\n \n@@ -204,10 +206,10 @@ def test_data_complete(self):\n \n     def walk(self, data):\n         # Make sure there's no str in the data\n-        self.assertNotIsInstance(data, str)\n+        self.assertNotIsInstance(data, binary_type)\n \n         # Descend into various container types\n-        if isinstance(data, unicode):\n+        if isinstance(data, text_type):\n             # strings are a sequence so we have to be explicit here\n             return\n         elif isinstance(data, (Sequence, Set)):\n"
    }
  ],
  "comments": [],
  "reviews": []
}