{
  "pr_number": 10447,
  "url": "https://github.com/ansible/ansible/pull/10447",
  "title": "fixed and reintroduced syncronize test",
  "author_login": "bcoca",
  "state": "MERGED",
  "merged_by_login": "bcoca",
  "body": "fakerunner object needed become_method to be it's default 'sudo'\n",
  "labels": [
    "P2",
    "bug"
  ],
  "additions": 4,
  "deletions": 4,
  "changed_files_count": 1,
  "changed_files_list": [
    "test/units/TestSynchronize.py"
  ],
  "files": [
    {
      "file_path": "test/units/TestSynchronize.py",
      "status": "modified",
      "additions": 4,
      "deletions": 4,
      "file_diff": "diff --git a/test/units/TestSynchronize.py b/test/units/TestSynchronize.py\nindex 991f272001c7e2..cf28ea5d809083 100644\n--- a/test/units/TestSynchronize.py\n+++ b/test/units/TestSynchronize.py\n@@ -19,7 +19,7 @@ def __init__(self):\n         self.private_key_file = None\n         self.check = False\n         self.become = False\n-        self.become_method = False\n+        self.become_method = 'sudo'\n         self.become_user = False\n \n     def _execute_module(self, conn, tmp, module_name, args,\n@@ -97,9 +97,9 @@ def test_synchronize_action_sudo(self):\n         x.run(conn, \"/tmp\", \"synchronize\", \"src=/tmp/foo dest=/tmp/bar\", inject)\n \n         assert runner.executed_inject['delegate_to'] == \"127.0.0.1\", \"was not delegated to 127.0.0.1\"\n-        #assert runner.executed_complex_args == {'dest':'root@el6.lab.net:/tmp/bar',\n-        #                                        'src':'/tmp/foo',\n-        #                                        'rsync_path':'\"sudo rsync\"'}, \"wrong args used\"\n+        assert runner.executed_complex_args == {'dest':'root@el6.lab.net:/tmp/bar',\n+                                                'src':'/tmp/foo',\n+                                                'rsync_path':'\"sudo rsync\"'}, \"wrong args used\"\n         assert runner.become == True, \"sudo was not reset to True\"\n \n \n"
    }
  ],
  "comments": [
    {
      "author_login": "abadger",
      "body": "+1\n"
    }
  ],
  "reviews": []
}