{
  "pr_number": 11187,
  "url": "https://github.com/ansible/ansible/pull/11187",
  "title": "Get tests passing",
  "author_login": "sivel",
  "state": "MERGED",
  "merged_by_login": "bcoca",
  "body": "The largest failure in the tests was due to selinux not being installed.\nThe tests don't require it to be installed, so mock the import.\n\nThis PR is likely to fail, due to the fix needed in #11186 \n\nHowever, in my earlier test, here is the success: https://travis-ci.org/sivel/ansible/jobs/65631561\n\nAdditional fixes:\n1. use the correct data type for `_failed_hosts` and `_unreachable_hosts`\n1. use the correct fixture data when comparing distributions\n",
  "labels": [
    "P2",
    "bug"
  ],
  "additions": 78,
  "deletions": 58,
  "changed_files_count": 2,
  "changed_files_list": [
    "test/units/plugins/strategies/test_strategy_base.py"
  ],
  "files": [
    {
      "file_path": "test/units/plugins/strategies/test_strategy_base.py",
      "status": "modified",
      "additions": 5,
      "deletions": 5,
      "file_diff": "diff --git a/test/units/plugins/strategies/test_strategy_base.py b/test/units/plugins/strategies/test_strategy_base.py\nindex 4c177f73434fb5..5298b1e42bff79 100644\n--- a/test/units/plugins/strategies/test_strategy_base.py\n+++ b/test/units/plugins/strategies/test_strategy_base.py\n@@ -55,15 +55,15 @@ def test_strategy_base_run(self):\n \n         mock_conn_info = MagicMock()\n \n-        mock_tqm._failed_hosts = []\n-        mock_tqm._unreachable_hosts = []\n+        mock_tqm._failed_hosts = dict()\n+        mock_tqm._unreachable_hosts = dict()\n         strategy_base = StrategyBase(tqm=mock_tqm)\n \n-\tself.assertEqual(strategy_base.run(iterator=mock_iterator, connection_info=mock_conn_info), 0)\n+        self.assertEqual(strategy_base.run(iterator=mock_iterator, connection_info=mock_conn_info), 0)\n         self.assertEqual(strategy_base.run(iterator=mock_iterator, connection_info=mock_conn_info, result=False), 1)\n-        mock_tqm._failed_hosts = [\"host1\"]\n+        mock_tqm._failed_hosts = dict(host1=True)\n         self.assertEqual(strategy_base.run(iterator=mock_iterator, connection_info=mock_conn_info, result=False), 2)\n-        mock_tqm._unreachable_hosts = [\"host1\"]\n+        mock_tqm._unreachable_hosts = dict(host1=True)\n         self.assertEqual(strategy_base.run(iterator=mock_iterator, connection_info=mock_conn_info, result=False), 3)\n \n     def test_strategy_base_get_hosts(self):\n"
    }
  ],
  "comments": [],
  "reviews": []
}